id,name,address,postcode,Last Recorded Financial Year,income,expenditure,howHelps,whatDoes,whoHelps,activities,aim,sizeBand,primaryFocus,lsoaCode,lat,lng,imdScore,imdDecile,incomeScore,employmentRate,educationSkillsTrainingScore,healthDeprivation,crimeDeprivation,housingBarriersDeprivation,livingEnvScore,totalPopulation,childPopulation,olderPopulation
206431,CHARITY OF MARY BAKER,"32 MONTHOPE ROAD, LONDON",E1 5LS,31/12/2024,8523.0,7908.0,"Makes Grants To Individuals, Makes Grants To Organisations",The Prevention Or Relief Of Poverty,The General Public/mankind,"The charity operates in the London Borough of Tower Hamlets to make grants to individuals and organisations for the relief of poverty, sickness, distress or hardship and gives priority to those living in the parish of Christ Church Spitalfields",TO RELIEVE EITHER GENERALLY OR INDIVIDUALLY PERSON RESIDENT IN THE AREA OF THE ANCIENT PARISH OF CHRISTCHURCH SPITALFIELDS WHO ARE IN CONDITIONS OF NEED HARDSHIP OR DISTRESS.,Micro,The Prevention Or Relief Of Poverty,E01004306,51.517898,-0.069152,36.117,2.0,0.387,0.19,15.221,0.546,0.73,38.717,48.653,1926.0,302.0,204.0
207772,HENRY FAWCETT FUND,"ST PETER'S CHURCH OFFICE, The Vicarage, St. Peter's Close, LONDON",E2 7AE,31/12/2024,103540.0,22604.0,"Makes Grants To Individuals, Makes Grants To Organisations","General Charitable Purposes, Education/training, The Advancement Of Health Or Saving Of Lives, Disability, The Prevention Or Relief Of Poverty, Accommodation/housing, Religious Activities, Economic/community Development/employment","Children/young People, Elderly/old People, People With Disabilities",The charity is restricted to the benefit of people who are connected to the Parish of St Peters with St Thomas Bethnal Green.,"GENERAL BENEFIT OF POOR PERSONS, IF POSSIBLE THE INCOME TO BE CHIEFLY USED IN GIVING COUNTRY HOLIDAYS TO DESERVING CHILDREN OR INVALIDS OR OLD PERSONS OF EITHER SEX.",Medium,Accommodation/housing,E01004204,51.529956,-0.064186,37.469,2.0,0.472,0.191,18.864,0.728,0.473,32.576,44.911,1876.0,319.0,275.0
208870,SALMON LANE MISSION,"168-170 SALMON LANE, LIMEHOUSE, LONDON",E14 7PQ,30/09/2024,15920.0,10862.0,"Provides Buildings/facilities/open Space, Provides Services, Other Charitable Activities","Education/training, The Prevention Or Relief Of Poverty, Overseas Aid/famine Relief, Religious Activities, Arts/culture/heritage/science, Human Rights/religious Or Racial Harmony/equality Or Diversity, Other Charitable Purposes",The General Public/mankind,"The work consists of promoting, organising, conducting and carry out gospel ministrations, spiritual guidance and uplift redemptive work among all ages, classes and creeds in the East End and elsewhere.","TO PROMOTE, ORGANISE, CONDUCT AND CARRY ON CHARITABLE WORK OF EVERY DESCRIPTION IN PARTICULAR GOSPEL MINISTRATIONS, SPIRITUAL GUIDANCE AND UPLIFT AND REDEMPTIVE WORK, HELP AND RELIEF OF THE POOR AND DESTITUTE OF ALL AGES CLASSES AND CREEDS IN EAST LONDON OR ELSEWHERE AND THE VISITATION, CARE AND COMFORT OF DISTRESSED WIDOWS AGED AND SICK PERSONS, POOR AILING AND AFFLICTED CHILDREN.",Small,Overseas Aid/famine Relief,E01035690,51.51373,-0.033758,16.612,6.0,0.237,0.073,13.312,-0.03,0.153,26.087,24.595,2106.0,284.0,48.0
209117,THE STRANGERS REST MISSION,"Strangers Rest Church, 131 The Highway, LONDON",E1W 2BP,30/09/2024,40208.0,48706.0,"Provides Human Resources, Provides Buildings/facilities/open Space, Provides Services","Disability, The Prevention Or Relief Of Poverty, Religious Activities","Children/young People, Elderly/old People, People With Disabilities, The General Public/mankind","THE STRANGERS' REST MISSION IS A CHRISTIAN ORGANISATION AND CHURCH, FOUNDED IN 1877, WHICH SEEKS TO SERVE THE LOCAL MULTI CULTURAL COMMUNITY IN SHADWELL, EAST LONDON. THIS INCLUDES THE HOLDING OF WORSHIP SERVICES, CHILDRENS' AND YOUNG PEOPLES TEACHING AND RECREATIONAL ACTIVITIES. PROVIDING PRACTICAL HELP TO THOSE IN THE COMMUNITY IS AN IMPORTANT FUNCTION OF THE MISSION.",EVANGELISTIC CHRISTIAN MISSION PURPOSES IN THE EAST END OF LONDON.,Small,Disability,E01004295,51.509574,-0.061751,39.106,2.0,0.602,0.153,21.833,-0.004,0.188,42.923,35.935,2052.0,543.0,194.0
210928,EAST LONDON NURSING SOCIETY TRUST,"45-55 Whitehorse Road, LONDON",E1 0ND,31/03/2024,17556.0,4896.0,Makes Grants To Organisations,"The Advancement Of Health Or Saving Of Lives, Disability","Children/young People, Elderly/old People, People With Disabilities, Other Charities Or Voluntary Bodies",Making grants to groups providing support for poor-sick resident in Tower Hamlets.,"TO RELIEVE IN CASES OF NEED PERSONS RESIDENT IN THE LONDON BOROUGH OF TOWER HAMLETS WHO ARE SICK, CONVALESCENT, DISABLED, HANDICAPPED OR IMFIRM.",Small,Disability,E01004286,51.513692,-0.04062,38.909,2.0,0.432,0.223,19.673,0.458,0.953,37.938,39.925,2565.0,491.0,320.0
211196,POPLAR METHODIST CHURCH SICK & POOR FUND,"Bow Road Methodist Church, 1 Merchant Street, LONDON",E3 4LY,31/08/2024,855.0,60.0,Makes Grants To Individuals,The Prevention Or Relief Of Poverty,"Elderly/old People, Other Defined Groups",Support to needy people in the historical borough of Poplar,"GRANTS FOR POOR PERSONS RESIDING IN POPLAR WHO ARE SICK, INFIRM, CONVALESCENT OR IN NEED OF REST OR CHANGE OF AIR, TO DEFRAY THE EXPENSE OF RECUPERATIVE HOLIDAYS OR OF OBTAINING DOMESTIC HELP.",Micro,The Prevention Or Relief Of Poverty,E01004268,51.526178,-0.02744,37.753,2.0,0.515,0.194,22.486,0.816,0.068,32.849,33.627,1781.0,306.0,185.0
211399,PARISH OF POPLAR BENEVOLENT FUND,"St. Michael's Vicarage, 164 St. Leonards Road, Poplar, LONDON",E14 6PW,31/12/2024,4590.0,1094.0,"Makes Grants To Individuals, Makes Grants To Organisations","General Charitable Purposes, The Prevention Or Relief Of Poverty",Other Defined Groups,Small grants of money or the purchase of needed items for those in financial need within the borough/parish of Poplar.,FOR THE BENEFIT OF THE DESEVING POOR.,Micro,The Prevention Or Relief Of Poverty,E01004249,51.516896,-0.012433,45.539,1.0,0.584,0.242,31.901,0.313,0.638,40.54,32.262,2421.0,589.0,265.0
211536,SELDEN SOCIETY,"QUEEN MARY UNIVERSITY OF LONDON, 327 MILE END ROAD, LONDON",E1 4NS,31/12/2024,116834.0,76761.0,"Provides Advocacy/advice/information, Sponsors Or Undertakes Research",Education/training,Other Defined Groups,"To encourage the study and advance the knowledge of the history of English law, mainly by researching and publishing the original source-materials of the law, legal institutions and legal profession.","TO ENCOURAGE THE STUDY AND ADVANCE THE KNOWLEDGE OF THE HISTORY OF ENGLISH LAW, ESPECIALLY BY THE PUBLICATION OF ORIGINAL DOCUMENTS AND THE REPRINTING OR EDITING OF WORKS OF SUFFICENT RARITY AND IMPORTANCE.",Medium,Education/training,E01035670,51.524637,-0.040683,25.999,4.0,0.284,0.091,27.166,-0.035,0.741,36.527,38.044,4759.0,527.0,299.0
222262,THE ANNIE MACPHERSON HOME OF INDUSTRY (INCORPORATED),"BETHNAL GREEN MISSION CHURCH, 305 CAMBRIDGE HEATH ROAD, LONDON",E2 9LH,31/12/2024,329953.0,300970.0,"Provides Human Resources, Provides Buildings/facilities/open Space, Provides Services, Provides Advocacy/advice/information, Other Charitable Activities","General Charitable Purposes, Education/training, The Prevention Or Relief Of Poverty, Religious Activities, Amateur Sport, Economic/community Development/employment, Human Rights/religious Or Racial Harmony/equality Or Diversity, Recreation","Children/young People, Elderly/old People, People With Disabilities, Other Charities Or Voluntary Bodies, The General Public/mankind","As a church and charity, we seek to engage in long term, relational and innovative work which seeks to contribute to the personal, spiritual and social transformation and well-being of people living and working in Tower Hamlets, East London. We aim to support and empower people living in challenging and difficult circumstances to reach their full potential.","TO EDUCATE RELIGIOUSLY AND ACCORDING TO CHRISTIAN PROTESTANT AND EVANGELICAL TEACHING OF THE HOLY SCRIPTURES AND TO FEED,CLOTHE,MAINTAIN,TEACH,TRAIN,TREAT MEDICALLY AND PLACE OUT IN LIFE THE DESTITUTE POOR AND NEEDY.",Medium,Human Rights/religious Or Racial Harmony/equality Or Diversity,E01004203,51.528641,-0.055923,30.953,3.0,0.383,0.136,13.944,0.375,1.166,29.497,40.939,1791.0,250.0,166.0
228069,THE ARCHIBALD G BROWN 20TH ANNIVERSARY TRUST,"East London Tabernacle Baptist Church, 15 Burdett Road, LONDON, LONDON, London",E3 4TU,31/12/2024,1349.0,1950.0,Makes Grants To Individuals,"The Prevention Or Relief Of Poverty, Religious Activities",Other Defined Groups,Relief of financial hardship by the award of grants,"TO RELIEVE EITHER GENERALLY OR INDIVIDUALLY PERSONS BEING MEMBERS OF THE BAPTIST CHURCH WORSHIPPING IN THE EAST LONDON TABERNACLE, BURDETT ROAD, BOW, LONDON E3 AND ARE IN CONDITIONS OF NEED HARDSHIP OR DISTRESS BY MAKING GRANTS OF MONEY OR PROVIDING OR PAYING FOR ITEMS SERVICES OR FACILITIES CALCULATED TO REDUCE THE NEED HARDSHIP OR DISTRESS OF SUCH PERSONS (FOR FURTHER DETAILS SEE SCHEME SEALED 24TH JULY 1984)",Micro,Religious Activities,E01035675,51.524079,-0.034191,31.98,3.0,0.412,0.127,17.039,0.551,0.566,40.807,35.16,1865.0,309.0,140.0
229227,BARTS AND THE LONDON ALUMNI ASSOCIATION BENEVOLENT FUND,"BATLAA, Development and Alumni Engagement, Queen Mary University of London, Mile End Road, LONDON",E1 4NS,31/07/2024,49497.0,52823.0,Makes Grants To Individuals,"Education/training, The Prevention Or Relief Of Poverty",Other Defined Groups,"THOSE ENTITLED TO HELP ARE DENOTED AS 'STUDENTS AND FORMER STUDENTS OF MEDICINE AND DENTISTRY WHO ATTEND OR ATTENDED EITHER OF THE FOLLOWING INSTITUTIONS AND THE DEPENDENTS OF SUCH PERSONS: THE LONDON HOSPITAL MEDICAL COLLEGE, THE ST BARTHOLOMEW'S AND THE ROYAL LONDON SCHOOL OF MEDICINE AND DENTISTRY AT QUEEN MARY AND WESTFIELD COLLEGE' (NOW KNOWN AS 'QUEEN MARY UNIVERSITY OF LONDON').","TO RELIEVE GENERAL HARDSHIP OR DISTRESS AMONGST STUDENTS AND FORMER STUDENTS OF MEDICINE AND DENTISTRY WHO ATTEND OR ATTENDED EITHER OF THE FOLLOWING INSTITUTIONS, AND DEPENDANTS OF SUCH PERSONS: THE LONDON HOSPITAL MEDICAL COLLEGE, THE ST BARTHOLOMEW'S AND THE ROYAL LONDON SCHOOL OF MEDICINE AND DENTISTRY IN THE QUEEN MARY AND WESTFIELD COLLEGE, UNIVERSITY OF LONDON",Small,The Prevention Or Relief Of Poverty,E01035670,51.524637,-0.040683,25.999,4.0,0.284,0.091,27.166,-0.035,0.741,36.527,38.044,4759.0,527.0,299.0
232981,QUEEN ADELAIDE'S CHARITY,"37 KENILWORTH ROAD, LONDON",E3 5RH,30/09/2024,9818.0,11990.0,"Makes Grants To Individuals, Makes Grants To Organisations",The Prevention Or Relief Of Poverty,Other Defined Groups,To make grants to the poor sick of Bethnal Green,TO APPLY THE INCOME OF THE CHARITY FOR THE BENEFIT OF SICK POOR PERSONS IN BETHNAL GREEN.,Micro,The Prevention Or Relief Of Poverty,E01004234,51.532037,-0.040063,17.914,5.0,0.178,0.083,3.996,-0.71,0.684,25.136,51.652,2574.0,451.0,340.0
250500,THE FERN STREET SETTLEMENT,"Fern Street, London",E3 3PS,30/09/2024,15659.0,22857.0,"Makes Grants To Individuals, Makes Grants To Organisations, Provides Services, Provides Advocacy/advice/information","General Charitable Purposes, The Prevention Or Relief Of Poverty","Children/young People, Elderly/old People, People With Disabilities, The General Public/mankind","The object of the charity is to provide for the material and moral needs of persons resident in Fern Street and its neighbourhood, especially in conditions of need, hardship, or distress. The Settlement has a modern building currently used as a part of a joint project with All Hallows Bow Church.",TO PROVIDE FOR THE MATERIAL AND MORAL NEEDS OF PERSONS RESIDENT IN FERN STREET BROMLEY-BY-BOW AND THE NEIGHBOURHOOD THEREOF WHO ARE IN CONDITIONS OF NEED HARDSHIP OR DISTRESS.,Small,The Prevention Or Relief Of Poverty,E01004241,51.52109,-0.021664,48.793,1.0,0.643,0.247,26.885,0.97,0.31,41.645,22.892,1750.0,431.0,211.0
252700,CHARITY OF MARY BASTOW,"ST DUNSTAN'S RECTORY, RECTORY SQUARE, STEPNEY, LONDON",E1 3NQ,31/12/2024,173.0,60.0,Makes Grants To Individuals,Religious Activities,Other Defined Groups,Religious charity making grants to individuals in the Tower Hamlets area,"PROVISION OF THE STIPEND OF ONE OF THE ASSISTANT CURATES OF ST PHILIP, STEPNEY.",Micro,Religious Activities,E01004290,51.519429,-0.044338,31.305,3.0,0.404,0.154,17.12,0.672,0.646,30.549,33.035,2061.0,363.0,217.0
262480,MISS VAUGHAN'S SPITALFIELDS CHARITY,"45 QUILTER STREET, LONDON",E2 7BS,31/03/2025,1547.0,1345.0,Makes Grants To Individuals,The Prevention Or Relief Of Poverty,The General Public/mankind,"Small grants are made for the relief of poverty in the parishes of Christchurch, Spitalfields, St Matthew, Bethnal Green and St Leonard, Shoreditch.","THE CLOTHING AND SUPPORT OF POOR MECHANICS AND WEAVERS IN SPITALFIELDS UNABLE FROM ILLNESS OR ANY CALAMITY TO WORK. AREA OF BENEFIT - SPITALFIELDS WHICH INCLUDES THE PARISH OF CHRIST CHURCH, MILE END NEW TOWN, IN THE PARISH OF STEPNEY, THE PARISH OF ST MATTHEW, BETHNAL GREEN AND THE PARISH OF ST LEONARD, SHOREDITCH TOGETHER KNOWN AS SPITALFIELDS LONDON.",Micro,The Prevention Or Relief Of Poverty,E01035664,51.529076,-0.067006,31.656,3.0,0.373,0.169,8.876,0.53,0.916,26.44,48.098,2563.0,449.0,341.0
263813,KINGSLEY TRUST,"Trustees of The Kingsley Trust, Kingsley Hall, Powis Road, Bromley-by-Bow, LONDON",E3 3HJ,05/04/2025,2969.0,12000.0,Makes Grants To Organisations,General Charitable Purposes,The General Public/mankind,"Advancement of Christian religion and education through support of Kingsley Hall at Bow, Kingsley Hall at Dagenham, and other charitable work for the general benefit of inhabitants of LB of Tower Hamlets","1) THE ADVANCEMENT OF THE CHRISTIAN RELIGION, THE ADVANCEMENT OF EDUCATION AND OTHER CHARITABLE WORK FOR THE GENERAL BENEFIT OF THE INHABITANTS OF THE LONDON BOROUGH OF TOWER HAMLETS IN SUCH WAYS AS THE TRUSTEES THINK FIT. 2) FOR FURTHERING THE WORK OF THE CHARITY KNOWN AS KINGSLEY HALL, AT DAGENHAM IN THE LONDON BOROUGH OF BARKING.",Micro,General Charitable Purposes,E01004236,51.526624,-0.014403,50.945,1.0,0.705,0.249,33.956,0.95,0.514,29.285,35.064,1555.0,350.0,167.0
267157,WEAVERS ADVENTURE PLAYGROUND ASSOCIATION,"c/o Oxford House, Derbyshire St, Bethnal Green, Tower Hamlets, LONDON",E2 6HG,31/03/2025,84050.0,80212.0,"Provides Human Resources, Provides Buildings/facilities/open Space, Provides Services, Provides Advocacy/advice/information","Education/training, Arts/culture/heritage/science, Amateur Sport, Human Rights/religious Or Racial Harmony/equality Or Diversity, Recreation","Children/young People, People With Disabilities, Other Charities Or Voluntary Bodies, The General Public/mankind","TO MANAGE AND RUN AN INCLUSIVE ADVENTURE PLAYGROUND FOR ALL CHILDREN AND YOUNG PEOPLETO PROVIDE OPPORTUNITIES FOR SOCIAL INTERGRATION AND CREATIVE PLAY IN A SAFE SUPERVISED ENVIRONMENT TO PROVIDE WORKSHOPS IN AREAS OF  ART/CRAFT AND SPORTS THAT ENCOURAGES HEALTHY GROWTH OF THE MIND AND BODIES FROM ALL BACKGROUNDS AND CULTURAL GROUPS","THE PROVISION OF FACILITIES FOR RECREATION AND OTHER LEISURE-TIME OCCUPATION FOR CHILDREN RESIDENT IN BETHNAL GREEN BEING FACILITES - (A) OF WHICH SUCH CHILDREN HAVE NEED BY REASON OF THEIR YOUTH OR SOCIAL AND ECONOMIC CIRCUMSTANCES; AND (B) WHICH WILL IMPROVE THE CONDITIONS OF LIFE FOR SUCH CHILDREN BY PROMOTING THEIR PHYSICAL, MENTAL AND SPIRITUAL WELL-BEING.",Small,Human Rights/religious Or Racial Harmony/equality Or Diversity,E01004211,51.526368,-0.061484,34.692,2.0,0.34,0.137,9.189,0.319,1.358,36.934,63.516,1617.0,222.0,123.0
270570,ALPHA GROVE COMMUNITY TRUST,"ALPHA GROVE COMMUNITY CENTRE, ALPHA GROVE, LONDON",E14 8LH,31/03/2025,102436.0,84554.0,"Provides Human Resources, Provides Buildings/facilities/open Space, Provides Services, Provides Advocacy/advice/information","General Charitable Purposes, Education/training, The Prevention Or Relief Of Poverty, Arts/culture/heritage/science, Amateur Sport, Economic/community Development/employment","Children/young People, Elderly/old People, People With Disabilities, People Of A Particular Ethnic Or Racial Origin, The General Public/mankind","Facilities provided at the Alpha Grove Centre:Youth ClubInternet cafeCommunity meetingsComputer trainingSchool holiday programmesLegal advice sessionsPlaygroups","THE PROMOTION OF THE BENEFIT OF THE AREA OF BENEFIT WITHOUT DISTINCTION OF SEX OR OF POLITICAL RELIGIOUS OR OTHER OPINIONS BY ASSOCIATING THE LOCAL AUTHORITIES, VOLUNTARY ORGANISATIONS AND INHABITANTS IN A COMMON EFFORT TO ADVANCE EDUCATION AND TO PROVIDE FACILITIES IN THE INTERESTS OF SOCIAL WELFARE FOR RECREATION AND LEISURE-TIME OCCUPATION WITH THE OBJECT OF IMPROVING THE CONDITIONS OF LIFE FOR THE SAID INHABITANTS.",Medium,Amateur Sport,E01032772,51.499137,-0.02371,20.302,5.0,0.34,0.099,12.13,0.478,0.136,22.955,12.618,2866.0,457.0,119.0
277069,GLOBE TOWN COMMUNITY ASSOCIATION,"152-158 ROMAN ROAD, LONDON",E2 0RY,31/03/2025,15200.0,105920.0,Provides Buildings/facilities/open Space,General Charitable Purposes,"Children/young People, Elderly/old People, Other Charities Or Voluntary Bodies",Provides and promotes benefit of young and old people in London E2 in a common effort to advance social welfare for recreation and leisure-time occupation with the object of improving the conditions of life of the said inhabitants in E2 (London). Assist and co-operate with other charities.,"(A) TO PROMOTE THE BENEIT OF THE INHABITANTS OF THE STREETS AND ESTATES BOUNDED BY OLD FORD ROAD, LONDON E2, THE GRAND UNION CANAL, THE RAILWAY LINE, AND CAMBRIDGE HEATH ROAD, LONDON E2 AND THE NEIGHBOURHOOD WITHOUT DISTINCTION OF SEX OR OF POLITICAL, RELIGIOUS OR OTHER OPINIONS BY ASSOCIATING THE LOCAL AUTHORITIES, VOLUNTARY ORGANISATIONS AND THE INHABITANTS IN A COMMON EFFORT TO ADVANCE SOCIAL WELFARE FOR RECREATION AND LEISURE-TIME OCCUPATION WITH THE OBJECT OF IMPROVING THE CONDITIONS OF LIFE OF THE SAID INHABITANTS. (B) ESTABLISH OR TO SECURE THE ESTABLISHMENT OF A COMMUNITY CENTRE AND TO MAINTAIN AD MANAGE OR TO CO-OPERATE WITH ANY LOCAL STATUTORY AUTHORITY IN THE MAINTENANCE AND MANAGEMENT OF SUCH A CENTRE FOR ACTIVITIES PROMOTED BY THE ASSOCIATION AND ITS CONSTITUENT BODIES IN FURTHERANCE OF THE ABOVE OBJECT.",Small,General Charitable Purposes,E01032786,51.529347,-0.045383,35.5,2.0,0.496,0.179,18.249,0.317,0.578,36.31,31.706,1678.0,425.0,165.0
279009,FRIENDS OF THE ROYAL LONDON HOSPITAL (WHITECHAPEL),"65 KNIGHTHEAD POINT, THE QUARTERDECK, LONDON",E14 8SS,30/06/2025,54755.0,37902.0,"Makes Grants To Organisations, Provides Human Resources, Provides Buildings/facilities/open Space, Provides Services",The Advancement Of Health Or Saving Of Lives,"Children/young People, Elderly/old People, People With Disabilities","Relieve patients and former patients of the Royal London Hospital (Whitechapel) who are sick, handicapped or infirm and generally to support the charitable work of the Hospital including related research","TO RELIEVE PATIENTS AND FORMER PATIENTS OF THE LONDON HOSPITAL (WHITECHAPEL) WHO ARE SICK, CONVALESCENT, DISABLED, HANDICAPPED OR INFIRM AND GENERALLY TO SUPPORT THE CHARITABLE WORK OF THE SAID HOSPITAL INCLUDING MEDICAL RESEARCH",Small,The Advancement Of Health Or Saving Of Lives,E01004280,51.497892,-0.02509,27.709,3.0,0.413,0.154,17.62,0.221,-0.112,30.473,28.501,2017.0,378.0,200.0
281289,KINGSLEY HALL COMMUNITY CENTRE LIMITED,"KINGSLEY HALL, POWIS ROAD, LONDON",E3 3HJ,31/03/2024,28690.0,115473.0,"Provides Human Resources, Provides Buildings/facilities/open Space, Provides Services, Acts As An Umbrella Or Resource Body","General Charitable Purposes, Education/training, Arts/culture/heritage/science, Environment/conservation/heritage","Children/young People, Elderly/old People, People Of A Particular Ethnic Or Racial Origin, Other Charities Or Voluntary Bodies, The General Public/mankind","Activities for the local community including many with a  youth focus 6 days of the week particularly concentrating on week day evenings. Also large women's groups of Somali and Bangladeshi ethnic origin, Tai Chi, Ball Room Dance, patchwork, Zumba, and heritage events for all associated with this internationally known centre. See website","(A) TO PROMOTE THE BENEFIT OF THE INHABITANTS OF THE LONDON BOROUGH OF TOWER HAMLETS WITHOUT REFERENCE TO SEX OR RACE OR POLITICAL, RELIGIOUS OR OTHER OPINIONS BY CO-OPERATING WITH LOCAL AUTHORITIES, VOLUNTARY ORGANISATIONS AND INHABITANTS IN A COMMON EFFORT TO ADVANCE EDUCATION AND TO PROVIDE FACILITIES IN THE INTEREST OF SOCIAL WELFARE FOR RECREATION AND LEISURE TIME OCCUPATION WITH THE OBJECT OF IMPROVING THE CONDITIONS OF LIFE FOR THE SAID INHABITANTS. (B) TO ESTABLISH OR TO SECURE THE ESTABLISHMENT OF A COMMUNITY CENTRE AND TO MAINTAIN AND MANAGE OR TO CO-OPERATE WITH ANY LOCAL OR STATUTORY AUTHORITY IN THE MAINTENANCE OF SUCH A CENTRE FOR ACTIVITIES PROMOTED BY THE CENTRE AND ITS CONSTITUENT BODIES IN THE FURTHERANCE OF THE ABOVE OBJECTS.",Small,Environment/conservation/heritage,E01004236,51.526624,-0.014403,50.945,1.0,0.705,0.249,33.956,0.95,0.514,29.285,35.064,1555.0,350.0,167.0
281576,THE ROLAND PHILIPPS FUND FOR SCOUTS,"THE ROLAND PHILIPPS FUND FOR SCOUTS, 65 Copley Street, LONDON",E1 3DF,31/12/2023,31540.0,45832.0,"Provides Buildings/facilities/open Space, Other Charitable Activities","General Charitable Purposes, Education/training",Children/young People,"We give young people skills for life. We actively engage and support young people in their personal development, empowering them to make a positive contribution to society. We are open to all young people aged 4 -24 in the London Boroughs of Hackney and Tower Hamlets.","THE MANAGING TRUSTEES OF THE FUND CHARITY SHALL APPLY THE CLEAR YEARLY INCOME THEREOF IN THE FOLLOWING ORDER OF PRIORITY: (1) IN OR TOWARDS THE MAINTENANCE AND REPAIR OF ANY LAND OR BUILDINGS BELONGING TO THE CENTRE CHARITY (2) IN INSTRUCTING BOYS OF ALL CLASSES IN THE PRINCIPLES OF DISCIPLINE, LOYALTY AND GOOD CITIZENSHIP THROUGH THE SCOUT MOVEMENT IN THE AREA OF THE SCOUT DISTRICT OF TOWER HAMLETS IN SUCH WAYS AS THE MANAGING TRUSTEES THINK FIT AND OTHERWISE FOR THE BENEFIT OF THE SCOUT MOVEMENT IN THE SAID AREA.",Small,General Charitable Purposes,E01004283,51.516352,-0.045868,41.034,2.0,0.535,0.191,22.539,0.928,0.486,39.467,30.963,2336.0,431.0,291.0
284953,THE COMPASS POINT TRUST,"TOWER HAMLETS COMMUNITY CHURCH, 117 RICARDO STREET, LONDON",E14 6EQ,30/09/2024,7651.0,15412.0,"Makes Grants To Individuals, Makes Grants To Organisations, Provides Buildings/facilities/open Space","The Prevention Or Relief Of Poverty, Accommodation/housing, Religious Activities",Other Defined Groups,To advance the Christian religion in the United Kingdom of Great Britain and Northern Ireland and to relieve poverty.,"TO ADVANCE THE CHRISTIAN RELIGION IN THE UNITED KINGDOM OF GREAT BRITAIN AND NORTHERN IRELAND AND TO RELIEVE POVERTY, AND IN FURTHERANCE OF THESE OBJECTS BUT NOT FURTHER OR OTHERWISE TO PROVIDE MISSIONS AND ACCOMMODATION FOR CHURCH LEADERS AND CHURCH WORKERS ENGAGED IN MISSIONARY WORK AND TO ALL SUCH OTHER LAWFUL THINGS AS SHALL FURTHER THE SAID OBJECTS.",Micro,Accommodation/housing,E01004244,51.512767,-0.017672,44.423,2.0,0.513,0.239,24.99,1.03,0.929,36.495,31.459,2056.0,345.0,276.0
285585,HELP-IN-NEED ASSOCIATION,"STUDENTS UNION BUILDING, ST BARTHOLOMEWS AND ROYAL LONDON, SCHOOL OF MEDICINE AND DENTISTRY, STEPNEY WAY, WHITECHAPEL LONDON",E1 2AD,30/04/2012,7790.0,8015.0,"Makes Grants To Individuals, Makes Grants To Organisations, Acts As An Umbrella Or Resource Body","The Advancement Of Health Or Saving Of Lives, Disability, The Prevention Or Relief Of Poverty, Accommodation/housing, Economic/community Development/employment","Children/young People, Elderly/old People, People With Disabilities, Other Charities Or Voluntary Bodies, Other Defined Groups","We are a registered charity run by students at Barts and the London School of Medicine and Dentistry. We receive applications for grants from recognised bodies on behalf of disadvantaged and deprived people living in the East London (Tower Hamlets) area, and with the 'charity begins at home' ethos, meet monthly to discuss how much to donate and follow-up past applications",THE RELEIF OF SICKNESS IN THE TOWER HAMLETS HEALTH DISTRICT.,Micro,Accommodation/housing,E01004322,51.517776,-0.060667,45.199,1.0,0.666,0.146,17.107,1.203,0.385,33.642,45.013,1532.0,255.0,86.0
285707,TOWER HAMLETS COMMUNITY CHURCH,"TOWER HAMLETS COMMUNITY CHURCH, 117 RICARDO STREET, LONDON",E14 6EQ,30/09/2024,283787.0,251154.0,"Makes Grants To Individuals, Provides Human Resources, Provides Buildings/facilities/open Space, Provides Services","General Charitable Purposes, The Prevention Or Relief Of Poverty, Religious Activities",The General Public/mankind,THE PROCLAMATION AND FURTHERNCE OF THE CHRISTIAN FAITH PRIMARILY IN THE LONDON BOROUGH OF TOWER HAMLETS BUT ELSEWHERE IN THE WORLD AT THE DISCRETION OF THE ASSOICATION.,"THE OBJECTS OF THE COMPANY ARE FOR THE BENEFIT OF THE PUBLIC (""THE OBJECTS""): 
3.1 TO ADVANCE THE CHRISTIAN FAITH IN ACCORDANCE WITH THE STATEMENT IN SUCH WAYS AND IN SUCH PARTS OF THE UNITED KINGDOM OR THE WORLD AS THE DIRECTORS FROM TIME TO TIME MAY THINK FIT; 
3.2 TO RELIEVE SICKNESS AND FINANCIAL HARDSHIP AND TO PROMOTE AND PRESERVE GOOD HEALTH BY THE PROVISION OF FUNDS, GOODS OR SERVICES OF ANY KIND INCLUDING THROUGH THE PROVISION OF COUNSELLING AND SUPPORT IN SUCH PARTS OF THE UNITED KINGDOM OR THE WORLD AS THE DIRECTORS FROM TIME TO TIME THINK FIT; AND 
3.3 TO ADVANCE EDUCATION IN SUCH WAYS AND IN SUCH PARTS OF THE UNITED KINGDOM OR THE WORLD AS THE DIRECTORS FROM TIME TO TIME MAY THINK FIT.",Medium,Religious Activities,E01004244,51.512767,-0.017672,44.423,2.0,0.513,0.239,24.99,1.03,0.929,36.495,31.459,2056.0,345.0,276.0
288096,THE ST DUNSTAN'S AND ALL SAINTS STEPNEY PRESERVATION TRUST,"ST DUNSTAN'S RECTORY, RECTORY SQUARE, STEPNEY, LONDON",E1 3NQ,31/12/2024,9084.0,0.0,Provides Buildings/facilities/open Space,Religious Activities,The General Public/mankind,"Maintenance and preservation of historic church buildings and associated open spaces in the parish of St Dunstan and All Saint, Stepney","RESTORATION, REPAIR AND UPKEEP OF THE FABRIC AND FIXTURES OF THE CHURCH.",Micro,Religious Activities,E01004290,51.519429,-0.044338,31.305,3.0,0.404,0.154,17.12,0.672,0.646,30.549,33.035,2061.0,363.0,217.0
288149,CHISENHALE DANCE SPACE,"CHISENHALE DANCE SPACE, 64-84 CHISENHALE ROAD, LONDON",E3 5QZ,31/03/2025,243096.0,228493.0,"Makes Grants To Individuals, Provides Buildings/facilities/open Space, Provides Services, Provides Advocacy/advice/information","Education/training, Arts/culture/heritage/science","Children/young People, Other Defined Groups, The General Public/mankind","We support the development of artists, the participation in dance by the community, and the development of cutting edge dance and movement practice and debate. We do this by:
- offering bespoke artistic advice, space and time for professional development, sharings and events.
- running workshops and classes for the diverse communities of East London","TO PROMOTE, MAINTAIN, IMPROVE AND ADVANCE EDUCATION, PARTICULARLY BY THE PRODUCTION AND PERFORMANCE OF DANCE, BALLET AND SIMILAR CHOREOGRAPHIC ARTS, AND THE ENCOURAGEMENT OF THE ARTS, INCLUDING THE ARTS OF DANCE, CHOREOGRAPHY, MUSIC, DRAMA, MIME, SINGING, LITERATURE, SCULPTURE AND PAINTING.",Medium,Arts/culture/heritage/science,E01004234,51.533629,-0.038451,17.914,5.0,0.178,0.083,3.996,-0.71,0.684,25.136,51.652,2574.0,451.0,340.0
288488,SECOND UNIVERSITY HOUSE TRUST,"St. Margarets House, 19 Old Ford Road, LONDON",E2 9PJ,30/09/2024,12391.0,15067.0,Makes Grants To Organisations,General Charitable Purposes,Other Charities Or Voluntary Bodies,General assistance and grants given to small local charitable bodies.,THE RELIEF OF NEED HARDSHIP AND DISTRESS AMONGST THE INHABITANTS OF THE LONDON BOROUGH OF TOWER HAMLETS WITH SPECIAL CONSIDERATION BEING GIVEN TO THE NEEDS OF THE INHABITANTS OF BETHNAL GREEN AND THE PROVISION IN THE INTERESTS OF SOCIAL WELFARE OF FACILITIES FOR THE EDUCATION AND RECREATION OF SUCH INHABITANTS. (FOR FURTHER DETAILS SEE TRUST DEED.),Small,General Charitable Purposes,E01004198,51.529975,-0.053978,45.952,1.0,0.49,0.254,25.669,1.032,1.031,39.225,34.347,1521.0,271.0,228.0
288889,CARE FOR LIMEHOUSE PARISH CHURCH (ST ANNE'S) COMMERCIAL ROAD TRUST (USUALLY KNOWN AS CARE FOR ST ANNE'S),"5 Newell Street, London",E14 7HP,31/03/2025,63397.0,125089.0,Provides Buildings/facilities/open Space,"Arts/culture/heritage/science, Environment/conservation/heritage","Children/young People, Elderly/old People, People With Disabilities, Other Charities Or Voluntary Bodies, The General Public/mankind",The restoration and future maintenance of Limehouse Parish Church (St Anne's) Commercial Road E14 as one of the major examples of European baroque architecture.,THE WORK OF CARE FOR ST. ANNE'S NAMELY THE RESTORATION AND FUTURE MAINTENANCE OF LIMEHOUSE PARISH CHURCH (ST. ANNE'S) COMMERCAL ROAD AS ONE OF THE MAJOR EXAMPLES OF EUROPEAN BAROQUE ARCHITECTURE.,Small,Environment/conservation/heritage,E01035691,51.511522,-0.031331,14.365,6.0,0.182,0.054,9.59,-0.444,0.502,27.315,27.615,1982.0,255.0,67.0
289827,TOWER HAMLETS COMMUNITY TRANSPORT,"Tower Hamlets Community Transport, 27 Newell Street, LONDON",E14 7HP,31/03/2025,84662.0,35993.0,"Provides Human Resources, Provides Services",General Charitable Purposes,"Children/young People, Elderly/old People, People With Disabilities, People Of A Particular Ethnic Or Racial Origin, Other Charities Or Voluntary Bodies",Provision of transport resources to charitable and voluntary organisations working to support the needs of disadvantaged individuals and communities resident in the London Borough of Tower Hamlets,"TO PROMOTE THE EDUCATION AND RELIEVE THE NEED, HARDSHIP, DISTRESS SICKNESS AND MENTAL OR PHYSICAL HANDICAP OF PERSONS RESIDENT OR WORKING IN THE LONDON BOROUGH OF TOWER HAMLETS AND ITS SURROUNDING DISTRICTS, INCLUDING BUT WITHOUT LIMITATION BY (1) PROVIDING TRANSPORT FOR SUCH PERSONS OR FOR THE REMOVAL AND STORAGE OF THEIR GOODS AND CHATTLES; (2)PROVIDING PASSENGER TRANSPORT FOR STATUTORY AUTHORITIES OR VOLUNTARY ORGANISATIONS THAT ARE ENGAGED IN PROMOTING SUCH EDUCATION AND PROVIDING SUCH RELIEF.",Small,General Charitable Purposes,E01035691,51.511522,-0.031331,14.365,6.0,0.182,0.054,9.59,-0.444,0.502,27.315,27.615,1982.0,255.0,67.0
290087,HISTORY OF WAPPING TRUST,"The Turks Head, 1 Green Bank, Wapping, London",E1W 2PA,31/12/2024,1244.0,1261.0,Other Charitable Activities,Environment/conservation/heritage,The General Public/mankind,"History walks and talks.
Books on local history and Christmas Cards in the area of Wapping and Shadwell, east London.",TO ADVANCE PUBLIC EDUCATION BY PROMOTING THE STUDY OF SOCIAL HISTORY IN WAPPING AND PARTICULARLY THROUGH THE ESTABLISHMENT OF A LOCAL HISTORY MUSEUM WITHIN THE WAPPING AREA.,Micro,Environment/conservation/heritage,E01004291,51.504234,-0.061272,11.483,7.0,0.163,0.063,4.007,-0.43,0.102,16.763,34.375,1906.0,197.0,240.0
293475,E L M V SHADWELL BASIN PROJECT,"3-4 SHADWELL PIERHEAD, GLAMIS ROAD, LONDON",E1W 3TD,31/03/2025,311001.0,334357.0,"Provides Human Resources, Provides Buildings/facilities/open Space, Provides Services","Education/training, The Prevention Or Relief Of Poverty, Amateur Sport, Recreation","Children/young People, People With Disabilities, Other Charities Or Voluntary Bodies, Other Defined Groups, The General Public/mankind",The Charity operates an activities Centre which is based in the London Borough of Tower Hamlets on the banks of the River Thames. The principal activity is the provision of facilities for watersports and other adventurous activities for the whole community.,TO ADVANCE THE EDUCATION OF YOUNG PEOPLE RESIDENT IN THE LONDON BOROUGH OF TOWER HAMLETS BY THE PROVISION OF VOCATIONAL TRAINING AND TRAINING IN THE PRINCIPLES OF GOOD CITIZENSHIP IN ORDER TO PROMOTE THEIR PHYSICAL AND MENTAL DEVELOPMENT AND PROVIDE TRAINING IN THE SKILLS NEEDED FOR LIFE; AND TO PROVIDE IN THE INTERESTS OF SOCIAL WELFARE FACILITIES FOR WATER RELATED RECREATION AND OTHER LEISURE-TIME OCCUPATIONS BEING FACILITIES WHICH ARE PRIMARILY INTENDED FOR THE INHABITANTS OF THE LONDON BOROUGH OF TOWER HAMLETS AND ARE PROVIDED WITH THE OBJECT OF IMPROVING THE CONDITIONS OF LIFE FOR SUCH INHABITANTS BUT WHICH SUBJECT THERETO SHALL BE AVAILABLE TO THE MEMBERS OF THE PUBLIC AT LARGE.,Medium,Recreation,E01004303,51.508339,-0.050159,32.13,3.0,0.431,0.172,18.077,0.251,0.498,35.925,30.68,2911.0,617.0,287.0
297038,CELESTIAL CHURCH OF CHRIST-STRATFORD PARISH,"7 KILNER STREET, LONDON",E14 7BD,31/03/2025,4772.0,5668.0,Makes Grants To Individuals,"General Charitable Purposes, Religious Activities","Elderly/old People, Other Charities Or Voluntary Bodies, The General Public/mankind","The Charity's main activities included the furtherance of the Christian faith following the doctrines advocated by the CelestialChurch of Christ,the care of elderly persons and engagement in other charitable activities",TO ADVANCE THE CHRISTIAN RELIGION BY PROPAGATING THE DOCTRINES OF CELESTIAL CHURCH OF CHRIST THROUGHOUT THE UK AND IRELAND AS ESPOUSED BY OUR LORD JESUS CHRIST.,Micro,Religious Activities,E01004272,51.517144,-0.023363,41.976,2.0,0.575,0.197,23.659,0.666,0.682,39.522,25.386,2676.0,646.0,195.0
297771,STEPNEY COMMUNITY TRUST,"STEPNEY COMMUNITY TRUST, 46 MYRDLE STREET, LONDON",E1 1HL,31/03/2025,115886.0,81525.0,"Provides Buildings/facilities/open Space, Provides Services, Provides Advocacy/advice/information, Other Charitable Activities","General Charitable Purposes, Education/training, The Prevention Or Relief Of Poverty, Arts/culture/heritage/science, Amateur Sport, Economic/community Development/employment, Other Charitable Purposes","Elderly/old People, People With Disabilities, People Of A Particular Ethnic Or Racial Origin, Other Charities Or Voluntary Bodies, Other Defined Groups, The General Public/mankind","Offer Employment advice and guidance, IT training, Job-search, women development and counselling, healthy living, ESOL and other activities to benefit the local community at large.","TO PROMOTE THE BENEFIT OF THE INHABITANTS OF STEPNEY IN THE LONDON BOROUGH OF TOWER HAMLETS AND THE SURROUNDING AREA WITHOUT DISTINCTION OF SEX OR OF POLITICAL OR RELIGIOUS OR OTHER OPINIONS BY ASSOCIATING LOCAL AUTHORITIES IN A COMMON EFFORT TO RELIEVE POVERTY, ADVANCE EDUCATION, PRESERVE AND PROTECT HEALTH AND PROVIDE FACILITIES IN THE INTERESTS OF SOCIAL WELFARE FOR RECREATION AND LEISURE-TIME OCCUPATION WITH THE OBJECT OF IMPROVING THE CONDITIONS OF LIFE FOR THE SAID INHABITANTS. 2. TO ESTABLISH OR TO SECURE THE ESTABLISHMENT OF A COMMUNITY CENTRE IN THE LONDON BOROUGH OF TOWER HAMLETS, IN STEPNEY AND TO MAINTAIN AND MANAGE OR TO CO-OPERATE WITH ANY LOCAL STATUTORY AUTHORITY IN THE MAINTENANCE AND MANAGEMENT OF SUCH A COMMUNITY CENTRE. 3. TO PROMOTE HIGH STANDARDS OF PLANNING AND ARCHITECTURE IN OR AFFECTING THE AREA OF BENEFIT. 4. TO PROMOTE GOOD RACE RELATIONS IN THE AREA OF BENEFIT BY ENDEAVOURING TO ELIMINATE DISCRIMINATION ON GROUNDS OF RACE AND ENCOURAGING EQUALITY OF OPPORTUNITY BETWEEN PERSONS OF DIFFERENT RACIAL GROUPS.",Medium,Other Charitable Purposes,E01035686,51.515464,-0.063331,32.731,3.0,0.421,0.121,15.636,0.329,0.792,39.48,44.652,1892.0,252.0,49.0
299536,SPITALFIELDS FARM ASSOCIATION LIMITED,"BUXTON STREET, LONDON",E1 5AR,31/03/2025,591338.0,484850.0,"Provides Human Resources, Provides Buildings/facilities/open Space, Provides Services, Provides Advocacy/advice/information","Education/training, Animals, Environment/conservation/heritage","Children/young People, Elderly/old People, People With Disabilities, People Of A Particular Ethnic Or Racial Origin, Other Charities Or Voluntary Bodies, The General Public/mankind",Spitalfields City Farm is an inner-city farm for the benefit of the inhabitants of Spitalfields and the surrounding neighbourhood. The Farm provides education and volunteering activities for the community.,TO PROMOTE THE BENEFIT OF THE INHABITANTS. TO ADVANCE THE EDUCATION OF THE INHABITANTS. TO PROMOTE CARE AND CONSIDERATION FOR ANIMALS. TO PROVIDE TRAINING FOR THE NEEDY OR HANDICAPPED. TO PROVIDE RIDING FACILITIES FOR THE HANDICAPPED.,Medium,Animals,E01035668,51.521747,-0.064837,33.397,3.0,0.372,0.165,12.658,0.884,1.246,30.085,33.281,2054.0,234.0,141.0
299843,NEIGHBOURS IN POPLAR,"113 Poplar High Street, London",E14 0AE,31/03/2025,320030.0,301185.0,"Provides Services, Provides Advocacy/advice/information",Disability,"Children/young People, Elderly/old People, People With Disabilities",Provides care and welfare to persons in need through the provision of amenities and recreation and leisure activities in the interests of social welfare.,"TO PROVIDE CARE AND WELFARE TO PERSONS IN NEED, HARDSHIP OR DISTRESS IN POPLAR THROUGH THE PROVISION OF AMENITIES AND RECREATION AND LEISURE FACILITIES IN THE INTEREST OF SOCIAL WELFARE, IN PARTICULAR BUT NO EXCLUSIVELY, TO CHILDREN, THE AGED AND MENTALLY AND PHYSICALLY HANDICAPPED PERSONS.",Medium,Disability,E01004257,51.508996,-0.015357,47.337,1.0,0.624,0.214,32.022,0.677,0.656,37.491,38.143,2290.0,547.0,176.0
303251,POPLAR BLACKWALL & DISTRICT ROWING CLUB,"The Boathouse, Ferry Street, LONDON",E14 3DT,31/12/2024,129466.0,112906.0,"Provides Buildings/facilities/open Space, Provides Services","Education/training, The Advancement Of Health Or Saving Of Lives, Amateur Sport, Recreation","Children/young People, The General Public/mankind","Teaching juniors and adults to row with the aim of increasing their fitness and taking part in competition. The club is nationally competitive in junior, senior and veteran classifications both male and female. The club also provides for non-competitive members.The charity achieves these aims by the provision of all the necessary equipment such as boats, a gymnasium and volunteer coaches.",THE PROMOTION OF COMMUNITY PARTICIPATION IN HEALTHY RECREATION BY THE PROVISION OF FACILITIES AND COACHING FOR ROWING,Medium,Recreation,E01004217,51.486412,-0.012536,26.389,4.0,0.293,0.137,16.129,0.127,0.921,37.13,21.615,2219.0,407.0,356.0
307908,SAMUEL BUTLER'S EDUCATIONAL FOUNDATION,"37 KENILWORTH ROAD, BOW, LONDON",E3 5RH,31/03/2025,21756.0,28244.0,Makes Grants To Organisations,Education/training,Children/young People,"The promotion of education of young persons, in need of financial assistance, who are or have been for not less than two years resident or at a county or voluntary school in the area of benefit, being parishes covering mostly Tower Hamlets.","IN AWARDING TO BENEFICIARIES, EXHIBITIONS, SCHOLARSHIPS, BURSARIES OR MAINTENANCE ALLOWANCES, TENABLE AT ANY SCHOOL, UNIVERSITY, OR OTHER PLACE OF LEARNING APPROVED BY THE TRUSTEES. IN AWARDING SCHOLARSHIPS OR MAINTENANCE ALLOWANCES TO ENABLE BENEFICIARIES WHO ARE RESIDENT IN THE PARISHES OF CHRISTCHURCH WITH ALL SAINTS, SPITALFIELDS. ST.ANN, LIMEHOUSE. ST.DUNSTAN AND ALL SAINTS, STEPNEY. ST.AUGUSTINE WITH ST.PHILLIP, STEPNEY. ST.GEORGE IN THE EAST WITH CHRISTCHURCH AND ST.JOHN. ST.LEONARD, SHOREDITCH. ST.MATTHEW, BETHNAL GREEN. ST.PAUL, COVENT GARDEN. ST.PAUL WITH ST.MARK, WHITECHAPEL. ST.PAUL, SHADWELL WITH ST.JAMES, RATCLIFFE. ST.PETER, LONDON DOCKS WITH ST.JOHN OF WAPPING. ST.BOTOLPH WITHOUT ALDGATE AND HOLY TRINITIES, MINORIES. ST.BOTOLPH WITHOUT BISHOPSGATE AND THE UNITED PARISH OF SANDWICH IN THE COUNTY OF KENT TO TRAVEL ABROAD TO PURSUE THEIR EDUCATION.",Small,Education/training,E01004234,51.532037,-0.040063,17.914,5.0,0.178,0.083,3.996,-0.71,0.684,25.136,51.652,2574.0,451.0,340.0
312296,GREENCOAT AND OTHER BETHNAL GREEN EDUCATIONAL CHARITIES,"37 KENILWORTH ROAD, LONDON",E3 5RH,31/10/2024,4096.0,4211.0,Makes Grants To Organisations,Education/training,Children/young People,To provide financial support to schools in Bethnal Green,SEE INDIVIDUAL CONSTITUENTS,Micro,Education/training,E01004234,51.532037,-0.040063,17.914,5.0,0.178,0.083,3.996,-0.71,0.684,25.136,51.652,2574.0,451.0,340.0
312343,RICHARD GREEN'S ST.  MATTHIAS BEQUEST,"St. Michael's Vicarage, 164 St. Leonards Road, Poplar, LONDON",E14 6PW,31/12/2024,4369.0,0.0,"Makes Grants To Individuals, Makes Grants To Organisations","General Charitable Purposes, Education/training, Religious Activities",Other Defined Groups,"Gives small grants and loansfor educational purposes and/or training to individuals in financial need, resident in or studying in the area of Poplar and also to educational or training organisations working within Poplar. In addition to make grants or loans to individuals or organisations for religious education according to the principles of the Church of England within Poplar.","TO MAKE GRANT AND LOANS FOR EDUCATIONAL PURPOSES AND/OR TRAINING TO INDIVIDUALS IN FINANCIAL NEED, RESIDENT IN OR STUDYING IN THE AREA OF POPLAR AND ALSO TO EDUCATIONAL OR TRAINING ORGANISATIONS WORKING WITHIN POPLAR. IN ADDITION TO MAKE GRANTS OR LOANS TO INDIVIDUALS OR ORGANISATIONS FOR RELIGIOUS EDUCATION ACCORDING TO THE PRINCIPLES OF THE CHURCH OF ENGLAND WITHIN THE BOUNDARIES OF THE PARISH OF POPLAR",Micro,Religious Activities,E01004249,51.516896,-0.012433,45.539,1.0,0.584,0.242,31.901,0.313,0.638,40.54,32.262,2421.0,589.0,265.0
801587,THE ST PAUL'S ARTS TRUST,"The Space, 269 Westferry Road, LONDON",E14 3RS,31/03/2025,120482.0,120442.0,"Provides Buildings/facilities/open Space, Provides Services",Arts/culture/heritage/science,The General Public/mankind,Provision of arts and community activities for people in Tower Hamlets and beyond.,(A) TO ESTABLISH A COMMUNITY CENTRE FOR THE BENEFIT OF THE INHABITANTS OF THE ISLE OF DOGS AND ITS NEIGHOURHOOD WITHOUT DISTINCTION OF SEX OR POLITICAL OR RELIGIOUS OR OTHER OPINIONS FOR THE ADVANCEMENT OF EDUCATION AND THE PROVISION OF FACILITIES IN THE INTERESTS OF SOCIAL WELFARE FOR RECREATION AND LEISURE TIME OCCUPATION WITH THE OBJECT OF IMPROVING THE CONDITIONS OF LIFE FOR THE SAID INHABITANTS. (B) TO PROMOTE AND ENCOURAGE AMONG THE SAID INHABITANTS TO MUSICAL VISUAL DRAMTIC AND CINEMATIC ARTS.,Medium,Arts/culture/heritage/science,E01032783,51.492167,-0.024199,24.849,4.0,0.339,0.13,13.929,0.282,0.427,31.926,22.352,1310.0,166.0,150.0
801774,GREEN CANDLE DANCE COMPANY LIMITED,"OXFORD HOUSE, DERBYSHIRE STREET, LONDON",E2 6HG,31/03/2023,48002.0,48095.0,Provides Services,"Education/training, Arts/culture/heritage/science","Children/young People, Elderly/old People, People With Disabilities, The General Public/mankind","The principal object of the Company continues to be to bring dance as performance and as practice to all sections of the community, particularly to those with least access to it; to promote, maintain and advance education and to actively promote the social inclusion of people commonly excluded from full social inclusion by involving people in dance and the encouragement of the art of dance.","TO PROMOTE, MAINTAIN, IMPROVE AND ADVANCE EDUCATION PARTICULARLY BY INVOLVING PEOPLE IN DANCE AND THE ENCOURAGEMENT OF THE ART OF DANCE AND TO FORMULATE, PREPARE AND ESTABLISH SCHEMES THEREFORE PROVIDED THAT ALL OBJECTS OF THE COMPANY SHALL BE OF A CHARITABLE NATURE.",Small,Arts/culture/heritage/science,E01004211,51.526368,-0.061484,34.692,2.0,0.34,0.137,9.189,0.319,1.358,36.934,63.516,1617.0,222.0,123.0
802051,STEPNEY HISTORICAL TRUST,"204, SHIPWRIGHT HOUSE, 14 BOULCOTT STREET, LONDON",E1 0HR,31/03/2024,333.0,162.0,Provides Advocacy/advice/information,Education/training,"Children/young People, Elderly/old People, People With Disabilities, People Of A Particular Ethnic Or Racial Origin, The General Public/mankind","Current classifications education /training 102201 Children/young people202 Elderly/ Old people204 People of particular ethnic or racilal origins207 General public/ Mankind307 Provides advocacy/advice/ information.",TO ADVANCE PUBLIC EDUCATION IN THE HISTORY OF STEPNEY AND SURROUNDING AREA.,Micro,Education/training,E01032769,51.512569,-0.042268,23.07,4.0,0.276,0.09,8.093,0.329,1.131,26.937,33.595,1368.0,183.0,125.0
802597,STEP FORWARD (TOWER HAMLETS),"STEP FORWARD, 234 BETHNAL GREEN ROAD, LONDON",E2 0AA,31/03/2024,428076.0,533599.0,"Provides Buildings/facilities/open Space, Provides Services, Provides Advocacy/advice/information","General Charitable Purposes, Education/training, The Advancement Of Health Or Saving Of Lives, The Prevention Or Relief Of Poverty",Children/young People,"We aim to improve the quality of the lives of children and young people aged 11-25  who are affected by poverty and disadvantage to support them to make realistic and long-term changes. We provide an innovative range of services to young people from all communities including free, independent and confidential information, counselling and personal development activities.","(I) TO PROMOTE THE RELIEF OF SUFFERING CAUSED BY MENTAL OR PHYSICAL ILL HEALTH, OR BY SOCIAL OR ECONOMIC CIRCUMSTANCES AMONG YOUNG PEOPLE IN TOWER HAMLETS AND THE SURROUNDING AREA, BY ESTABLISHING, MAINTAINING AND DEVELOPING A MULTI-CULTURAL COUNSELLING SERVICE IN TOWER HAMLETS FOR THE GIVING OF INDIVIDUAL OR GROUP INFORMATION, ADVICE AND COUNSELLING TO ALL YOUNG PEOPLE REGARDLESS OF SEX, DISABILITY, ETHNIC ORIGIN, SEXUAL ORIENTATION OR RELIGIOUS OR POLITICAL AFFILIATION. (II) TO OPEN AND MAINTAIN A CENTRE OR CENTRES WHERE YOUNG PEOPLE ARE WELCOME TO CALL IN OR TELEPHONE.",Medium,The Advancement Of Health Or Saving Of Lives,E01004313,51.526053,-0.066904,37.223,2.0,0.505,0.166,19.383,0.446,0.766,34.235,41.577,2156.0,398.0,144.0
802661,HORWOOD ESTATE BANGLA SCHOOL,"Flat 65, Newcourt House, Pott Street, London",E2 0EG,31/03/2017,800.0,2964.0,Provides Advocacy/advice/information,"Education/training, Arts/culture/heritage/science, Amateur Sport, Economic/community Development/employment","Children/young People, Elderly/old People, People With Disabilities, People Of A Particular Ethnic Or Racial Origin","Provide mother tongue Bengali & supplimentary classes for young Bangladeshi children. Organise summer play scheme & cultural activities. Organise training, workshops, seminar, conference for staff, volunteers, youths & parents. Provide health class, day trips, luncheon club, advocacy service for elderly Bangladeshi people.","THE ADVANCEMENT OF THE EDUCATION OF THE BANGLADESHI CHILDREN LIVING AT HEREFORD, HORWOOD, HOLLYBUSH, TEESDALE AND ST PETERS ESTATES OF BETHNAL GREEN, LONDON BOROUGH OF TOWER HAMLETS.",Micro,Amateur Sport,E01004212,51.526416,-0.05733,30.507,3.0,0.421,0.119,12.824,0.221,1.21,31.973,34.641,2387.0,384.0,126.0
802955,THE CEDAR CENTRE,"CEDAR CENTRE, THE CEDAR CENTRE, 17 Arden Crescent, LONDON",E14 9WA,31/03/2025,1226.0,3812.0,"Provides Services, Provides Advocacy/advice/information, Other Charitable Activities","General Charitable Purposes, Education/training, Disability, Economic/community Development/employment","Children/young People, People With Disabilities",The provision of charitable services for the inhabitants of east London.,"3.	The objects of the Centre are:
(a)	To promote the benefit of the inhabitants of East London (hereinafter called ""the Area ""), without distinction of sex, sexual orientation, race or of political, religious or other opinions, by associating together the said inhabitants and the local authorities, voluntary and other organisations in a common effort to advance education and training and to provide facilities in the interests of social welfare for recreation and leisure-time occupation with the object of improving the conditions of life for the said inhabitants.
(b)	To establish or to secure the establishment of a Neighbourhood Centre and to maintain and manage or to co-operate with any local statutory authority in the maintenance and management of such a centre for activities promoted by the Centre and its constituent bodies in furtherance of the above objects.",Micro,Disability,E01032783,51.493315,-0.022983,24.849,4.0,0.339,0.13,13.929,0.282,0.427,31.926,22.352,1310.0,166.0,150.0
803640,THE ISLE OF DOGS BANGLADESHI ASSOCIATION AND CULTURAL CENTRE,"LONDON BOROUGH OF TOWER HAMLETS, CUBITT TOWN LIBRARY, STRATTONDALE STREET, LONDON",E14 3HG,31/03/2025,45525.0,30503.0,Provides Advocacy/advice/information,"General Charitable Purposes, Education/training, The Prevention Or Relief Of Poverty, Arts/culture/heritage/science, Economic/community Development/employment","Children/young People, Elderly/old People, People With Disabilities, People Of A Particular Ethnic Or Racial Origin","The organisation HELP and SUPPORT the local mincreasing Bangladeshi community (over 200 families) by way of Advice, Information and various Activities such as:Advice Session (4 days a week Tuesday, Wednesday, Friday and Saturday);Openday Session for local Pensioners;Mother Tongue School (5 afternoons a week 5pm-7pm);Women's Group and Youth Group.We run the activities on part time basis.","1. TO RELIEVE POVERTY BY THE PROVISION OF ADVICE AND COUNSELLING. 2. TO ADVANCE EDUCATION IN THE LANGUAGE, HISTORY AND CULTURE OF BANGLADESH. 3. TO ADVANCE EDUCATION AMONGST THE INHABITANTS OF TOWER HAMLETS IN PARTICULAR AMONG BANGLADESHI PEOPLE BY THE PROVISION OF TRAINING TO ENABLE SUCH PERSONS TO OBTAIN EMPLOYMENT. 4. TO PROVIDE OR ASSIST IN THE PROVISION OF FACILITIES FOR THE RECREATION OF OTHER LEISURE TIME OCCUPATION FOR THE INHABITANTS OF TOWER HAMLETS IN THE INTERESTS OF SOCIAL WELFARE WITH THE OBJECT OF IMPROVING THEIR CONDITIONS OF LIFE. 5. TO RELIEVE PERSONS SUFFERING FROM NEED, HARDSHIP AND DISTRESS IN PARTICULAR THOSE RESIDENT IN BANGLADESH AND ETHIOPIA.",Small,Arts/culture/heritage/science,E01035705,51.495904,-0.011201,35.695,2.0,0.483,0.191,18.807,0.454,0.257,42.368,22.511,1428.0,280.0,180.0
1002772,TOWER HAMLETS AND CANARY WHARF FURTHER EDUCATION TRUST,"LONDON BOROUGH OF TOWER HAMLETS, WHITECHAPEL TOWN HALL, 160 WHITECHAPEL ROAD, LONDON",E1 1BJ,31/08/2024,186961.0,160650.0,Makes Grants To Individuals,Education/training,Other Defined Groups,Objective of the Trust Fund is the advancement of education and training for residents of the London Borough of Tower Hamlets in technical and managerial skills relevant to commerce and industry.,"THE ADVANCEMENT OF THE FURTHER OR HIGHER EDUCATION OR THE VOCATIONAL TRAINING OF PEOPLE LIVING WITHIN THE LONDON BOROUGH OF TOWER HAMLETS INCLUDING BUT WITHOUT DETRIMENT TO ANY OTHER PURPOSE FOR WHICH THE TRUST FUND COULD PROPERLY BE APPLIED UNDER THIS CLAUSE, POWER TO MAKE PAYMENTS FOR COURSE FEES AND PAYMENTS IN THE NATURE OF GRANTS TO ENABLE SUCH PERSONS TO UNDERTAKE A COURSE OF STUDY OR VOCATIONAL TRAINING.",Medium,Education/training,E01004322,51.51932,-0.057301,45.199,1.0,0.666,0.146,17.107,1.203,0.385,33.642,45.013,1532.0,255.0,86.0
1010192,HALF MOON YOUNG PEOPLE'S THEATRE LIMITED,"HALF MOON, 43 WHITE HORSE ROAD, LONDON",E1 0ND,31/03/2025,830216.0,883203.0,"Provides Buildings/facilities/open Space, Provides Services","Education/training, Disability, Arts/culture/heritage/science","Children/young People, People With Disabilities","Half Moon focuses on work for and with young people from 0 to 18. The work is inclusive and accessible for all. The company has two main thrusts of activity:-	producing and presenting professional theatre at the base, in venues and in youth and schools settings -	providing an extensive participatory programme including youth theatres, school and community projects.","FOR THE PROMOTION, MAINTENANCE, IMPROVEMENT AND ADVANCEMENT OF EDUCATION PARTICULARLY BY THE PRODUCTION OF EDUCATIONAL PLAYS AND DRAMA WORKSHOPS, THE PROVISION OF TRAINING AND THE ENCOURAGEMENT OF THE ARTS INCLUDING THE ARTS OF DRAMA, BALLET, MUSIC, SINGING, LITERATURE, SCULPTURE AND PAINTING.",Medium,Disability,E01004286,51.513692,-0.04062,38.909,2.0,0.432,0.223,19.673,0.458,0.953,37.938,39.925,2565.0,491.0,320.0
1011723,BANGLADESH YOUTH MOVEMENT,"BANGLADESH YOUTH MOVEMENT ADVICE CE, 21-23 HENRIQUES STREET, LONDON",E1 1NB,31/03/2025,105651.0,97330.0,"Provides Human Resources, Provides Services, Provides Advocacy/advice/information","Education/training, Disability, Accommodation/housing, Arts/culture/heritage/science, Recreation","Children/young People, Elderly/old People, People With Disabilities, People Of A Particular Ethnic Or Racial Origin","our clients come from a broad group of indivuals from the local community including young people, elderly people, people with disabilies people providing social welfare through advice and information  service  with clients and also one to one interaction with clients, through eduacation,training,job club arts and crafts youth provision including sports, lesiure, indoor and outdoor activities.",(1) FOR THE BENEFIT OF THE INHABITANTS OF THE LONDON BOROUGH OF TOWER HAMLETS AND IN PARTICULAR YOUNG PERSONS OF BANGLADESHI ORIGIN BY PROVIDING OR ASSISTING IN THE PROVISION OF A COMMUNITY CENTRE CONTAINING FACILITIES FOR RECREATION AND OTHER LEISURE TIME OCCUPATION FOR YOUNG PERSONS UP TO 21 YEARS OF AGE WITH THE OBJECTS OF IMPROVING THEIR CONDITIONS OF LIFE   (2) TO RELIEVE POVERTY AND TO ADVANCE EDUCATION AMONG THE INHABITANTS OF THE LONDON BOROUGH OF TOWER HAMLETS AND IN PARTICULAR YOUNG PERSONS OF BANGLADESHI ORIGIN BY PROVIDING INFORMATION ADVICE AND ASSISTANCE   (3) TO PROMOTE GOOD RACE RELATIONS IN THE LONDON BOROUGH OF TOWER HAMLETS BY ENDEAVOURING TO ELIMINATE DISCRIMINATION ON GROUNDS OF RACE AND ENCOURAGING EQUALITY OF OPPORTUNITY BETWEEN PERSONS OF DIFFERENT RACIAL GROUPS,Medium,Accommodation/housing,E01004321,51.514409,-0.06535,37.217,2.0,0.457,0.169,14.736,0.14,0.421,49.057,46.416,2291.0,427.0,247.0
1012208,THE HENDERSON CHARITY,"St. George in The East Church, Parish Office, 14 Cannon Street Road, LONDON",E1 0BH,24/03/2024,16260.0,8310.0,Provides Other Finance,The Prevention Or Relief Of Poverty,Elderly/old People,Granting of pensions to needy pensioners in the Parish of St. George-in-The-East and the Ancient Parish of Ratcliffe.,THE PROVISION OF STIPENDS TO POOR PENSIONERS WHO ARE RESIDENT IN THE AREA OF BENIFIT.,Small,The Prevention Or Relief Of Poverty,E01004301,51.510462,-0.060531,45.921,1.0,0.578,0.192,23.592,0.64,0.44,47.515,47.712,1370.0,256.0,127.0
1013903,THE TURKS HEAD COMPANY,"1 GREEN BANK, LONDON",E1W 2PA,31/12/2024,46700.0,35230.0,"Makes Grants To Organisations, Provides Human Resources, Provides Buildings/facilities/open Space, Other Charitable Activities","General Charitable Purposes, Environment/conservation/heritage, Economic/community Development/employment",The General Public/mankind,"The historic Turk's Head is fully restored and kept in good condition. A cafe is open 7 days a week  and upstairs is workspace. The charity uses the rental income to support community activities in the area.
We organise an annual event for the whole community in mid summer and work on the creation of community assets. We plan to restore Wapping's river stairs and build a lido in Shadwell Basin","(A)TO PROMOTE THE BENEFIT OF PERSONS RESIDENT AND/OR WORKING IN WAPPING AND THE SURROUNDING ARES WITHOUT DISTINCTION OF SEX, SEXUAL ORIENTATION, RACE OR OF POLITICAL, RELIGIOUS OR OTHER OPINIONS, BY ASSOCIATING TOGETHER THE SAID PERSONS AND THE LOCAL AUTHORITIES, VOLUNTARY AND OTHER ORGANISATIONS IN A COMMON EFFORT TO ADVANCE EDUCATION AND TO PROVIDE FACILITIES IN THE INTERESTS OF SOCIAL WELFARE FOR RECREATION AND LEISURE-TIME OCCUPATION WITH THE OBJECT OF IMPROVING THE CONDITIONS OF LIFE FOR THE SAID PERSONS; (B)TO ESTABLISH OR SECURE THE ESTABLISHMENT OF A COMMUNITY CENTRE AND TO MAINTAIN AND MANAGE THE SAME (WHETHER ALONE OR IN CO-OPERATION WITH ANY LOCAL AUTHORITY OR OTHER PERSON OR BODY) IN FURTHERANCE OF THESE OBJECTS. THE BODY SHALL BE NON-PARTY IN POLITICS AND NON-SECTARIAN IN RELIGION.",Small,Environment/conservation/heritage,E01004291,51.504234,-0.061272,11.483,7.0,0.163,0.063,4.007,-0.43,0.102,16.763,34.375,1906.0,197.0,240.0
1017480,MILE END NURSERY AND PLAYGROUP,"8C MORGAN STREET, LONDON",E3 5AB,31/03/2017,93631.0,94598.0,Provides Services,Education/training,Children/young People,"Learning through play, for pre-school children.","TO ENHANCE THE  EDUCATION OF CHILDREN BELOW COMPULSORY SCHOOL AGE IN LONDON BOROUGH OF TOWER HAMLETS,  (A) PROVIDING SAFE AND SATISFYING GROUP PLAY, IN WHICH PARENTS HAVE THE RIGHT TO TAKE PART,  (B) ENCOURAGING OTHER CHARITABLE ACTIVITIES THROUGH WHICH PARENTS MAY HELP THE CHILDREN.",Small,Education/training,E01004232,51.52763,-0.031429,20.741,5.0,0.202,0.103,4.771,-0.463,0.95,24.776,50.497,1849.0,345.0,230.0
1017772,HIFZUL QURAN AND ISLAMIC EDUCATION CENTRE,"304 Burdett Road, LONDON",E14 7DQ,31/10/2024,80021.0,54412.0,"Provides Buildings/facilities/open Space, Provides Services, Provides Advocacy/advice/information","Education/training, Accommodation/housing, Economic/community Development/employment","Children/young People, Elderly/old People, People Of A Particular Ethnic Or Racial Origin","The following activities are held at the centre five times prayer, education for young children, Arabic classes for youth and Quranic classes for children and teenagers. We also provide community service for local people.",TO ADVANCE EDUCATION IN ACCORDANCE WITH THE TENENTS AND DOCTRINES OF ISLAM,Small,Accommodation/housing,E01004251,51.515225,-0.029038,35.438,2.0,0.493,0.162,16.587,0.37,0.882,37.424,29.785,2660.0,653.0,215.0
1023032,ST MATTHIAS CONSERVATION TRUST LTD,"ST. MATTHIAS COMMUNITY CENTRE, 113 POPLAR HIGH STREET, LONDON",E14 0AE,31/03/2025,64432.0,80055.0,"Provides Human Resources, Provides Buildings/facilities/open Space, Provides Services","General Charitable Purposes, Education/training, Disability, Arts/culture/heritage/science, Amateur Sport, Environment/conservation/heritage, Economic/community Development/employment","Children/young People, Elderly/old People, People With Disabilities, People Of A Particular Ethnic Or Racial Origin, Other Charities Or Voluntary Bodies, The General Public/mankind","St. Matthias Community Centre is a redundant church which saves as ""village hall"" to the local community of Blackwall &amp; Limehouse in the London Borough of Tower Hamlets.",TO PRESERVE FOR THE BENEFIT OF THE RESIDENTS OF THE LONDON BOROUGH OF TOWER HAMLETS AND FOR THE NATION THE FORMER CHURCH OF ST MATTHIAS POPLAR SITUATED IN THE SAID BOROUGH AS A BUILDING OF EXCEPTIONAL ARCHITECTURAL AND HISTORIC VALUE.  TO PROMOTE THE SAID BUILDING FOR THE BENEFIT OF THE SAID PERSONS BY ADVANCING ASSISTING IN THE ADVANCEMENT OF EDUCATION AND PROVIDING OR ASSISTING IN THE PROVISION OF FACILITIES FOR RECREATION OR LEISURE TIME OCCUPATION WITH THE OBJECT OF IMPROVING THE CONDITIONS OF LIFE FOR THE SAID PERSONS.,Small,Environment/conservation/heritage,E01004257,51.508996,-0.015357,47.337,1.0,0.624,0.214,32.022,0.677,0.656,37.491,38.143,2290.0,547.0,176.0
1031390,TATE HOUSE PLAYGROUP,"Flat 16, Goodrich House, Sewardstone Road, London",E2 9JN,31/03/2024,217726.0,188930.0,Provides Services,Education/training,Children/young People,"To advance the education of children below compulsory school age by providing safe and satisfying group play, in which parents have the right to take part.Encouraging other charitable activities through which parents may help their children.",TO ENHANCE THE DEVELOPMENT AND EDUATION OF CHILDREN UNDER STATUTORY SCHOOL AGE BY ENCOURAGING PARENTS TO UNDERSTAND AND PROVIDE FOR THE NEEDS OF THEIR CHILDREN THROUGH COMMUNITY GROUPS.,Medium,Education/training,E01004201,51.533153,-0.048233,25.579,4.0,0.357,0.135,9.806,0.179,0.253,32.414,33.559,1673.0,277.0,255.0
1033577,LINCOLN HALL PRE SCHOOL,"Lincoln hall preschool, The linc Centre, 70 fern street, Bow, London",E3 3PR,31/03/2025,519520.0,448217.0,Provides Services,Education/training,Children/young People,"Lincoln Hall preschool is an early years provider for funded children aged 2- 5 years. We have highly qualified staff with a range of knowledge and expertise. We are passionate for Inclusion which is reflected in the children we have attending, providing a safe, stimulating environment around children's interest, to flourish and reach their full potential according to their individual needs.",TO ENHANCE THE DEVELOPMENT AND EDUCATION OF CHILDREN UNDER STATUTORY SCHOOL AGE BY ENCOURAGING PARENTS TO UNDERSTAND AND PROVIDE FOR THE NEEDS OF THEIR CHILDREN THROUGH COMMUNITY GROUPS.,Medium,Education/training,E01004241,51.520983,-0.022807,48.793,1.0,0.643,0.247,26.885,0.97,0.31,41.645,22.892,1750.0,431.0,211.0
1033764,SISTER CIRCLE,"THE BRADY CENTRE, 192-196 HANBURY STREET, LONDON",E1 5HU,31/03/2025,953423.0,860558.0,"Provides Services, Provides Advocacy/advice/information, Sponsors Or Undertakes Research","General Charitable Purposes, Education/training, The Advancement Of Health Or Saving Of Lives, Economic/community Development/employment, Human Rights/religious Or Racial Harmony/equality Or Diversity","People Of A Particular Ethnic Or Racial Origin, Other Defined Groups","Sister Circle is a multi-cultural community health charity, putting women's health first. For those living with complex lives, that statutory services can't reach.  Our objectives are to: Advance education, knowledge, and empowerment; Preserve and protect health; Promote equality and diversity by challenging discrimination and encouraging services to meet the diverse needs of local communities.","(A) TO ADVANCE EDUCATION AMONGST WOMEN RESIDENT IN TOWER HAMLETS AND SURROUNDING BOROUGHS, IN PARTICULAR AFRICAN, AFRO-CARIBBEAN AND ASIAN WOMEN BEFORE, DURING AND AFTER PREGNANCY 
(B) TO PRESERVE AND PROTECT THE HEALTH OF THE INHABITANTS OF THE LONDON BOROUGH OF TOWER HAMLETS AND SURROUNDING BOROUGHS.
(C) TO PROMOTE EQUALITY AND DIVERSITY BY CHALLENGING DISCRIMINATION AND ENCOURAGING SERVICES WHICH MEET THE DIVERSE NEEDS OF THE COMMUNITY AND THE SHARING OF EXPERIENCES IN ORDER TO BRING ABOUT EQUALITY IN HEALTH AND WELL-BEING, AND GOOD RELATIONSHIPS IN THE COMMUNITY",Medium,Human Rights/religious Or Racial Harmony/equality Or Diversity,E01004308,51.519418,-0.065369,35.155,2.0,0.423,0.179,15.813,0.792,0.555,38.983,34.117,1462.0,257.0,189.0
1034761,MORPETH EDUCATIONAL TRUST,"Morpeth Secondary School, Portman Place, London",E2 0PX,31/03/2024,1165.0,0.0,"Makes Grants To Individuals, Makes Grants To Organisations",Education/training,Children/young People,Education related,"THE ADVANCEMENT OF EDUCATION AND IN PARTICULAR (BUT WITHOUT PREJUDICE TO THE GENERALITY OF THE FOREGOING) THE PROVISION OF FINANCIAL ASSISTANCE TOWARDS THE ENRICHMENT OF THE EDUCATIONAL PROVISION FOR THE PUPILS AT MORPETH SCHOOL, MORPETH STREET, LONDON E2.",Micro,Education/training,E01004259,51.526781,-0.048463,28.552,3.0,0.35,0.131,7.255,0.299,0.579,33.462,49.07,1737.0,269.0,163.0
1035872,MATILDA COMMUNITY DAY NURSERY,"MATILDA HOUSE, ST KATHARINES WAY, LONDON",E1W 1LQ,31/03/2025,233716.0,228123.0,Provides Services,Education/training,Children/young People,Children's day nursery,TO PROMOTE DEVELOPAND PROVIDE FACILITIES FOR THE DAILY CARE RECREATION AND EDUCATION OF CHILDREN UNDER THE AGE OF FIVE RESIDENT IN THE LONDON BOROUGH OF TOWER HAM;LETS WITH PARTICULAR REGARD TO CHILDREN RESIDENT IN MATILDA HOUSE ST KATHERINES WAY,Medium,Education/training,E01004293,51.505328,-0.068761,7.925,9.0,0.119,0.058,1.083,-0.897,-0.237,14.507,32.102,2017.0,183.0,332.0
1036738,TOY HOUSE LIBRARIES ASSOCIATION OF TOWER HAMLETS,"Toyhouse, 92 St. Pauls Way, Bow, LONDON",E3 4AL,31/03/2025,247539.0,215380.0,"Provides Human Resources, Provides Services, Provides Advocacy/advice/information, Acts As An Umbrella Or Resource Body","General Charitable Purposes, Education/training, The Advancement Of Health Or Saving Of Lives, Disability, The Prevention Or Relief Of Poverty, Amateur Sport, Economic/community Development/employment, Recreation","Children/young People, People With Disabilities, People Of A Particular Ethnic Or Racial Origin, Other Defined Groups","Toyhouse working with families as a non profit making organisation bassed in Tower Hamlets actively facilitates and promotes play as central to all children's well-being, supports a network of member groups and empowers local communities through volunteering and training opportunies.","TO PROMOTE THE EDUCATION AND SOCIAL DEVELOPMENT OF CHILDREN AND ADULTS, BY WORKING WITH PARENTS, GUARDIANS, CARERS AND FAMILIES THROUGH PARTNERSHIPS AND SUPPORTIVE NETWORKS, IN PARTICULAR THROUGH THE PROVISION OF FACILITIES, SERVICES AND RESOURCES FOR THEIR RECREATION OR OTHER LEISURE TIME OCCUPATION AND PROVIDING EQUALITY OF OPPORTUNITY FOR PLAY FOR THE WELL BEING OF ALL CHILDREN.",Medium,Recreation,E01004272,51.517721,-0.027172,41.976,2.0,0.575,0.197,23.659,0.666,0.682,39.522,25.386,2676.0,646.0,195.0
1040496,SOCIAL ACTION FOR HEALTH,"THE BRADY CENTRE, 192-196 HANBURY STREET, LONDON",E1 5HU,31/03/2025,360784.0,366432.0,"Provides Services, Provides Advocacy/advice/information, Sponsors Or Undertakes Research, Other Charitable Activities","General Charitable Purposes, The Advancement Of Health Or Saving Of Lives, Economic/community Development/employment, Human Rights/religious Or Racial Harmony/equality Or Diversity","Children/young People, Elderly/old People, People With Disabilities, People Of A Particular Ethnic Or Racial Origin, Other Charities Or Voluntary Bodies, Other Defined Groups, The General Public/mankind","Social Action for Health is a community-based health charity providing services and support to people most affected by health inequalities. It operates in and around east London, UK.","I) TO PRESERVE AND PROTECT THE GOOD HEALTH OF THE PUBLIC WITHIN LONDON AND ELSEWHERE WITHIN ENGLAND;
(II) THE RELIEF OF UNEMPLOYMENT FOR THE BENEFIT OF THE PUBLIC IN SUCH WAYS AS ARE THOUGHT FIT, INCLUDING ASSISTANCE TO FIND EMPLOYMENT; AND
(C) TO DEVELOP THE CAPACITY AND SKILLS OF MEMBERS OF SOCIALLY AND ECONOMICALLY DISADVANTAGED COMMUNITIES TO ENABLE THEM BETTER TO IDENTIFY AND MEET THEIR NEEDS IN ORDER FOR THEM TO PARTICIPATE MORE FULLY IN SOCIETY.",Medium,Human Rights/religious Or Racial Harmony/equality Or Diversity,E01004308,51.519418,-0.065369,35.155,2.0,0.423,0.179,15.813,0.792,0.555,38.983,34.117,1462.0,257.0,189.0
1043304,CROSSROADS COUNSELLING,"Crossroads Counselling, 144 Roman Road, LONDON",E2 0RY,31/03/2024,49527.0,56886.0,Provides Services,The Advancement Of Health Or Saving Of Lives,The General Public/mankind,"Crossroads Counselling offers a professional counselling service for people on low incomes who live, work, study or worship in Tower Hamlets. Our service is open to people of all faiths and none.  We offer short and long-term individual counselling.","TO ADVANCE THE CHRISTIAN RELIGION BY ESTABLISHING AND CARRYING ON A SERVICE OF COUNSELLING BASED ON CHRISTIAN FAITH, BELIEFS AND THE PRINCIPLES OF COMPASSION, EQUALITY, LOVE, NON-JUDGEMENT AND RESPECT, FOR THE BENEFIT OF ALL PEOPLE IRRESPECTIVE OF RACE, GENDER OR RELIGION",Small,The Advancement Of Health Or Saving Of Lives,E01032786,51.529347,-0.045383,35.5,2.0,0.496,0.179,18.249,0.317,0.578,36.31,31.706,1678.0,425.0,165.0
1046579,CONSORTIUM FOR STREET CHILDREN,"ROOM 4, 15 OLD FORD ROAD, ST MARGARET'S HOUSE, BETHNAL GREEN, LONDON",E2 9PJ,31/12/2024,682835.0,527070.0,"Provides Services, Provides Advocacy/advice/information, Sponsors Or Undertakes Research, Acts As An Umbrella Or Resource Body","Education/training, The Advancement Of Health Or Saving Of Lives, The Prevention Or Relief Of Poverty, Accommodation/housing, Economic/community Development/employment","Children/young People, Other Defined Groups","A leading international member-based network dedicated to advocating, promoting and campaigning for the rights of street-connected children.  We are committed to creating a better and sustainable future for some of the most disadvantaged and stigmatised children by working together to inform and inspire research and action that influences policy and best practice worldwide.","THE RELIEF OF CHILDREN IN CONDITIONS OF NEED, HARDSHIP OR DISTRESS, ANYWHERE IN THE WORLD, WITH SPECIAL ATTENTION TO THOSE LIVING AND WORKING ON THE STREETS AND OTHER PUBLIC PLACES",Medium,Accommodation/housing,E01004198,51.529975,-0.053978,45.952,1.0,0.49,0.254,25.669,1.032,1.031,39.225,34.347,1521.0,271.0,228.0
1047068,THE GOOD SHEPHERD MISSION,"The Good Shepherd Mission, 17 Three Colts Lane, LONDON",E2 6JL,31/03/2025,186425.0,242070.0,"Provides Human Resources, Provides Buildings/facilities/open Space, Provides Services","General Charitable Purposes, Education/training, The Prevention Or Relief Of Poverty, Religious Activities, Amateur Sport","Children/young People, Other Defined Groups","We are a local Christian charity in Bethnal Green whose services are open to all, irrespective of background or belief.Our activities include: church activities, early years groups, children's and youth work, outreach to vulnerable adults.","(A) THE ADVANCEMENT PROCLAMATION AND FURTHERANCE OF THE CHRISTIAN FAITH IN THE LONDON BOROUGH OF TOWER HAMLETS AND ELSEWHERE IN THE UNITED KINGDOM OR THE WORLD, (B) THE RELIEF OF PERSONS IN CONDITIONS OF POVERTY NEED OR OTHER HARDSHIP OR WHO ARE AGED OR SICK IN THE SAID BOROUGH OR ELSEWHERE IN THE UNITED KINGDOM OR THE WORLD, (C) THE ADVANCEMENT OF CHRISTIAN PUBLIC EDUCATION IN THE SAID BOROUGH OR ELSEWHERE IN THE UNITED KINGDOM OR THE WORLD AND (D) THE UNDERTAKING AND FULFILLING OF SUCH OTHER CHARITABLE PURPOSES FOR THE BENEFIT OF THE COMMUNITY IN THE SAID BOROUGH OR ELSEWHERE IN THE UNITED KINGDOM OR THE WORLD AS THE TRUSTEES SHALL DETERMINE",Medium,Amateur Sport,E01004206,51.524301,-0.058862,52.061,1.0,0.61,0.255,34.258,0.966,0.864,36.583,45.085,1461.0,313.0,160.0
1047970,TOWER HAMLETS DEAF CHILDRENS SOCIETY,"22 Abbott Road, LONDON",E14 0GD,30/04/2024,6000.0,6000.0,Provides Advocacy/advice/information,"Education/training, Disability, Amateur Sport","Children/young People, People With Disabilities","To empower the Deaf children of Tower Hamlets and their families. We believe Deaf children should be valued by society and given the same opportunities as any other child.We are a support network, who strives to support Deaf children, young people and their families. We offer help to parents who may feel isolated within the community","TO FURTHER IN ANY WAY ALLOWED BY LAW THE EDUCATION AND RELIEF OF DEAF CHILDREN WITHOUT REGARD TO RACE, RELIGION, CREED, DISABILITY, SEX OR FAMILY CIRCUMSTANCES.",Micro,Disability,E01004245,51.51356,-0.000818,28.405,3.0,0.44,0.143,16.148,0.382,0.347,29.49,21.383,3018.0,632.0,153.0
1048047,THE ENSIGN YOUTH CLUB,"ENSIGN YOUTH CLUB, WELLCLOSE SQUARE, LONDON",E1 8HY,31/03/2025,119987.0,56910.0,Provides Human Resources,"Education/training, The Advancement Of Health Or Saving Of Lives, The Prevention Or Relief Of Poverty, Amateur Sport, Economic/community Development/employment","Children/young People, Elderly/old People","After School Club/Senior Youth ClubActivities for young people during Easter, Half Term And Summer holidaysCommunity SessionsEmployment ProjectHealth Project","(A)TO PROVIDE RECREATIONAL FACILITIES FOR YOUNG PEOPLE IN THE LONDON BOROUGH OF TOWER HAMLETS IN THE INTERESTS OF SOCIAL WELFARE WITH THE OBJECT OF IMPROVING THEIR CONDITION IN LIFE. (B)TO HELP AND EDUCATE YOUNG PEOPLE ESPECIALLY, BUT NOT EXCLUSIVELY, THROUGH THEIR LEISURE-TIME ACTIVITIES TO DEVELO[P THEIR PHYSICAL, MENTAL AND SPIRITUAL CAPACITIES SO THAT THEY MAY GROW TO FULL MATURITY AS INDIVIDUALS AND MEMBERS OF SOCIETY.",Medium,Amateur Sport,E01035696,51.510091,-0.065822,13.933,7.0,0.218,0.056,5.29,-0.008,-0.09,20.264,35.285,1403.0,155.0,29.0
1050036,WAPPING NOORANI MASJID AND CULTURAL CENTRE,"19 Prusom Street, Wapping, London",E1W 3NW,31/03/2025,74240.0,39977.0,"Provides Buildings/facilities/open Space, Provides Services, Provides Advocacy/advice/information","General Charitable Purposes, Education/training, The Prevention Or Relief Of Poverty, Religious Activities, Economic/community Development/employment, Human Rights/religious Or Racial Harmony/equality Or Diversity, Recreation","Children/young People, Elderly/old People, The General Public/mankind","Advancement of Islamic EducationProvision of prayer facilitiesSocial and Leisure ActivitiesCommunity Projects that brings together people from all backgrounds, age, faiths, race together for the betterment of the community.Educational and Training ProgrammesServices for the whole community without any restrictions",1.TO ADVANCE THE ISLAMIC RELIGION BY THE PROVISION OF A MOSQUE. 2.TO ADVANCE EDUCATION IN THE RELIGIOUS TEACHINGS AND CULTURE OF THE ISLAMIC RELIGION.,Small,Human Rights/religious Or Racial Harmony/equality Or Diversity,E01004296,51.506195,-0.055928,26.423,4.0,0.397,0.149,11.539,0.258,0.826,20.33,26.033,2458.0,374.0,252.0
1050926,BOUNDARY COMMUNITY SCHOOL LIMITED,"BOUNDARY COMMUNITY SCHOOL, 20 CLUB ROW, LONDON",E2 7EY,31/03/2025,53900.0,20530.0,"Provides Services, Provides Advocacy/advice/information","General Charitable Purposes, Education/training, Arts/culture/heritage/science, Amateur Sport, Economic/community Development/employment","Children/young People, People Of A Particular Ethnic Or Racial Origin, The General Public/mankind","Boundary Community School provides Study Support and Mother Tongue Language classes, Youth Activities, ICT training, Employment Support, Advice and Guidance for the local community.",(1) TO ADVANCE THE EDUCATION OF CHILDREN OF STATUTORY SCHOOL AGE IN PARTICULAR CHILDREN OF BENGALI ETHNIC ORIGIN BY THE PROVISION OF SUPPLEMENTARY CLASSES IN PARTICULAR BUT NOT EXCLUSIVELY IN THE BENGALI LANGUAGE. (2) TO PROVIDE RECREATIONAL FACILITIES IN THE INTERESTS OF SOCIAL WELFARE WITH THE OBJECT OF IMPROVING CONDITIONS OF LIFE OF PERSONS HAVING NEED OF SUCH FACILITIES BY REASON OF THEIR POVERTY OR SOCIAL AND ECONOMIC CIRCUMSTANCES,Small,Amateur Sport,E01004316,51.525075,-0.074153,41.511,2.0,0.402,0.16,9.105,0.734,0.728,48.751,81.457,1058.0,170.0,74.0
1051765,COVENTRY CROSS MOSQUE AND ISLAMIC COMMUNITY CENTRE,"Flat 6, Broxbourne House, Empson Street, London",E3 3LJ,30/06/2024,102421.0,36063.0,"Provides Buildings/facilities/open Space, Provides Services","General Charitable Purposes, Education/training, Religious Activities","Children/young People, People Of A Particular Ethnic Or Racial Origin, The General Public/mankind","Coventry Cross Mosque is a charitable organisation providing evening Islamic and moral education for local Muslims as well as daily congregational prayers for adults. It promotes responsible and respectful Islamic values, supporting the spiritual and social well-being of the wider community.",(1)TO ADVANCE THE ISLAMIC RELIGION (11)THE ADVANCEMENT OF THE EDUCATION OF THE GENERAL PUBLIC IN THE MANY FACETS OF THE ISLAMIC CULTURE (111)TO RELIEVE POVERTY HARDSHIP AND DISTRESS.,Medium,Religious Activities,E01035667,51.522493,-0.014208,34.871,2.0,0.51,0.191,21.724,0.172,0.411,32.251,27.673,2001.0,491.0,84.0
1051845,PATHWAYS TRUST,"THE CRYPT, ST JOHN ON BETHNAL GREEN, 200 CAMBRIDGE HEATH ROAD, LONDON",E2 9PA,31/03/2025,22491.0,34769.0,"Provides Services, Provides Advocacy/advice/information","Education/training, The Advancement Of Health Or Saving Of Lives","Children/young People, Elderly/old People, People With Disabilities, Other Defined Groups, The General Public/mankind",To provide complementary medicine treatments and advice at affordable rates (sliding scale) to local people at our centre; To provide home visits to local people too ill or frail; Outreach work to local community centres to give talks and treatments,"1.FOR THE RELIEF OF SICKNESS AND THE PRESERVATION AND PROTECTION OF HEALTH IN THE LOCAL COMMUNITY OF TOWER HAMLETS AND NEIGHBOURING BOROUGHS. 2.FOR THE ADVANCEMENT OF EDUCATION BY THE PROVISION OF ADVICE, COUNSELLING AND TRAINING OF STUDENTS IN ACUPUNCTURE, THERAPEUTIC MASSAGE, CHINESE HERBAL MEDICINE, OSTEOPATHY AND REFLEXOLOGY. 3.TO CONDUCT RESEARCH WITH LOCAL GP'S, HOSPITAL DEPARTMENTS AND LOCAL COMMUNITY GROUPS IN THE AREA IN THE USE OF ACUPUNCTURE AND CHINESE HERBAL MEDICINE FOR THE TREATMENT OF SPECIFIC DISEASES AND TO PUBLISH AND DISSEMINATE THE USEFUL RESULTS OF THE RESEARCH FOR THE BENEFIT OF THE GENERAL PUBLIC.",Small,The Advancement Of Health Or Saving Of Lives,E01004259,51.527774,-0.055182,28.552,3.0,0.35,0.131,7.255,0.299,0.579,33.462,49.07,1737.0,269.0,163.0
1051893,WAPPING BANGLADESH ASSOCIATION,"Wapping Youth Club, 1st Floor, 20 Tench Street, London",E1W 2QD,31/03/2025,147032.0,146121.0,"Provides Services, Provides Advocacy/advice/information","General Charitable Purposes, Education/training, The Advancement Of Health Or Saving Of Lives, The Prevention Or Relief Of Poverty, Economic/community Development/employment, Recreation","Children/young People, Elderly/old People, People Of A Particular Ethnic Or Racial Origin, The General Public/mankind","Welfare Rights and Debt Information, Advice & Guidance Services
Translation and Interpreting Service
Senior Citizens Lunch Club
Older People services
Mother Tongue and Cultural Educational Classes
Employment and Skills Training Programme
Citizenship & Integration Classes
Healthy Living Programme
Study Support and Supplementary Education Programme","(A)TO PROVIDE ADVICE TO THE BANGLADESHI PEOPLE LIVING IN WAPPING WHICH RELIEVES THEIR POVERTY, ADVANCES THEIR EDUCATION OR PRESERVES AND PROTECTS THEIR HEALTH. (B)TO ADVANCE THE EDUCATION OF BANGLADESHI PEOPLE LIVING IN WAPPING, IN PARTICULAR BY THE PROVISION OF MOTHER TONGUE CLASSES, RELIGIOUS STUDIES AND ENGLISH CLASSES. (C)TO PROVIDE RECREATIONAL FACILITIES IN THE INTEREST OF SOCIAL WELFARE TO THE INHABITANTS OF WAPPING IN PARTICULAR BUT NOT EXCLUSIVELY BANGLADESHI PEOPLE IN THE EFFORT TO IMPROVE THE CONDITIONS OF LIFE OF THE SAID INHABITANTS.",Medium,Recreation,E01004291,51.504224,-0.061229,11.483,7.0,0.163,0.063,4.007,-0.43,0.102,16.763,34.375,1906.0,197.0,240.0
1052043,SPITALFIELDS FESTIVAL LIMITED,"QUEEN MARY UNIVERSITY OF LONDON, 327 MILE END ROAD, LONDON",E1 4NS,31/03/2025,328378.0,476565.0,"Provides Services, Other Charitable Activities","General Charitable Purposes, Education/training, Arts/culture/heritage/science","Children/young People, Elderly/old People, People With Disabilities, The General Public/mankind","We are a creative charity in East London. We use music to bring diverse communities together through high-quality performances, an industry leading artist development programme, and award-winning projects in our community.","TO PROMOTE MAINTAIN IMPROVE AND ADVANCE THE EDUCATION OF THE PUBLIC PARTICULARLY BY THE ENCOURAGEMENT OF THE ARTS INCLUDING THE ARTS OF MUSIC, SINGING, DRAMA, BALLET, LITERATURE, SCULPTURE AND PAINTING.",Medium,Arts/culture/heritage/science,E01035670,51.524637,-0.040683,25.999,4.0,0.284,0.091,27.166,-0.035,0.741,36.527,38.044,4759.0,527.0,299.0
1053586,MEDINA MASJID,"248 Westferry Road, London",E14 3AG,31/03/2025,143617.0,58771.0,"Provides Human Resources, Other Charitable Activities","General Charitable Purposes, Education/training, Religious Activities","Children/young People, Elderly/old People, People With Disabilities","Non-profit, non-political organisation which holds congregational prayers and Islamic religious activities at appropriate times and promotes unity and joint action among Muslims and non-Muslims.","TO ADVANCE THE RELIGION OF ISLAM IN PARTICULAR, IN PARTICULAR, BUT NOT EXCLUSIVELY BY ESTABLISHING A MOSQUE IN THE LONDON BOROUGH OF TOWER HAMLETS.",Medium,Religious Activities,E01004275,51.488061,-0.018601,23.276,4.0,0.359,0.114,16.178,0.111,-0.213,30.685,26.663,2636.0,664.0,234.0
1055570,AVEBURY PLAYGROUP,"AVEBURY PLAY GROUP, ROBERTA STREET, LONDON",E2 6AW,31/03/2025,58237.0,64916.0,Provides Services,Education/training,Children/young People,We provide a playgroup registered with OFSTED for up to 40 children aged between 2 - 5 years old. The sessions run Monday to Friday during school term times between the hours of 0845 - 1145am and 1215 - 1515pm.,TO ENHANCE THE DEVELOPMENT AND EDUCATION OF CHILDREN UNDER STATUTORY SCHOOL AGE BY ENCOURAGING PARENTS TO UNDERSTAND AND PROVIDE FOR THE NEEDS OF THEIR CHILDREN THROUGH COMMUNITY GROUPS.,Small,Education/training,E01004313,51.527176,-0.066308,37.223,2.0,0.505,0.166,19.383,0.446,0.766,34.235,41.577,2156.0,398.0,144.0
1056985,SPLASH (SOUTH POPLAR AND LIMEHOUSE),"Flat 7, Willis House, Hale Street, London",E14 0BX,31/03/2025,188014.0,155440.0,"Provides Human Resources, Provides Services, Provides Advocacy/advice/information, Acts As An Umbrella Or Resource Body","General Charitable Purposes, Education/training, The Prevention Or Relief Of Poverty, Accommodation/housing, Arts/culture/heritage/science, Amateur Sport, Environment/conservation/heritage, Economic/community Development/employment","Children/young People, Elderly/old People, People With Disabilities, People Of A Particular Ethnic Or Racial Origin, The General Public/mankind",The charity is engaged in strengthening & promoting community cohesion & involvement in the Blackwall & Limehouse areas of London Borough of Tower Hamlets.,"(A) TO RELIEVE POVERTY AMONGST PERSONS RESIDENT IN THE SOUTH POPLAR AND LIMEHOUSE AREAS OF THE LONDON BOROUGH OF TOWER HAMLETS PARTICULARLY BY THE PROVISION OF ADVICE AND ASSISTANCE IN REGARD TO HOUSING (B) TO EDUCATE FAMILIES IN THE SAID AREA IN BETTER STANDARDS OF CHILD CARE AND PARENTING (C) TO PROMOTE GOOD RACE RELATIONS IN THE SAID SOUTH POPLAR AND LIMEHOUSE AREA BY ENDEAVOURING TO ELIMINATE DISCRIMINATION ON GROUNDS OF RACE AND ENCOURAGING EQUALITY OF OPPORTUNITY BETWEEN PERSONS OF DIFFERENT RACIAL AND CULTURAL BACKGROUND (D) TO PROMOTE THE EDUCATION OF PERSONS IN THE SAID SOUTH POPLAR AND LIMEHOUSE AREA WHO THROUGH THEIR SOCIAL AND ECONOMIC CIRCUMSTANCES, OR DUE TO LACK OF KNOWLEDGE OF THE ENGLISH LANGUAGE, ARE IN NEED AND UNABLE TO GAIN EMPLOYMENT (E) TO PROVIDE FACILITIES FOR RECREATION OR OTHER LEISURE-TIME OCCUPATION TO PERSONS WHO HAVE NEED OF SUCH FACILITIES BY REASON OF THEIR YOUTH, AGE, INFIRMITY OR DISABLEMENT, POVERTYU OR SOCIAL AND ECONOMIC CIRCUMSTANCES",Medium,Accommodation/housing,E01004257,51.509159,-0.018103,47.337,1.0,0.624,0.214,32.022,0.677,0.656,37.491,38.143,2290.0,547.0,176.0
1057017,THE SHADWELL GARDENS TENANTS AND RESIDENTS ASSOCIATION,"SHADWELL TRA, 129 SHADWELL GARDENS, LONDON",E1 2QL,30/04/2024,18624.0,16301.0,"Provides Services, Provides Advocacy/advice/information","General Charitable Purposes, Education/training, Amateur Sport","Children/young People, Elderly/old People, People With Disabilities, The General Public/mankind","1. To enhance the education of the community by providing language classes. 2. To provide and maintain facilities for the recreational and other leisure activities for the residents of this neighbourhood. 3. To provide cultural & prayer facilities for the residents. 4. To liaise with local Govt for housing, education & other purposes.","(1) TO ADVANCE THE EDUCATION OF THE PUBLIC BY THE PROVISION OF LANGUAGE CLASSES (20 TO PROVIDE AND MAINTAIN SUCH COMMUNITY MEETING PLACES IN ORDER TO PROVIDE FACILITIES FOR THE RECREATION AND OTHER LEISURE-TIME OCCUPATION OF THE RESIDENTS OF SHADWELL GARDENS AND THE NEIGHBOURHOOD WITH THE OBJECT OF IMPROVING THE CONDITIONS OF LIFE FOR ALL THOSE PERSONS WHO ARE IN NEED OF SUCH FACILITIES BY REASON OF THEIR YOUTH, AGE, INFIRMITY, OR DISABLEMENT, POVERTY OR SOCIAL ECONOMIC CIRCUMSTANCES",Small,Amateur Sport,E01004302,51.511226,-0.055584,45.534,1.0,0.557,0.192,25.12,0.869,0.777,46.296,37.741,1712.0,458.0,89.0
1057627,SHAHPORAN MASJID AND ISLAMIC CENTRE TRUST,"Mosque, 444 Hackney Road, LONDON",E2 6QL,31/03/2025,297028.0,199928.0,Provides Buildings/facilities/open Space,"Education/training, Religious Activities","Children/young People, People Of A Particular Ethnic Or Racial Origin",The trust is established to advacnce Islamic religion and education,"TO ADVANCE THE ISLAMIC RELIGION AND TO ADVANCE THE EDUCATION OF THE PUBLIC IN ALL ASPECTS OF ISLAM (FOR FURTHER DETAILS, SEE CLAUSE 3 OF MEMORANDUM)",Medium,Religious Activities,E01004200,51.531851,-0.060227,22.522,4.0,0.255,0.094,4.046,0.585,0.373,28.353,45.454,1524.0,173.0,74.0
1057717,THE ISLAND SPORTS TRUST,"99 Thomas More Street, LONDON",E1W 1YD,31/03/2025,2383.0,233922.0,Provides Services,"Education/training, Amateur Sport, Recreation","Children/young People, People With Disabilities, The General Public/mankind",Public benefit within the Isle of Dogs and adjoining by providing facilities for public recreation or other leisure time occupation,THE COMPANY IS ESTABLISHED FOR THE PUBLIC BENEFIT WITHIN THE ISLE OF DOGS IN THE LONDON BOROUGH OF TOWER HAMLETS AND THE ADJACENT NEIGHBOURHOODS WITH THE OBJECT OF PROVIDING FACILITES FOR PUBLIC RECREATION OR OTHE RLEISURE TIME OCCUPATION IN THE INTERESTS OF SOCIAL WELFARE WITH THE OBJECT OF IMPROVING THE CONDITIONS OF LIFE OF THOSE WHO RESIDE AND WORK IN THE SAID AREA PROVIDED THAT IN FURTHERANCE OF ALL OR ANY OF THE ABOVE OBJECTS THE COMPANY SHALL HAVE THE POWER TO PROMOTE PROVIDE OR ASSIST ACTIVITIES OUTSIDE THE AREA REFERRED TO ABOVE WHERE IT IS OF THE OPINION THAT TO DO SO WILL BENEFIT THE INHABITANTS OF THE SAID AREA.,Micro,Recreation,E01004293,51.506061,-0.067376,7.925,9.0,0.119,0.058,1.083,-0.897,-0.237,14.507,32.102,2017.0,183.0,332.0
1057869,ISLAND BWO,"Flat 3, Thorne House, Launch Street, LONDON",E14 3LU,31/12/2024,15720.0,19391.0,"Provides Buildings/facilities/open Space, Provides Services, Provides Advocacy/advice/information, Other Charitable Activities","General Charitable Purposes, Education/training, Religious Activities, Arts/culture/heritage/science, Amateur Sport, Economic/community Development/employment, Other Charitable Purposes","Children/young People, Elderly/old People, People With Disabilities, People Of A Particular Ethnic Or Racial Origin, Other Charities Or Voluntary Bodies, The General Public/mankind","Youth Development 
Children Supplementary Classes 
Adult Education  
Summer Programme
Advice and Advocacy 
Prayer Centre 
Health and Fitness  
Cultural Activities 
Interfaith Activities and Dialogue
Football
Drugs Awareness 
Women's Project 
Councillor Surgery 
Housing surgery
Consultation","TO PROMOTE FOR THE BENEFIT OF THE INHABITANTS OF THE AREA OF BENEFIT IN PARTICULAR THE BANGLADESHI COMMUNITY RESIDING IN THE ISLE OF DOGS NEIGHBOURHOOD BY ASSOCIATING TOGETHER THE INHABITANTS AND THE LOCAL AUTHORITIES, VOLUNTARY AND OTHER ORGANISATIONS TO ADVANCE EDUCATION AND THE PROVISION OF FACILITIES IN THE INTERESTS OF SOCIAL WELFARE FOR RECREATION AND LEISURE-TIME OCCUPATION WITH THE OBJECT OF IMPROVING THE CONDITIONS OF LIFE OF LOCAL RESIDENTS.",Small,Other Charitable Purposes,E01035705,51.49644,-0.012575,35.695,2.0,0.483,0.191,18.807,0.454,0.257,42.368,22.511,1428.0,280.0,180.0
1059773,TOWER HAMLETS PARENTS CENTRE,"Tower Hamlets Parents Centre, 1 Links Yard, London",E1 5LX,31/03/2025,138321.0,126574.0,"Provides Services, Provides Advocacy/advice/information, Sponsors Or Undertakes Research","Education/training, Economic/community Development/employment","Children/young People, People Of A Particular Ethnic Or Racial Origin, The General Public/mankind","ESOL, Literacy and Numeracy Classes,Representing children in admission appeals, disciplinary and exclusion hearings,Parenting Skills Courses, Saturday and Sunday Homework Clubs,Educational Advice and Information,Summer Holiday Programme,Annual Parents+ö+ç+û Conference,Educational Workshops",(A) THE PROVISION OF ADVICE AND INFORMATION WHICH HELPS PARENTS LIVING IN THE LONDON BOROUGH OF TOWER HAMLETS UNDERSTAND THE EDUCATIONAL NEEDS OF THEIR CHILDREN AND THEREBY ADVANCE THEIR EDUCATION  (B) TO ADVANCE THE EDUCATION OF THE PUBLIC BY THE PROVISION OF TRAINING IN PARENTING SKILLS,Medium,Economic/community Development/employment,E01004306,51.519439,-0.069894,36.117,2.0,0.387,0.19,15.221,0.546,0.73,38.717,48.653,1926.0,302.0,204.0
1060395,SSBA COMMUNITY TRUST,"The Business Development Centre, 7-15 Greatorex Street, LONDON",E1 5NF,31/03/2025,154180.0,105201.0,"Provides Services, Provides Advocacy/advice/information, Other Charitable Activities","Education/training, Economic/community Development/employment","People With Disabilities, People Of A Particular Ethnic Or Racial Origin, Other Defined Groups","THE TRUST PROVIDES DEVELOPMENT SUPPORT AND HELP TO SMALL COMMUNITY PROJECTS AND CHARITABLE STATUS THROUGH TWO SPECIFIC TRAINING & ENTERPRISE PROJECTS DEVELOPED BY THE SSBA; POETRY IN WOOD A PROJECT TEACHING WOODWORKING & OTHER SKILLS TO PEOPLE WITH LEARNING DIFFICULTIES & HEBA, A PROJECT TEACHING DISADVANTAGED WOMEN ESOL, SEWING, IT & OTHER LIFE SKILLS.","(A) THE ADVANCEMENT OF THE EDUCATION OF THE PUBLIC; AND (B) THE RELIEF OF FINANCIAL NEED, AND IN PARTICULAR BUT NOT SO AS TO LIMIT THE GENERALITY OF THE FOREGOING (1) THE PROVISION OF EDUCATIONAL, TRAINING AND REHABILITATION FACILITIES FOR PERSONS LIVING OR WORKING IN EAST LONDON AND PARTICULARLY IN THE SPITAFIELDS AREA INCLUDING THOSE WHO ARE MENTALLY OR PHYSICALLY HANDICAPPED OR HAVE LEARNING DIFFICULTIES OF ANY KIND OR THROUGH THEIR SOCIAL OR ECONOMIC CIRCUMSTANCES ARE IN NEED AND ARE UNABLE TO OBTAIN EMPLOYMENT;AND (11) THE EDUCATION AND TRAINING OF WOMEN INCLUDING THOSE IN ETHNIC MINORITY GROUPS IN LANGUAGE AND OTHER SKILLS.",Medium,Economic/community Development/employment,E01004309,51.517871,-0.06702,47.715,1.0,0.571,0.221,16.099,1.316,1.233,35.237,37.877,2882.0,461.0,248.0
1067950,BENGALI WELFARE AND CULTURAL SOCIETY (REDBRIDGE),"Flat 68, Sleaford House, Fern Street, London",E3 3PZ,31/07/2024,150.0,75.0,"Provides Human Resources, Provides Buildings/facilities/open Space, Provides Services, Provides Advocacy/advice/information","General Charitable Purposes, Education/training, Overseas Aid/famine Relief, Arts/culture/heritage/science, Amateur Sport, Economic/community Development/employment","Children/young People, Elderly/old People, People Of A Particular Ethnic Or Racial Origin, The General Public/mankind","CHARITY OPERATES LONDON AREA,MAINLY REDBRIDGE AREA","THE OBJECT FOR THE SOCIETY IS ESTABLISHED ARE PRINCIPALLY , BUT EXCLUSIVELY FOR THE BENEFIT OF ANY BENGALI WHEREVER IN THE WORLD HE OR SHE MAY BE RESIDING WITH PARTICULAR REFERENCES TO THE BENGALIS LIVING AND WORKING WITHIN AND AROUND THE LONDON BOROUGH OF REDBRIDGE, AND OTHER ADJOINING LONDON BOROUGHS FOR THE PURPOSE OF CARRYING OUT SUCH OF THE FOLLOWING PURPOSES AS ARE CHARITABLE :[1] THE RELIEF OF POVERTY, ISOLATION AND DISTRESS.[2] THE ADVANCEMENT OF EDUCATION OF AND PROVISION OF FINANCIAL ASSASSINATE FOR THEIR EDUCATION AND OF THEIR DEPENDANTS.[3] THE RELIEF OF SICKNESS AND THE PROTECTION OF HEALTH.[4] THE PROVISION OF FACILITIES FOR RECREATION AND OTHER LEISURE OCCUPATION IN THE INTERESTS OF SOCIAL WELFARE WITHIN THE MEANING OF THE RECREATIONAL CHARITIES ACT 1958 AND AS LIMITED IN THAT ACT,[5] HELP THE ELDERLY AND DISADVANTAGED THROUGH PROVISIONS OF AVAILABLE COMMUNITY BASED FACILITIES ; E G CARE SERVICES , NURSING FACILITIES, LUNCHEON / RECREATION AND LEISURE  CLUBS, DAY TRIPS AND OUTGOING , ADVICE ON COMMUNITY HEALTH CARE SERVICE INCLUDING DAY CENTRES GEARED TO THE SPECIAL AND SPECIFIC NEEDS OF THE COMMUNITIES, SHELTERED ACCOMMODATION WITH SPECIFIC CULTURE SENSITIVE NEEDS . PLACES OF WORSHIP , NURSING HOMES .HOSPITALS, PENSIONS AND BENEFITS AND ALL OTHER MATTERS THAT MAY IMPROVE THE QUALITY OF LIFE.[5] HELP THE YOUTH BY PROVIDING ADVICE , INFORMATION AND RESOURCES ON EDUCATION, HEALTH, RECREATION AND OTHER FACILITIES.",Micro,Overseas Aid/famine Relief,E01004241,51.520675,-0.021019,48.793,1.0,0.643,0.247,26.885,0.97,0.31,41.645,22.892,1750.0,431.0,211.0
1069987,ASIAN MUSLIM CULTURAL ASSOCIATION,"145 SHADWELL PLACE, LONDON",E1 2QB,31/03/2024,102142.0,46880.0,"Provides Human Resources, Provides Buildings/facilities/open Space, Provides Services, Provides Advocacy/advice/information","General Charitable Purposes, Education/training, Religious Activities, Economic/community Development/employment, Human Rights/religious Or Racial Harmony/equality Or Diversity, Other Charitable Purposes","Children/young People, Elderly/old People, People Of A Particular Ethnic Or Racial Origin, The General Public/mankind",To provide educational & cultural facilities to the young and adult Muslims of Shadwell and its surroundings. The charity also provide social welfare and worship facilities to the local public.,"(A) TO ADVANCE THE MUSLIM RELIGION. (B) TO ADVANCE THE EDUCATION OF THE PUBLIC IN THE MANY FACETS OF THE ASIAN MUSLIM CULTURE. (C) THE PROVISION OF FACILITIES FOR THE RECREATION AND OTHER LEISURE TIME OCCUPATION WITH THE OBJECT OF IMPROVING THE CONDITION OF LIFE FOR THOSE PERSONS WHO ARE IN NEED OF SUCH FACILITIES BY REASON OF THEIR YOUTH, AGE, INFIRMITY OR DISABLEMENT, POVERTY OR SOCIAL OR ECONOMIC CIRCUMSTANCES. (D) THE RELIEF OF POVERTY BY THE PROVISION OF ADVICE AND INFORMATION CONCERNING HEALTH, HOUSING, RACE RELATIONS, WELFARE RIGHTS, AND OTHER SUCH MATTERS.",Medium,Human Rights/religious Or Racial Harmony/equality Or Diversity,E01004302,51.511756,-0.055057,45.534,1.0,0.557,0.192,25.12,0.869,0.777,46.296,37.741,1712.0,458.0,89.0
1071838,DOCKLANDS OUTREACH COMPANY LIMITED,"DOCKLANDS OUTREACH, ST MATTHIAS CHURCH, 113 POPLAR HIGH STREET, LONDON",E14 0AE,31/03/2025,606626.0,424411.0,"Provides Services, Provides Advocacy/advice/information, Sponsors Or Undertakes Research","Education/training, The Advancement Of Health Or Saving Of Lives, The Prevention Or Relief Of Poverty, Accommodation/housing, Economic/community Development/employment","Children/young People, People Of A Particular Ethnic Or Racial Origin, Other Defined Groups","Docklands Outreach is a health and preventative social inclusion agency providing comprehensive services to young people, children and families. We work with those who are affected by  social, mental or physical issues that can lead to risk of harm by providing therapeutic and practical support.","TO ADVANCE EDUCATION AND PRESERVE AND PROTECT THE HEALTH OF PERSONS IN EAST LONDON AND SURROUNDING AREAS BY THE FREE PROVISION OF ADVICE, CARE, COUNSELLING, DELIVERY OF INFORMATION, MEDICAL ASSISTANCE, SERVICES, TRAINING, EDUCATIONAL, PREVENTATIVE AND HARM MINIMISATION PROGRAMMES IN THE FIELDS OF DRUGS AND DRUG MIS-USE, SEXUAL HEALTH (INCLUDING HUMAN IMMUNODEFICIENCY VIRUS (HIV) AND ACQUIRED IMMUNE DEFICIENCY SYNDROME (AIDS) AND OTHER RELATED SOCIAL, MENTAL OR PHYSICAL ISSUES.",Medium,Accommodation/housing,E01004257,51.508996,-0.015357,47.337,1.0,0.624,0.214,32.022,0.677,0.656,37.491,38.143,2290.0,547.0,176.0
1072381,VERNON PRE-SCHOOL PLAYGROUP,"St. Stephens Estate Based Office, 29 Vernon Road, LONDON",E3 5HQ,31/03/2025,215480.0,202860.0,Provides Services,Education/training,Children/young People,We are an ofsted registered playgroup. Providing learning through play for children aged 2 years to 5 years old.,TO ADVANCE THE EDUCATION OF CHILDREN BELOW COMPULSORY SCHOOL AGE IN TOWER HAMLETS.,Medium,Education/training,E01004226,51.53138,-0.028744,31.751,3.0,0.439,0.162,19.922,0.665,0.788,24.584,26.975,2456.0,520.0,181.0
1075206,BIJOY YOUTH GROUP,"191 Roman Road, LONDON, Bethnal Green",E2 0QY,31/03/2025,37816.0,35873.0,"Provides Services, Provides Advocacy/advice/information","General Charitable Purposes, Education/training, The Advancement Of Health Or Saving Of Lives, Religious Activities, Arts/culture/heritage/science, Amateur Sport, Economic/community Development/employment","Children/young People, Elderly/old People, People With Disabilities, Other Charities Or Voluntary Bodies","supplementary education classess;  occassional community cohesion sessions for local tenants, residents and  users; capacity building training programme for members & volunteers; elderly sessions for local elderly & pensioners; summer & easter paly schemes for local young people, advice and information sessions; counselling sessions for elderly and young alike, job clubs fro local unemployed peopl","3.1 TO PROMOTE THE BENEFIT OF BANGLADESHI PEOPLE RESIDENT IN THE LONDON BOROUGHS OF HACKNEY, NEWHAM AND TOWER HAMLETS BY ASSOCIATING TOGETHER THE INHABITANTS AND THE LOCAL AUTHORITIES, VOLUNTARY AND OTHER ORGANISATIONS TO ADVANCE EDUCATION, AND TO PROVIDE FACILITIES IN THE INTERESTS OF SOCIAL WELFARE FOR RECREATION AND LEISURE TIME OCCUPATION WITH THE OBJECT OF IMPROVING THE CONDITIONS OF LIFE FOR THE INHABITANTS OF THE AREA OF BENEFIT.
3.2 TO ORGANISE CULTURAL, RECREATIONAL AND FAITH BASED RELIGIOUS ACTIVITIES FOR OLD AND YOUNG ALIKE IN THE SAID AREA IN ORDER TO ENHANCE THEIR UNDERSTANDING ON ISSUES SUCH AS COMMUNITY COHESION, RACE RELATION AND MULTI FAITH AND MULTI CULTURAL VISION.",Small,Amateur Sport,E01032786,51.529503,-0.046126,35.5,2.0,0.496,0.179,18.249,0.317,0.578,36.31,31.706,1678.0,425.0,165.0
1075401,BOW MUSLIM COMMUNITY CENTRE,"515B - 517 ROMAN ROAD, BOW, LONDON",E3 5EL,31/03/2025,183185.0,55689.0,"Provides Buildings/facilities/open Space, Provides Services, Other Charitable Activities","Education/training, Religious Activities","Children/young People, Elderly/old People, People Of A Particular Ethnic Or Racial Origin","Providing help and assistance, mainly educational and religious, to the local Muslim community to overcome their disadvantages and improve their condition of life","ESTABLISHED FOR THE BENEFITS OF PERSONS IN THE BOW NEIGHBORHOOD OF THE LONDON BOROUGH OF TOWER HAMLETS AND IN PARTICULAR THE MUSLIM COMMUNITY , TO ADVANCE THE MUSLIM RELIGION , ADVANCE EDUCATION , RELIEVE POVERTY , AND PROVIDE OR ASSIST IN THE PROVISION OF FACILITIES FOR RECREATION OR LEISURE-TIME  OCCUPATION WITH THE OBJECT OF IMPROVING THE CONDITIONS OF LIFE OF THE ABOVE-MENTIONED PERSONS.",Medium,Religious Activities,E01004222,51.533125,-0.029865,37.465,2.0,0.47,0.233,27.436,0.66,0.735,24.529,27.031,2789.0,508.0,462.0
1075458,BURDETT ESTATE PLAYGROUP,"1-2 BUTLER HOUSE, BURDETT ROAD, LONDON",E14 7AB,31/03/2025,152652.0,108427.0,"Provides Human Resources, Provides Buildings/facilities/open Space, Provides Services",Education/training,"Children/young People, People With Disabilities","To advance the education of children below compulsory school age in Tower Hamlets, providing safe and satisfying group play, in which parents have the right to take part.
Encouraging other charitable activities through which parents may help the children.","TO ADVANCE THE EDUCATION OF CHILDREN BELOW COMPULSORY SCHOOL AGE IN TOWER HAMLETSA) PROVIDING SAFE AND SATISFYING GROUP PLAY, IN WHICH PARENTS HAVE THE RIGHT TO TAKE PART:B) ENCOURAGING OTHER CHARITABLE ACTIVITIES THROUGH WHICH PARENTS MAY HELP THE CHILDREN.",Medium,Education/training,E01035676,51.515482,-0.028292,40.375,2.0,0.524,0.215,24.107,0.425,0.414,40.473,33.671,1604.0,383.0,209.0
1075594,ST PETER'S BENGALI ASSOCIATION,"MINERVA HOUSING CENTRE, 10 MINERVA STREET, LONDON",E2 9EH,31/03/2025,26719.0,15762.0,"Provides Human Resources, Provides Services, Provides Advocacy/advice/information","Education/training, The Advancement Of Health Or Saving Of Lives, The Prevention Or Relief Of Poverty, Accommodation/housing, Economic/community Development/employment","Children/young People, Elderly/old People, People Of A Particular Ethnic Or Racial Origin, The General Public/mankind","Supplementary Education and Study Support Class for ChildrenMother Tongue Language ClassesWelfare Advice and Information ServiceYoung Engagement Programme","THE CHARITY IS ESTABLISHED TO ADVANCE THE EDUCATION, INCLUDING THE PHYSICAL DEVELOPMENT, OF CHILDREN (IN PARTICULAR OF BENGALI ORIGIN) IN THE LONDON BOROUGH OF TOWER HAMLETS AND HACKNEY.",Small,Accommodation/housing,E01004199,51.531636,-0.059761,44.165,2.0,0.541,0.222,27.729,0.812,0.805,37.962,34.365,1775.0,361.0,204.0
1075745,MULBERRY SCHOOL (TOWER HAMLETS) TRUST,"Mulberry School for Girls, Mulberry School, Richard Street, LONDON",E1 2JP,25/03/2025,823.0,123712.0,"Provides Other Finance, Provides Services","Education/training, Arts/culture/heritage/science","Children/young People, Other Defined Groups",Education related,"FOR THE ADVANCEMENT OF EDUCATION AND IN PARTICULAR THE ADVANCEMENT OF EDUCATION OF PUPILS ATTENDING MULBERRY SCHOOL FOR GIRLS BY BY IMPLEMENTING AND ENHANCING THE EDUCATIONAL PROVISION OF THE SCHOOL THEREBY ASSISTING THE DELIVERY OF THE CURRICULUM AT THE SCHOOL PARTICULARLY IN SUBJECTS SUCH AS SPORTS AND THE ARTS THROUGH PROVIDING AND ASSISTING IN THE PROVISION OF ITEMS, FACILITIES AND EQUIPMENT AT THE SCHOOL AND THROUGH SUCH OTHER WAYS AS THE TRUSTEES MAY FROM TIME TO TIME DETERMINE PROVIDED THAT IN SO DOING THE TRUSTEES SHALL NOT RELIEVE THE LOCAL EDUCATION AUTHORITY OR ANY OTHER STATUTORY BODY OF ITS STATUTORY OBLIGATIONS.",Micro,Arts/culture/heritage/science,E01004304,51.514507,-0.060432,44.952,1.0,0.564,0.216,30.482,0.259,0.476,47.292,38.353,2224.0,455.0,276.0
1076857,ISLAND ADVICE CENTRE,"ISLAND HOUSE, ROSERTON STREET, LONDON",E14 3PG,31/03/2025,467465.0,482423.0,Provides Advocacy/advice/information,"Education/training, The Prevention Or Relief Of Poverty","Elderly/old People, People With Disabilities, People Of A Particular Ethnic Or Racial Origin, Other Charities Or Voluntary Bodies, The General Public/mankind","IAC is an independent advice service that provides support and guidance on statutory rights and entitlement to local residents. Areas of advice include; welfare rights, housing, debt. Advice is given from basic level up to specialist casework. In addition the organisation provides training and volunteering opportunities to individuals interested in developing advice skills.",TO RELIEVE POVERTY IN THE AREA  KNOWN AS THE ISLE OF DOGS AND NEARBY AREAS BY THE ADVANCEMENT OF EDUCATION OF THE GENERAL PUBLIC IN THE FIELD OF WELFARE AND INDIVIDUAL RIGHTS.,Medium,The Prevention Or Relief Of Poverty,E01004221,51.498483,-0.010022,29.445,3.0,0.362,0.126,14.169,0.6,0.381,42.984,28.503,1943.0,363.0,199.0
1077423,MAZAHIRUL ULOOM LONDON,"241-243 Mile End Road, London",E1 4AA,31/08/2024,507313.0,439159.0,"Provides Human Resources, Provides Buildings/facilities/open Space, Provides Services, Provides Advocacy/advice/information, Other Charitable Activities","Education/training, Religious Activities, Arts/culture/heritage/science, Amateur Sport, Economic/community Development/employment, Human Rights/religious Or Racial Harmony/equality Or Diversity","Children/young People, Elderly/old People, The General Public/mankind","The charity provides facilities for 5 times prayer daily and open for 365 days of the year. It runs educational seminars for adults and youths. The charity also runs evening madrasa for basic Quran teaching in addition to basic Islamic ethics.The charity runs a full time school on Natioanl Carriculum from year 7 to year 11.",FOR THE ADVANCEMENT OF EDUCATION AND RELIGION IN ACCORDANCE WITH THE TENETS AND DOCTRINES OF THE QUR'AN AND HIDATH.,Medium,Human Rights/religious Or Racial Harmony/equality Or Diversity,E01035670,51.522215,-0.045299,25.999,4.0,0.284,0.091,27.166,-0.035,0.741,36.527,38.044,4759.0,527.0,299.0
1079150,SPEAKER OF TOWER HAMLETS COMMITTEE FOR LOCAL CHARITIES,"LONDON BOROUGH OF TOWER HAMLETS, Town Hall, 160 Whitechapel Road, LONDON",E1 1BJ,30/09/2023,33514.0,32513.0,Makes Grants To Organisations,General Charitable Purposes,"Children/young People, Elderly/old People, People With Disabilities, Other Charities Or Voluntary Bodies",Fund raising activities including Speaker's Charity evening and appeals by the Speaker to local businesses.,TO OR FOR THE BENEFIT OF SUCH CHARITABLE PURPOSE OR PURPOSES OR SUCH CHARITABLE INSTITUTION IN PARTICULAR FOR THE BENEFIT OF THE INHABITANTS OF THE LONDON BOROUGH OF TOWER HAMLETS AS THE TRUSTEES SHALL DECIDE,Small,General Charitable Purposes,E01004322,51.51932,-0.057301,45.199,1.0,0.666,0.146,17.107,1.203,0.385,33.642,45.013,1532.0,255.0,86.0
1079423,STEPNEY SHAHJALAL MOSQUE & CULTURAL CENTRE,"81-83 DUCKETT STREET, LONDON",E1 4TD,31/03/2025,573318.0,207526.0,"Provides Buildings/facilities/open Space, Provides Services, Provides Advocacy/advice/information, Other Charitable Activities","Education/training, Religious Activities, Other Charitable Purposes","Children/young People, Elderly/old People, People With Disabilities, People Of A Particular Ethnic Or Racial Origin, The General Public/mankind","To advance religious education among children and adults and to provide facilities for prayer, recreation and leisure activities.","TO ADVANCE THE ISLAMIC RELIGION AMONGST THE RESIDENTS LIVING IN AND PERSONS VISITING THE GEOGRAPHICAL AREA OF OLD ST DUNSTANS WARD IN THE LONDON BOROUGH OF TOWER HAMLETS.
TO ADVANCE THE EDUCATION OF THE PUBLIC IN PARTICULAR CHILDREN IN ACCORDANCE WITH THE TEACHINGS OF ISLAM IN THE AREA OF BENEFIT.
THE PROVISION OF FACILITIES FOR THE RECREATION OR OTHER LEISURE TIME OCCUPATION WITH THE OBJECT OF IMPROVING THE CONDITIONS OF LIFE 0F THOSE PERSONS LIVING IN THE AREA OF BENEFIT AND WHO HAVE NEED OF SUCH FACILITIES BY REASON OF THEIR YOUTH, AGE, INFIRMITY OR DISABLEMENT POVERTY OR SOCIAL AND ECONOMIC CIRCUMSTANCES.
TO PROMOTE GOOD RACE AND COMMUNITY RELATIONS WITH OTHER ETHNIC COMMUNITIES IN THE AREA OF BENEFIT..",Medium,Other Charitable Purposes,E01035681,51.518423,-0.041195,42.033,2.0,0.554,0.244,25.115,0.7,0.336,34.732,26.173,2070.0,449.0,245.0
1079457,EVANGELICAL CHURCH WINNING ALL (ECWA),"Raines Foundation School, Approach Road, LONDON",E2 9LY,31/12/2024,36754.0,32460.0,Other Charitable Activities,"General Charitable Purposes, Education/training, The Prevention Or Relief Of Poverty, Overseas Aid/famine Relief, Religious Activities, Human Rights/religious Or Racial Harmony/equality Or Diversity","Children/young People, Elderly/old People, The General Public/mankind",Evangelical Christian Worship Assembly as a charity aims to advance the Christian faith in London and other parts of United Kingdom. We are also committed to relieving persons who are in conditions of need or hardship in United Kingdom and other parts of the world as the trustees may think fit.,(A) TO ADVANCE THE CHRISTIAN FAITH IN ACCORDANCE WITH THE STATEMENT OF BELIEFS APPEARING IN THE SCHEDULE HERETO IN LONDON AND IN SUCH OTHER PARTS  OF THE UNITED KINGDOM OR THE WORLD AS THE TRUSTEES MAY FROM TIME TO TIME THINK FIT (B) TO RELIEVE PERSONS WHO ARE IN CONDITIONS OF NEED OR HARDSHIP OR WHO ARE AGED OR SICK AND TO RELIEVE THE DISTRESS CAUSED THEREBY IN LONDON AND IN SUCH OTHER PART OF THE UNITED KINGDOM OR THE WORLD AS THE TRUSTEES MAY FROM TIME TO TIME THINK FIT (C) TO PROMOTE AND FULFIL SUCH OTHER CHARITABLE PURPOSES BENEFICIAL TO THE COMMUNITY IN LONDON AND IN SUCH OTHER PARTS OF THE UNITED KINGDOM OR THE WORLD AS THE TRUSTEES MAY FROM TIME TO TIME THINK FIT,Small,Overseas Aid/famine Relief,E01035661,51.53127,-0.05176,41.343,2.0,0.499,0.145,24.39,1.328,0.846,40.487,33.848,1647.0,332.0,88.0
1080256,COMMUNITY OF REFUGEES FROM VIETNAM - EAST LONDON,"Old Poplar Library - Unit 17, 45 Gillender Street, LONDON",E14 6RN,31/03/2025,193999.0,165772.0,"Provides Human Resources, Provides Buildings/facilities/open Space, Provides Services","General Charitable Purposes, Education/training, The Prevention Or Relief Of Poverty, Economic/community Development/employment","Children/young People, Elderly/old People, People With Disabilities, People Of A Particular Ethnic Or Racial Origin","CRV - East London provides following services: 
Vietnamese Elderly Support Services includes Drop in centre, advisory and information on welfare, housing, health, education, training, counselling and home visits. Luncheon club. Social cultural events and outing trips. 
Home care services.","TO PROMOTE THE RELIEF OF PEOPLE IN THE VIETNAMESE COMMUNITY IN EAST LONDON WHO ARE IN NEED, HARDSHIP OR DISTRESS; TO PROVIDE SERVICES THAT WILL IMPROVE THE QUALITY OF LIFE OF THE VIETNAMESE COMMUNITY IN EAST LONDON; TO ASSIST THE COMMUNITY TO INTEGRATE INTO THE LOCAL COMMUNITY AND TO CONTRIBUTE TO THE COMMON GOOD; TO ADVANCE LEARNING IN THE COMMUNITY AND TO INTERACT WITH COMMUNITIES IN THE UK WITH A VIEW TO PROMOTE AND PRESERVE TRADITIONAL VIETNAMESE CULTURE.",Medium,Economic/community Development/employment,E01004249,51.518889,-0.009579,45.539,1.0,0.584,0.242,31.901,0.313,0.638,40.54,32.262,2421.0,589.0,265.0
1081515,YOUNG NEWS,"YOUNG NEWS, MONTEFIORE CENTRE, (BETHNAL GREEN TRAINING CENTRE), HANBURY STREET, LONDON",E1 5HZ,31/03/2025,14850.0,9134.0,Provides Services,"General Charitable Purposes, Education/training, Arts/culture/heritage/science, Recreation","Children/young People, People Of A Particular Ethnic Or Racial Origin, The General Public/mankind","Mainly provide training on creative writing and publication for young children and for all ages based on community needs including women and ethnic group.Organise services which benefit families involving children and parents.Motivate on healthier life style in education, safety issues and physical health. Organise cultural show, film show, tour to famous places.",TO ADVANCE THE EDUCATION OF CHILDREN (REGARDLESS OF RACE) IN WRITING AND JOURNALISM SKILLS.,Small,Recreation,E01004308,51.519883,-0.066834,35.155,2.0,0.423,0.179,15.813,0.792,0.555,38.983,34.117,1462.0,257.0,189.0
1081760,TRINITY BUOY WHARF TRUST,"TRINITY BUOY WHARF TRUST, 64 ORCHARD PLACE, LONDON",E14 0JW,31/12/2024,371892.0,374569.0,Makes Grants To Organisations,Arts/culture/heritage/science,"Other Defined Groups, The General Public/mankind",The Company's objects are for the benfit of any charitable purpose which promotes the arts and the education of the public in the arts in the London Borough of Tower Hamlets and surrounding Boroughs as the Trustees may from time to time determine.,THE COMPANY'S OBJECTS ARE FOR THE BENEFIT OF ANY CHARITABLE PURPOSE WHICH PROMOTES THE ARTS AND THE EDUCATION OF THE PUBLIC IN THE ARTS IN THE LONDON BOROUGH OF TOWER HAMLETS AND SURROUNDING BOROUGHS AS THE TRUSTEES MAY FROM TIME TO TIME DETERMINE,Medium,Arts/culture/heritage/science,E01035702,51.50865,0.007613,30.439,3.0,0.532,0.119,13.482,0.048,0.651,21.89,37.708,1847.0,346.0,31.0
1082043,SPITALFIELDS ARTS - FACILITIES AND EDUCATION,"Safe Studio, 12-14 Greatorex Street, London",E1 5NF,30/09/2024,76385.0,79391.0,Provides Buildings/facilities/open Space,"Education/training, Arts/culture/heritage/science",The General Public/mankind,Provision of affordable Artists studio space,"1. T0 ADVANCE THE EDUCATION OF THE PUBLIC, IN PARTICULAR CHILDREN AND YOUNG PEOPLE, IN THE ARTS; 2. IN THE INTERESTS OF SOCIAL WELFARE TO PROVIDE OR ASSIST IN THE PROVISION OF FACILITIES FOR RECREATION AND OTHER LEISURE TIME OCCUPATIONS, WITH THE OBJECT OF IMPROVING THE CONDITIONS OF LIFE OF THE PERSONS FOR WHOM SUCH FACILITIES ARE PRIMARILY INTENDED, I.E. PERSONS WHO HAVE NEED OF SUCH FACILITIES BY REASON OF THEIR YOUTH, AGE, INFIRMITY OR DISABILITY, PROPERTY OR SOCIAL OR ECONOMIC CIRCUMSTANCES, PROVIDE THAT NEVERTHELESS SUCH FACILITIES SHALL BE AVAILABLE TO MEMBERS OF THE PUBLIC AT LARGE; 3. THE RELIEF OF POVERTY AMONGST ARTISTS BY THE PROVISION OF SUBSIDISED STUDIO SPACE.",Small,Arts/culture/heritage/science,E01004309,51.517871,-0.06702,47.715,1.0,0.571,0.221,16.099,1.316,1.233,35.237,37.877,2882.0,461.0,248.0
1083656,STEPHEN HAWKING SCHOOL TRUST,"STEPHEN HAWKING SCHOOL, 2 BRUNTON PLACE, LONDON",E14 7LL,31/03/2025,5586.0,70251.0,Provides Services,"Education/training, Disability, The Prevention Or Relief Of Poverty, Amateur Sport","Children/young People, People With Disabilities","The Trust supports children with severe, profound and/or multiple learning difficulties and/or complex medical needs from birth to eleven. It provides funding to support facilities for the daily care, recreation and education of children outside of normal school hours and during school holidays.","A) TO PROVIDE THE NECESSARY FACILITIES FOR THE DAILY CARE, RECREATION AND EDUCATION OF CHILDREN DURING OUT OF SCHOOL HOURS AND SCHOOL HOLIDAYS. B) TO ADVANCE THE EDUCATION AND TRAINING OF THE PERSONS IN THE PROVISION OF SUCH CARE, EDUCATION AND RECREATIONAL FACILITIES.",Micro,Disability,E01004286,51.513185,-0.037716,38.909,2.0,0.432,0.223,19.673,0.458,0.953,37.938,39.925,2565.0,491.0,320.0
1084524,"REDEEMED CHRISTIAN CHURCH OF GOD (""RCCG"") BETHEL PARISH","UNIT 26, SKYLINES BUSINESS VILLAGE, LIME HARBOUR, LONDON",E14 9TS,31/12/2024,64415.0,50925.0,"Makes Grants To Individuals, Makes Grants To Organisations, Provides Services, Provides Advocacy/advice/information","General Charitable Purposes, Education/training, The Prevention Or Relief Of Poverty, Overseas Aid/famine Relief, Religious Activities","Children/young People, Elderly/old People, People With Disabilities, Other Charities Or Voluntary Bodies, The General Public/mankind","Advancement of Christian Faith worldwide and relief of poverty",1. THE ADVANCEMENT OF THE CHRISTIAN FAITH WORLDWIDE IN IN ACCORDANCE WITH THE DOCTRINES SET OUT IN THE STATEMENT OF FAITH CONTAINED IN THE SCHEDULE 2. THE RELIEF OF POVERTY.,Small,Overseas Aid/famine Relief,E01004221,51.499196,-0.01283,29.445,3.0,0.362,0.126,14.169,0.6,0.381,42.984,28.503,1943.0,363.0,199.0
1084930,THE CARERS CENTRE,"Carers Centre, 21 Brayford Square, London",E1 0SG,31/03/2025,877116.0,785284.0,"Provides Services, Provides Advocacy/advice/information","General Charitable Purposes, Education/training, Disability, The Prevention Or Relief Of Poverty","Elderly/old People, People With Disabilities, People Of A Particular Ethnic Or Racial Origin, Other Defined Groups","Provides practical support services, information & advice, welfare benefits service to carers of people with disabilities or long term conditions in LB Tower Hamlets.Carers Independent Advocate service from 1/5/2015","The charity’s objects (‘Objects’) are specifically restricted to: 
(1) advancing education concerning caring amongst carers and the public; and 
(2) alleviating mental and physical distress attributable to caring amongst carers through the provision of practical help, organisation, support, advocacy and information to people caring, or who have cared for, others who are dependent on them due to disability arising from age, physical or mental disability.",Medium,Disability,E01004287,51.514214,-0.050341,42.945,2.0,0.649,0.202,22.79,0.328,0.137,38.685,29.31,2338.0,493.0,425.0
1088224,LONDON SOMALI ACTION FORUM,"Bethnal Green Training Centre, Hanbury Street, LONDON",E1 5HZ,31/03/2024,17500.0,16500.0,"Provides Human Resources, Provides Services, Provides Advocacy/advice/information, Sponsors Or Undertakes Research","Education/training, The Advancement Of Health Or Saving Of Lives, The Prevention Or Relief Of Poverty, Arts/culture/heritage/science","Children/young People, Elderly/old People, People With Disabilities, People Of A Particular Ethnic Or Racial Origin","THE ORGANIZATION HAD UNDERTAKEN THE FOLLOWING PROJECTS/ ACTIVITIES; 1 -  Adult ESOL Classes. 2 - Study support and homework, 3 - Job search programme for the unemployed people. 4 - Free internet cafefor the community. 5 - One - One based advice on welfare benefits. 6 - creer advice for the youth school leavers. 7 -One - one based advice on Employment 8 - Basic Women's Training","1. THE RELIEF OF NEED, POVERTY AND DISTRESS, PARTICULARLY THROUGH THE PROVISION OF ADVICE CONCERNING BENEFITS AND COUNSELLING AND MEDICAL ADVICE FOR THE VICTIMS OF WAR  2. THE ADVANCEMENT OF EDUCATION, PARTICULARLY THROUGH THE PROVISION OF EXTRA CURRICULAR EDUCATION FOR SCHOOL CHILDREN 3. THE PRESERVATION AND PROTECTION OF PUBLIC HEALTH 4. THE RELIEF OF UNEMPLOYMENT FOR THE BENEFIT OF THE PUBLIC.",Small,The Advancement Of Health Or Saving Of Lives,E01004308,51.519883,-0.066834,35.155,2.0,0.423,0.179,15.813,0.792,0.555,38.983,34.117,1462.0,257.0,189.0
1088999,KING GEORGE'S FIELD- STEPNEY (TREDEGAR SQUARE BOW),"LONDON BOROUGH OF TOWER HAMLETS, Town Hall, 160 Whitechapel Road, LONDON",E1 1BJ,31/03/2025,10200.0,10346.0,Provides Buildings/facilities/open Space,"Amateur Sport, Environment/conservation/heritage",The General Public/mankind,The maintenance of Tredegar Square Gardens for the use and enjoyment of the public,A RECREATION AND PLAYING FIELD TO BE PRESERVED IN PERPETUITY AS A MEMORIAL TO KING GEORGE V UNDER THE PROVISIONS OF THE KING GEORGE'S FIELDS FOUNDATION.,Small,Environment/conservation/heritage,E01004322,51.51932,-0.057301,45.199,1.0,0.666,0.146,17.107,1.203,0.385,33.642,45.013,1532.0,255.0,86.0
1089321,CITY BANGLADESHI COMMUNITY AND CULTURAL CENTRE TRUST,"2A BUCKFAST STREET, LONDON",E2 6EY,31/03/2025,86873.0,32299.0,"Provides Buildings/facilities/open Space, Provides Services, Provides Advocacy/advice/information","General Charitable Purposes, Education/training, Religious Activities","Children/young People, Elderly/old People, People Of A Particular Ethnic Or Racial Origin, The General Public/mankind","The main activities include the advancement of education and training in particular Islamic education, providing counselling service to the local community, offering Bengali mother tongue classes to children and general services to improve the overall condition of life of local community.","""THE TRUST"" IS ESTABLISHED IN PARTICULAR FOR THE BENEFIT OF BENGALIS LIVING IN GREATER LONDON IN GENERAL AND BETHNAL GREEN AREA IN THE LONDON BOROUGH OF TOWER HAMLETS IN PARTICULAR (THE PRINCIPAL AREA OF BENEFIT) TO :- 1. ADVANCE THE ISLAMIC RELIGION AND EDUCATION OF THE PUBLIC IN ALL ASPECTS OF ISLAM. 11. ADVANCE EDUCATION IN PARTICULAR BY THE PROVISION OF SUPPLEMENTARY AND BENGALI MOTHER CLASSES IN THE PRINCIPAL AREA OF BENEFIT. 111. RELIEVE DISABLED AND ELDERLY PERSONS WHO ARE IN NEED BY THE PROVISION OF A DAY CENTRE AND ADVICE AND INFORMATION IN THE PRINCIPAL AREA OF BENEFIT; AND 1V. PROVIDE OR ASSIST IN THE PROVISION OF FACILITIES FOR RECREATION OR LEISURE-TIME OCCUPATION WITH THE OBJECT OF IMPROVING THE CONDITIONS OF LIFE OF THE CHILDREN AND ELDERLY BENGALIS OF THE PRINCIPAL AREA OF BENEFIT.",Small,Religious Activities,E01004313,51.525368,-0.066255,37.223,2.0,0.505,0.166,19.383,0.446,0.766,34.235,41.577,2156.0,398.0,144.0
1091925,CHRIST CHURCH SPITALFIELDS FOUNDATION,"2 FOURNIER STREET, LONDON",E1 6QE,31/12/2024,1792.0,20690.0,Makes Grants To Organisations,Environment/conservation/heritage,Other Defined Groups,Charity acts as a sinking fund for large maintenance and repair works on a historic church building,"THE TRUSTEES SHALL HOLD THE TRUST FUND AND ITS INCOME UPON TRUST TO APPLY THEM FOR THE FOLLOWING OBJECTS (""THE OBJECTS"")THE MAINTENANCE UPKEEP AND REPAIR OF CHRIST CHURCH SPITALFIELDS DESIGNED BY NICHOLAS HAWKSMOOR AS ONE OF THE FIFTY NEW CHURCHES BUILT BY ACT OF PARLIAMENT.",Micro,Environment/conservation/heritage,E01004306,51.519346,-0.072997,36.117,2.0,0.387,0.19,15.221,0.546,0.73,38.717,48.653,1926.0,302.0,204.0
1092931,STREETWISE OPERA,"35-47 BETHNAL GREEN ROAD, LONDON",E1 6LA,31/03/2025,648907.0,702523.0,"Provides Services, Other Charitable Activities","General Charitable Purposes, Education/training, Arts/culture/heritage/science, Other Charitable Purposes","Elderly/old People, People With Disabilities, Other Defined Groups","We use music to help people who have experienced homelessness make positive changes in their lives, to advance the education of the public in the arts in particular but not exclusively in the art of opera. We deliver the following activity in 5 regions of the UK: 
1  Opera Productions
2  Workshop Programme
3 Work Placement Scheme and Progression routes
4. Establishing an international network","THE CHARITY'S OBJECTS (""THE OBJECTS"") ARE:(A) TO ADVANCE THE EDUCATION OF THE PUBLIC IN THE ARTS, IN PARTICULAR BUT NOT EXCLUSIVELY IN THE ART OF OPERA.(B)  THE RELIEF OF NEED OF HOMELESS PEOPLE.",Medium,Other Charitable Purposes,E01035669,51.524203,-0.073614,30.287,3.0,0.338,0.112,9.172,0.735,1.406,34.592,33.402,1370.0,146.0,34.0
1093618,CHHATAK JUBO SHONGSTA (UK),"Flat 18, Tylney House, Nelson Street, London",E1 2DU,31/03/2025,60.0,0.0,"Makes Grants To Organisations, Provides Human Resources","General Charitable Purposes, Education/training, The Prevention Or Relief Of Poverty, Overseas Aid/famine Relief, Arts/culture/heritage/science","Children/young People, People Of A Particular Ethnic Or Racial Origin, The General Public/mankind","Working for the Bangladeshi community and educational development of Bangladeshi children in England, Wales & Bangladesh.","TO ADVANCE THE EDUCATION OF THE PUBLIC IN BANGLADESH AND THE UNITED KINGDOM, IN PARTICULAR BUT NOT EXCLUSIVELY THROUGH THE PROVISION OF FINANCIAL SUPPORT TO SCHOOLS FOR THE PAYMENT OF TEACHERS",Micro,Overseas Aid/famine Relief,E01004326,51.515405,-0.057626,36.528,2.0,0.442,0.146,14.285,0.335,1.08,43.005,45.282,1938.0,385.0,132.0
1093925,BAITUL AMAN MOSQUE AND CULTURAL CENTRE,"101, Braintree Street, London",E2 0FT,30/11/2024,288467.0,99909.0,"Provides Buildings/facilities/open Space, Provides Services, Other Charitable Activities","Education/training, Religious Activities","Children/young People, Elderly/old People, Other Defined Groups, The General Public/mankind","THE PRINCIPAL ACTIVITY OF THE COMPANY IS TO PROMOTE ISLAMIC FAITH, EDUCATION, RELIEVE POVERTY, PROMOTE GOOD RACE RELATION AND TO DO SUCH OTHER THINGS PURSUANT THERETO AS ARE CHARITABLE BY LAW OF ENGLAND AND IN ALL CASES FOR THE PUBLIC BENEFIT","THE OBJECTS FOR WHICH THE COMPANY IS ESTABLISHED ARE TO PROMOTE THE ISLAMIC FAITH; EDUCATION, RELIEVE POVERTY, PROMOTE GOOD RACE RELATIONS AND TO DO SUCH OTHER THINGS PURSUANT THERETO AS ARE CHARITABLE BY THE LAW OF ENGLAND AND IN ALL CASES FOR THE PUBLIC BENEFIT.",Medium,Religious Activities,E01032787,51.525019,-0.052791,41.245,2.0,0.552,0.195,27.826,0.283,0.501,37.455,43.108,2542.0,527.0,246.0
1096848,ST. PETER'S CANARY WHARF TRUST,"ST. PETERS BARGE, HERTSMERE ROAD, LONDON",E14 4AL,31/12/2024,402967.0,388340.0,"Makes Grants To Individuals, Makes Grants To Organisations, Provides Buildings/facilities/open Space, Provides Services",Religious Activities,The General Public/mankind,The provision of Christian meetings and lectures in the Canary Wharf area from and on a barge moored within the Wharf.,"THE ADVANCEMENT OF THE CHRISTIAN FAITH AS DEFINED IN CLAUSE 9.1 OF THE ARTICLES OF ASSOCIATION IN LONDON, ENGLAND AND IN PARTICULARLY IN THE CANARY WHARF ESTATE WITHIN THE LONDON BOROUGH OF TOWER HAMLETS",Medium,Religious Activities,E01004277,51.507613,-0.024539,8.39,8.0,0.087,0.057,1.984,-0.086,-2.094,24.944,24.258,1737.0,141.0,113.0
1097530,SOMALI SENIOR CITIZENS CLUB,"Somali Senior Citizens Club, 37 St. Matthew's Row, LONDON",E2 6DT,31/03/2025,87170.0,82665.0,"Provides Services, Provides Advocacy/advice/information","General Charitable Purposes, Arts/culture/heritage/science, Amateur Sport","Elderly/old People, People Of A Particular Ethnic Or Racial Origin","Day time lunch served six days a week, Monday to Saturday between 9.30 am to 4 pm
Providing advice and information on social welfare services, networking with Tower Hamlet's law center, Housing Department and citizen's advice bureau.
Health advice and interpretation services.
Provide facilities for social activities and religious studies.","THE ORGANISATION IS  ESTABLISHED FOR ELDERLY PERSONS, PARTICULARLY SOMALIANS, LIVING IN THE LONDON BOROUGH OF TOWER HAMLETS TO ASSIST IN THE RELIEF OF POVERTY SICKNESS AND DISTRESS.",Small,Amateur Sport,E01035668,51.525101,-0.068069,33.397,3.0,0.372,0.165,12.658,0.884,1.246,30.085,33.281,2054.0,234.0,141.0
1098116,CHICKSAND CITIZENS FORUM LIMITED,"Community Hall, 48 Greatorex Street, LONDON",E1 5NP,31/03/2024,213946.0,151576.0,"Provides Services, Provides Advocacy/advice/information","Education/training, The Prevention Or Relief Of Poverty, Economic/community Development/employment","Children/young People, People Of A Particular Ethnic Or Racial Origin, Other Defined Groups","On site meeting space for local people or for strategic organisations to hire for consultationBusiness units for entrepreneurshipA supplementary School to help local children through Bengali and Arabic language skillsCollaboration with Womens Health and Family Services to provide Somali Language, Education and lunch groupChildrens Summer Tripsand related community services","I) THE RELIEF OF POVERTY PRIMARILY AMONG RESIDENTS OF THE LONDON BOROUGH OF TOWER HAMLETS.II) THE RELIEF OF UNEMPLOYMENT FOR THE PUBLIC BENEFIT IN SUCH WAYS AS MAY BE THOUGHT FIT, INCLUDING THE PROVISION OF LAND AND BUILDINGS AT BELOW MARKET OR SUBSIDISED RENT TO BUSINESSES STARTING UP AND THE PROVISION OF ADVICE AND TRAINING TO UNEMPLOYED INDIVIDUALS RESIDENT IN THE LONDON BOROUGH OF TOWER HAMLETS.III) ENCOURAGE AND PROMOTE GOOD RACE RELATIONS WITHIN THE BOROUGH.",Medium,Economic/community Development/employment,E01004309,51.518661,-0.067476,47.715,1.0,0.571,0.221,16.099,1.316,1.233,35.237,37.877,2882.0,461.0,248.0
1098227,MULTICULTURAL SHANGSTA UK,"Flat 17, Horwood House, Pott Street, London",E2 0EH,31/03/2025,550.0,490.0,"Provides Services, Provides Advocacy/advice/information","Education/training, Arts/culture/heritage/science, Economic/community Development/employment","Children/young People, Elderly/old People, People Of A Particular Ethnic Or Racial Origin, The General Public/mankind","SBSG is an arts, cultural education and vocational skills and training orientated organisation promoting art, general educational and training programmes to disadvantaged sections of the communities in the UK. SBSG is working actively to promote better community cohesion and integration with the wider community.","FOR THE BENEFIT OF THE BANGLADESHI COMMUNITY LIVING IN THE UNITED KINGDOM TO ADVANCE PUBLIC EDUCATION IN SYLHETI MUSIC;
TO RELIEVE NEED; AND TO PROVIDE OR ASSIST IN THE PROVISION OF FACILITIES FOR RECREATION OR LEISURE TIME OCCUPATION WITH THE OBJECT OF IMPROVING THE CONDITIONS OF LIFE OF SUCH PERSONS.",Micro,Arts/culture/heritage/science,E01004211,51.527044,-0.057246,34.692,2.0,0.34,0.137,9.189,0.319,1.358,36.934,63.516,1617.0,222.0,123.0
1098873,THE CIRCLE WORKS LIMITED,"33 Chisenhale Road, Bow, London",E3 5QY,31/03/2025,210.0,1022.0,"Provides Human Resources, Provides Services","Education/training, The Prevention Or Relief Of Poverty, Arts/culture/heritage/science","Other Charities Or Voluntary Bodies, Other Defined Groups, The General Public/mankind","The Circle Works is a resource for people who work in the community, offering them hospitality, encouragement, connection with others of like mind, and space to think.  This reflective space largely takes the form of individual work consultations, non-managerial supervision and the sharing of information.","THE ADVANCEMENT OF EDUCATION, AND THE PRESERVATION AND PROTECTION OF MENTAL HEALTH IN TOWER HAMLETS AND THE SURROUNDING AREA, IN PARTICULAR, BUT NOT EXCLUSIVELY, BY THE PRACTICE AND STUDY OF THE ARTS AND REFLECTIVE DIALOGUE AS METHODS OF LEARNING.",Micro,Arts/culture/heritage/science,E01004234,51.53327,-0.038481,17.914,5.0,0.178,0.083,3.996,-0.71,0.684,25.136,51.652,2574.0,451.0,340.0
1099403,TOWER HAMLETS FRIENDS AND NEIGHBOURS,"ST. MARGARETS HOUSE SETTLEMENT, 21 OLD FORD ROAD, LONDON",E2 9PL,31/03/2024,159923.0,189154.0,"Provides Human Resources, Provides Services, Provides Advocacy/advice/information",General Charitable Purposes,Elderly/old People,Advocacy and Befriending service for socially isolated and lonely older people living in the borough of Tower Hamlets,"THE RELIEF OF POVERTY, HARDSHIP AND DISTRESS, AMONG THOSE RESIDENT WITHIN THE BOUNDARIES OF THE FORMER BOROUGH OF STEPNEY AND MORE GENERALLY GREATER LONDON, BY THE PROVISION OF SUCH SUPPORT (IN PARTICULAR TO THE ELDERLY, ISOLATED AND VULNERABLE) AS THE TRUSTEES SHALL FROM TIME TO TIME CONSIDER APPROPRIATE.",Medium,General Charitable Purposes,E01004198,51.529993,-0.054496,45.952,1.0,0.49,0.254,25.669,1.032,1.031,39.225,34.347,1521.0,271.0,228.0
1100271,THE SHADWELL COMMUNITY PROJECT,"GLAMIS ADVENTURE PLAYGROUND, 10 GLAMIS ROAD, LONDON",E1W 3EG,31/03/2025,117304.0,119931.0,"Provides Human Resources, Provides Buildings/facilities/open Space, Provides Services","General Charitable Purposes, Education/training, The Advancement Of Health Or Saving Of Lives, The Prevention Or Relief Of Poverty, Amateur Sport, Environment/conservation/heritage, Economic/community Development/employment",Children/young People,To provide a safe and stimulating space for young people in East London. To encourage child development by placing children at the centre of what we do. Also to support local families and parents and encourage all parts of our community to come together. This is achieved through the provision of various projects and activities run from our open access adventure playground.,"A) TO ACT AS A RESOURCE FOR YOUNG PEOPLE UP TO THE AGE OF 18 LIVING IN SHADWELL AND ITS ENVIRONS BY PROVIDING ADVICE AND ASSISTANCE AND ORGANISING PROGRAMMES OF PHYSICAL, EDUCATIONAL AND OTHER ACTIVITIES, INCLUDING THE PROVISION OF AN ADVENTURE PLAYGROUND, AS A MEANS OF ADVANCING EDUCATION.

B) IN THE INTEREST OF SOCIAL WELFARE, TO PROMOTE AND PROVIDE FACILITIES AND ACTIVITIES FOR CHILDREN AND YOUNG PEOPLE AND THEIR COMMUNITIES SO THAT THEIR CONDITIONS OF LIFE MAY BE IMPROVED AND THEIR PHYSICAL, MENTAL AND SPIRITUAL WELL-BEING IS PROMOTED.",Medium,Environment/conservation/heritage,E01004305,51.510833,-0.049822,43.9,2.0,0.597,0.203,22.821,0.294,0.383,43.467,41.081,1962.0,423.0,268.0
1100621,ORGANISATION OF SUPPORT AND ADVICE FOR RELIGION AND CULTURE,"Flat 19, Mayflower House, 19 Westferry Road, LONDON",E14 8GW,31/03/2022,9443.0,9120.0,"Provides Services, Provides Advocacy/advice/information","General Charitable Purposes, Education/training, The Advancement Of Health Or Saving Of Lives, Disability, The Prevention Or Relief Of Poverty, Accommodation/housing, Religious Activities, Arts/culture/heritage/science, Amateur Sport, Economic/community Development/employment","Children/young People, Elderly/old People, People With Disabilities, People Of A Particular Ethnic Or Racial Origin, The General Public/mankind","Our activities is to provide education and employment training, advice, information, advocacy, counseling and health matters, sports, interpreting and translating, inter-generation to promote understanding and unity among our service users who are disadvantage and vulnerable BAME people who are living in Tower Hamlets and London in order to improve their confidence to become participative.","1.  THE ADVANCEMENT OF CHRISTIAN FAITH2.  THE RELIEF OF POVERTY.",Micro,Accommodation/housing,E01032782,51.501911,-0.025579,21.991,4.0,0.3,0.094,10.474,0.67,0.428,20.521,34.818,2748.0,316.0,117.0
1101712,MONAKKA MONOWAR WELFARE FOUNDATION,"MONTEFIORE CENTRE, HANBURY STREET, LONDON",E1 5HZ,31/12/2016,40433.0,40390.0,"Makes Grants To Organisations, Provides Other Finance, Provides Human Resources, Provides Buildings/facilities/open Space, Provides Services, Provides Advocacy/advice/information, Other Charitable Activities","General Charitable Purposes, Education/training, The Advancement Of Health Or Saving Of Lives, Disability, The Prevention Or Relief Of Poverty, Arts/culture/heritage/science, Amateur Sport, Environment/conservation/heritage, Economic/community Development/employment, Other Charitable Purposes","Children/young People, Elderly/old People, People With Disabilities, People Of A Particular Ethnic Or Racial Origin, Other Defined Groups, The General Public/mankind","TO RELIEVE POVERTY BY THE PROVISION OF ADVICE, INFORMATION AND FINANCIAL ASSISTANCE TO PROVIDE PARTICULARLY UNEMPLOYMENT BY TRAINING SCHEMES, FACILITIES FOR CULTURE, RECREATION/ OUTDOOR OR LEISURE TIME ACTIVITIES AND ADVANCE EDUCATION BY THE  SUPPLEMENTARY CLASSES.TO RELIEVE DISABLED AND ELDERLY PERSONS WHO ARE IN NEED, AND ADVICE AND INFORMATION ON HEALTH RELATED AWARENESS PROGRAMMES","1.  TO ADVANCE THE EDUCATION PRIMARILY BIT NOT EXCLUSIVELY OF ORPHANS AND POOR STUDENTS BY THE PROVISION OF FINANCIAL SUPPORT AND SCHOLARSHIPS ESPECIALLY TO THOSE WHO ARE STUDYING IN SCHOOLS, COLLEGES AND INFORMAL EDUCATIONAL SET UPS.   
2.  THE RELIEF OF POVERTY OF NEEDY PERSONS REGARDLESS OF THEIR ETHNICITY, RELIGIOUS BELIEF IN WHATEVER WAY DEEMED NECESSARY.   
3.  THE RELIEF OF SICKNESS BY THE PROVISION PRIMARILY BUT NOT ECXLUSIVELY.",Small,Environment/conservation/heritage,E01004308,51.519883,-0.066834,35.155,2.0,0.423,0.179,15.813,0.792,0.555,38.983,34.117,1462.0,257.0,189.0
1102147,BONGOBIR OSMANY TRUST,"MR A K KHAN, UNIT 5, LINKS YARD, 29A SPELLMAN STREET, LONDON",E1 5LX,31/03/2021,10185.0,13241.0,"Provides Human Resources, Provides Buildings/facilities/open Space, Provides Services, Provides Advocacy/advice/information","General Charitable Purposes, Education/training, The Prevention Or Relief Of Poverty, Arts/culture/heritage/science, Amateur Sport, Economic/community Development/employment","Children/young People, Elderly/old People, People With Disabilities, People Of A Particular Ethnic Or Racial Origin, The General Public/mankind","Cultural and Social EventsEducational ProgrammesTraining and DevelopmentPromoting Community Cohesion","1. TO ADVANCE THE EDUCATION OF THE PUBLIC IN BENGALI CULTURE AND TRADITIONS AND IN PARTICULAR BUT NOT EXCLUSIVELY IN THE LIFE AND ACHIEVEMENTS OF GENERAL  BONGOBIR OSMANY.2. TO PROVIDE FACILITIES IN THE INTERESTS OF SOCIAL WELFARE FOR THE RECREATION AND LEISURE-TIME OCCUPATION WITH THE OBJECT OF IMPROVING THE CONDITIONS OF LIFE FOR THE SAID INHABITANTS.3. THE RELIEF OF UNEMPLOYMENT FOR THE PUBLIC BENEFIT IN SUCH WAYS AS THOUGHT FIT, INCLUDING ASSISTANCE TO FIND EMPLOYMENT.",Small,Amateur Sport,E01004306,51.519439,-0.069894,36.117,2.0,0.387,0.19,15.221,0.546,0.73,38.717,48.653,1926.0,302.0,204.0
1104269,ACTION FOR BOW,"C/O Bromley by Bow Centre, St Leonard's Street, Bow, London",E3 3BT,31/03/2025,3244.0,249774.0,"Makes Grants To Organisations, Sponsors Or Undertakes Research, Acts As An Umbrella Or Resource Body","General Charitable Purposes, Education/training, The Advancement Of Health Or Saving Of Lives, Disability, The Prevention Or Relief Of Poverty, Arts/culture/heritage/science, Amateur Sport, Environment/conservation/heritage, Economic/community Development/employment, Recreation","Children/young People, Elderly/old People, People With Disabilities, Other Charities Or Voluntary Bodies, Other Defined Groups, The General Public/mankind","Grants to organisations to provide services in Bow, East London that will promote local social and economic regeneration.
In particular: education and skills training; employment opportunities; recreational and cultural amenities; environmental and quality of life; regeneration and reduction of poverty; health promotion;crime prevention.
Match funding will normally be requested from other bodies","THE OBJECTS ARE BY MEANS OF MAKING GRANTS TO INDIVIDUALS AND ORGANISATIONS OPERATING WITHIN THE AREA OF BENEFIT, DISREGARDING RACE, RELIGION, POLITICAL PERSUASION OR ANY OTHER CHARACTERISTIC:
(A)  TO DEVELOP THE CAPACITY AND SKILLS OF THE MEMBERS OF THE SOCIALLY AND ECONOMICALLY DISADVANTAGED COMMUNITY IN THE AREA OF BENEFIT IN SUCH A WAY THAT THEY ARE BETTER ABLE TO IDENTIFY, AND HELP MEET, THEIR NEEDS AND TO PARTICIPATE MORE FULLY IN SOCIETY;
(B)  THE PROMOTION FOR THE PUBLIC BENEFIT OF URBAN REGENERATION IN THE AREA OF BENEFIT BY ALL OR ANY OF THE FOLLOWING MEANS:
(I)  THE RELIEF OF POVERTY IN SUCH WAYS AS MAY BE THOUGHT FIT;
(II)  THE RELIEF OF UNEMPLOYMENT IN SUCH WAYS AS MAY BE THOUGHT FIT, INCLUDING ASSISTANCE TO FIND EMPLOYMENT;
(III)   THE RELIEF OF UNEMPLOYMENT BY PROVIDING OPPORTUNITIES FOR TRAINING AND EMPLOYMENT;
(IV)  THE MAINTENANCE, IMPROVEMENT OR PROVISION OF PUBLIC AMENITIES;
(V)  THE PROVISION OR ASSISTANCE IN THE PROVISION OF RECREATIONAL FACILITIES FOR THE PUBLIC AT LARGE AND/OR THOSE WHO BY REASONS OF THEIR YOUTH, AGE, INFIRMITY OR DISABLEMENT, POVERTY OR SOCIAL AND ECONOMIC CIRCUMSTANCES, HAVE NEED OF SUCH FACILITIES;
(VII)  THE PROMOTION OF PUBLIC SAFETY AND PREVENTION OF CRIME;
(VIII)  SUCH OTHER MEANS AS MAY FROM TIME TO TIME BE DETERMINED SUBJECT TO THE PRIOR CONSENT OF THE CHARITY COMMISSIONERS FOR ENGLAND AND WALES;
(C)  TO ADVANCE THE EDUCATION OF CHILDREN AND ADULTS LIVING IN THE AREA OF BENEFIT THROUGH THE PROVISION OF FINANCIAL AND MATERIAL ASSISTANCE;
(D)  TO BENEFIT AND IMPROVE THE QUALITY OF LIFE OF PEOPLE LIVING IN THE AREA OF BENEFIT; AND
(E)  SUCH OTHER OBJECTS AND PURPOSES AS ARE EXCLUSIVELY CHARITABLE UNDER THE LAW OF ENGLAND AND WALES.",Micro,Environment/conservation/heritage,E01004236,51.526392,-0.012409,50.945,1.0,0.705,0.249,33.956,0.95,0.514,29.285,35.064,1555.0,350.0,167.0
1104459,LIMEHOUSE TOWN HALL CONSORTIUM TRUST,"Limehouse Town Hall, 646 Commercial Road, London",E14 7HA,31/03/2024,134146.0,123309.0,Acts As An Umbrella Or Resource Body,"Education/training, Arts/culture/heritage/science, Environment/conservation/heritage, Economic/community Development/employment","Children/young People, Elderly/old People, People With Disabilities, People Of A Particular Ethnic Or Racial Origin",Working to repair and conserve Limehouse Town Hall for the benefit of the disadvantaged in Limehouse and the surrounding area. Developing and providing educational programmes for the benefit of disadvantaged people in Limehouse and the surrounding area.,"A.  TO PRESERVE AND RESTORE FOR THE BENEFIT OF THE PUBLIC THE LIMEHOUSE TOWN HALL, BEING OF CONSTRUCTIONAL, ARCHITECTURAL OR HISTORICAL HERITAGE. 
B.  TO ADVANCE EDUCATION AND TO PROVIDE OR ASSIST IN THE PROVISION OF FACILITIES IN THE INTERESTS OF SOCIAL WELFARE FOR RECREATION OR OTHER LEISURE TIME OCCUPATION OF INDIVIDUALS WHO HAVE NEED OF SUCH FACILITIES BY REASON OF THEIR YOUTH, AGE, INFIRMITY OR DISABILITY, FINANCIAL HARDSHIP OR SOCIAL CIRCUMSTANCES WITH THE OBJECT OF IMPROVING THEIR CONDITIONS OF LIFE. 
C.  TO PROMOTE OTHER SUCH CHARITABLE PURPOSES FOR THE GENERAL BENEFIT OF THE PUBLIC RESIDENT IN LIMEHOUSE AND THE SURROUNDING AREA.",Medium,Environment/conservation/heritage,E01004255,51.511559,-0.028706,40.668,2.0,0.514,0.201,19.341,0.852,0.858,35.447,34.353,1667.0,317.0,163.0
1104770,GLOBE COMMUNITY PROJECT,"St Margaret's House, 17 Old Ford Road, Bethnal Green, London",E2 9PJ,30/04/2025,206387.0,176077.0,"Provides Human Resources, Provides Services, Provides Advocacy/advice/information, Sponsors Or Undertakes Research, Acts As An Umbrella Or Resource Body","General Charitable Purposes, Education/training, The Advancement Of Health Or Saving Of Lives, Arts/culture/heritage/science, Amateur Sport, Environment/conservation/heritage, Economic/community Development/employment","Children/young People, Elderly/old People, People With Disabilities, People Of A Particular Ethnic Or Racial Origin, Other Charities Or Voluntary Bodies, The General Public/mankind","The Globe Community Project (GCP) offers a variety of free or affordable activities to the inhabitants of Globe Town and the neighbouring areas. These activities provide a range of educational, cultural and social services that benefit both individuals and the neighbourhood as a whole, reflecting the diversity and complexity of our community.","TO PROMOTE THE BENEFIT OF THE INHABITANTS OF GLOBE TOWN, TOWER HAMLETS, AND SURROUNDING AREAS, BY ASSOCIATING TOGETHER THE SAID INHABITANTS AND SOMETIMES INCLUDING THE LOCAL AUTHORITIES, VOLUNTARY AND OTHER ORGANISATIONS, IN A COMMON EFFORT TO ENHANCE  EDUCATION, AND TO PROVIDE FACILITIES IN THE INTERESTS OF SOCIAL WELFARE FOR RECREATION AND LEISURE OCCUPATION WITH THE OBJECT OF IMPROVING THE CONDITIONS OF LIFE FOR THE SAID INHABITANTS.",Medium,Environment/conservation/heritage,E01004198,51.529975,-0.053978,45.952,1.0,0.49,0.254,25.669,1.032,1.031,39.225,34.347,1521.0,271.0,228.0
1104972,WADAJIR SOMALI COMMUNITY CENTRE,"156 St. Leonards Road, LONDON",E14 0QZ,31/03/2025,74745.0,60684.0,"Provides Buildings/facilities/open Space, Provides Services, Provides Advocacy/advice/information","General Charitable Purposes, Education/training, The Advancement Of Health Or Saving Of Lives, Disability, The Prevention Or Relief Of Poverty, Accommodation/housing, Arts/culture/heritage/science, Amateur Sport, Economic/community Development/employment",People Of A Particular Ethnic Or Racial Origin,"We carry out the following activities:Home Work Club ProjectWomen's Health Project Elderly Womens Luncheon ClubAdvice Advocacy & Information Youth ProjectsTraining CoursesESOLMother Tongue Classes  We cover different areas within Tower hamlets.","(1) TO DEVELOP THE CAPACITY AND SKILLS OF THE MEMBERS OF THE SOCIALLY AND ECONOMICALLY DISADVANTAGED SOMALI COMMUNITY OF TOWER HAMLETS IN SUCH A WAY THAT THEY ARE BETTER ABLE TO IDENTIFY, AND HELP MEET, THEIR NEEDS AND TO PARTICIPATE MORE FULLY IN SOCIETY
(2)  TO PROMOTE GENERAL CHARITABLE PURPOSES FOR THE BENEFIT OF THE SOMALI COMMUNITY OF TOWER HAMLETS AND THE SURROUNDING AREA, AND TO PROVIDE RELIEF FROM FINANCIAL HARDSHIP AND SOCIAL AND /OR ECONOMIC DISADVANTAGE AND TO ADVANCE THE EDUCATION OF ITS RESIDENTS OF ALL AGES; AND IN PARTICULAR TO PROVIDE OPPORTUNITIES FOR THE AFOREMENTIONED RESIDENTS TO PARTICIPATE FULLY IN THE LIFE OF THEIR COMMUNITY IN WAYS WHICH ADDRESS AND ALLEVIATE SOCIAL AND ECONOMIC DISADVANTAGE
(3)  TO RELIEVE THE PHYSICAL AND MENTAL HEALTH PROBLEMS ARISING FROM CIVIL WAR IN PARTICULAR OF THOSE DISABLED AND ELDERLY SOMALI RESIDENTS OF TOWER HAMLETS AND SURROUNDING AREA
(4)TO PRESERVE AND PROTECT THE PHYSICAL AND MENTAL HEALTH OF THOSE SEEKING AND THOSE GRANTED REFUGEE STATUS AND THEIR DEPENDANTS.",Small,Accommodation/housing,E01035679,51.515257,-0.010718,26.218,4.0,0.384,0.117,13.174,0.324,0.841,26.42,27.669,1629.0,285.0,155.0
1106236,SHOREDITCH MASJID TRUST AND ISLAMIC CULTURAL EDUCATION CENTRE,"53-55 REDCHURCH STREET, LONDON",E2 7DJ,31/03/2023,65669.0,77928.0,"Makes Grants To Individuals, Makes Grants To Organisations","General Charitable Purposes, Education/training, Religious Activities","Children/young People, Elderly/old People","To advance the religion of Islam and to advance the education of the public in the Islamic culture and religion.","1. TO ADVANCE THE RELIGION OF ISLAM.
2. TO ADVANCE THE EDUCATION OF THE PUBLIC IN THE ISLAMIC CULTURE AND RELIGION.",Small,Religious Activities,E01004316,51.524547,-0.074305,41.511,2.0,0.402,0.16,9.105,0.734,0.728,48.751,81.457,1058.0,170.0,74.0
1107136,THE FRIENDS OF TOWER HAMLETS CEMETERY PARK,"SOANES CENTRE, SOUTHERN GROVE, LONDON",E3 4PX,31/03/2025,211747.0,264491.0,"Provides Buildings/facilities/open Space, Provides Services, Other Charitable Activities","Education/training, Arts/culture/heritage/science, Animals, Environment/conservation/heritage",The General Public/mankind,"To protect, preserve and care for Tower Hamlets Cemetery Park and Ackroyd Drive Greenlink as a LNR and Metropolitan SINC within East London. To celebrate and share the unique benefits of this space - ecology, heritage, community - with all in the local area and beyond.","TO PRESERVE, PROTECT AND MAINTAIN THE LANDSCAPE OF THE TOWER HAMLETS CEMETERY PARK AND ACKROYD DRIVE GREENLINK LOCAL NATURE RESERVE (THE ""CEMETERY PARK"") INCLUDING ITS MONUMENTS AND BIODIVERSITY AS A PLACE OF HISTORIC IMPORTANCE AND NATURE RESERVE FOR THE BENEFIT OF THE PUBLIC. 

TO ADVANCE THE EDUCATION OF THE PUBLIC IN PARTICULAR PEOPLE LIVING, WORKING OR STUDYING IN TOWER HAMLETS THROUGH PROJECTS AND ACTIVITIES PROVIDED BY THE CHARITY, AND BY PARTNERING ORGANISATIONS WHOSE AIMS ARE COMPLEMENTARY TO THE OBJECTS OF THE CHARITY",Medium,Animals,E01035674,51.523755,-0.030414,23.523,4.0,0.346,0.127,9.349,0.509,0.171,25.95,25.585,1398.0,280.0,67.0
1107304,INTERNATIONAL ENVIRONMENTAL LAW RESEARCH CENTRE (UK),"2 MORAVIAN STREET, LONDON",E2 0NJ,31/12/2024,16430.0,8500.0,"Provides Advocacy/advice/information, Sponsors Or Undertakes Research",Environment/conservation/heritage,The General Public/mankind,Environment and natural resources related research and policy advice at the international level with a focus on North-South relations. Focus countries India and Kenya.,"1.	TO ADVANCE THE EDUCATION OF THE PUBLIC IN THE UK AND ABROAD, IN PARTICULAR BY NOT EXCLUSIVELY IN AFRICA AND INDIA, IN ALL ASPECTS OF SUSTAINABLE DEVELOPMENT, SOCIAL JUSTICE, HUMAN RIGHTS AND THE PRESERVATION, CONSERVATION AND PROTECTION OF THE ENVIRONMENT IN A GLOBAL CONTEXT.
2.	TO PROMOTE RESEARCH INTO ALL ASPECTS OF SUSTAINABLE DEVELOPMENT AND THE PRESERVATION, CONSERVATION AND PROMOTION OF THE ENVIRONMENT AND INTO THE LAW, PRACTICE AND ADMINISTRATION OF JUSTICE IN CONNECTION WITH THE ENVIRONMENT AND MATTERS RELATING THERETO AND TO DISSEMINATE THE USEFUL RESULTS THEREOF TO THE PUBLIC.",Small,Environment/conservation/heritage,E01004266,51.529502,-0.052008,29.541,3.0,0.404,0.151,10.495,0.449,0.137,33.274,39.855,1419.0,209.0,219.0
1108433,BOW MUSLIM CULTURAL CENTRE,"178 WHITECHAPEL ROAD, LONDON",E1 1BJ,31/12/2024,90671.0,88671.0,"Provides Services, Provides Advocacy/advice/information","Education/training, Religious Activities","Children/young People, People Of A Particular Ethnic Or Racial Origin","Islamic services to both the males and females together with the provision of mother tongue and Arabic classes for the 6-16 years old children.The Centre provides advisory services to the local community members.","TO SUPPORT THE ETHNIC MINORITY COMMUNITY MAINLY OF BANGLADESHI ORIGIN LIVING IN AND AROUND THE LONDON BOROUGH OF TOWER HAMLETS THROUGH THE PROVISIONS OF SUPPLEMENTARY EDUCATION, TRAINING, ADVICE SESSIONS AND ISLAMIC AND CULTURAL SERVICES TO PROMOTE EQUAL OPPORTUNITY IN EDUCATION, EMPLOYMENT AND IN OTHER SOCIAL ASPECTS OF INDIVIDUAL AND COMMUNITY LIFE FOR ALL. IN PARTICULAR BUT WITHOUT PREJUDICE TO THE GENERALITY OF THE FOREGOING BY THE PROVISION OF A CULTURAL CENTRE AT 246 BOW ROAD, LONDON E3 3AP.",Small,Religious Activities,E01004322,51.51932,-0.057301,45.199,1.0,0.666,0.146,17.107,1.203,0.385,33.642,45.013,1532.0,255.0,86.0
1109103,MISSIONARY SISTERS OF ST COLUMBAN CHARITABLE TRUST,"6/8 Ridgdale Street, LONDON",E3 2TW,31/12/2024,94757.0,126573.0,"Provides Human Resources, Provides Services, Provides Advocacy/advice/information","General Charitable Purposes, The Advancement Of Health Or Saving Of Lives, The Prevention Or Relief Of Poverty, Religious Activities, Human Rights/religious Or Racial Harmony/equality Or Diversity","Children/young People, Elderly/old People, Other Charities Or Voluntary Bodies, The General Public/mankind",to advance the religious and other charitable work carried on by the members of the Congregation and to care for those members thoughout their lives with the Congregation.,TO ADVANCE THE RELIGIOUS AND OTHER CHARITABLE WORK FOR THE TIME BEING CARRIED ON PROMOTED OR SUPPORTED BY THE SOCIETY AS THE TRUSTEES SHALL FROM TIME TO TIME WITH THE CONSENT OF THE CONGREGATIONAL LEADER THINK FIT PROVIDED THAT IF AT ANY TIME THE SOCIETY SHALL CEASE TO EXIST OR TO CARRY ON PROMOTE OR SUPPORT ANY CHARITABLE WORKS THE TRUST FUND AND THE INCOME THEREOF SHALL BE HELD FOR SUCH GENERAL CHARITABLE PURPOSES IN CONNECTION WITH THE ROMAN CATHOLIC RELIGION AS THE TRUSTEES SHALL IN THEIR DISCRETION THINK FIT,Small,Human Rights/religious Or Racial Harmony/equality Or Diversity,E01035663,51.530039,-0.018507,24.159,4.0,0.334,0.122,12.524,0.086,0.173,27.488,40.73,1358.0,311.0,88.0
1109297,BOW BENGALI FORUM,"4 MORVILLE STREET, LONDON",E3 2GX,31/03/2025,11000.0,9239.0,"Provides Human Resources, Provides Services, Provides Advocacy/advice/information","Education/training, The Prevention Or Relief Of Poverty, Economic/community Development/employment","Children/young People, Elderly/old People, People Of A Particular Ethnic Or Racial Origin","Mother Tongue ClassesHomework SupportSupplementary Education and Study SupportCommunity Development WorkOutreach WorkSummer PlayschemeYouth WorkWomen's ActivitiesCultural and social events and functions","THE CHARITY'S OBJECTS ARE FOR THE BENEFIT OF THE INHABITANTS LIVING IN THE BOW AND SURROUNDING AREAS IN LONDON BOROUGH OF TOWER HAMLETS AND IN PARTICULAR FOR MEMBERS OF THE BANGLADESHI COMMUNITY BUT NOT EXCLUSIVELY. THE OBJECTIVES OF THE FORUM SHALL BE:
- THE RELIEF OF POVERTY, SICKNESS AND DISTRESS BY THE PROVISION OF ADVICE, INFORMATION, SUPPORT, TRANSLATING AND INTERPRETING SERVICES IN MATTERS SUCH AS WELFARE BENEFITS, HEALTH, HOUSING, EDUCATION, EMPLOYMENT AND TRAINING.   
- THE ADVANCEMENT OF EDUCATION IN PARTICULAR THE PROVISION OF LANGUAGE AND OTHER SUBJECT CLASSES.   
- THE PROVISION OF FACILITIES FOR RECREATION AND LEISURE TIME OCCUPATION IN THE INTERESTS OF SOCIAL WELFARE WITH THE OBJECT OF IMPROVING THE CONDITIONS OF LIFE OF THE SAID INHABITANTS HAVING NEED OF FACILITIES BY REASON OF THEIR YOUTH, AGE, INFIRMITY, POVERTY OR SOCIAL AND ECONOMIC CIRCUMSTANCES.",Small,Economic/community Development/employment,E01032765,51.5317,-0.025298,28.141,3.0,0.358,0.163,20.404,0.717,0.294,25.155,25.838,1889.0,258.0,189.0
1109983,MALMESBURY PRIMARY SCHOOL PARENTS TEACHERS & FRIENDS ASSOCIATION,"10 Ridgdale Street, LONDON",E3 2TW,31/12/2024,8960.0,4436.0,Acts As An Umbrella Or Resource Body,Education/training,Children/young People,Raising funds to support school activities,"TO ADVANCE THE EDUCATION OF THE PUPILS IN THE SCHOOL IN PARTICULAR BY
2.1  DEVELOPING EFFECTIVE RELATIONSHIPS BETWEEN THE STAFF PARENTS AND OTHERS ASSOCIATED WITH THE SCHOOL;
2.2  ENGAGING IN ACTIVITIES OR PROVIDING FACILITIES OR EQUIPMENT WHICH SUPPORT THE SCHOOL AND ADVANCE THE EDUCATION OF THE PUPILS.",Micro,Education/training,E01035663,51.530039,-0.018507,24.159,4.0,0.334,0.122,12.524,0.086,0.173,27.488,40.73,1358.0,311.0,88.0
1110092,EARLY YEARS NETWORK TOWER HAMLETS,"Early Years Network Tower Hamlets, 15 Kelsey Street, LONDON",E2 6HD,31/03/2024,404686.0,376085.0,"Provides Advocacy/advice/information, Acts As An Umbrella Or Resource Body","General Charitable Purposes, Education/training, Economic/community Development/employment","Children/young People, Other Charities Or Voluntary Bodies",We offer capacity building support to early years groups in the voluntary sector in the London borough of Tower Hamlets. We also run a full day care provision.,"TO ENHANCE THE DEVELOPMENT AND EDUCATION OF CHILDREN AND THE FAMILIES OF CHILDREN UNDER STATUTORY SCHOOL AGE, WITHIN THE LONDON BOROUGH OF TOWER HAMLETS BY ENCOURAGING PARENTS TO UNDERSTAND AND PROVIDE FOR THE NEEDS OF THEIR CHILDREN THROUGH COMMUNITY GROUPS.",Medium,Economic/community Development/employment,E01004211,51.524852,-0.062241,34.692,2.0,0.34,0.137,9.189,0.319,1.358,36.934,63.516,1617.0,222.0,123.0
1110218,BARKANTINE COMMUNITY NURSERY,"BARKANTINE COMMUNITY NURSERY, 105A MELLISH STREET, LONDON",E14 8PR,31/03/2024,853897.0,885761.0,"Provides Services, Provides Advocacy/advice/information","General Charitable Purposes, Education/training, The Prevention Or Relief Of Poverty, Economic/community Development/employment","Children/young People, People With Disabilities","To provide good quality affordable childcare for local parents
To advance the education of children under statutory school age","3. THE CHARITY'S OBJECTS ('THE OBJECTS') ARE:
(A)	TO ADVANCE THE EDUCATION AND DEVELOPMENT OF CHILDREN UNDER THE AGE OF FIVE RESIDENT IN THE LONDON BOROUGH OF TOWER HAMLETS IN PARTICULAR THOSE FROM AND AROUND THE BARKANTINE ESTATE AND MILLWARD WARD (THE 'AREA OF BENEFIT');
(B)	TO ADVANCE THE EDUCATION OF THEIR PARENTS AND CARERS AND TO RELIEVE UNEMPLOYMENT IN PARTICULAR THROUGH THE PROVISION OF QUALITY AFFORDABLE CHILDCARE, TRAINING, LEARNING AND EMPLOYMENT INITIATIVES;
(C)	TO RELIEVE POVERTY AND SICKNESS; 
(D)	TO PROVIDE OR ASSIST IN THE PROVISION OF FACILITIES IN THE INTERESTS OF SOCIAL WELFARE FOR RECREATION OR OTHER LEISURE TIME OCCUPATION OF INDIVIDUALS WHO HAVE NEED OF SUCH FACILITIES BY REASON OF THEIR YOUTH, AGE INFIRMITY OR DISABILITY, FINANCIAL HARDSHIP OR SOCIAL CIRCUMSTANCES WITH THE OBJECT OF IMPROVING THEIR CONDITIONS OF LIFE; AND
(E)	TO FURTHER SUCH OTHER CHARITABLE PURPOSES FOR THE BENEFIT OF THE COMMUNITY IN THE AREA OF BENEFIT AS THE TRUSTEES SEE FIT FROM TIME TO TIME.",Medium,Economic/community Development/employment,E01004280,51.496744,-0.02367,27.709,3.0,0.413,0.154,17.62,0.221,-0.112,30.473,28.501,2017.0,378.0,200.0
1110403,CANAAN PROJECT,"TOWER HAMLETS COMMUNITY CHURCH, 117 RICARDO STREET, LONDON",E14 6EQ,31/08/2024,144151.0,141496.0,"Provides Human Resources, Provides Buildings/facilities/open Space, Provides Services","Education/training, Arts/culture/heritage/science, Amateur Sport",Children/young People,The charity provides activities for needy children and young people.,"(A)  TO PROMOTE FOR THE BENEFIT OF THE INHABITANTS OF TOWER HAMLETS AND SUCH PARTS OF THE UNITED KINGDOM AND THE WORLD THE PROVISION OF FACILITIES FOR RECREATION OR OTHER LEISURE TIME OCCUPATION OF INDIVIDUALS WHO HAVE NEED OF SUCH FACILITIES BY REASON OF THEIR YOUTH, AGE, INFIRMITY OR DISABLEMENT, FINANCIAL HARDSHIP OR SOCIAL AND ECONOMIC CIRCUMSTANCES OR FOR THE PUBLIC AT LARGE IN THE INTERESTS OF SOCIAL WELFARE AND WITH THE OBJECT OF IMPROVING THE CONDITION OF LIFE OF THE SAID INHABITANTS;
(B)  TO ADVANCE EDUCATION IN LIFE SKILLS GENERALLY FOR THE BENEFIT OF THE COMMUNITY WITHOUT DISTINCTION OF GENDER, RACE, RELIGIOUS OR POLITICAL BELIEF IN TOWER HAMLETS AND SUCH PARTS OF THE UNITED KINGDOM AND THE WORLD AS THE TRUSTEES MAY FROM TIME TO TIME THINK FIT.",Medium,Amateur Sport,E01004244,51.512767,-0.017672,44.423,2.0,0.513,0.239,24.99,1.03,0.929,36.495,31.459,2056.0,345.0,276.0
1110461,SPORTING FOUNDATION,"Mile End Stadium, Rhodeswell Road, London",E14 7TW,31/03/2025,328660.0,326855.0,"Provides Human Resources, Provides Buildings/facilities/open Space, Provides Services, Provides Advocacy/advice/information, Acts As An Umbrella Or Resource Body","General Charitable Purposes, Education/training, The Advancement Of Health Or Saving Of Lives, The Prevention Or Relief Of Poverty, Amateur Sport, Economic/community Development/employment, Recreation","Children/young People, People Of A Particular Ethnic Or Racial Origin, Other Charities Or Voluntary Bodies, The General Public/mankind",The principal activity is the provision in the interest of social welfare facilities for the recreation and leisure time occupation of disadvantaged young people with the objects of improving their lives.,"THE PROVISION IN THE INTERESTS OF SOCIAL WELFARE OF FACILITIES FOR THE RECREATION AND LEISURE TIME OCCUPATION OF YOUNG PEOPLE REGARDLESS OF THEIR SEX, COLOUR OR RACE IN PARTICULAR FOOTBALL WITH THE OBJECTS OF IMPROVING THE CONDITIONS OF LIFE OF THE SAID YOUNG PEOPLE.",Medium,Recreation,E01004251,51.514913,-0.032972,35.438,2.0,0.493,0.162,16.587,0.37,0.882,37.424,29.785,2660.0,653.0,215.0
1110519,ISLAND HOUSE COMMUNITY CENTRE,"Island House Community Centre, Island House, Roserton Street, LONDON",E14 3PG,31/12/2024,260806.0,251245.0,"Provides Human Resources, Provides Buildings/facilities/open Space, Provides Services, Provides Advocacy/advice/information","General Charitable Purposes, Education/training, The Advancement Of Health Or Saving Of Lives, Religious Activities, Economic/community Development/employment","Other Charities Or Voluntary Bodies, The General Public/mankind",Island House is a community centre providing education classes for adults; youth and family support projects; health promotion activities; and opportunities for inter-faith dialogue.  Meeting rooms and offices are available for local community groups and charities that complement the work of the centre.  A chapel offers Christian worship in the tradition of the United Reformed Church.,"1.2.1  TO PROMOTE THE BENEFIT OF THE INHABITANTS OF THE ISLE OF DOGS AND THE SURROUNDING AREA BY ASSOCIATING TOGETHER THE SAID INHABITANTS AND THE LOCAL AUTHORITIES, VOLUNTARY AND OTHER ORGANIZATIONS IN A COMMON EFFORT TO ADVANCE EDUCATION AND TO PROVIDE FACILITIES IN THE INTERESTS OF SOCIAL WELFARE FOR RECREATION AND LEISURE-TIME OCCUPATION WITH THE OBJECT OF IMPROVING THE CONDITIONS OF LIFE FOR THE SAID INHABITANTS AND
1.2.2  TO ADVANCE THE CHRISTIAN RELIGION IN ACCORDANCE WITH THE PRINCIPLES AND USAGES OF THE UNITED REFORMED CHURCH.",Medium,The Advancement Of Health Or Saving Of Lives,E01004221,51.498483,-0.010022,29.445,3.0,0.362,0.126,14.169,0.6,0.381,42.984,28.503,1943.0,363.0,199.0
1111582,THE BRICK LANE JAMME MASJID TRUST (LONDON) LIMITED,"59 BRICK LANE, LONDON",E1 6QL,31/12/2024,230564.0,203742.0,"Provides Human Resources, Provides Buildings/facilities/open Space, Provides Services, Provides Advocacy/advice/information","Education/training, Religious Activities","Children/young People, Elderly/old People, People With Disabilities, People Of A Particular Ethnic Or Racial Origin, Other Charities Or Voluntary Bodies, Other Defined Groups","Promotion of the Islamic faith. To faciliate the performance of prayers, Eid congregations, special prayer, Islamic conferences, seminars and running school for Islamic education. General education for Muslim children and youths.","THE CHARITY'S OBJECTS ARE THE PROMOTION OF THE ISLAMIC FAITH AND IN PARTICULAR (BUT WITHOUT IN ANY WAY LIMITING THE GENERALITY OF THE FOREGOING) THE PROMOTION OF THE TEACHING OF THE AHL-E-SUNNATH WAL JAMATH IN THE AREA OF THE GREATER LONDON AUTHORITY.
TO MAINTAIN & MANAGE THE AFFAIRS OF THE FREEHOLD PROPERTY AT 59 BRICK LANE, LONDON E1.
TO FACILITATE PERFORMANCE OF PRAYER FIVE TIMES A DAY, HOLDING OF TWO EID CONGREGATIONS, SPECIAL PRAYERS, ISLAMIC CONFERENCES, SEMINARS, MEETINGS, LECTURES AND RUNNING SCHOOL FOR ISLAMIC EDUCATION. ALONG WITH GENERAL EDUCATION FOR MUSLIM CHILDREN & YOUTHS.",Medium,Religious Activities,E01004307,51.520888,-0.072197,16.323,6.0,0.125,0.057,2.195,-0.387,-0.409,36.235,56.706,2600.0,139.0,154.0
1112289,NEWARK YOUTH LONDON LIMITED,"416H SIMS HOUSE, COMMERCIAL ROAD, TOWER HAMLETS, LONDON",E1 1LQ,31/03/2025,553782.0,477586.0,"Provides Buildings/facilities/open Space, Provides Services, Provides Advocacy/advice/information","General Charitable Purposes, Education/training, The Advancement Of Health Or Saving Of Lives, Disability, The Prevention Or Relief Of Poverty, Arts/culture/heritage/science, Amateur Sport, Environment/conservation/heritage, Economic/community Development/employment, Human Rights/religious Or Racial Harmony/equality Or Diversity, Recreation, Other Charitable Purposes","Children/young People, People With Disabilities, People Of A Particular Ethnic Or Racial Origin","Newark develops the skills, capacities and capabilities of young people to enable them to participate in society as independent, mature and responsible individuals. To advance education and relieve unemployment. Provides recreational and leisure time activities to improve conditions of life. Also to act as resource and point of contact for young people.","(A)  TO ACT AS A RESOURCE FOR YOUNG PEOPLE LIVING IN THE LONDON BOROUGH OF TOWER HAMLETS AND NEIGHBOURING BOROUGHS BY PROVIDING ADVICE AND ASSISTANCE AND ORGANISING PROGRAMMES OF PHYSICAL, EDUCATIONAL AND OTHER ACTIVITIES AS A MEANS OF: 
(I)  ADVANCING IN LIFE AND HELPING YOUNG PEOPLE BY DEVELOPING THEIR SKILLS, CAPACITIES AND CAPABILITIES TO ENABLE THEM TO PARTICIPATE IN SOCIETY AS INDEPENDENT, MATURE AND RESPONSIBLE INDIVIDUALS;
(II)  ADVANCING EDUCATION;
(III)  RELIEVING UNEMPLOYMENT; AND 
(IV)  PROVIDING RECREATIONAL AND LEISURE-TIME ACTIVITY IN THE INTERESTS OF SOCIAL WELFARE FOR PEOPLE LIVING IN THE AREA OF BENEFIT WHO HAVE NEED BY REASON OF THEIR YOUTH, AGE, INFIRMITY OR DISABILITY, POVERTY OR SOCIAL AND ECONOMIC CIRCUMSTANCES WITH A VIEW TO IMPROVING THEIR CONDITIONS OF LIFE.",Medium,Human Rights/religious Or Racial Harmony/equality Or Diversity,E01032767,51.5121,-0.067135,10.284,8.0,0.099,0.037,7.514,-0.095,-0.471,22.063,36.057,1746.0,43.0,61.0
1113112,VALLANCE COMMUNITY TRUST,"Hason Raja Centre, 117 Vallance Road, LONDON",E1 5BW,30/06/2024,231790.0,231648.0,"Provides Services, Provides Advocacy/advice/information","Education/training, Disability, Amateur Sport, Economic/community Development/employment","Children/young People, People With Disabilities, People Of A Particular Ethnic Or Racial Origin","Football coaching for 8 to 25 year old boys.
After school Multi Sports coaching for boys and girls.
Residential trips.
Estate based Football coaching.
Women & Girls Sports Activities.
Cricket coaching for boys 14 to 24 year old.
Accredited Sports Education Courses/Training.
Disability Sports Coaching.
SEN Health Development programme.
Volunteers Programme 16-25 year old.
Youth Club","THE PROMOTION OF COMMUNITY PARTICIPATION IN HEALTHY RECREATION PARTICULARLY BUT NOT EXCLUSIVELY BY PROVIDING FACILITIES FOR FOOTBALL AND CRICKET;
THE PROVISION OR ASSISTANCE IN THE PROVISION OF FACILITIES FOR EDUCATION, RECREATION OR OTHER LEISURE TIME OCCUPATION IN THE INTERESTS OF SOCIAL WELFARE WITH THE OBJECT OF IMPROVING THE CONDITIONS OF LIFE FOR THE INHABITANTS OF THE AREA OF BENEFIT WITHOUT DISTINCTION OF SEX OR OF POLITICAL, RELIGIOUS AND OTHER OPINIONS",Medium,Disability,E01004205,51.522137,-0.063956,47.599,1.0,0.605,0.232,22.416,0.763,0.761,41.219,38.05,2279.0,505.0,219.0
1113739,ABERTOTS PLAY,"96 Burcham Street, LONDON",E14 0SH,31/03/2025,129276.0,124218.0,Provides Services,Education/training,Children/young People,"Abertots Playgroup is a weekday sessional provision (8.30-11.30 or 12-3) which runs during term time only. We provide activities for 2-5 year olds in accordance to the Early Years Foundation Stage, which encourages each child to development as an individual and at their own pace.","THE AIM OF THE ASSOCIATION SHALL BE TO ADVANCE THE EDUCATION OF CHILDREN BELOW COMPULSORY SCHOOL AGE IN TOWER HAMLETS.
A) PROVIDING SAFE AND SATISFYING GROUP PLAY, IN WHICH PARENTS HAVE THE RIGHT TO TAKE PART;
B) ENCOURAGING OTHER CHARITABLE ACTIVITIES THROUGH WHICH PARENTS MAY HELP THE CHILDREN.",Medium,Education/training,E01004247,51.513765,-0.011777,43.751,2.0,0.568,0.209,27.262,0.839,0.866,35.74,29.708,2695.0,649.0,238.0
1114589,EAST LONDON DISTRICT SCOUT COUNCIL,"East London Scout District, 65 Copley Street, LONDON",E1 3DF,31/12/2023,148409.0,102409.0,"Provides Buildings/facilities/open Space, Provides Services",Education/training,Children/young People,"East London Scouts gives young people skills for life.  We actively engage and support young people in their personal development, empowering them to make a positive contribution to society.  We are open to all young people aged 4 - 24 in the London Boroughs of Hackney and Tower Hamlets.","TO PROMOTE THE DEVELOPMENT OF YOUNG PEOPLE IN ACHIEVING THEIR FULL PHYSICAL, INTELLECTUAL, SOCIAL AND SPIRITUAL POTENTIAL; AS INDIVIDUALS, AS RESPONSIBLE CITIZENS AND AS MEMBERS OF THEIR LOCAL, NATIONAL AND INTERNATIONAL COMMUNITIES",Medium,Education/training,E01004283,51.516352,-0.045868,41.034,2.0,0.535,0.191,22.539,0.928,0.486,39.467,30.963,2336.0,431.0,291.0
1114726,FRIENDS OF ARNOLD CIRCUS,"C/o Leila's Shop, 17 Calvert Avenue, LONDON",E2 7JP,31/03/2025,4585.0,7847.0,Other Charitable Activities,"General Charitable Purposes, Education/training, Arts/culture/heritage/science, Amateur Sport, Environment/conservation/heritage",The General Public/mankind,"FOAC promotes for the public benefit, the preservation, care and improvement of Arnold Circus, London E2 as a place of historical and ecological interest. It seeks to provide for the local communities and beyond, in the interests of social welfare and learning, facilities for recreation and leisure time occupation with the object of improving the quality of life for those people.","1. TO PROMOTE FOR THE PUBLIC BENEFIT, THE PRESERVATION, CARE AND IMPROVEMENT OF ARNOLD CIRCUS AS A PLACE OF HISTORICAL AND ECOLOGICAL INTEREST.
2. TO PROVIDE FOR THE LOCAL COMMUNITIES AND BEYOND, IN THE INTERESTS OF SOCIAL WELFARE AND LEARNING, FACILITIES FOR RECREATION AND LEISURE TIME OCCUPATION WITH THE OBJECT OF IMPROVING THE QUALITY OF LIFE FOR THOSE PEOPLE.",Micro,Environment/conservation/heritage,E01004315,51.526081,-0.07623,31.005,3.0,0.343,0.171,11.58,0.476,0.963,31.046,39.954,1620.0,245.0,251.0
1114921,CITY OF PEACE COMMUNITY CHURCH,"6 BILLSON STREET, LONDON",E14 3DA,31/03/2025,59120.0,48166.0,"Provides Human Resources, Provides Services, Provides Advocacy/advice/information","The Prevention Or Relief Of Poverty, Religious Activities, Arts/culture/heritage/science, Amateur Sport","Children/young People, Elderly/old People, People With Disabilities, The General Public/mankind","Activities include:- A Sunday morning meeting which includes,a Bible talk, singing, prayers and friendship- Weekly Bible studies- Service projects in the community- Youth group for secondary school children- Community outreach","(1)  THE ADVANCEMENT OF THE CHRISTIAN RELIGION AS TAUGHT IN THE BOOKS OF THE OLD AND NEW TESTAMENTS AND AS DESCRIBED IN THE STATEMENT OF FAITH. 
(2)  THE RELIEF OF POVERTY, SICKNESS AND DISTRESS OF THE INHABITANTS OF THE ISLE OF DOGS AND THE SURROUNDING AREAS.",Small,Amateur Sport,E01004217,51.4903,-0.007412,26.389,4.0,0.293,0.137,16.129,0.127,0.921,37.13,21.615,2219.0,407.0,356.0
1115595,ABILITY BOW,"ST. PAULS CHURCH, ST. STEPHENS ROAD, LONDON",E3 5JL,31/03/2025,263938.0,263871.0,"Provides Human Resources, Provides Buildings/facilities/open Space, Provides Services","The Advancement Of Health Or Saving Of Lives, Disability, Amateur Sport, Recreation","Elderly/old People, People With Disabilities, The General Public/mankind",By providing specialist disability exercise support in a community gym and neighbouring locations Ability Bow works with people of all abilities to bring about positive change and maximise health and well-being to improve quality of daily life in the communities of East London.,"1) THE PROMOTION OF HEALTH THROUGH THE PURSUIT OF HEALTHY RECREATION
2) THE PROVISION OF A GYM AND FITNESS CLASSES THAT ARE OPEN TO EVERYONE, PARTICULARLY PEOPLE WITH DISABILITIES AND THOSE WHO WOULD NOT OTHERWISE USE OR HAVE ACCESS TO A GYM.",Medium,Recreation,E01004222,51.53267,-0.032192,37.465,2.0,0.47,0.233,27.436,0.66,0.735,24.529,27.031,2789.0,508.0,462.0
1116360,CALVARY CHARISMATIC BAPTIST CHURCH,"119 EAST INDIA DOCK ROAD, LONDON",E14 6DE,31/12/2024,854068.0,783983.0,"Provides Buildings/facilities/open Space, Other Charitable Activities","General Charitable Purposes, Education/training, Religious Activities, Other Charitable Purposes",The General Public/mankind,"To provide for and promote the establishment of Church Christian groups bodies, organisations missions and other Christian meetings in the United Kingdom and throughout the world and generally to establish and assist in the establishment of places of Christian prayer, praise and worship.",TO ADVANCE THE PROTESTANT AND EVANGELICAL CHRISTIAN FAITH,Medium,Other Charitable Purposes,E01004244,51.511159,-0.018275,44.423,2.0,0.513,0.239,24.99,1.03,0.929,36.495,31.459,2056.0,345.0,276.0
1116802,IT'S YOUR LIFE,"IT'S YOUR LIFE, The Glasshouse, 161 Old Ford Road, LONDON",E2 9QB,31/03/2025,321176.0,351858.0,"Provides Human Resources, Provides Services, Provides Advocacy/advice/information","Education/training, Arts/culture/heritage/science, Amateur Sport","Children/young People, People With Disabilities, People Of A Particular Ethnic Or Racial Origin","The charity is currently carrying out the following activities:
Integrated programme of support to build educational capital and improve the life chances of young people and their families;
Classes in ESOL, ICT, Maths and Textiles for parents;
Curriculum support for pupils with special needs;
Community support in the Arts.","1 DELIVERING INNOVATIVE EDUCATIONAL PROJECTS TO CHILDREN YOUNG PEOPLE AND ADULTS AT RISK OF FAILING TO REACH THEIR FULL POTENTIAL DUE TO LACK OF OPPORTUNITY.
2 DEVELOPING, SUPPORTING AND PROMOTING PARTNERSHIPS BETWEEN ORGANISATIONS AND INDIVIDUALS WITHIN THE COMMUNITY AND MAINSTREAM EDUCATION PROVISION.
3 DEVELOPING INITIATIVES WHICH RAISE EDUCATIONAL ASPIRATION.",Medium,Amateur Sport,E01004201,51.531348,-0.047287,25.579,4.0,0.357,0.135,9.806,0.179,0.253,32.414,33.559,1673.0,277.0,255.0
1116877,ADEEG COMMUNITY CENTRE LIMITED,"5-7 Assembly Passage, LONDON",E1 4UT,31/03/2025,9800.0,9000.0,"Provides Human Resources, Provides Services, Provides Advocacy/advice/information","Education/training, Economic/community Development/employment","Children/young People, Elderly/old People, People Of A Particular Ethnic Or Racial Origin","a.Advocacy and interpreting servicesb.Referring clients to appropriate social and community service providersc.Advice and training for citizenship course for Somali communityd.Advice, Information and Guidance to young Somali people on drug misuse, prevention and rehabilitation programmese.Employment and Work opportunityf.Health Awareness Programmesg.Football training for young people","(3.1)  TO PROMOTE, ADVANCE AND PROVIDE OR ARRANGE FOR THE PROVISION OF EDUCATION AND TRAINING FOR EMPLOYMENT AND SELF-EMPLOYMENT FOR THE INHABITANTS OF THE SOMALI COMMUNITY IN BOW AND BETHNAL GREEN.
(3.2)  TO RELIEVE THE CHARITABLE NEEDS OF THE SOMALI PEOPLE, IN PARTICULAR BUT NOT EXCLUSIVELY BY ASSISTING THEM TO CUT ACROSS THE BARRIERS  OF THEIR LANGUAGE, RACE OR CULTURE AND BY PROVIDING SUPPORT AND ADVICE ON ISSUES RELATED TO THEIR YOUTH, CULTURE AND ON SUCH OTHER AREAS WHICH THEY MAY HAVE DIFFICULTY IN ACCESSING.
(3.4)  TO PROMOTE CHARITABLE PURPOSES FOR THE GENERAL BENEFIT AN WELFARE OF THE SOMALI RESIDENT IN BOROUGH OF TOWER HAMLET AS THE THE EXECUTIVE COMMITTEE SHALL THINK FIT AND WORKING WITH LOCAL VOLUNTARY ORGANISATIONS AND LOCAL AUTHORITIES.",Micro,Economic/community Development/employment,E01004290,51.520292,-0.051335,31.305,3.0,0.404,0.154,17.12,0.672,0.646,30.549,33.035,2061.0,363.0,217.0
1118076,VISION CARE FOR HOMELESS PEOPLE,"C/o Crisis Uk, 50-52 Commercial Street, LONDON",E1 6LT,31/03/2025,469048.0,413117.0,Provides Services,The Advancement Of Health Or Saving Of Lives,Other Defined Groups,"VCHP provide free eyecare services to homeless and other vulnerable people in UK in an accessible and friendly environment in which they feel safe, welcome and comfortable. We aim to preserve, protect and promote the ocular health of homeless and other vulnerable people in the UK and include the provision of spectacles that meets their immediate visual needs.","TO PRESERVE, PROTECT AND PROMOTE THE OCULAR HEALTH OF HOMELESS AND DESTITUTE PEOPLE IN THE UK WHO ARE UNWILLING OR UNABLE TO ACCESS MAINSTREAM SERVICES AVAILABLE THROUGH THE NHS BY PROVIDING AND ASSISTING IN THE PROVISION OF A COMPREHENSIVE HIGH QUALITY AND FREE AT THE POINT OF USE OCULAR HEALTH SERVICE, INCLUDING SCREENING AND THE PROVISION OF SPECTACLES, THAT MEETS THE IMMEDIATE VISUAL NEEDS OF OUR BENEFICIARIES IN A SAFE, ACCESSIBLE, FRIENDLY AND COMFORTABLE ENVIRONMENT.",Medium,The Advancement Of Health Or Saving Of Lives,E01004310,51.517445,-0.073337,33.152,3.0,0.391,0.158,11.459,0.703,0.742,35.468,43.119,2119.0,320.0,164.0
1119049,HEAR ME OUT MUSIC,"Hear Me Out, Rich Mix Cultural Foundation, 35-47 Bethnal Green Road, LONDON",E1 6LA,31/03/2025,371361.0,332661.0,"Provides Services, Provides Advocacy/advice/information","Education/training, The Advancement Of Health Or Saving Of Lives, Arts/culture/heritage/science, Human Rights/religious Or Racial Harmony/equality Or Diversity",Other Defined Groups,"Hear Me Out brings people living in immigration detention centres together with professional musicians and people living in the community, to create and perform powerful artistic work, and convey it to new audiences through live and recorded performance, thereby increasing wellbeing and empathy, and helping change attitudes to migrants.","1 THE PROMOTION AND PROTECTION OF THE PHYSICAL AND MENTAL HEALTH OF IMMIGRANTS AND ASYLUM SEEKERS, WITH PARTICULAR REFERENCE TO THOSE DETAINED UNDER IMMIGRATION LAWS, THROUGH THE PROVISION OF MUSIC AND OTHER ACTIVITIES.
2 THE ADVANCEMENT OF EDUCATION OF THE PUBLIC ABOUT THE POSITION AND EXPERIENCE OF IMMIGRATION DETAINEES,  AND THE PROMOTION OF GOOD COMMUNITY RELATIONS BETWEEN PEOPLE OF DIVERSE BACKGROUNDS, WITH PARTICULAR REFERENCE TO THOSE LIVING IN DISADVANTAGED COMMUNITIES, THROUGH THE PROVISION OF MUSIC AND OTHER ACTIVITIES.
3 THE ADVANCEMENT OF EDUCATION OF THE PUBLIC, IN PARTICULAR BUT NOT EXCLUSIVELY, CURRENT AND FORMER IMMIGRATION DETAINEES, IN THE CREATIVE ARTS.",Medium,Human Rights/religious Or Racial Harmony/equality Or Diversity,E01035669,51.524203,-0.073614,30.287,3.0,0.338,0.112,9.172,0.735,1.406,34.592,33.402,1370.0,146.0,34.0
1120471,LOCKSLEY ESTATE CULTURAL ASSOCIATION,"7 Lydbrook Place, LONDON",E14 7TU,31/03/2025,50253.0,43809.0,"Provides Buildings/facilities/open Space, Provides Services, Provides Advocacy/advice/information","General Charitable Purposes, Education/training, The Prevention Or Relief Of Poverty, Religious Activities","Children/young People, Elderly/old People, The General Public/mankind",1. CONDUCTING RELIGIOUS DIALOGUES AMONG INTERFAITH COMMUNITY. 2. ORGANISE CONFERENCE. 3. FACILITATE SEMINARS AND TRAINING COURSES. 4. ESTABLISH CLOSE RELATIONS WITH OTHER MEMBERS OF THE SOCIETY. 5. PROVISION OF WORSHIP FACILITIES. 6. PROVISION OF FACILITIES FOR THE RECREATION AND OTHER LEISURE TIME ACTIVITIES.,"TO PROMOTE ANY CHARITABLE PURPOSE FOR THE BENEFITS OF THE COMMUNITY OF LOCKSLEY ESTATE, IN PARTICULAR BUT NOT EXCLUSIVELY, BY FACILITATING THE PROVISION OF EDUCATION AND TRAINING PARTICULARLY WHERE LANGUAGE DIFFICULTIES EXIST.",Small,Religious Activities,E01004251,51.513925,-0.033029,35.438,2.0,0.493,0.162,16.587,0.37,0.882,37.424,29.785,2660.0,653.0,215.0
1122448,SYLHET DIVISIONAL WELFARE COUNCIL UK,"Unit A, 37 PRINCELET  STREET, LONDON",E1 5LP,31/03/2025,100.0,0.0,"Provides Services, Provides Advocacy/advice/information","General Charitable Purposes, Education/training, The Advancement Of Health Or Saving Of Lives, The Prevention Or Relief Of Poverty, Arts/culture/heritage/science, Amateur Sport, Economic/community Development/employment, Other Charitable Purposes","Children/young People, Elderly/old People, People Of A Particular Ethnic Or Racial Origin","Education/TrainingMedical/Health/SicknessRelief of PovertyArts/cultureSport/recreationEconomic/Community development/Employment","FOR THE BENEFIT OF THE INHABITANTS IN THE UNITED KINGDOM AND IN BANGLADESH AND IN PARTICULAR MEMBERS OF THE BANGLADESHI COMMUNITY WHO ARE IN HARDSHIP AND SDC - UK WILL:
1) RELIEVE PERSONS IN THE UNITED KINGDOM AND IN BANGLADESH WHO ARE IN CONDITIONS OF POVERTY, SICKNESS AND DISTRESS IN SUCH WAYS SDC - UK THROUGH ITS EXECUTIVE COUNCIL MAY FROM TIME TO TIME DECIDE AND WHICH MAY INCLUDE THE PROVISION OF GRANTS OR LOANS AND THE PROVISION OF ADVICE AND INFORMATION CONCERNING SUBJECTS SUCH AS HOUSING, WELFARE BENEFITS, EMPLOYMENT, HEALTH, EDUCATION AND OTHER MATTERS;
2) PROMOTE THE ADVANCEMENT OF EDUCATION AND TRAINING OF DISADVANTAGED PEOPLE IN BOTH THE PRINCIPAL AREA OF BENEFIT AND BANGLADESH WHO THROUGH THEIR SOCIAL AND ECONOMIC CIRCUMSTANCES ARE IN NEED AND UNABLE TO GAIN EMPLOYMENT AND IN PARTICULAR TO PROMOTE AND SUPPORT SCHEMES WHERE SUCH PEOPLE MAY RECEIVE TRAINING FOR EMPLOYMENT;
3) PROVIDE THE PROVISION OF FACILITIES FOR RECREATION AND LEISURE TIME OCCUPATION IN THE INTERESTS OF SOCIAL WELFARE WITH THE OBJECT OF IMPROVING THE CONDITIONS OF LIFE OF THE SAID INHABITANTS IN BOTH THE PRINCIPAL AREA OF BENEFIT AND BANGLADESH HAVING NEED OF FACILITIES BY REASON OF THEIR YOUTH, AGE, INFIRMITY, POVERTY OR SOCIAL AND ECONOMICAL CIRCUMSTANCES.",Micro,Other Charitable Purposes,E01004306,51.519646,-0.070447,36.117,2.0,0.387,0.19,15.221,0.546,0.73,38.717,48.653,1926.0,302.0,204.0
1122590,LINCOLN AREA REGENERATION GROUP,"Poplar Union, 2 Cotall Street, LONDON",E14 6TL,31/03/2025,396748.0,526635.0,"Provides Human Resources, Provides Services, Provides Advocacy/advice/information, Other Charitable Activities","General Charitable Purposes, Education/training, The Prevention Or Relief Of Poverty, Arts/culture/heritage/science, Environment/conservation/heritage, Economic/community Development/employment","Children/young People, Elderly/old People, People With Disabilities, People Of A Particular Ethnic Or Racial Origin, The General Public/mankind","LARG is a resident-formed organization with focuses on bringing economic, environmental and social prosperity to communities within Tower Hamlets.  In order to achieve this we provide a number of  community led services. We work in patnership with Poplar HARCA & other community partners - Our mission is working to support and develop sustainable communities within deprived areas of Tower Hamlets","A)  THE PROMOTION FOR THE BENEFIT OF THE PUBLIC OF URBAN REGENERATION IN THE LINCOLN AREA OF BOW, EAST LONDON, AN AREA OF SOCIAL AND ECONOMIC DEPRIVATION, BY ALL OR ANY OF THE FOLLOWING MEANS: THE MAINTENANCE, IMPROVEMENT OR PROVISION OF PUBLIC AMENITIES; THE PROVISION OF RECREATIONAL FACILITIES FOR THE PUBLIC AT LARGE OR THOSE WHO BY REASON OF THEIR YOUTH, AGE, INFIRMITY OR DISABLEMENT, FINANCIAL HARDSHIP OR SOCIAL AND ECONOMIC CIRCUMSTANCES, HAVE NEED OF SUCH FACILITIES; SUCH OTHER MEANS AS MAY FROM TIME TO TIME BE DETERMINED SUBJECT TO THE PRIOR WRITTEN CONSENT OF THE CHARITY COMMISSIONERS FOR ENGLAND AND WALES.
B)  TO DEVELOP THE CAPACITY AND SKILLS OF THE MEMBERS OF THE SOCIALLY AND ECONOMICALLY DISADVANTAGED COMMUNITY OF THE LINCOLN AREA OF BOW, EAST LONDON, IN SUCH A WAY THAT THEY ARE BETTER ABLE TO IDENTIFY, AND HELP MEET, THEIR NEEDS AND TO PARTICIPATE MORE FULLY IN SOCIETY.",Medium,Environment/conservation/heritage,E01035692,51.515643,-0.02288,27.507,3.0,0.421,0.139,11.389,0.645,0.462,30.891,11.785,1418.0,266.0,93.0
1123353,SHAHJALAL CENTRE,"Shahjalal Centre, 25 Hale Street, Poplar, London",E14 0BF,31/03/2025,75357.0,30750.0,Provides Buildings/facilities/open Space,"Education/training, Religious Activities","Children/young People, People Of A Particular Ethnic Or Racial Origin","Daily Muslim Congregational Prayers. Weekday Supplementary Classes for children between 5-7pm. Social Events to Strengthen Community Relations.","A)     TO PROMOTE AND PROVIDE DAILY CONGREGATIONAL PRAYER FACILITY FOR THE SERVICE USERS.
B)     TO PROMOTE, ORGANISE AND TEACH SUPPLEMENTARY LANGUAGE CLASSES AND MAINSTREAM SUBJECTS TO THE RESIDENTS AND USERS OF THE CENTRE.
C)     PROVIDE ADVICE AND COUNSELLING FACILITIES FOR THE SERVICE USERS AND RESIDENTS LIVING IN THE NEIGHBOURHOODS ON ISSUES RANGING FROM MORAL DILEMMAS TO HEALTH ISSUES.
D)     ESTABLISH A CENTRE OF EDUCATION AN KNOWLEDGE.  WILL PROVIDE ACCESS TO TECHNOLOGICAL RESOURCES AND A LIBRARY OF KNOWLEDGE AND EDUCATION FOR ITS USERS AND RESIDENTS.
E)     PROVIDE AND PROMOTE SERVICES FOR THE FEMALE RESIDENTS OF THE LOCALITY.  THE CENTRE WILL CATER ON DIFFERENT ACTIVITIES AND FACILITIES FOR THE FEMALE USERS/COMMUNITY OF THE LOCALITY.
F)     TO UNITE THE COMMUNITY IN ORDER TO INSPIRE THEM TO DEVOTE THEMSELVES WHOLE-HEARTEDLY TO THE SERVICES OF THE COMMUNITY.
G)     ORGANISE SOCIAL EVENTS TO STRENGTHEN THE COMMUNITY RELATIONS.
H)     PROVIDE AND FOSTER GOODWILL AND FRIENDLY RELATION WITH THE LOCAL, OUTER COMMUNITY AND OTHER ORGANISATIONS.
I)     TO SUPPORT RELIGIOUS, EDUCATIONAL AND RECREATIONAL INTEREST OF THE PEOPLE LIVING IN THE AREA.
J)     PROMOTE EQUAL OPPORTUNITY AND HARMONIOUS RELATIONS IN THE SOCIETY AND TO OPPOSE ALL ATTEMPTS TO DIVIDE THE COMMUNITY IN ANY SORT OF DISORDER SUCH AS ANTI SOCIAL BEHAVIOUR.
K)     PROVIDE AN OPPORTUNITY FOR EXCHANGE OF CULTURE BETWEEN THE DIFFERENT FACTIONS OF RESIDENTS/USERS OF THE CENTRE.
L)     PROVIDE ACTIVITIES THROUGH OUT THE YEAR FOR GENERAL USERS/RESIDENTS (I.E. CONFERENCES, OPEN DAYS ETC) IN ORDER TO INTEGRATE THE COMMUNITY.
M)     ESTABLISH EMPLOYMENT OPPORTUNITIES FOR POSTS IN CONJUNCTION TO THE ACTIVITIES AND SERVICES PROVIDED.
N)     IT WILL FOLLOW THE CHARITY RULES AND REGULATION OF UK.
O)     ABIDE BY THE POLITICAL BY-LAWS OF UK",Small,Religious Activities,E01004257,51.509519,-0.017554,47.337,1.0,0.624,0.214,32.022,0.677,0.656,37.491,38.143,2290.0,547.0,176.0
1123972,HERMITAGE RIVER PROJECTS LIMITED,"HERMITAGE MOORINGS, 16 WAPPING HIGH STREET, LONDON",E1W 1NG,28/02/2025,23889.0,28608.0,"Makes Grants To Individuals, Makes Grants To Organisations, Provides Human Resources, Provides Buildings/facilities/open Space, Provides Services, Sponsors Or Undertakes Research","General Charitable Purposes, Education/training, Arts/culture/heritage/science, Environment/conservation/heritage","Children/young People, Other Charities Or Voluntary Bodies, The General Public/mankind","Hermitage River Projects aims to promote knowledge and understanding of the Thames, its history, its ecology and the communities using it; to undertake educational initiatives that increase understanding of navigational and boat handling skills; to undertake cultural initiatives that promote and celebrate river heritage; and to encourage the use, preservation and restoration of historic vessels.","THE ADVANCEMENT OF EDUCATION IN THE HISTORY OF NAVIGATION ON THE RIVER THAMES BY THE PRESERVATION, MAINTENANCE AND OPERATION OF ALL TYPES OF CRAFT ASSOCIATED WITH THE RIVER, AND OR RELATED ARTEFACTS AND RECORDS OF ANY KIND AND IN ANY FORMAT, FOR THE BENEFIT OF THE PUBLIC BY EXHIBITION IN A MUSEUM OR OTHERWISE AND THROUGH PUBLICATION, LECTURES AND EVENTS. 

(2)	TO PROVIDE PEOPLE IN GREATER LONDON AND SOUTH EASTERN COUNTIES WITH FACILITIES FOR RECREATION INCLUDING BOATING ACTIVITIES AND OTHER LEISURE TIME OCCUPATIONS IN THE INTERESTS OF SOCIAL WELFARE WITH THE OBJECT OF IMPROVING THE CONDITIONS OF LIFE ESPECIALLY OF YOUNG PEOPLE AND PEOPLE WITH DISABILITY AND FOR THE ADVANCEMENT OF EDUCATION, INCLUDING ENVIRONMENTAL EDUCATION RELATING TO THE RIVER THAMES, IN PARTICULAR BY THE HOLDINGS OF MEETINGS, LECTURES AND CLASSES.",Small,Environment/conservation/heritage,E01004293,51.5038,-0.064993,7.925,9.0,0.119,0.058,1.083,-0.897,-0.237,14.507,32.102,2017.0,183.0,332.0
1124449,ORPHAN WELFARE TRUST,"Flat 31, 32 Truman Walk, Bromley by Bow, London",E3 3FE,30/06/2024,28249.0,44654.0,Other Charitable Activities,"Education/training, The Prevention Or Relief Of Poverty","Children/young People, People With Disabilities","THE ADVANCEMENT OF EDUCATION AND THE PRESERVATION AND PROTECTION OF HEALTH AND THE RELIEF OF FINANCIAL HARDSHIP AMONG POOR AND ORPHANED CHILDREN IN BANGLADESH, PARTICULARLY BUT NOT EXCLUSIVELY BY THE PROVISION OF FACILITIES FOR THEIR CARE AND EDUCATION","THE ADVANCEMENT OF EDUCATION AND THE PRESERVATION AND PROTECTION OF HEALTH AND THE RELIEF OF FINANCIAL HARDSHIP AMONG POOR AND ORPHANED CHILDREN IN BANGLADESH, PARTICULARLY BUT NOT EXCLUSIVELY BY THE PROVISION OF FACILITIES FOR THEIR CARE AND EDUCATION.",Small,The Prevention Or Relief Of Poverty,E01035666,51.523529,-0.01324,32.29,3.0,0.477,0.164,18.748,0.34,0.385,33.167,25.972,1957.0,371.0,106.0
1124554,COUNCIL OF MOSQUES - TOWER HAMLETS,"CoM-TH, 3rd Floor, 46 Whitechapel Road, London Muslim Centre, London",E1 1JX,31/03/2025,149716.0,99715.0,Acts As An Umbrella Or Resource Body,General Charitable Purposes,Other Charities Or Voluntary Bodies,"The Council of Mosques works primarily as a conduit of communication between the Muslim community in Tower Hamlets and the Local Authority is central.Currently, the Council of Mosques offers three main areas of service provision: 1.	Capacity building and training programmes for its members and affiliates2.	Consultation and advocacy on local issues3.	Community cohesion activities","THE PROMOTION OF RELIGIOUS AND RACIAL HARMONY FOR THE BENEFIT OF THE PUBLIC BY:
A) EDUCATING THE PUBLIC IN DIFFERENT RELIGIOUS BELIEFS INCLUDING AN AWARENESS OF THEIR DISTINCTIVE FEATURES AND THEIR COMMON GROUND TO PROMOTE GOOD RELATIONS BETWEEN PERSONS OF DIFFERENT FAITHS AND OF DIFFERENT RACIAL GROUPS;
B) PROMOTING KNOWLEDGE AND MUTUAL UNDERSTANDING BETWEEN DIFFERENT RELIGIOUS AND RACIAL GROUPS;
C) PROVIDING A CLOSER NETWORK AND CO-OPERATION BETWEEN THE MOSQUES AND OTHER ISLAMIC ORGANISATIONS WITH SERVICE PROVIDERS AND OTHER FAITH COMMUNITIES;
D) PROVIDING ADVICE ON COMMUNITY ISSUES;
E) BY SUCH OTHER CHARITABLE MEANS AS THE TRUSTEES DEEM FIT.
TO PROMOTE SOCIAL INCLUSION FOR THE PUBLIC BENEFIT BY WORKING WITH INDIVIDUALS IN THE LONDON BOROUGH OF TOWER HAMLETS AND SURROUNDING AREAS WHO ARE SOCIALLY OR ECONOMICALLY DISADVANTAGED ON THE GROUNDS OF THEIR RELIGION, ETHNIC ORIGIN OR CREED (IN PARTICULAR, MEMBERS OF THE MUSLIM COMMUNITY) TO RELIEVE THE NEEDS OF SUCH INDIVIDUALS AND ASSIST THEM TO INTEGRATE INTO BRITISH SOCIETY, IN PARTICULAR BY:
A) WORKING WITH INDIVIDUALS TO ADDRESS ISSUES OF INEQUALITY AND ASSIST THEM TO INTEGRATE INTO BRITISH SOCIETY;
B) WORKING WITH SERVICE PROVIDERS TO ENABLE THEM TO BETTER UNDERSTAND THE NEEDS OF THE MUSLIM COMMUNITY IN ORDER THAT THEY CAN ADAPT SERVICE PROVISION TO BETTER MEET THE NEEDS OF THAT COMMUNITY;
C) UNDERTAKING RESEARCH WITH INDIVIDUALS, ORGANISATIONS AND DIFFERENT COMMUNITIES ON ISSUES PERTINENT TO THE MUSLIM COMMUNITY;
D) RAISING THE CONCERNS OF THE MUSLIM COMMUNITY TO RELEVANT ORGANISATIONS OR AUTHORITIES AS DEEMED APPROPRIATE BY THE TRUSTEES;
E) BUILDING THE CAPACITY OF MOSQUES AND ISLAMIC ORGANISATIONS THROUGH THE PROVISION OF GRANTS, ADVICE & GUIDANCE, TRAINING AND OTHER MEANS SO THAT THEY ARE BETTER EQUIPPED TO DELIVER PROJECTS AND SERVICES THAT ADDRESS ISSUES OF INEQUALITY;
F) BY SUCH OTHER CHARITABLE MEANS AS THE TRUSTEES DEEM FIT.",Medium,General Charitable Purposes,E01035687,51.517319,-0.066265,21.918,4.0,0.329,0.072,9.248,-0.086,0.77,28.819,36.746,1901.0,257.0,41.0
1124839,POLLYANNA TRAINING THEATRE,"Raine House, 16 Raine Street, LONDON",E1W 3RL,31/03/2025,102726.0,99673.0,Provides Buildings/facilities/open Space,"Education/training, Arts/culture/heritage/science","Children/young People, People With Disabilities",Provision of tuition in drama and performing arts for children and young people,TO ADVANCE THE EDUCATION AND DEVELOPMENT OF CHILDREN AND YOUNG PEOPLE UP TO THE AGE OF EIGHTEEN BY PROVIDING AND ASSISTING IN THE PROVISION OF TUITION IN DRAMA AND PERFORMING ARTS,Medium,Arts/culture/heritage/science,E01004296,51.506301,-0.057394,26.423,4.0,0.397,0.149,11.539,0.258,0.826,20.33,26.033,2458.0,374.0,252.0
1124917,TEVIOT BRITISH BANGLADESHI ASSOCIATION,"181 Teviot Street, LONDON",E14 6PY,31/12/2024,61619.0,49051.0,"Provides Human Resources, Provides Advocacy/advice/information","Education/training, The Prevention Or Relief Of Poverty, Arts/culture/heritage/science, Amateur Sport, Economic/community Development/employment","Children/young People, Elderly/old People, People Of A Particular Ethnic Or Racial Origin","1. To promote Islamic education to the community with the provision of mother tongue
and Arabic Classes for the age between 06 to 16.
2. To the regular activities, the centre provides advisory services to the local community.
3. To run mosque for daily prayers.","FOR THE BENEFIT OF THE INHABITANTS LIVING IN THE LONDON BOROUGH OF TOWER HAMLETS AND IN PARTICULAR MEMBERS OF THE BANGLADESHI COMMUNITY WHO ARE IN HARDSHIP BY
1 RELIEVING POVERTY, SICKNESS AND DISTRESS THROUGH THE PROVISION OF ADVICE AND INFORMATION TO THE SAID INHABITANTS IN NEED OF SUCH ADVICE THAT MAY INCLUDE WELFARE BENEFITS, HEALTH AND EMPLOYMENT AND
2 ADVANCING EDUCATION IN PARTICULAR THE PROVISION OF LANGUAGE AND OTHER SUBJECT CLASSES
3 THE PROVISION OF FACILITIES FOR RECREATION AND LEISURE TIME OCCUPATION IN THE INTEREST OF SOCIAL WELFARE WITH THE OBJECT OF IMPROVING THE CONDITIONS OF LIFE OF THE SAID INHABITANTS HAVING NEED OF FACILITIES BY REASON OF THEIR YOUTH, AGE, INFIRMITY, POVERTY OR SOCIAL AND ECONOMIC CIRCUMSTANCES",Small,Amateur Sport,E01004248,51.518442,-0.011862,50.906,1.0,0.644,0.24,28.332,1.389,0.506,35.399,32.045,1876.0,520.0,117.0
1125118,MADINATUL ULOOM WELFARE TRUST,"Flat 1, Bicknell House, Ellen Street, London",E1 1NA,03/01/2025,5890.0,4500.0,"Makes Grants To Individuals, Makes Grants To Organisations, Provides Buildings/facilities/open Space","General Charitable Purposes, Education/training, The Prevention Or Relief Of Poverty, Religious Activities",Elderly/old People,"Run adult religious education classes for the local communitiesRaise funds for the good causes of the trut -","TO PROMOTE SUCH CHARITABLE PURPOSES AS SHALL BE RECOGNISED AS CHARITABLE UNDER THE LAWS OF ENGLAND AND WALES FOR THE BENEFIT OF THE PUBLIC WHO ARE OF BANGLADESHI ORIGIN AND LIVING IN ENGLAND OR BANGLADESH IN PARTICULAR FOR THE FOLLOWING PURPOSE;
THE ADVANCEMENT OF EDUCATION
THE ADVANCEMENT OF ISLAMIC FAITH.",Micro,Religious Activities,E01004319,51.512822,-0.065115,35.858,2.0,0.499,0.157,19.428,0.284,0.344,43.836,33.965,2540.0,506.0,264.0
1125577,TANZEEMUS SUNNAH FOUNDATION,"Flat 4, Lister House, Lomas Street, London",E1 5BG,31/03/2024,7653.0,6971.0,"Makes Grants To Individuals, Provides Other Finance, Provides Advocacy/advice/information","General Charitable Purposes, Education/training, The Advancement Of Health Or Saving Of Lives, Disability, The Prevention Or Relief Of Poverty, Religious Activities","Children/young People, Elderly/old People, People With Disabilities, The General Public/mankind",Providing general education within Bangladeshi community in the UK and Bangladesh.,"TO WORK FOR BETTER PROVISION OF EDUCATION TO THE DISADVANTAGED PEOPLE OF BANGLADESH AND PROVIDE THE MOTHER TONGUE AND CULTURAL EDUCATION TO THE CHILDREN IN THE UNITED KINGDOM.
A TO RELIEVE FINANCIAL HARDSHIP, SICKNESS AND POOR HEALTH AMONGST BANGLADESHI ELDERLY PEOPLE.
B THE RELIEF OF SICKNESS AND THE PRESERVATION OF HEALTH AMONG CITIZENS OF BANGLADESH.
C TO WORK FOR THE ERADICATION  OF POVERTY  THROUGH INTERNATIONAL ASSISTED PROGRAMMERS.",Micro,Disability,E01004205,51.520609,-0.063459,47.599,1.0,0.605,0.232,22.416,0.763,0.761,41.219,38.05,2279.0,505.0,219.0
1126191,HOME SWEET HOME TRUST,"19 Geoff Cade Way, LONDON",E3 4GJ,31/03/2025,31771.0,17743.0,"Makes Grants To Individuals, Provides Other Finance, Provides Advocacy/advice/information","General Charitable Purposes, Education/training, The Prevention Or Relief Of Poverty, Overseas Aid/famine Relief, Religious Activities, Economic/community Development/employment","Children/young People, Elderly/old People, The General Public/mankind","To relieve poverty, sickness and distress amongst the poor people and young children including education . Also provide financial help to the poor and needy people specially orphans, widows and disabled.","A)  TO RELIEVE FINANCIAL HARDSHIP, SICKNESS AND POOR HEALTH AMONGST BANGLADESHI CITIZENS.
B)  TO WORK FOR THE ERADICATION OF POVERTY THROUGH INTERNATIONAL ASSISTED PROGRAMMERS.",Small,Overseas Aid/famine Relief,E01004272,51.51855,-0.026761,41.976,2.0,0.575,0.197,23.659,0.666,0.682,39.522,25.386,2676.0,646.0,195.0
1127062,CHILDREN EDUCATION GROUP,"HARKNESS HOUSE COMMUNITY CENTRE, 101 CHRISTIAN STREET, LONDON",E1 1RX,31/03/2025,16105.0,7489.0,"Provides Human Resources, Provides Buildings/facilities/open Space, Provides Services, Provides Advocacy/advice/information, Other Charitable Activities","General Charitable Purposes, Education/training, The Prevention Or Relief Of Poverty, Arts/culture/heritage/science, Amateur Sport, Economic/community Development/employment","Children/young People, Elderly/old People, People With Disabilities, People Of A Particular Ethnic Or Racial Origin, The General Public/mankind","To advance the education and to relieve the financial hardship for the elderly people and provide general welfare services such as Lunch Club, Day Trips, Sports, Study Support, Social functions and community work in the London Borough of Tower Hamlets","= TO ADVANCE THE EDUCATION OF THE PUBLIC LIVING IN WHITECHAPEL WARD, BERNER ESTATE AND THE
SURROUNDING AREAS IN THE LONDON BOROUGH OF TOWER HAMLETS (THE AREA OF BENEFIT), IN PARTICULAR
BUT NOT EXCLUSIVELY THROUGH THE PROVISION OF LANGUAGE CLASSES AND OTHER COMMUNITY EDUCATION
CLASSES.
O TO RELIEVE THE FINANCIAL HARDSHIP, EITHER GENERALLY OR INDIVIDUALLY, OF PERSONS LIVING IN THE AREA
OF BENEFIT, IN PARTICULAR BUT NOT EXCLUSIVELY THROUGH THE PROVISION OF ADVICE ON HEALTH, SOCIAL
SECURITY, HOUSING ISSUES AND OTHER WELFARE ISSUES.
O TO RELIEVE ELDERLY PEOPLE RESIDENT IN THE AREA OF BENEFIT WHO ARE IN NEED, BY PROVIDING ITEMS,
SERVICES OR FACILITIES CALCULATED TO RELIEVE THE NEEDS OF SUCH PERSONS.
O TO FURTHER OR BENEFIT THE RESIDENTS OF WHITECHAPEL WARD, BERNER ESTATE AND THE SURROUNDING
AREAS IN THE LONDON BOROUGH OF TOWER HAMLETS, WITHOUT DISTINCTION OF SEX, SEXUAL ORIENTATION,
RACE OR OF POLITICAL, RELIGIOUS OR OTHER OPINIONS BY ASSOCIATING TOGETHER THE SAID RESIDENTS AND
THE LOCAL AUTHORITIES, VOLUNTARY AND OTHER ORGANISATIONS IN A COMMON EFFORT TO ADVANCE
EDUCATION AND TO PROVIDE FACILITIES IN THE INTERESTS OF SOCIAL WELFARE FOR RECREATION LEISURE TIME
OCCUPATION WITH THE OBJECTIVE OF IMPROVING THE CONDITIONS OF LIFE FOR THE RESIDENTS.
= IN FURTHERANCE OF THESE OBJECTS BUT NOT OTHERWISE, THE TRUSTEES SHALL HAVE POWER:
TO ESTABLISH OR SECURE THE ESTABLISHMENT OF A COMMUNITY CENTRE AND TO MAINTAIN OR MANAGE
OR CO-OPERATE WITH ANY STATUTORY AUTHORITY IN THE MAINTENANCE AND MANAGEMENT OF SUCH A
CENTRE FOR ACTIVITIES PROMOTED BY THE CHARITY IN FURTHERANCE OF THE ABOVE OBJECTS.",Small,Amateur Sport,E01004319,51.513394,-0.06437,35.858,2.0,0.499,0.157,19.428,0.284,0.344,43.836,33.965,2540.0,506.0,264.0
1127300,VOLUNTEER CENTRE TOWER HAMLETS,"NORVIN HOUSE, 45-55 COMMERCIAL STREET, LONDON",E1 6BD,30/09/2024,213517.0,186500.0,"Provides Human Resources, Provides Services, Provides Advocacy/advice/information, Acts As An Umbrella Or Resource Body","Education/training, The Prevention Or Relief Of Poverty, Economic/community Development/employment, Other Charitable Purposes","Children/young People, Elderly/old People, People With Disabilities, People Of A Particular Ethnic Or Racial Origin, Other Charities Or Voluntary Bodies, Other Defined Groups, The General Public/mankind","Volunteer Centre Tower Hamlets (VCTH) is the Volunteer Infrastructure Organisation for the London Borough of Tower Hamlets.  Our mission is to provide a comprehensive volunteering infrastructure service to non-profit groups and communities in Tower Hamlets, so that we increase the quality, quantity and impact of volunteering in the borough.","1)  THE PROMOTION OF ANY CHARITABLE PURPOSE FOR THE BENEFIT OF THE COMMUNITY OF TOWER HAMLETS, GREATER LONDON, IN PARTICULAR THE RELIEF OF THOSE IN NEED BY REASON OF YOUTH, AGE, ILL-HEALTH, DISABILITY OR OTHER SOCIAL OR ECONOMIC DISADVANTAGE.
2)  THE PROMOTION AND ADVANCEMENT OF VOLUNTARY WORK FOR CHARITABLE PURPOSES FOR THE BENEFIT OF THE COMMUNITY, PREDOMINANTLY IN THE LONDON BOROUGH OF TOWER HAMLETS BUT ADDITIONALLY PROMOTION AND ADVANCEMENT OF VOLUNTARY WORK SUB-REGIONALLY AND NATIONALLY.",Medium,Other Charitable Purposes,E01004310,51.517736,-0.074088,33.152,3.0,0.391,0.158,11.459,0.703,0.742,35.468,43.119,2119.0,320.0,164.0
1127652,THE PAROCHIAL CHURCH COUNCIL OF THE ECCLESIASTICAL PARISH OF CHRIST CHURCH WITH ALL SAINTS SPITALFIELDS,"Christ Church Spitalfields, Fournier Street, LONDON",E1 6QE,31/12/2024,534856.0,526735.0,"Makes Grants To Organisations, Provides Buildings/facilities/open Space, Provides Services",Religious Activities,The General Public/mankind,"Regular public worship open to all. The provision of a sacred space for personal prayer and contemplation. pastoral work, including visiting the sick and the bereaved. Teaching of Christianity through sermons, courses and small groups. taking of religious assemblies in Christ Church School. The provision of youth and community work with a Christian ethos. Promotion of Christianity.",Promoting in the ecclesiastical parish the whole mission of the Church.,Medium,Religious Activities,E01004306,51.519346,-0.072997,36.117,2.0,0.387,0.19,15.221,0.546,0.73,38.717,48.653,1926.0,302.0,204.0
1128579,BANGLADESHI MENTAL HEALTH FORUM,"Unit S-7, The Whitechapel Centre, 85 Myrdle Street",E1 1HL,31/03/2025,14400.0,12005.0,"Provides Advocacy/advice/information, Acts As An Umbrella Or Resource Body","General Charitable Purposes, Education/training, The Advancement Of Health Or Saving Of Lives, Economic/community Development/employment",People Of A Particular Ethnic Or Racial Origin,"The BMHF prides itself on being a grassroots organisation that aims to raise awareness of mental health and support people on a local level. Our current work involves organising local mental health awareness raising event/workshops, supporting people by organising local activities (social/educational) and one to one support.","3.1 THE RELIEF OF SICKNESS AND THE PRESERVATION AND PROTECTION OF GOOD HEALTH OF
BANGLADESHI PEOPLE LIVING IN LONDON WHO HAVE MENTAL HEALTH PROBLEMS, THEIR CARERS
AND FAMILIES, IN PARTICULAR BUT NOT EXCLUSIVELY, BY THE PROVISION OF ADVOCACY,
WORKING IN PARTNERSHIP WITH SERVICE PROVIDERS, GROUPS, PERSONS, LOCALLY AND
INTERNATIONALLY AND BY ORGANISING SEMINARS, CONFERENCES, RESEARCH AND THE
PUBLICATION AND CIRCULATION OF INFORMATION.
3.2 THE ADVANCEMENT OF EDUCATION OF BANGLADESHI MENTAL HEALTH WORKERS AND
OTHER MENTAL HEALTH WORKERS WHO PROVIDE A SERVICE TO THE BANGLADESHI COMMUNITY.",Small,The Advancement Of Health Or Saving Of Lives,E01035686,51.515464,-0.063331,32.731,3.0,0.421,0.121,15.636,0.329,0.792,39.48,44.652,1892.0,252.0,49.0
1129273,ST LUCIA DIABETES PROJECT (UK),"223 BOW ROAD, LONDON",E3 2SJ,28/04/2024,2292.0,4117.0,"Makes Grants To Individuals, Makes Grants To Organisations, Provides Services, Acts As An Umbrella Or Resource Body, Other Charitable Activities","General Charitable Purposes, Education/training, The Advancement Of Health Or Saving Of Lives, Other Charitable Purposes","Children/young People, Elderly/old People, People With Disabilities, People Of A Particular Ethnic Or Racial Origin, Other Charities Or Voluntary Bodies, The General Public/mankind","Run training sessions and conferences for  health care professionals in St Lucia Hold diabetes, leg ulcer and foot clinics .Hold public workshops Distribute to institutions in St. Lucia instruments and medical supplies.  Apply for Commonwealth Scholarships for St Lucian doctors and nurses to study in the UK..","TO PROMOTE THE HEALTH AND WELL-BEING OF DIABETES SUFFERERS AND THEIR FAMILIES IN ST LUCIA AND THE WIDER CARIBBEAN.

TO PROMOTE HEALTH EDUCATION AND IMPROVED UNDERSTANDING OF INTERNATIONAL HEALTH ISSUES AMONG THE GENERAL PUBLIC AND LUCIANS AND THEIR DESCENDANTS LIVING IN THE UK.",Micro,Other Charitable Purposes,E01032764,51.529189,-0.01667,26.645,3.0,0.341,0.137,11.275,0.605,0.9,23.179,30.739,2611.0,356.0,120.0
1129378,OCEAN YOUTH CONNEXIONS,"Ocean Youth Connexions, Tower Hamlets Community Transport, 27 Newell Street, LONDON",E14 7HP,30/09/2024,281393.0,193371.0,"Provides Services, Provides Advocacy/advice/information","General Charitable Purposes, Education/training, The Prevention Or Relief Of Poverty, Amateur Sport, Economic/community Development/employment, Recreation, Other Charitable Purposes","Children/young People, Elderly/old People, The General Public/mankind","Ocean Youth Connexions has been providing various youth and community activities since 2002, within the London Borough of Tower Hamlets. These have range from youth club sessions, parents and children's evenings, football training, Taekwando, homework clubs, cycle proficiency training and employment support workshops. The organisation also delivers various holiday programmes targeting families.","TO ACT AS A RESOURCE FOR YOUNG PEOPLE UP TO THE AGE OF 25 LIVING IN TOWER HAMLETS BY PROVIDING ADVICE AND ASSISTANCE AND ORGANISING PROGRAMMES OF PHYSICAL, EDUCATIONAL AND OTHER ACTIVITIES AS A MEANS OF:
A) ADVANCING IN LIFE AND HELPING YOUNG PEOPLE BY DEVELOPING THEIR SKILLS, CAPACITIES AND CAPABILITIES TO ENABLE THEM TO PARTICIPATE IN SOCIETY AS INDEPENDENT, MATURE AND RESPONSIBLE INDIVIDUALS:
B) ADVANCING EDUCATION:
C) RELIEVING UNEMPLOYMENT:
D) PROVIDING RECREATIONAL AND LEISURE TIME ACTIVITY IN THE INTERESTS OF SOCIAL WELFARE FOR PEOPLE LIVING IN THE AREA OF BENEFIT WHO HAVE NEED BY REASON OF THEIR YOUTH, AGE, INFIRMITY OR DISABILITY, POVERTY OR SOCIAL AND ECONOMIC CIRCUMSTANCES WITH A VIEW TO IMPROVING THE CONDITIONS OF LIFE OF SUCH PERSONS.",Medium,Other Charitable Purposes,E01035691,51.511522,-0.031331,14.365,6.0,0.182,0.054,9.59,-0.444,0.502,27.315,27.615,1982.0,255.0,67.0
1130260,POPLAR CENTRAL MOSQUE,"POPLAR CENTRAL MOSQUE, 253 EAST INDIA DOCK ROAD, LONDON",E14 0EG,31/03/2025,115798.0,84657.0,"Provides Buildings/facilities/open Space, Provides Services, Provides Advocacy/advice/information","Education/training, Religious Activities, Economic/community Development/employment","Children/young People, People Of A Particular Ethnic Or Racial Origin, The General Public/mankind","The premise is used as a place of worship, education and social welfare aims and objectives in accordance with the planning permission granted by the local authority.","TO ADVANCE THE ISLAMIC FAITH, IN PARTICULAR BY PROVIDING A MOSQUE FOR WORSHIP
AND EDUCATION ACTIVITIES.",Medium,Religious Activities,E01004247,51.511549,-0.010015,43.751,2.0,0.568,0.209,27.262,0.839,0.866,35.74,29.708,2695.0,649.0,238.0
1130764,"THE PAROCHIAL CHURCH COUNCIL OF THE ECCLESIASTICAL PARISH OF CHRIST AND ST JOHN WITH ST LUKE, ISLE OF DOGS","CHRIST CHURCH VICARAGE, MANCHESTER ROAD, LONDON",E14 3BN,31/12/2024,164572.0,151698.0,"Makes Grants To Organisations, Provides Buildings/facilities/open Space, Provides Services",Religious Activities,The General Public/mankind,"Regular public worship open to all.Pastoral work, including visiting the sick and bereaved.Taking of religious assemblies in schools.",Promoting in the ecclesiastical parish the whole mission of the Church.,Medium,Religious Activities,E01004217,51.489292,-0.006318,26.389,4.0,0.293,0.137,16.129,0.127,0.921,37.13,21.615,2219.0,407.0,356.0
1130902,"THE PAROCHIAL CHURCH COUNCIL OF THE ECCLESIASTICAL PARISH OF ST MARY AND HOLY TRINITY, BOW (WITH BROMLEY SAINT LEONARD)","St. Marys &amp; Holy Trinity Church, 230 Bow Road, LONDON",E3 3AH,31/12/2024,138196.0,182299.0,Provides Buildings/facilities/open Space,Religious Activities,The General Public/mankind,"Our primary objective is the promotion of the Gospel of our Lord Jesus Christ according to the doctrines and practices of the Church of England. We work to promote the whole mission of the Church: pastoral; evangelistic; social and ecumenical. Our historic church building, which has been a landmark in Bow for 700 years, is a sign of the central place of Christian faith in the community.",Promoting in the ecclesiastical parish the whole mission of the Church.,Medium,Religious Activities,E01004237,51.528165,-0.018315,38.261,2.0,0.544,0.184,16.399,0.694,0.776,31.332,31.168,1602.0,404.0,128.0
1131128,GATEHOUSE PARENTS ASSOCIATION,"Gatehouse Parents Association, Gatehouse School, Sewardstone Road, LONDON",E2 9JG,01/09/2022,16271.0,5637.0,Provides Other Finance,"General Charitable Purposes, Education/training, Amateur Sport",Children/young People,"Organise fundraising activities including a Summer fair and various other activities during the year for the benefit of the parents and pupils at the school.Apply funds raised for the purchase of items that benefit children at the school but which the school is unable to provide.","To advance the education of pupils in the School in particular by:Developing effective relationships between the staff parents and others associated with the school;Engaging in activities or providing facilities or equipment which support the School and advance the education of the pupils.",Small,Amateur Sport,E01004201,51.532416,-0.046059,25.579,4.0,0.357,0.135,9.806,0.179,0.253,32.414,33.559,1673.0,277.0,255.0
1131175,SOYTTEN SEN SCHOOL OF PERFORMING ARTS,"Flat 85, James Hammett House, Ravenscroft Street, London",E2 7QJ,31/03/2024,33.0,3132.0,"Provides Services, Provides Advocacy/advice/information, Other Charitable Activities","Education/training, The Advancement Of Health Or Saving Of Lives, Arts/culture/heritage/science, Environment/conservation/heritage, Economic/community Development/employment, Recreation","Children/young People, Elderly/old People, People Of A Particular Ethnic Or Racial Origin, The General Public/mankind","TO PROVIDE MUSIC SINGING LESSONS TO ORGANISE AND DELIVER ARTS AND CULTURAL ACTIVITIES TO THE COMMUNITYTO PROMOTE COMMUNITY COHESION THROUGH BETTER UNDERSTANDING OF COMMUNITIESTO BETTER HEALTH OF THE LOCAL COMMUNITYTO DELIVER EDUCATIONAL PROGRAMMES THAT PROMOTES ACADEMIC ACHIEVEMENT, SOCIAL DEVELOPMENT OF PEOPLE OF ALL AGES. THAT HELPS TO PROMOTE BETTER INTEGRATION.","OBJECTS
1. TO PROMOTE FOR THE BENEFIT OF THE BENGALI COMMUNITY IN THE UK BY :
( A ) THE ADVANCEMENT OF EDUCATION AND TRAINING,
( B ) THE RELIEF OF POVERTY , SICKNESS AND DISTRESS,
( C ) THE PROMOTION OF GOOD HEALTH AND
( D ) THE PROVISION OF RECREATIONAL FACILITIES IN THE INTERESTS OF SOCIAL WELFARE WITH THE
2. TO ADVANCE EDUCATION OF THE PUBLIC ON ALL ASPECTS OF BENGALI HISTORY, ART AND CULTURE.",Micro,Environment/conservation/heritage,E01035664,51.530243,-0.071758,31.656,3.0,0.373,0.169,8.876,0.53,0.916,26.44,48.098,2563.0,449.0,341.0
1132126,SHOREDITCH TABERNACLE BAPTIST CHURCH,"THE TAB CENTRE, 3 GODFREY PLACE, LONDON",E2 7NT,31/12/2024,319333.0,295908.0,"Provides Human Resources, Provides Buildings/facilities/open Space, Provides Services","General Charitable Purposes, Religious Activities, Other Charitable Purposes","Children/young People, Elderly/old People, Other Charities Or Voluntary Bodies, Other Defined Groups, The General Public/mankind","The Church is a meeting place where people from many cultures and backgrounds come together in a spirit of
friendship and acceptance of all people's backgrounds. We seek to be of service through the Church charitable projects based
in the Tab Centre complex. These projects seek to be socially inclusive for all people, providing services that target
'poverty, and discrimination.",The principal purpose of the Church is the advancement of the Christian faith according to the principles of the Baptist denomination.  The Church may also advance education and carry out other charitable purposes in the United Kingdom and/or other parts of the world.,Medium,Other Charitable Purposes,E01004311,51.527323,-0.075212,32.818,3.0,0.471,0.18,13.68,0.408,0.665,24.992,36.939,1857.0,339.0,198.0
1132150,THE PAROCHIAL CHURCH COUNCIL OF THE ECCLESIASTICAL PARISH OF SAINT JOHN ON BETHNAL GREEN,"The Crypt  - St. John On Bethnal Green Church, 200 Cambridge Heath Road, LONDON",E2 9PA,31/12/2024,99918.0,133589.0,"Provides Buildings/facilities/open Space, Provides Services, Other Charitable Activities","Religious Activities, Arts/culture/heritage/science",The General Public/mankind,"Promoting in the ecclesiastical parish the whole mission of the church, pastoral, evangelistic, social and ecumenical.",Promoting in the ecclesiastical parish the whole mission of the Church.,Small,Religious Activities,E01004259,51.527774,-0.055182,28.552,3.0,0.35,0.131,7.255,0.299,0.579,33.462,49.07,1737.0,269.0,163.0
1133322,"THE PAROCHIAL CHURCH COUNCIL OF THE ECCLESIASTICAL PARISH OF ST DUNSTAN AND ALL SAINTS, STEPNEY","ST DUNSTAN'S RECTORY, RECTORY SQUARE, STEPNEY, LONDON",E1 3NQ,31/12/2024,178087.0,144034.0,"Makes Grants To Organisations, Provides Buildings/facilities/open Space",Religious Activities,The General Public/mankind,"Promoting in the ecclesiastical parish the whole mission of the Church, pastoral, evangelistic, social and ecumenical",Promoting in the ecclesiastical parish the whole mission of the Church.,Medium,Religious Activities,E01004290,51.519429,-0.044338,31.305,3.0,0.404,0.154,17.12,0.672,0.646,30.549,33.035,2061.0,363.0,217.0
1133761,THE PAROCHIAL CHURCH COUNCIL OF THE ECCLESIASTICAL PARISH OF ST. GEORGE-IN-THE-EAST WITH ST. PAUL,"THE PARISH OFFICE, ST GEORGE-IN-THE-EAST CHURCH, 14 CANNON STREET ROAD, LONDON",E1 0BH,31/12/2024,289924.0,507609.0,"Makes Grants To Organisations, Provides Buildings/facilities/open Space",Religious Activities,The General Public/mankind,Place of Worship,Promoting in the ecclesiastical parish the whole mission of the Church.,Medium,Religious Activities,E01004301,51.510462,-0.060531,45.921,1.0,0.578,0.192,23.592,0.64,0.44,47.515,47.712,1370.0,256.0,127.0
1133963,"THE PAROCHIAL CHURCH COUNCIL OF THE ECCLESIASTICAL PARISH OF ST PAUL AND ST MARK, OLD FORD","St Paul Old Ford, St Stephen's Road, London",E3 5JL,31/12/2024,276916.0,278228.0,"Provides Buildings/facilities/open Space, Provides Services, Other Charitable Activities",Religious Activities,The General Public/mankind,"Provides an opportunity for people to be involved in Christian worship, prayer and religious teaching. The charity also carries out youth work and arranges social and spiritual activities as a practical expression of its faith-based beliefs.",Promoting in the ecclesiastical parish the whole mission of the Church.,Medium,Religious Activities,E01004222,51.53267,-0.032192,37.465,2.0,0.47,0.233,27.436,0.66,0.735,24.529,27.031,2789.0,508.0,462.0
1134843,"THE PAROCHIAL CHURCH COUNCIL OF THE ECCLESIASTICAL PARISH OF ST PAUL'S, SHADWELL","St. Pauls Shadwell Church, 302 The Highway, LONDON",E1W 3DH,31/12/2024,618920.0,650358.0,"Makes Grants To Individuals, Provides Buildings/facilities/open Space, Provides Services",Religious Activities,The General Public/mankind,"Promoting in the ecclesiastical parish, and beyond, the whole mission of the Church.",Promoting in the ecclesiastical parish the whole mission of the Church.,Medium,Religious Activities,E01004303,51.509519,-0.05302,32.13,3.0,0.431,0.172,18.077,0.251,0.498,35.925,30.68,2911.0,617.0,287.0
1134888,METHODIST CHURCH IN TOWER HAMLETS,"Bow Road Methodist Church, 1 Merchant Street, LONDON",E3 4LY,31/08/2024,605695.0,731813.0,"Provides Services, Acts As An Umbrella Or Resource Body",Religious Activities,The General Public/mankind,The provision of sacred space (buildings) for prayer and contemplation.  Supporting other charities in the UK and overseas financially and with prayer.,"THE PURPOSES OF THE METHODIST CHURCH ARE AND SHALL BE DEEMED TO HAVE BEEN SINCE THE DATE OF UNION THE ADVANCEMENT OF -
(A) THE CHRISTIAN FAITH IN ACCORDANCE WITH THE DOCTRINAL STANDARDS AND THE DISCIPLINE OF THE METHODIST CHURCH;
(B) ANY CHARITABLE PURPOSE FOR THE TIME BEING OF ANY CONNEXIONAL, DISTRICT, CIRCUIT, LOCAL OR OTHER ORGANISATION OF THE METHODIST CHURCH;
(C) ANY CHARITABLE PURPOSE FOR THE TIME BEING OF ANY SOCIETY OR INSTITUTION SUBSIDUARY OR ANCILLARY TO THE METHODIST CHURCH;
(D) ANY PURPOSE FOR THE TIME BEING OF ANY CHARITY BEING A CHARITY SUBSIDIARY OR ANCILLARY TO THE METHODIST CHURCH.",Medium,Religious Activities,E01004268,51.526178,-0.02744,37.753,2.0,0.515,0.194,22.486,0.816,0.068,32.849,33.627,1781.0,306.0,185.0
1134962,THE PAROCHIAL CHURCH COUNCIL OF THE ECCLESIASTICAL PARISH OF POPLAR (ALL SAINTS AND ST NICHOLAS),"2M Dee Street, LONDON",E14 0PT,31/12/2022,183742.0,171910.0,"Makes Grants To Organisations, Provides Buildings/facilities/open Space, Provides Services",Religious Activities,The General Public/mankind,"The PCC of All Saints & St. Nicholas has the responsibility of co-operating & planning with the Team Rector, Team Vicar & clergy in promoting our pastoral, evangelistic, educational, social & ecumenical mission in the whole Parish.
The charitable objectives of the Parish of Poplar are to serve the spiritual, pastoral & social needs of those who live in the Parish or who worship in our Churches.",Promoting in the ecclesiastical parish the whole mission of the Church.,Medium,Religious Activities,E01004243,51.514225,-0.004983,35.878,2.0,0.473,0.184,26.492,0.587,0.163,35.006,33.979,1694.0,447.0,117.0
1135333,JAMIAT-E-ULAMA-E ISLAM EUROPE,"33 Portia Way, LONDON",E3 4JG,05/03/2025,5655.0,4197.0,Makes Grants To Individuals,"General Charitable Purposes, Education/training, The Advancement Of Health Or Saving Of Lives, The Prevention Or Relief Of Poverty, Overseas Aid/famine Relief, Religious Activities, Amateur Sport",People Of A Particular Ethnic Or Racial Origin,The charity was set up to advance education and to promote and protect good health and  to relieve financial hardship of the beneficiaries.,"A TO ADVANCE EDUCATION
B TO PROMOTE AND PROTECT GOOD HEALTH; AND
C TO RELIEVE FINANCIAL HARDSHIP",Micro,Overseas Aid/famine Relief,E01004270,51.521409,-0.032072,24.945,4.0,0.304,0.103,8.855,0.066,0.742,33.902,42.128,2472.0,396.0,157.0
1136303,SHADWELL YOUTH ORGANISATION,"99 SHADWELL GARDENS, LONDON",E1 2QJ,31/03/2025,11757.0,4343.0,"Provides Services, Provides Advocacy/advice/information","Education/training, Amateur Sport, Other Charitable Purposes",Children/young People,"The Shadwell Youth Organisation is a youth and community group that act???s to promote the greater participation of socially excluded groups in education, sports and health activities within the wards of Shadwell, St Katherines and Wapping in Tower Hamlets.","THE CHARITY'S OBJECTS (THE OBJECTS) ARE:
A)	TO PROVIDE FACILITIES FOR RECREATION AND OTHER LEISURE TIME OCCUPATION IN THE INTERESTS OF SOCIAL WELFARE FOR PERSONS WHO HAVE NEED OF SUCH LEISURE FACILITIES PARTICULARLY, BUT NOT BY WAY OF LIMITATION, BY REASON OF THEIR YOUTH, POVERTY OR SOCIAL AND ECONOMIC CIRCUMSTANCES WITH THE OBJECT OF IMPROVING THE CONDITIONS OF LIFE FOR SUCH PERSONS.
B)	TO ADVANCE THE EDUCATION OF SUCH PERSONS PARTICULARLY BUT NOT EXCLUSIVELY THROUGH THEIR LEISURE TIME ACTIVITIES SO THAT THEY DEVELOP THEIR PHYSICAL, MENTAL AND SPIRITUAL CAPACITIES AND GROW TO FULL MATURITY AS INDIVIDUALS AND MEMBERS OF SOCIETY AND THAT THEIR CONDITIONS OF LIFE MIGHT BE IMPROVED.",Small,Other Charitable Purposes,E01004302,51.511216,-0.054446,45.534,1.0,0.557,0.192,25.12,0.869,0.777,46.296,37.741,1712.0,458.0,89.0
1136448,STEPNEY CITY FARM,"STEPNEY CITY FARM, STEPNEY WAY, LONDON",E1 3DG,31/03/2025,394932.0,464338.0,"Provides Buildings/facilities/open Space, Provides Services, Provides Advocacy/advice/information","General Charitable Purposes, Education/training, The Advancement Of Health Or Saving Of Lives, Disability, Amateur Sport, Animals, Environment/conservation/heritage","Children/young People, Elderly/old People, People With Disabilities, The General Public/mankind","City farm in the heart of London's East End, providing a range of educational and recreational activities to give social benefit to our surrounding community.","TO PROMOTE, FOR THE BENEFIT OF THE INHABITANTS OF STEPNEY AND THE SURROUNDING
AREA, THE PROVISION OF FACILITIES FOR RECREATION OR OTHER LEISURE TIME
OCCUPATION, OF INDIVIDUALS WHO HAVE NEED OF SUCH FACILITIES BY REASON OF THEIR
YOUTH, AGE, INFIRMITY OR DISABILITY, FMANCIAL HARDSHIP OR SOCIAL AND ECONOMIC
CIRCUMSTANCE OR FOR THE PUBLIC AT LARGE IN THE INTERESTS OF SOCIAL WELFARE AND
WITH THE OBJECT OF IMPROVING THE CONDITIONS OF LIVES OF THE SAID INHABITANTS.
TO PROVIDE OR ASSIST IN THE PROVISION OF FACILITIES IN THE INTERESTS OF SOCIAL
WELFARE FOR RECREATION OR OTHER LEISURE TIME OCCUPATION OF INDIVIDUALS WHO
HAVE NEED OF SUCH FACILITIES BY REASON OF THEIR YOUTH, AGE, INFIRMITY,
DISABILITY, FINANCIAL HARDSHIP OR SOCIAL CIRCUMSTANCES WITH THE OBJECT OF
IMPROVING THE CONDITIONS OF THE LIVES OF THE SAID INHABITANTS.
ADVANCE THE EDUCATION OF THE PUBLIC AT LARGE, IN AGRICULTURE, HORTICULTURE, CRAFTS,
COUNTRY LIFE, PROTECTION AND IMPROVEMENT OF THE NATURAL ENVIRONMENT THROUGH BEST
ENVIRONMENTAL PRACTICES ESPECIALLY BY ENCOURAGING REDUCTION, RE-USE AND
RECYCLING, AND RELATED SUBJECTS.""",Medium,Animals,E01035681,51.517138,-0.042836,42.033,2.0,0.554,0.244,25.115,0.7,0.336,34.732,26.173,2070.0,449.0,245.0
1136509,POPLAR MOSQUE AND COMMUNITY CENTRE LIMITED,"Poplar Mosque & Community Centre, 6 Webber Path, LONDON",E14 0FZ,31/03/2025,199939.0,57999.0,"Provides Buildings/facilities/open Space, Provides Services, Provides Advocacy/advice/information","General Charitable Purposes, Education/training, The Prevention Or Relief Of Poverty, Religious Activities","Children/young People, Elderly/old People, People Of A Particular Ethnic Or Racial Origin, The General Public/mankind","To provide facilities for the religious, spiritual and educational needs of the local Muslim community of Blackwell Reach and the neighbouring areas. To improve social and educational health and economic condition of the local community regardless of their background. Co-operate and collaborate with other communities and organisations to work for the common good and to enhance community cohesion.","OBJECTS:A). TO PROMOTE THE ADVANCEMENT OF RELIGIONB). TO ORGANISE AND PROMOTE THE ADVANCEMENT OF EDUCATIONC). TO PROMOTE THE RELIEF OF POVERTYD). TO PROVIDE FACILITIES FOR RECREATION AND OTHER LEISURE ACTIVITIES WITH THE AIM OF IMPROVING THE QUALITY OF LIFE OF THE LOCAL COMMUNITY.",Medium,Religious Activities,E01004219,51.510996,-0.009736,29.952,3.0,0.445,0.123,14.949,0.225,0.805,25.999,41.394,2846.0,630.0,144.0
1137143,TOWER HAMLETS COUNCIL FOR VOLUNTARY SERVICE,"ST. HILDAS EAST COMMUNITY CENTRE, 18 CLUB ROW, LONDON",E2 7EY,31/03/2025,991857.0,848052.0,"Provides Services, Provides Advocacy/advice/information, Sponsors Or Undertakes Research, Acts As An Umbrella Or Resource Body","General Charitable Purposes, Education/training, Economic/community Development/employment",Other Charities Or Voluntary Bodies,"The activities of Tower Hamlets Council forVoluntary Service include:One to one development work; training; information sharing; dissemination of best practice; policy briefings and responses to consultation; developing strategic partnerships; supporting partnerships and consortia; events and seminars; supporting forums and networks;advocacy, voice and representation.","4.1 TO PROMOTE ANY CHARITABLE PURPOSES FOR THE BENEFIT OF THE PUBLIC, PRINCIPALLY BUT NOT EXCLUSIVELY IN THE LOCAL GOVERNMENT AREA OF THE LONDON BOROUGH OF TOWER HAMLETS AND ITS ENVIRONS (HEREINAFTER CALLED THE AREA OF BENEFIT) AND, IN PARTICULAR, BUILD THE CAPACITY OF THIRD SECTOR ORGANISATIONS AND PROVIDE THEM WITH THE NECESSARY SUPPORT, INFORMATION AND SERVICES TO ENABLE THEM TO PURSUE OR CONTRIBUTE TO ANY CHARITABLE PURPOSE.

4.2 TO PROMOTE, ORGANISE AND FACILITATE CO-OPERATION AND PARTNERSHIP WORKING BETWEEN THIRD SECTOR, STATUTORY AND OTHER RELEVANT BODIES IN THE ACHIEVEMENT OF THE ABOVE PURPOSES WITHIN THE AREA OF BENEFIT.",Medium,Economic/community Development/employment,E01004316,51.525075,-0.074153,41.511,2.0,0.402,0.16,9.105,0.734,0.728,48.751,81.457,1058.0,170.0,74.0
1137228,BISHOPSWAY COMMUNITY CENTRE (UK),"73 BISHOPS WAY, LONDON",E2 9HF,31/10/2024,69760.0,57323.0,"Provides Human Resources, Provides Buildings/facilities/open Space, Provides Services, Provides Advocacy/advice/information","Education/training, The Advancement Of Health Or Saving Of Lives, The Prevention Or Relief Of Poverty, Amateur Sport","Children/young People, Elderly/old People, People Of A Particular Ethnic Or Racial Origin, The General Public/mankind",PROMOTE THE ADVANCEMENT OF EDUCATION AND TRAINING OF DISADVANTAGED PEOPLE IN BOTH THE PRINCIPAL AREA OF BENEFIT WHO THROUGH THEIR SOCIAL AND ECONOMIC CIRCUMSTANCES ARE IN NEED AND UNABLE TO GAIN EMPLOYMENT AND IN PARTICULAR TO PROMOTE AND SUPPORT SCHEMES WHERE SUCH PEOPLE MAY RECEIVE TRAINING FOR EMPLOYMENT,"FOR THE BENEFIT OF THE INHABITANTS IN THEY UNITED KINGDOM AND IN PARTICULAR MEMBERS OF THE BANGLADESHI AND OTHER MINORITY ETHNIC COMMUNITIES BUT NOT EXCLUSIVELY WHO ARE IN HARDSHIP AND THE ASSOCIATION WILL:
* RELIEVE POVERTY, SICKNESS AND DISTRESS THROUGH THE PROVISION OF ADVICE AND INFORMATION TO THE SAID INHABITANTS IN NEED OF SUCH ADVICE THAT MAY INCLUDE WELFARE BENEFITS, HEALTH AND EMPLOYMENT
* PROMOTE THE ADVANCEMENT OF EDUCATION AND TRAINING OF DISADVANTAGED PEOPLE IN BOTH THE PRINCIPAL AREA OF BENEFIT WHO THROUGH THEIR SOCIAL AND ECONOMIC CIRCUMSTANCES ARE IN NEED AND UNABLE TO GAIN EMPLOYMENT AND IN PARTICULAR TO PROMOTE AND SUPPORT SCHEMES WHERE SUCH PEOPLE MAY RECEIVE TRAINING FOR EMPLOYMENT
* PRESERVATION AND PROTECTION OF HEALTH OF THE LOCAL COMMUNITY IN THE BETHNAL GREEN NORTH AREA
* PROVIDE THE PROVISIONS OF FACILITIES FOR RECREATION AND LEISURE TIME OCCUPATION IN THE INTERESTS OF SOCIAL WELFARE WITH THE OBJECT OF IMPROVING THE CONDITIONS OF LIFE OF THE SAID INHABITANTS HAVING NEED OF FACILITIES BY REASON OF THEIR YOUTH, AGE, INFIRMITY, POVERTY OR SOCIAL AND ECONOMIC CIRCUMSTANCES",Small,Amateur Sport,E01035660,51.533093,-0.054335,33.974,2.0,0.411,0.157,11.653,0.752,1.197,29.32,40.261,1500.0,254.0,119.0
1138270,GLOBE TOWN MOSQUE AND CULTURAL CENTRE LTD,"Globe Town Mosque, 100 Roman Road, London",E2 0RN,31/01/2025,89125.0,75320.0,"Provides Services, Provides Advocacy/advice/information","General Charitable Purposes, Education/training, The Advancement Of Health Or Saving Of Lives, Religious Activities, Economic/community Development/employment","Children/young People, Elderly/old People, People With Disabilities, People Of A Particular Ethnic Or Racial Origin, The General Public/mankind",Globe Town Mosque and Cultural Centre (GTMCC) offers daily prayer facilities for the local community as well other community based activities and services.,"(1) TO ADVANCE THE ISLAMIC RELIGION TO THE BENEFIT OF THE GENERAL PUBLIC THROUGH THE
HOLDING OF PRAYER MEETINGS AND LECTURES.
(2) TO ADVANCE EDUCATION, IN PARTICULAR BY THE PROVISION OF SUPPLEMENTARY EDUCATION
CLASSES FOR ALL AGE GROUPS AND IN ALL SUBJECTS INCLUDING MOTHER TONGUE CLASSES.
(3) TO ADVANCE EDUCATION, INCLUDING EDUCATION IN THE ISLAMIC RELIGION AND SUCH OTHER
COURSES FOR THE BENEFIT OF THE COMMUNITY AS THE TRUSTEES SHALL THINK FIT.
(4) TO PROMOTE SUCH OTHER CHARITABLE PURPOSES AS MAY FROM TIME TO TIME BE DETERMINED.",Small,The Advancement Of Health Or Saving Of Lives,E01004260,51.528626,-0.047447,40.685,2.0,0.521,0.19,23.977,1.003,0.923,31.975,30.007,1792.0,373.0,163.0
1139287,AFRICAN CULTURAL AND EDUCATIONAL CENTRE,"134D KINGSLAND ROAD, LONDON",E2 8DY,28/02/2022,10615.0,9885.0,"Provides Buildings/facilities/open Space, Provides Services, Provides Advocacy/advice/information","Education/training, Arts/culture/heritage/science","Children/young People, Elderly/old People, The General Public/mankind","Enlightening the Africansd and European about African Culture.
Provision of tools of trade to prospective African businesses
Seeking schorlaship for African Students","1) TO ENHANCE THE DEVELOPMENT AND EDUCATION OF CHILDREN UNDER STATUTORY
SCHOOL AGE BY THE PROVISION OF A NURSERY SERVICE
2) THE RELIEF OF POVERTY TO THE PUBLIC IN BY PROVIDING ACCESS TO ADVICE,
ASSISTANCE, REPRESENTATION, COUNSELLING, TRANSLATING AND INTERPRETING
SERVICES IN SUCH MATTERS AS ASYLUM, IMMIGRATION, MONEY, DEBTS, HOUSING,
WELFARE BENEFITS AND HEALTH
3) TO PROMOTE FOR THE BENEFIT OF THE INHABITANTS OF LONDON THE PROVISION OF
FACILITIES FOR RECREATION OR OTHER LEISURE TIME OCCUPATION OF INDIVIDUALS
WHO HAVE NEED OF SUCH FACILITIES BY REASON OF THEIR YOUTH, AGE INFIRMITY OR
DISABLEMENT, FINANCIAL HARDSHIP OR SOCIAL AND ECONOMIC CIRCUMSTANCES OR
FOR THE PUBLIC AT LARGE IN THE INTERESTS OF SOCIAL WELFARE AND WITH THE
OBJECT OF IMPROVING THE CONDITION OF LIFE OF THE SAID INHABITANTS.",Small,Arts/culture/heritage/science,,,,,,,,,,,,,,,
1140130,SHADWELL TRUST,"63 Martha Street, London",E1 2PA,31/03/2025,84761.0,95991.0,"Provides Services, Provides Advocacy/advice/information, Other Charitable Activities","Education/training, The Advancement Of Health Or Saving Of Lives, Arts/culture/heritage/science, Amateur Sport, Economic/community Development/employment, Recreation, Other Charitable Purposes","Children/young People, Elderly/old People, People Of A Particular Ethnic Or Racial Origin","The Rooted Forum (TRF) is a charitable organisation which provides pioneering services to the local community in Tower Hamlets and other neighbouring boroughs. TRF offers a wide range of initiatives tailored to the needs of the community.It aims to provide a holistic service, which helps people, particularly those living in disadvantaged urban communities.","TO PROMOTE FOR THE BENEFIT OF THE INHABITANTS OF TOWER HAMLETS AND THE SURROUNDING AREA THE PROVISION OF FACILITIES FOR RECREATION OR OTHER LEISURE TIME OCCUPATION OF INDIVIDUALS WHO HAVE NEED OF SUCH FACILITIES BY REASON
OF THEIR YOUTH, AGE, INFIRMITY OR DISABLEMENT, FINANCIAL HARDSHIP OR SOCIAL AND ECONOMIC CIRCUMSTANCES OR FOR THE PUBLIC AT LARGE IN THE INTERESTS OF SOCIAL WELFARE AND WITH THE OBJECT OF IMPROVING THE CONDITION OF LIFE OF THE SAID INHABITANTS",Small,Other Charitable Purposes,E01004298,51.51214,-0.054349,50.194,1.0,0.578,0.269,24.082,1.042,0.74,41.649,37.915,1656.0,367.0,240.0
1140526,REDCOAT COMMUNITY CENTRE AND MOSQUE,"256 STEPNEY WAY, LONDON",E1 3DW,31/03/2025,330926.0,117440.0,"Provides Human Resources, Provides Buildings/facilities/open Space, Provides Services","Education/training, The Prevention Or Relief Of Poverty, Religious Activities, Arts/culture/heritage/science","Children/young People, Elderly/old People, People Of A Particular Ethnic Or Racial Origin, The General Public/mankind","EDUCATION: PROVIDING EDUCATIONAL FACILITIES FOR CHILDREN AGED 6-16 SUCH AS ADDITIONAL ENGLISH, MATHS, SCIENCE, ICT  AND LANGUAGE (INCLUDING ARABIC AND BENGALI) CLASSES PROVIDING A MEANS OF ADVANCING ISLAMIC RELIGION AND PROMOTING GOOD RELATIONS WITH PEOPLE OF DIFFERENT FAITHS THROUGH ORGANISING; SEMINARS AND WORKSHOPS FOR BOTH MALES AND FEMALES. ACTIVITIES FOR THE YOUNG & HEALTHY LIVING, SOCIALISE","FOR THE PUBLIC BENEFIT IN LONDON BOROUGH OF TOWER HAMLETS AND SURROUNDING AREA AND IN PARTICULAR FOR THE BENEFIT OF THOSE MEMBERS OF THE PUBLIC WHO ARE MUSLIMS BUT NOT EXCLUSIVELY;
(1) BY RELIEVING PERSONS WHO ARE IN NEED BY REASON OF POVERTY, AGE, OR INFIRMITY.
(2) BY ADVANCING EDUCATION IN BENGALI, ARABIC AND OTHER SUBJECTS IN THE NATIONAL CURRICULUM INCLUDING THE MODERN FOREIGN LANGUAGES.
(3) BY ADVANCING THE ISLAMIC RELIGION AND PROMOTING GOOD RELATIONS BETWEEN PERSONS OF DIFFERENT RELIGIOUS FAITHS.
(4) TO PROVIDE OR ASSIST IN THE PROVISION OF FACILITIES IN THE INTERESTS OF SOCIAL WELFARE FOR RECREATION OR OTHER LEISURE TIME OCCUPATION OF INDIVIDUAL WHO HAVE NEED OF SUCH FACILITIES BY REASON OF THEIR YOUTH, AGE INFIRMITY OR DISABILITY, FINANCIAL HARDSHIP OR SOCIAL CIRCUMSTANCES WITH THE OBJECT OF IMPROVING THEIR CONDITION OF LIFE.",Medium,Religious Activities,E01004283,51.516587,-0.045973,41.034,2.0,0.535,0.191,22.539,0.928,0.486,39.467,30.963,2336.0,431.0,291.0
1140743,COMMUNITY SOLUTIONS,"Flat 57, Leeward Court, Asher Way, London",E1W 2JZ,05/12/2023,17439.0,17511.0,"Makes Grants To Individuals, Makes Grants To Organisations, Provides Human Resources, Provides Services, Provides Advocacy/advice/information, Acts As An Umbrella Or Resource Body, Other Charitable Activities","General Charitable Purposes, Education/training, The Advancement Of Health Or Saving Of Lives, Arts/culture/heritage/science, Amateur Sport, Environment/conservation/heritage, Economic/community Development/employment, Human Rights/religious Or Racial Harmony/equality Or Diversity, Other Charitable Purposes","Children/young People, Elderly/old People, People With Disabilities, People Of A Particular Ethnic Or Racial Origin, Other Charities Or Voluntary Bodies, Other Defined Groups, The General Public/mankind","We aim to empower communities to respond to the needs of their local areas. We do this by mobilising the resources of the local community to deliver solutions. We provide ideas, raise money, run campaigns and market plus deliver projects & services. Events include Mini Marathon and Christmas Fair.","1) TO PROMOTE FOR THE BENEFIT OF THE PUBLIC IN THE AREA OF EAST LONDON THE CONSERVATION, PROTECTION AND IMPROVEMENT OF THE PHYSICAL AND NATURAL ENVIRONMENT;
2) TO PROVIDE OR ASSIST IN THE PROVISION OF FACILITIES IN THE INTERESTS OF SOCIAL WELFARE FOR RECREATION OR OTHER LEISURE TIME OCCUPATION OR INDIVIDUALS WHO HAVE NEED OF SUCH FACILITIES BY REASON OF THEIR YOUTH, AGE, INFIRMITY OR DISABILITY, FINANCIAL HARDSHIP OR SOCIAL CIRCUMSTANCES WITH THE OBJECT OF IMPROVING THEIR CONDITIONS OF LIFE",Small,Human Rights/religious Or Racial Harmony/equality Or Diversity,E01004292,51.507091,-0.063341,5.462,10.0,0.089,0.047,1.363,-0.449,-0.473,15.931,14.526,1677.0,208.0,167.0
1140869,WESTWARD INNER-CITY SPORT & EDUCATION (WISE) YOUTH TRUST,"MINERVA COMMUNITY CENTRE, 10 MINERVA STREET, LONDON",E2 9EH,31/12/2024,277957.0,262901.0,"Provides Human Resources, Provides Services, Provides Advocacy/advice/information, Acts As An Umbrella Or Resource Body, Other Charitable Activities","General Charitable Purposes, Education/training, Arts/culture/heritage/science, Amateur Sport, Economic/community Development/employment, Other Charitable Purposes","Children/young People, People Of A Particular Ethnic Or Racial Origin","Our activities include Sport, health & well being; Creative & Digital Media; Music & Fashion;,ABA Boxing 
Awards ,ASDAN accredited Awards and Employment Training all designed to be outcome based, achieved 
through vocational industry-led employment pathways and delivered within an educational framework","TO ACT AS A RESOURCE FOR YOUNG PEOPLE UP TO THE AGE OF 18 LIVING IN TOWER HAMLETS, HACKNEY, NEWHAM AND ISLINGTON AND THE SURROUNDING AREA BY PROVIDING ADVICE AND ASSISTANCE AND ORGANISAED PROGRAMMES OF PHYSICAL, EDUCATIONAL AND OTHER ACTIVITIES AS A MEANS OF:
A) ADVANCING IN LIFE AND HELPING YOUNG PEOPLE BY DEVELOPING THEIR SKILLS, CAPACITIES AND CAPABILITIES TO ENABLE THEM TO PARTICIPATE IN SOCIETY AS INDEPENDENT, MATURE AND RESPONSIBLE INDIVIDUALS;
B) ADVANCING EDUCATION;
C) PROVIDING RECREATIONAL AND LEISURE TIME ACTIVITY IN THE INTEREST OF SOCIAL WELFARE FOR PEOPLE LIVING IN THE AREA OF BENEFIT WHO HAVE NEED BY REASON OF THEIR YOUTH, AGE, INFIRMITY OR DISABILITY, POVERTY OR SOCIAL AND ECONOMIC CIRCUMSTANCES WITH A VIEW TO IMPROVING THE CONDITIONS OF LIFE OF SUCH PERSONS.",Medium,Other Charitable Purposes,E01004199,51.531636,-0.059761,44.165,2.0,0.541,0.222,27.729,0.812,0.805,37.962,34.365,1775.0,361.0,204.0
1141440,GLOBAL CITIZENS,"GLOBAL CITIZENS UK, 102 MILE END ROAD, IST FLOOR ELITE ACCOUNTANCY OFFICE, LONDON",E1 4UN,31/12/2024,3700.0,650.0,"Makes Grants To Individuals, Makes Grants To Organisations, Provides Other Finance, Provides Buildings/facilities/open Space, Provides Services","General Charitable Purposes, Education/training, The Prevention Or Relief Of Poverty, Economic/community Development/employment","Children/young People, Elderly/old People, People With Disabilities, People Of A Particular Ethnic Or Racial Origin, Other Charities Or Voluntary Bodies, The General Public/mankind","(I)PROMOTE HEALTH AND WELL-BEING IN BANGLADESH AND AMONGST THE BANGLADESHI LIVING ABROAD ESPECIALLY IN THE UK. (II) INITIATIVES TO PROMOTE EDUCATION IN BANGLADESH AND AMONG THE BANGLADESHI PEOPLE LIVING ABROAD ESPECIALLY IN THE UK.(III) PROJECTS THAT RELIEVE POVERTY, DISTRESS OR FINANCIAL HARDSHIP IN BANGLADESH OR TO BENEFIT PEOPLE OF BANGLADESHI ORIGIN LIVING ABROAD PARTICULARLY IN THE UK.","THE PREVENTION OR RELIEF OF POVERTY OR FINANCIAL HARDSHIP IN THE UK AND ANYWHERE ELSE IN THE WORLD BY PROVIDING OR ASSISTING IN THE PROVISION OF EDUCATION, TRAINING, HEALTHCARE PROJECTS AND ALL THE NECESSARY SUPPORT DESIGNED TO ENABLE INDIVIDUALS TO GENERATE A SUSTAINABLE INCOME AND BE SELF SUFFICIENT.",Micro,Economic/community Development/employment,E01004290,51.520379,-0.051735,31.305,3.0,0.404,0.154,17.12,0.672,0.646,30.549,33.035,2061.0,363.0,217.0
1142142,WHITECHAPEL GALLERY ESTATES TRUST,"WHITECHAPEL GALLERY, 77-82 WHITECHAPEL HIGH STREET, LONDON",E1 7QX,31/03/2025,4750.0,143.0,Provides Buildings/facilities/open Space,"Education/training, Arts/culture/heritage/science",The General Public/mankind,The company exists for the provision and maintenance of an art gallery for exhibition to the public of Modern and historical fine art; Modern and historical design and applied art; Work done by school children or students or by persons resident in the neighbourhood of the art gallery; and to promote and encourage the education of the public in the arts.,"THE OBJECTS OF THE CHARITY ARE:
2.1 THE PROVISION AND MAINTENANCE OF AN ART GALLERY FOR EXHIBITION TO THE PUBLIC OF:
2.1.1 MODERN AND HISTORICAL FINE ART;
2.1.2 MODERN AND HISTORICAL DESIGN AND APPLIED ART;
2.1.3 WORK DONE BY SCHOOL CHILDREN OR STUDENTS OR BY PERSONS RESIDENT IN THE
NEIGHBOURHOOD OF THE ART GALLERY; AND
2.2 TO PROMOTE AND ENCOURAGE THE EDUCATION OF THE PUBLIC IN THE ARTS, BOTH IN THE
WHITECHAPEL GALLERY BUILDING AND ELSEWHERE.",Micro,Arts/culture/heritage/science,E01004309,51.516012,-0.070399,47.715,1.0,0.571,0.221,16.099,1.316,1.233,35.237,37.877,2882.0,461.0,248.0
1142528,ASMA NOOR WELFARE FOUNDATION,"Burley Rooad, Walter Terrace, London",E1 0RG,05/04/2024,12230.0,12590.0,"Makes Grants To Organisations, Provides Other Finance, Provides Human Resources, Provides Buildings/facilities/open Space","Education/training, The Advancement Of Health Or Saving Of Lives, Disability, The Prevention Or Relief Of Poverty, Accommodation/housing","Children/young People, Elderly/old People, People With Disabilities, People Of A Particular Ethnic Or Racial Origin",Employment support,"I)TO PROMOTE FOR THE BENEFIT OF THE INHABITANTS OF SOUTH SURMA WITHOUT DISTINCTION OF SEX, SEXUAL ORIENTATION, RACE OR OF POLITICAL, RELIGIOUS OR OTHER OPINIONS, BY ASSOCIATING TOGETHER THE SAID INHABITANTS AND THE LOCAL AUTHORITIES, VOLUNTARY AND OTHER ORGANISATIONS IN A COMMON EFFORT TO ADVANCE EDUCATION AND TO PROVIDE FACILITIES IN THE INTERESTS OF SOCIAL WELFARE FOR RECREATION AND OTHER LEISURE TIME OCCUPATIONS WITH THE OBJECTS OF IMPROVING THE CONDITIONS OF LIFE OF THE SAID INHABITANTS;(II) TO ESTABLISH OR SECURE THE ESTABLISHMENT OF A COMMUNITY CENTRE (HEREINAFTER CALLED 'THE CENTRE') AND TO MAINTAIN AND MANAGE THE SAME (WHETHER ALONE OR IN CO-OPERATION WITH ANY LOCAL AUTHORITY OR PERSON OR BODY) IN FURTHERANCE OF THESE OBJECTS; AND III) TO SUPPORT SUCH OTHER GENERAL CHARITABLE PURPOSES AS THE TRUSTEES MAY FROM TIME TO TIME DEEM FIT.",Small,Accommodation/housing,E01004288,51.515444,-0.044292,44.119,2.0,0.556,0.212,27.744,0.591,0.575,46.096,30.466,1796.0,402.0,218.0
1142626,QUANTUM MEDITATION LTD,"66 Hanbury Street, London, LONDON",E1 5JL,31/03/2025,1874.0,2857.0,"Provides Services, Provides Advocacy/advice/information, Other Charitable Activities","General Charitable Purposes, The Prevention Or Relief Of Poverty, Overseas Aid/famine Relief",The General Public/mankind,"Weekly meditation, discussion programmes and seminars have been arranged on issues such as anger/stress management and how to improve general health. Blood donation motivation seminar and blood donation sessions have been arranged with NHS in London. Supporting programmes in Bangladesh include drug rehabilitation programme, income generating activities for poor, mother care & primary education.","1.TO RELIEVE THOSE IN NEED, THOSE EXPERIENCING FINANCIAL OR OTHER HARDSHIP OR DISTRESS IN ANY PART OF THE WORLD;
2.TO PROMOTE GOOD HEALTH FOR THE PUBLIC BENEFIT IN PARTICULAR THROUGH THE USE OF MEDITATION AND MEDITATION TECHNIQUES;
3.TO RELIEVE THE SICK AND THOSE IN POOR HEALTH IN PARTICULAR BUT NOT EXCLUSIVELY BY PROMOTING BLOOD DONATION AND THE USE OF MEDITATION AND MEDITATION TECHNIQUES;
4.TO ADVANCE THE EDUCATION OF THE PUBLIC AND TO CONDUCT RESEARCH FOR THE PUBLIC BENEFIT (PUBLISHING THE USEFUL RESULTS OF ANY SUCH RESEARCH);
5.TO PROMOTE RACIAL AND RELIGIOUS HARMONY FOR THE PUBLIC BENEFIT; AND
6.TO PROMOTE GOOD CITIZENSHIP, ADVANCE THOSE PEOPLE IN NEED OF ADVANCEMENT IN LIFE AND HELP, IN PARTICULAR YOUNG PEOPLE, DEVELOP THEIR CAPABILITIES THAT THEY MAY GROW TO FULL MATURITY AS INDIVIDUALS AND MEMBERS OF SOCIETY.",Micro,Overseas Aid/famine Relief,E01004306,51.520172,-0.070742,36.117,2.0,0.387,0.19,15.221,0.546,0.73,38.717,48.653,1926.0,302.0,204.0
1142797,SOMALI DISABLE SUPPORT PROJECT,"102 MILE END ROAD, LONDON",E1 4UN,31/03/2025,8500.0,8500.0,"Provides Services, Provides Advocacy/advice/information","General Charitable Purposes, Education/training, Disability, The Prevention Or Relief Of Poverty, Economic/community Development/employment",People With Disabilities,"- Provision of advice, support, information and advocacy to non exclusively disabled people from Somali community- Provision of social, cultural and sport activities for disabled people","1) FOR THE PUBLIC BENEFIT, TO RELIEVE THE NEEDS OF DISABLED PEOPLE LIVING IN THE LONDON BOROUGH OF TOWER HAMLETS AND EAST LONDON, IN PARTICULAR BUT NOT EXCLUSIVELY MEMBERS OF THE SOMALI COMMUNITY, BY THE PROVISION OF ADVICE, ADVOCACY AND INFORMATION.
2) TO PROVIDE OR ASSIST IN THE PROVISION OF FACILITIES IN THE INTERESTS OF SOCIAL WELFARE FOR RECREATION OR OTHER LEISURE TIME OCCUPATION OF INDIVIDUALS WHO HAVE NEED OF SUCH FACILITIES BY REASON OF THEIR YOUTH, AGE INFIRMITY OR DISABILITY, FINANCIAL HARDSHIP OR SOCIAL CIRCUMSTANCES WITH THE OBJECT OF IMPROVING THEIR CONDITIONS OF LIFE.
3) TO ADVANCE THE EDUCATION OF THE PUBLIC BY THE PROVISION OF EDUCATIONAL TRAINING AND ACTIVITIES.",Micro,Disability,E01004290,51.520379,-0.051735,31.305,3.0,0.404,0.154,17.12,0.672,0.646,30.549,33.035,2061.0,363.0,217.0
1143126,STREETS OF GROWTH,"6 Middlesex Street, London",E1 7EX,31/08/2024,687005.0,685242.0,"Provides Services, Provides Advocacy/advice/information, Other Charitable Activities","General Charitable Purposes, Education/training, The Prevention Or Relief Of Poverty, Arts/culture/heritage/science, Economic/community Development/employment, Other Charitable Purposes","Children/young People, Other Defined Groups, The General Public/mankind","Streets of Growth are community-led organisation, based in Tower Hamlets, specialising in youth leadership development and sustained neighbourhood transformation. We design and deliver high impacting  leadership programmes with  high-risk young people (15-25 yrs) coaching, and enabling them to move out of social, economic, educational disaffection, violence and poverty.","I.TO HELP AND SUPPORT YOUNG PEOPLE LIVING WITHIN, BUT NOT EXCLUSIVELY WITHIN, THE LONDON BOROUGH OF TOWER HAMLETS (LBTH) AND THE SURROUNDING AREAS: 
A.TO DEVELOP THE KNOWLEDGE, SKILLS AND COMPETENCIES THEY REQUIRE TO IDENTIFY AND MEET THEIR NEEDS AND TO MOVE OUT OF POVERTY AND HARM’S WAY. 
B.TO DEVELOP THE KNOWLEDGE, SKILLS, COMPETENCIES AND CAPACITIES THEY REQUIRE TO FULLY PARTICIPATE IN THEIR COMMUNITIES, TO LEAD IN THE DEVELOPMENT OF THEIR COMMUNITIES AND TO BECOME POSITIVELY ENGAGED MEMBERS OF THE LOCAL AND GLOBAL SOCIETY. 
C.BY PROMOTING THE SOCIAL INCLUSION OF SUCH YOUNG PEOPLE, INCLUDING BY IDENTIFYING AND ADDRESSING THE CAUSES AND EFFECTS OF SOCIAL EXCLUSION AND SUPPORTING PARTICIPATION AND RE-INTEGRATION OF THOSE EXPERIENCING SOCIAL EXCLUSION. 
D.BY PROMOTING AND DEVELOPING THE CAPACITY OF INSTITUTIONS AND COMMUNITIES TO MEET THE NEEDS OF SUCH YOUNG PEOPLE. 
II.TO FURTHER SUCH OTHER CHARITABLE PURPOSES FOR THE BENEFIT OF THE COMMUNITY AS THE TRUSTEES SHALL DETERMINE FROM TIME TO TIME.",Medium,Other Charitable Purposes,E01004310,51.515697,-0.075299,33.152,3.0,0.391,0.158,11.459,0.703,0.742,35.468,43.119,2119.0,320.0,164.0
1143428,GIFT FOUNDATION,"Gift Foundation, 46E Micro Business Park, Greatorex Street, London",E1 5NP,31/12/2024,275800.0,380453.0,"Makes Grants To Individuals, Provides Services, Provides Advocacy/advice/information","Education/training, Economic/community Development/employment",Other Defined Groups,Supporting the seekers of knowledge,"TO PROMOTE EDUCATION IN SUCH WAYS AS THE TRUSTEES THINK FIT IN PARTICULAR BUT NOT EXCLUSIVELY BY:
* AWARDING SCHOLARSHIPS OR GRANTS TO PEOPLE OVER THE AGE OF 21 YEARS IN THE UNITED KINGDOM AND DEVELOPING COUNTRIES TO ATTEND ANY UNIVERSITY, COLLEGE OR INSTITUTE OF HIGHER OR FURTHER EDUCATION; 
* TO PROMOTE NUMERACY AND LITERACY AMONGST CHILDREN IN DEVELOPING COUNTRIES.",Medium,Economic/community Development/employment,E01004309,51.518661,-0.067476,47.715,1.0,0.571,0.221,16.099,1.316,1.233,35.237,37.877,2882.0,461.0,248.0
1144138,LATIMER CONGREGATIONAL CHURCH,"THE MANSE, LATIMER CHURCH, ERNEST STREET, LONDON",E1 4LS,31/12/2024,162969.0,219318.0,"Provides Buildings/facilities/open Space, Other Charitable Activities","Accommodation/housing, Religious Activities","Other Charities Or Voluntary Bodies, The General Public/mankind","Latimer Congregational Church continues to worship as an inclusive fellowship, showing God's love by living as Christ's ambassadors within our local community, doing, helping and providing as much as we can offer in His name, as individuals and as a congregation. One of the ways we meet this is by the provision of excellent facilities for other Christian charities and organisations.","THE PRINCIPAL PURPOSE OF THE CHURCH IS THE ADVANCEMENT OF THE CHRISTIAN FAITH ACCORDING TO THE PRINCIPLES AND USAGES FOR THE TIME BEING OF CONGREGATIONALISM AND IN ACCORDANCE WITH ANY SPECIFIC REQUIREMENTS IN THE FOUNDATION TRUSTS. THE CHURCH MAY ALSO ADVANCE EDUCATION RELIEVE NEED AND CARRY OUT OTHER CHARITABLE PURPOSES IN THE UNITED KINGDOM AND OTHER PARTS OF THE WORLD.",Medium,Accommodation/housing,E01004264,51.521132,-0.042924,47.298,1.0,0.619,0.216,38.254,0.792,0.777,31.035,36.283,1543.0,356.0,135.0
1144365,RURAL DEVELOPMENT FOUNDATION GLOBAL LTD,"160-162, MILE END ROAD, LONDON",E1 4LJ,31/03/2025,104798.0,85830.0,"Makes Grants To Individuals, Provides Buildings/facilities/open Space, Provides Services, Provides Advocacy/advice/information","General Charitable Purposes, Education/training, The Advancement Of Health Or Saving Of Lives, The Prevention Or Relief Of Poverty","Children/young People, People Of A Particular Ethnic Or Racial Origin, Other Defined Groups","The main activities of the charity are as follows:Health care support  & advice for mother and childrenEducational lectures on healthcareYouth training and team buildingNetworking and communication experience","THE CHARITY'S OBJECTS (""OBJECTS"") ARE SPECIFICALLY RESTRICTED TO THE FOLLOWING:
1. TO ADVANCE THE EDUCATION OF YOUNG PERSONS IN BANGLADESH.
2. THE PROMOTION OF RELIGIOUS HARMONY FOR THE BENEFIT OF THE PUBLIC BY EDUCATING THE PUBLIC IN DIFFERENT RELIGIOUS BELIEFS INCLUDING AN AWARENESS OF THEIR DISTINCTIVE FEATURES AND THEIR COMMON GROUND TO PROMOTE GOOD RELATIONS BETWEEN PERSONS OF DIFFERENT FAITHS.
3. THE RELIEF OF POVERTY, HARDSHIPS AND DISTRESS OF THE PUBLIC WHO ARE OF BANGLADESHI ORIGIN LIVING IN THE UK AND BANGLADESH.
4. THE PRESERVATION AND PROTECTION OF GOOD HEALTH OF THE PUBLIC WHO ARE OF BANGLADESHI ORIGIN LIVING IN THE UK AND BANGLADESH.
POWERSTHE PRESERVATION AND PROTECTION OF GOOD HEALTH OF THE PUBLIC WHO ARE OF BANGLADESHI ORIGIN LIVING IN THE UK AND BANGLADESH.",Medium,The Advancement Of Health Or Saving Of Lives,E01004290,51.521354,-0.047599,31.305,3.0,0.404,0.154,17.12,0.672,0.646,30.549,33.035,2061.0,363.0,217.0
1144395,THE PHOENIX SCHOOL FOR AUTISM CHARITABLE TRUST,"PHOENIX SPECIAL SCHOOL, 49 BOW ROAD, LONDON",E3 2AD,31/03/2025,68258.0,57423.0,"Makes Grants To Individuals, Makes Grants To Organisations, Provides Buildings/facilities/open Space, Provides Services","Education/training, Disability","Children/young People, People With Disabilities","TO ADVANCE THE EDUCATION OF PEOPLE WITH AUTISM AND/OR LANGUAGE, COMMUNICATION OR INTERACTION DIFFICULTIES, PARTICULARLY THOSE CURRENTLY OR PREVIOUSLY ATTENDING, OR SUPPORTED BY PHOENIX PRIMARY AND SECONDARY  SCHOOL.  TO SUPPORT INTERNATIONAL WORK WITH LINK ORGANISATIONS WORKING WITH PEOPLE WITH AUTISM AND COMMUNICATION DIFFICULTIES.","TO ADVANCE THE EDUCATION OF PEOPLE WITH AUTISM AND/OR LANGUAGE, COMMUNICATION OR INTERACTION DIFFICULTIES, IN THE UK AND OVERSEAS,PARTICULARLY THOSE CURRENTLY OR PREVIOUSLY ATTENDING OR SUPPORTED BY PHOENIX PRIMARY AND SECONDARY SCHOOL (THE ORGANISATION), BY:

A) DEVELOPING EFFECTIVE RELATIONSHIPS BETWEEN THE STAFF, PARENTS AND OTHERS ASSOCIATED WITH THE ORGANISATION;

B) ENGAGING IN ACTIVITIES OR PROVIDING FACILITIES OR EQUIPMENT WHICH SUPPORT THE ORGANISATION AND ADVANCE THE EDUCATION OF PEOPLE WITH AUTISM AND/OR LANGUAGE, COMMUNICATION OR INTERACTION DIFFICULTIES.

C) ENGAGING IN PARTNERSHIPS PROMOTING TRAINING, DEVELOPMENT AND PRACTICAL SUPPORT.

THESE ACTIVITIES WILL TAKE PLACE IN THE UK AND OVERSEAS.",Small,Disability,E01004231,51.527099,-0.026608,38.278,2.0,0.465,0.192,21.163,1.017,1.074,28.295,30.313,1611.0,292.0,159.0
1144397,REDEEMED CHRISTIAN CHURCH OF GOD GENESIS CHAPEL,"RCCG Genesis Chapel, 5 Brayford Square, LONDON",E1 0SG,30/09/2025,46621.0,43908.0,"Makes Grants To Individuals, Makes Grants To Organisations, Provides Services, Provides Advocacy/advice/information","The Prevention Or Relief Of Poverty, Religious Activities",The General Public/mankind,RCCG Genesis Chapel is a charity that holds religious activities.,"THE ADVANCEMENT OF THE CHRISTIAN FAITH WORLDWIDE IN ACCORDANCE WITH THE DOCTRINES SET OUT IN THE STATEMENT OF FAITH CONTAINED IN THE SCHEDULE.
THE RELIEF OF POVERTY.",Small,Religious Activities,E01004287,51.514214,-0.050341,42.945,2.0,0.649,0.202,22.79,0.328,0.137,38.685,29.31,2338.0,493.0,425.0
1144694,MALMESBURY COMMUNITY PROJECTS,"36 GUERIN SQUARE, LONDON",E3 2DP,31/01/2025,13686.0,11476.0,"Provides Services, Provides Advocacy/advice/information","Education/training, Amateur Sport, Economic/community Development/employment, Recreation","Children/young People, Elderly/old People, Other Defined Groups","To Promote for the benefit of the inhabitants of the LB of Tower Hamlets and the surrounding areathe provision of facilities for recreation or other leisure time occupation of individual who have needof such facilitiesTo advance the education for the public benefits , To help young people especially but not exclusively through leisure time activities.","THE CHARITY'S OBJECTS (""THE OBJECTS"") ARE:
(1) TO PROMOTE FOR THE BENEFIT OF THE INHABITANTS OF THE LONDON BOROUGH OF TOWER HAMLETS AND THE SURROUNDING AREA THE PROVISION OF FACILITIES FOR RECREATION OR OTHER LEISURE TIME OCCUPATION OF INDIVIDUALS WHO HAVE NEED OF SUCH FACILITIES BY REASON OF THEIR YOUTH, AGE, INFIRMITY OR DISABLEMENT, FINANCIAL HARDSHIP OR SOCIAL AND ECONOMIC CIRCUMSTANCES OR FOR THE PUBLIC AT LARGE IN THE INTERESTS OF SOCIAL WELFARE AND WITH THE OBJECT OF IMPROVING THE CONDITION OF LIFE OF THE SAID INHABITANTS.
(2) TO ADVANCE THE EDUCATION FOR THE PUBLIC BENEFIT, IN PARTICULAR BY THE PROVISION OF TRAINING OPPORTUNITIES TO FACILITATE SOCIAL INCLUSION AND INTEGRATION INTO THE WIDER SOCIETY AND THE PROVISION OF INFORMATION AND ADVICE.
(3) TO HELP YOUNG PEOPLE, ESPECIALLY BUT NOT EXCLUSIVELY THROUGH LEISURE TIME ACTIVITIES, SO AS TO DEVELOP THEIR CAPABILITIES THAT THEY MAY GROW TO FULL MATURITY AS INDIVIDUALS AND MEMBERS OF SOCIETY.",Small,Recreation,E01004229,51.52874,-0.030069,26.778,3.0,0.369,0.158,14.886,0.247,0.383,24.645,33.918,1474.0,246.0,153.0
1144944,BEANI BAZAR WELFARE TRUST UK,"13 SENRAB STREET, LONDON",E1 0QE,30/06/2023,12037.0,47809.0,"Makes Grants To Individuals, Makes Grants To Organisations","General Charitable Purposes, The Advancement Of Health Or Saving Of Lives, The Prevention Or Relief Of Poverty, Accommodation/housing",People Of A Particular Ethnic Or Racial Origin,"BEANI BAZAR WELFARE TRUST UK ARE TO ESTABLISH PUBLIC BENEFIT OF THE PEOPLE IN THE UNITED KINGDOM AND OTHER DEPRIVED PARTS OF THE WORLD IN PARTICULAR BUT NOT EXCLUSIVELY FOR THE BENEFIT OF THE PEOPLE FROM BEANI BAZAR IN BANGLADESH. MAIN ACTIVITIES INVOLVED ARE IN TO- RELIEVE POVERTY, ADVANCE EDUCATION, RELIEVE SICKNESS AND TO PROMOTE AND PROTECT GOOD HEALTH.","THE FOLLOWING OBJECTS ARE ESTABLISHED FOR THE PUBLIC BENEFIT OF PEOPLE IN THE UK AND OTHER DEPRIVED PARTS OF THE WORLD, IN PARTICULAR BUT NOT EXCLUSIVELY FOR THE BENEFIT OF PEOPLE FROM BEANI BAZRA BANGLADESH:- 1)TO RELIEVE POVERTY;2)TO ADVANCE EDUCATION;3)TO RELIEVE SICKNESS AND TO PROMOTE AND PROTECT GOOD HEALTH;AND 4)TO PROVIDE OR ASSIST IN THE PROVISION OF FACILITIES IN THE INTERESTS OF SOCIAL WELFARE FOR RECREATION OR OTHER LEISURE TIME OCCUPATION OF INDIVIDUALS WHO HAVE NEED OF SUCH FACILITIES BY REASON OF THEIR YOUTH, AGE INFIRMITY OR DISABILITY, FINANCIAL HARDSHIP OR SOCIAL CIRCUMSTANCES WITH THE OBJECT OF IMPROVING THEIR CONDITIONS OF LIFE.",Small,Accommodation/housing,E01004289,51.51536,-0.045737,38.598,2.0,0.454,0.185,20.23,0.821,0.544,42.312,38.614,1972.0,321.0,291.0
1145055,REPTON BOXING CLUB,"2-10 EZRA STREET, LONDON",E2 7RH,30/06/2024,94337.0,106295.0,Provides Services,Amateur Sport,Children/young People,Boys Boxing Club,THE PROMOTION OF COMMUNITY PARTICIPATION IN HEALTHY RECREATION FOR THE BENEFIT OF THE INHABITANTS OF THE LONDON BOROUGH OF TOWER HAMLETS AND THE PUBLIC GENERALLY BY THE PROVISION OF FACILITIES AND OPPORTUNITIES FOR BOXING.,Small,Amateur Sport,E01035664,51.529759,-0.069688,31.656,3.0,0.373,0.169,8.876,0.53,0.916,26.44,48.098,2563.0,449.0,341.0
1145150,ST JOHNS (ISLE OF DOGS) COMMUNITY ASSOCIATION,"Friends Of Island History Trust, 37-43 Glengall Grove, LONDON",E14 3NE,31/12/2024,17204.0,12724.0,"Provides Human Resources, Provides Buildings/facilities/open Space, Provides Services, Provides Advocacy/advice/information, Acts As An Umbrella Or Resource Body","General Charitable Purposes, Education/training, The Advancement Of Health Or Saving Of Lives, Disability, The Prevention Or Relief Of Poverty, Overseas Aid/famine Relief, Religious Activities, Amateur Sport, Economic/community Development/employment, Human Rights/religious Or Racial Harmony/equality Or Diversity, Recreation","Children/young People, Elderly/old People, People With Disabilities, People Of A Particular Ethnic Or Racial Origin, The General Public/mankind",Running St John's community hall on the isle of Dogs,"TO FURTHER OR BENEFIT THE RESIDENTS OF THE ISLE OF DOGS AND THE NEIGHBOURHOOD, WITHOUT DISTINCTION OF SEX, SEXUAL ORIENTATION, RACE OR OF POLITICAL, RELIGIOUS OR OTHER OPINIONS BY ASSOCIATING TOGETHER THE SAID RESIDENTS AND THE LOCAL AUTHORITIES, VOLUNTARY AND OTHER ORGANISATIONS IN A COMMON EFFORT TO ADVANCE EDUCATION AND TO PROVIDE FACILITIES IN THE INTERESTS OF SOCIAL WELFARE FOR RECREATION LEISURE TIME OCCUPATION WITH THE OBJECTIVE OF IMPROVING THE CONDITIONS OF LIFE FOR THE RESIDENTS. IN FURTHERANCE OF THESE OBJECTS BUT NOT OTHERWISE, THE TRUSTEES SHALL HAVE POWER: TO ESTABLISH OR SECURE THE ESTABLISHMENT OF A COMMUNITY CENTRE AND TO MAINTAIN OR MANAGE OR CO-OPERATE WITH ANY STATUTORY AUTHORITY IN THE MAINTENANCE AND MANAGEMENT OF SUCH A CENTRE FOR ACTIVITIES PROMOTED BY THE CHARITY IN FURTHERANCE OF THE ABOVE OBJECTS.",Small,Overseas Aid/famine Relief,E01035705,51.495321,-0.01186,35.695,2.0,0.483,0.191,18.807,0.454,0.257,42.368,22.511,1428.0,280.0,180.0
1145513,THE POPLAR PARTNERSHIP,"BYGROVE PRIMARY SCHOOL, BYGROVE STREET, LONDON",E14 6DN,31/10/2024,199097.0,5443.0,"Makes Grants To Organisations, Acts As An Umbrella Or Resource Body","General Charitable Purposes, Education/training, The Advancement Of Health Or Saving Of Lives",Children/young People,"Tower Hamlets has the highest rate of child poverty in London. It is the second most deprived borough in London and is the third most deprived borough nationally. 
Poplar is the most deprived ward within Tower Hamlets.
The Poplar Partnership is small charity set up to try and tackle these problems at their root, by helping fund and support early intervention projects within our community.","TO FURTHER SUCH CHARITABLE PURPOSES FOR THE BENEFIT OF THE PUBLIC IN TOWER HAMLETS AS THE TRUSTEES SEE FIT FROM TIME TO TIME IN PARTICULAR BUT NOT LIMITED TO: (A)ADVANCING EDUCATION AND TRAINING;(B)PROMOTING CIVIC RESPONSIBILITY AND GOOD CITIZENSHIP;(C)ADVANCING COMMUNITY PARTICIPATION IN HEALTHY RECREATION; (D)   PROMOTING RACIAL HARMONY; (E)PROMOTING AND PRESERVING GOOD HEALTH;(F)PROVIDING OR ASSISTING IN THE PROVISION OF FACILITIES IN THE INTERESTS OF SOCIAL WELFARE FOR RECREATION OR OTHER LEISURE TIME OCCUPATION OF INDIVIDUALS WHO HAVE NEED OF SUCH FACILITIES BY REASON OF THEIR YOUTH, AGE INFIRMITY OR DISABILITY, FINANCIAL HARDSHIP OR SOCIAL CIRCUMSTANCES WITH THE OBJECT OF IMPROVING THEIR CONDITIONS OF LIFE; (G)ADVANCING IN LIFE AND RELIEVING THE NEEDS OF YOUNG PEOPLE THROUGH THE PROVISION OF SUPPORT AND ACTIVITIES WHICH DEVELOP THEIR SKILLS, CAPACITIES AND CAPABILITIES TO ENABLE THEM TO PARTICIPATE IN SOCIETY AS MATURE AND RESPONSIBLE INDIVIDUALS; AND BY (H)PROMOTING THE SOCIAL INCLUSION OF CHILDREN AND YOUNG PEOPLE BY PREVENTING THEM FROM BECOMING SOCIALLY EXCLUDED FROM SOCIETY, OR PART OF SOCIETY, AS A RESULT OF THEIR YOUTH AND/OR BEING A MEMBER OF A SOCIALLY AND ECONOMICALLY DEPRIVED COMMUNITY.",Medium,The Advancement Of Health Or Saving Of Lives,E01004244,51.512515,-0.018159,44.423,2.0,0.513,0.239,24.99,1.03,0.929,36.495,31.459,2056.0,345.0,276.0
1146033,MILLWALL COMMUNITY ASSOCIATION,"4 TOPMAST POINT, THE QUARTERDECK, LONDON",E14 8SL,31/03/2025,15493.0,9577.0,Provides Services,"Arts/culture/heritage/science, Other Charitable Purposes","Children/young People, Elderly/old People, People Of A Particular Ethnic Or Racial Origin","Youth activities: discussions, sports, recreational activities, etc. women's activities: discussions, social gatherings, etc.supplementary classes: There are regular supplementary classes for local children. spiritual/cultural activities: MCA trustees arrange spiritual/cultural activities for the local people on a regular basis.","1) TO PROVIDE OR ASSIST IN THE PROVISION OF FACILITIES IN THE INTERESTS OF SOCIAL WELFARE FOR RECREATION OR OTHER LEISURE TIME OCCUPATION OF INDIVIDUALS LIVING IN MILLWALL IN THE LONDON BOROUGH OF TOWER HAMLETS WHO HAVE NEED OF SUCH FACILITIES BY REASON OF THEIR YOUTH, AGE INFIRMITY OR DISABILITY, FINANCIAL HARDSHIP OR SOCIAL CIRCUMSTANCES WITH THE OBJECT OF IMPROVING THEIR CONDITIONS OF LIFE.

2) TO ADVANCE THE EDUCATION OF CHILDREN AND YOUNG PEOPLE LIVING IN MILLWALL THROUGH THE PROVISION OF SUPPLEMENTARY EDUCATIONAL CLASSES.

3) TO ADVANCE IN LIFE AND RELIEVE NEEDS OF YOUNG PEOPLE THROUGH: 
(A) THE PROVISION OF RECREATIONAL AND LEISURE TIME ACTIVITIES PROVIDED IN THE INTEREST OF SOCIAL WELFARE, DESIGNED TO IMPROVE THEIR CONDITIONS OF LIFE; 

(B) PROVIDING SUPPORT AND ACTIVITIES WHICH DEVELOP THEIR SKILLS, CAPACITIES AND CAPABILITIES TO ENABLE THEM TO PARTICIPATE IN SOCIETY AS MATURE AND RESPONSIBLE INDIVIDUALS.

4) TO ADVANCE THE EDUCATION OF THE PUBLIC IN THE BANGLADESHI CULTURE BY SUCH MEANS AS THE TRUSTEES MAY DETERMINE.",Small,Other Charitable Purposes,E01032772,51.499787,-0.024907,20.302,5.0,0.34,0.099,12.13,0.478,0.136,22.955,12.618,2866.0,457.0,119.0
1146557,VICTORIA PARK BAPTIST CHURCH,"186 Grove Road, BOW, LONDON",E3 5TG,31/03/2025,118685.0,99314.0,"Makes Grants To Individuals, Makes Grants To Organisations, Provides Human Resources, Provides Buildings/facilities/open Space, Provides Services",Religious Activities,"Children/young People, Elderly/old People, People With Disabilities, Other Charities Or Voluntary Bodies, The General Public/mankind",Advancement of Christian faith according to the principles of the Baptist denomination.  The Church may also advance education and carry out other charitable purposes in UK and or other parts of world.,THE PRINCIPAL PURPOSE OF THE CHURCH IS THE ADVANCEMENT OF THE CHRISTIAN FAITH ACCORDING TO THE PRINCIPLES OF THE BAPTIST DENOMINATION. THE CHURCH MAY ALSO ADVANCE EDUCATION AND CARRY OUT OTHER CHARITABLE PURPOSES IN THE UNITED KINGDOM AND/OR OTHER PARTS OF THE WORLD.,Medium,Religious Activities,E01004234,51.531455,-0.040217,17.914,5.0,0.178,0.083,3.996,-0.71,0.684,25.136,51.652,2574.0,451.0,340.0
1147041,SHAH BAQUIBILLAH ORPHANAGE TRUST,"Flat 601, Balboa Court, 5 Pechora Way, LONDON",E14 7UN,28/04/2025,72500.0,83489.0,"Makes Grants To Individuals, Other Charitable Activities","General Charitable Purposes, Education/training, The Prevention Or Relief Of Poverty, Other Charitable Purposes","Children/young People, Elderly/old People, The General Public/mankind","The relief of the poor, the aged, children and the needy in any part of the world, primarily when arising from public calamity and in particular but without prejudice to the generality to the foregoing, for the purpose  of providing grants, food, clothing, shelter, medical aid and supplies.","1.TO ADVANCE THE EDUCATION OF CHILDREN AND YOUNG PEOPLE IN BANGLADESH BY SUCH MEANS AS THE TRUSTEES MAY FROM TIME TO TIME DETERMINE.2.TO PREVENT OR RELIEVE POVERTY IN BANGLADESH BY PROVIDING GRANTS OF FINANCIAL ASSISTANCE, ITEMS AND SERVICES TO INDIVIDUALS IN NEED.3.TO RELIEVE SICKNESS AND PRESERVE AND PROTECT GOOD HEALTH AMONG PEOPLE LIVING IN BANGLADESH BY SUCH MEANS AS THE TRUSTEES MAY FROM TIME TO TIME DETERMINE.4.SUCH OTHER CHARITABLE PURPOSES FOR THE PUBLIC BENEFIT AS ARE EXCLUSIVELY CHARITABLE ACCORDING TO THE LAWS OF ENGLAND AND WALES AS THE TRUSTEES MAY FROM TIME TO TIME DETERMINE.",Small,Other Charitable Purposes,E01035682,51.516362,-0.038934,41.957,2.0,0.515,0.18,16.688,1.353,0.703,39.535,32.703,1545.0,377.0,43.0
1147086,WEAVERS COMMUNITY FORUM,"Weavers Community Centre, 10 Shacklewell Street, Bethnal Green, London",E2 7EG,31/03/2025,81056.0,69384.0,"Provides Buildings/facilities/open Space, Provides Services, Provides Advocacy/advice/information, Sponsors Or Undertakes Research, Acts As An Umbrella Or Resource Body, Other Charitable Activities","General Charitable Purposes, Education/training, The Advancement Of Health Or Saving Of Lives, Disability, The Prevention Or Relief Of Poverty, Arts/culture/heritage/science, Economic/community Development/employment, Human Rights/religious Or Racial Harmony/equality Or Diversity, Recreation, Other Charitable Purposes","Children/young People, Elderly/old People, People With Disabilities, People Of A Particular Ethnic Or Racial Origin, The General Public/mankind","WEAVERS COMMUNITY FORUM IS A GRASSROOTS YOUTH AND COMMUNITY ORGANISATION CONDUCTING ACTIVITIES IN THE EAST OF LONDON. IT OFFERS A WIDE RANGE OF SERVICES FOR YOUNG PEOPLE AND THE COMMUNITY AT LARGE. THESE CAN BE GROUPED INTO THE FOLLOWING THEMES: EDUCATION, TRAINING AND EMPLOYMENT: HEALTH AND WELL-BEING: SPORTS AND RECREATIONAL ACTIVITIES: COMMUNITY EVENTS:  AND GENERIC YOUTH CLUB ACTIVITIES.",ARE TO PROMOTE THE BENEFIT OF THE INHABITANTS OF THE LONDON BOROUGH OF TOWER HAMLETS AND SURROUNDING LONDON BOROUGH'S,Small,Human Rights/religious Or Racial Harmony/equality Or Diversity,E01004315,51.525734,-0.071012,31.005,3.0,0.343,0.171,11.58,0.476,0.963,31.046,39.954,1620.0,245.0,251.0
1148272,THE PAROCHIAL CHURCH COUNCIL OF THE ECCLESIASTICAL PARISH OF SAINT MATTHEW WITH SAINT JAMES THE GREAT BETHNAL GREEN,"ST MATTHEW'S RECTORY, HEREFORD STREET, LONDON",E2 6EX,31/12/2024,137443.0,149325.0,"Makes Grants To Organisations, Provides Buildings/facilities/open Space, Provides Services","Religious Activities, Arts/culture/heritage/science",The General Public/mankind,"St Matthew's PCC is constituted to co-operate with the Priest in promoting in the parish of St Matthew with St James the Great, Bethnal Green, the whole mission of the church, pastoral, evangelistic, social and ecumenical.  It has responsibilities for a number of properties - the church, a two storey Parish Hall, The Parish Room and The Watch House.",PROMOTING IN THE ECCLESIASTICAL PARISH THE WHOLE MISSION OF THE CHURCH.,Medium,Religious Activities,E01035668,51.524409,-0.065907,33.397,3.0,0.372,0.165,12.658,0.884,1.246,30.085,33.281,2054.0,234.0,141.0
1148354,BURDETT BANGLADESHI CULTURAL ASSOCIATION (BBCA),"MASJID LANE, OFF WALLWOOD STREET, LONDON",E14 7BW,31/07/2024,409900.0,270394.0,"Provides Buildings/facilities/open Space, Provides Services, Provides Advocacy/advice/information, Other Charitable Activities","General Charitable Purposes, Education/training, The Advancement Of Health Or Saving Of Lives, Disability, The Prevention Or Relief Of Poverty, Religious Activities, Arts/culture/heritage/science, Economic/community Development/employment, Human Rights/religious Or Racial Harmony/equality Or Diversity, Recreation, Other Charitable Purposes","Children/young People, Elderly/old People, People With Disabilities, People Of A Particular Ethnic Or Racial Origin, Other Charities Or Voluntary Bodies, Other Defined Groups, The General Public/mankind","a)?Relieving poverty, sickness and distress by through the provision of  advice and information  
b)Advancing education in particular the provision of language and other subject classes 
c)Providing or assisting in the provision of facilities for the recreation and the leisure time occupation in the interests of social welfare and the object of improving their conditions of life.","1. THE PROMOTION OF THE ISLAMIC FAITH FOR THE BENEFIT OF THE PUBLIC BY PROVIDING FACILITIES FOR WORSHIP, PRAYER, CELEBRATION AND ISLAMIC OBSERVANCE;
2. THE ADVANCEMENT OF EDUCATION INCLUDING THE ADVANCEMENT OF ISLAMIC RELIGIOUS EDUCATION;
3. TO PROMOTE FOR THE BENEFIT OF THE INHABITANTS OF THE BURDETT ESTATE IN LONDON AND THE SURROUNDING AREA THE PROVISION OF FACILITIES FOR RECREATION OR OTHER LEISURE TIME OCCUPATION OF INDIVIDUALS WHO HAVE NEED OF SUCH FACILITIES BY REASON OF THEIR YOUTH, AGE, INFIRMITY OR DISABLEMENT, FINANCIAL HARDSHIP OR SOCIAL AND ECONOMIC CIRCUMSTANCES OR FOR THE PUBLIC AT LARGE IN THE INTERESTS OF SOCIAL WELFARE AND WITH THE OBJECT OF IMPROVING THE CONDITION OF LIFE OF THE SAID INHABITANTS.
THE FIRST TWO OBJECTS ABOVE WILL BE UNDERTAKEN WITH PARTICULAR SENSITIVITY TO THE NEEDS OF THE MUSLIM COMMUNITY BUT ARE NOT RESTRICTED TO THE MUSLIM COMMUNITY",Medium,Human Rights/religious Or Racial Harmony/equality Or Diversity,E01035676,51.516519,-0.028463,40.375,2.0,0.524,0.215,24.107,0.425,0.414,40.473,33.671,1604.0,383.0,209.0
1148483,NIAMATIA AIDS AND INTERNATIONAL (UK),"FLAT 607, 11 CASSILIS ROAD, LONDON",E14 9BJ,30/04/2025,6130.0,5273.0,"Makes Grants To Individuals, Makes Grants To Organisations, Provides Other Finance, Provides Buildings/facilities/open Space","General Charitable Purposes, Education/training, Disability, The Prevention Or Relief Of Poverty, Overseas Aid/famine Relief, Accommodation/housing","Children/young People, Elderly/old People, People With Disabilities, Other Charities Or Voluntary Bodies, The General Public/mankind","THE PREVENTION OR RELIEF OF POVERTY IN SYLHET, BANGLADESH BY PROVIDING: GRANTS, ITEMS AND SERVICES TO INDIVIDUALS IN NEED AND/OR CHARITIES. TO ALSO PROMOTE GOOD HEALTH, AND IMPROVE ACCESS TO EDUCATIONAL RESOURCES AND THE RELIEF OF UNEMPLOYMENT BY SUPPORTING SCHEMES AND OTHER ORGANISATIONS WORKING TO PREVENT OR RELIEVE POVERTY.","THE PREVENTION OR RELIEF OF POVERTY IN SYLHET, BANGLADESH BY PROVIDING: GRANTS, ITEMS AND SERVICES TO INDIVIDUALS IN NEED AND/OR CHARITIES. TO ALSO PROMOTE GOOD HEALTH, AND IMPROVE ACCESS TO EDUCATIONAL RESOURCES AND THE RELIEF OF UNEMPLOYMENT BY SUPPORTING SCHEMES AND OTHER ORGANISATIONS WORKING TO PREVENT OR RELIEVE POVERTY.",Micro,Accommodation/housing,E01032770,51.498203,-0.021128,12.162,7.0,0.182,0.056,8.962,0.241,-0.156,25.956,3.945,2186.0,222.0,110.0
1148565,GLAMIS RESIDENTS' ASSOCIATION,"464 CABLE STREET, LONDON",E1W 3DR,01/04/2025,18246.0,11330.0,"Makes Grants To Organisations, Provides Other Finance, Provides Buildings/facilities/open Space, Other Charitable Activities","General Charitable Purposes, Environment/conservation/heritage, Other Charitable Purposes","Elderly/old People, Other Charities Or Voluntary Bodies, Other Defined Groups, The General Public/mankind","Resident meetings, consultations, social events, clubs, bingo, councillor surgeries, parties, fund raising, resident assistance etc.","THE OBJECTS OF THE ASSOCIATION ARE TO:
(A) PROMOTE THE BENEFIT OF THE INHABITANTS ON THE GLAMIS ESTATE, TOWER HAMLETS AND THE NEIGHBOURHOOD (HEREINAFTER CALLED ""THE AREA OF BENEFIT"") WITHOUT DISTINCTION OF SEX, SEXUAL ORIENTATION, NATIONALITY, AGE, DISABILITY, RACE OR OF POLITICAL, RELIGIOUS OR OTHER OPINIONS, BY ASSOCIATING TOGETHER THE SAID INHABITANTS AND THE STATUTORY AUTHORITIES, VOLUNTARY AND OTHER ORGANISATIONS IN A COMMON EFFORT TO ADVANCE EDUCATION AND TO PROVIDE FACILITIES IN THE INTERESTS OF SOCIAL WELFARE FOR RECREATION AND LEISURE-TIME OCCUPATION WITH THE OBJECT OF IMPROVING THE CONDITIONS OF LIFE FOR THE SAID INHABITANTS;
(B) ESTABLISH, OR SECURE THE ESTABLISHMENT, OF A COMMUNITY-BASED CENTRE (HEREINAFTER CALLED ""THE GLAMIS RESIDENTS’ HALL"") AND TO MAINTAIN AND MANAGE THE SAME (WHETHER ALONE OR IN CO-OPERATION WITH ANY LOCAL AUTHORITY OR OTHER PERSON OR BODY) IN FURTHERANCE OF THESE OBJECTS;
(C) PROMOTE SUCH OTHER CHARITABLE PURPOSES AS MAY FROM TIME TO TIME BE DETERMINED.
THE ASSOCIATION SHALL BE NON-PARTY IN POLITICS AND NON-SECTARIAN IN RELIGION.",Small,Environment/conservation/heritage,E01004305,51.511091,-0.049076,43.9,2.0,0.597,0.203,22.821,0.294,0.383,43.467,41.081,1962.0,423.0,268.0
1149234,HIDAYYAH TRUST,"Hidayyah Trust, 260 Poplar High Street, LONDON",E14 0BB,31/03/2025,79344.0,70953.0,Provides Services,"Education/training, Religious Activities","Children/young People, The General Public/mankind",The center provides facilities for prayers and other activities associated with the Muslim faith. During the year under review we offer a range of religious services and activities. This is available for the community as a whole.,"1.TO ADVANCE THE ISLAMIC FAITH FOR THE BENEFIT OF THE PUBLIC.
2.TO FURTHER OR BENEFIT THE RESIDENTS OF POPLAR AND THE NEIGHBOURHOOD, WITHOUT DISTINCTION OF SEX, SEXUAL ORIENTATION, RACE OR OF POLITICAL, RELIGIOUS OR OTHER OPINIONS BY ASSOCIATING TOGETHER THE SAID RESIDENTS AND THE LOCAL AUTHORITIES, VOLUNTARY AND OTHER ORGANISATIONS IN A COMMON EFFORT TO ADVANCE EDUCATION AND TO PROVIDE FACILITIES IN THE INTERESTS OF SOCIAL WELFARE FOR RECREATION LEISURE TIME OCCUPATION WITH THE OBJECTIVE OF IMPROVING THE CONDITIONS OF LIFE FOR THE RESIDENTS.
IN FURTHERANCE OF THESE OBJECTS BUT NOT OTHERWISE, THE TRUSTEES SHALL HAVE POWER:
TO ESTABLISH OR SECURE THE ESTABLISHMENT OF A COMMUNITY CENTRE AND TO MAINTAIN OR MANAGE OR CO-OPERATE WITH ANY STATUTORY AUTHORITY IN THE MAINTENANCE AND MANAGEMENT OF SUCH A CENTRE FOR ACTIVITIES PROMOTED BY THE CHARITY IN FURTHERANCE OF THE ABOVE OBJECTS.
3.THE PROMOTION OF RELIGIOUS HARMONY FOR THE PUBLIC BENEFIT BY:
(A) PROMOTING KNOWLEDGE AND MUTUAL UNDERSTANDING BETWEEN DIFFERENT RELIGIOUS GROUPS;
(B) ADVANCING EDUCATION AND RAISING AWARENESS ABOUT DIFFERENT RELIGIOUS GROUPS TO PROMOTE GOOD RELATIONS BETWEEN PERSONS OF DIFFERENT RACIAL GROUPS;
(C) WORKING TOWARDS THE ELIMINATION OF DISCRIMINATION ON THE GROUNDS OF RELIGION.",Small,Religious Activities,E01004219,51.508606,-0.010936,29.952,3.0,0.445,0.123,14.949,0.225,0.805,25.999,41.394,2846.0,630.0,144.0
1149345,WESTFERRY COMMUNITY ORGANISATION LIMITED,"2 THE QUARTERDECK, LONDON",E14 8SJ,31/12/2024,110277.0,109612.0,"Provides Buildings/facilities/open Space, Provides Services, Provides Advocacy/advice/information","General Charitable Purposes, Education/training, Religious Activities","Children/young People, Elderly/old People, The General Public/mankind","Community Projects Cultural Projects Youth Engagement Women Activities Elderly Activities Luncheon Club Advice Surgery Supplementary Classes","1. TO ADVANCE THE EDUCATION ON QUR'AN AND ISLAMIC STUDIES FOR THE PUBLIC IN WEST FERRY AND SURROUNDING AREA PARTICULARLY, BUT NOT EXCLUSIVELY IN THE ISLAMIC FAITH.
2. TO ADVANCE THE ISLAMIC FAITH FOR THE BENEFIT OF THE PUBLIC THROUGH THE HOLDING OF PRAYER ROOMS, LECTURES, PUBLIC CELEBRATION OF RELIGIOUS FESTIVALS, PRODUCING AND DISTRIBUTING LITERATURE ON THE ISLAMIC FAITH AND TO ENLIGHTEN OTHERS ABOUT ISLAM. 
3. TO PROVIDE ADVICE ON HEALTH AND SOCIAL ISSUES IN ORDER TO IMPROVE THE CONDITIONS OF LIFE OF COMMUNITY IN WEST FERRY, AND THE SURROUNDING AREA,",Medium,Religious Activities,E01032770,51.49792,-0.024584,12.162,7.0,0.182,0.056,8.962,0.241,-0.156,25.956,3.945,2186.0,222.0,110.0
1149619,LIFETIME LEARNING,"225 MARSH WALL, ANGEL HOUSE, LONDON",E14 9FW,31/10/2024,1127.0,1127.0,"Provides Services, Provides Advocacy/advice/information",Education/training,"Children/young People, People With Disabilities","PROVIDING EDUCATION SUPPORT TO SCHOOLS. OUR CHARITY HAS BEEN ABLE TO PROVIDE TO ENHANCE COMMUNITY DEVELOPMENT, IMPROVE SERVICES, PURCHASE EQUIPMENT AND CONTRIBUTE TOWARDS DEVELOPING BETTER COMMUNITY COHESION. THE OBJECTS OF THE CHARITY AS SET OUT IN THE MEMORANDUM AND ARTICLES OF ASSOCIATION ARE TO PROMOTESOCIAL INCLUSION FOR THE PUBLIC BENEFIT BY WORKING WITH PEOPLE.","TO ADVANCE THE EDUCATION OF YOUNG PEOPLE, IN TOWER HAMLETS, LONDON, BY PROVIDING IT STUDY SKILLS AND EXAM SUPPORT TO STUDENTS.",Micro,Education/training,E01032780,51.499883,-0.011993,19.011,5.0,0.3,0.072,6.383,-0.175,-0.279,27.815,45.08,3014.0,427.0,125.0
1151005,BROMLEY BY BOW COMMUNITY ORGANISATION (BBBCO),"MARNER PRIMARY SCHOOL, DEVAS STREET, LONDON",E3 3LL,31/08/2024,66921.0,70089.0,"Provides Buildings/facilities/open Space, Provides Services, Provides Advocacy/advice/information","General Charitable Purposes, Education/training, The Advancement Of Health Or Saving Of Lives, The Prevention Or Relief Of Poverty, Arts/culture/heritage/science, Amateur Sport, Economic/community Development/employment, Human Rights/religious Or Racial Harmony/equality Or Diversity, Recreation","Children/young People, Elderly/old People, People With Disabilities, People Of A Particular Ethnic Or Racial Origin, The General Public/mankind","To promote for the benefit of the community of Bromley by Bow in East London and it's surrounding areas without distinction by associating and engaging people in a common effort to advance education, provide facilities and opportunities in the interests of social welfare with the main objective being to improve the conditions of life for the community and the disadvantaged.","I)TO PROMOTE FOR THE BENEFIT OF THE INHABITANTS OF BROMLEY BY BOW AND ITS SURROUNDING AREAS WITHOUT DISTINCTION OF SEX, SEXUAL ORIENTATION, RACE OR OF POLITICAL, RELIGIOUS OR OTHER OPINIONS, BY ASSOCIATING TOGETHER THE SAID INHABITANTS AND THE LOCAL AUTHORITIES, VOLUNTARY AND OTHER ORGANISATIONS IN A COMMON EFFORT TO ADVANCE EDUCATION AND TO PROVIDE FACILITIES IN THE INTERESTS OF SOCIAL WELFARE FOR RECREATION AND OTHER LEISURE TIME OCCUPATIONS WITH THE OBJECTS OF IMPROVING THE CONDITIONS OF LIFE OF THE SAID INHABITANTS;AND(II)TO ESTABLISH OR SECURE THE ESTABLISHMENT OF A COMMUNITY CENTRE (HEREINAFTER CALLED 'THE CENTRE') AND TO MAINTAIN AND MANAGE THE SAME(WHETHER ALONE OR IN CO-OPERATION WITH ANY LOCAL AUTHORITY OR PERSON OR BODY)IN FURTHERANCE OF THESE OBJECTS.",Small,Human Rights/religious Or Racial Harmony/equality Or Diversity,E01035667,51.522879,-0.012562,34.871,2.0,0.51,0.191,21.724,0.172,0.411,32.251,27.673,2001.0,491.0,84.0
1151021,THE ST LUKE'S MISSION INITIATIVE,"St. Lukes Church, Alpha Grove, LONDON",E14 8LH,31/12/2024,267940.0,251207.0,"Provides Buildings/facilities/open Space, Provides Services","Education/training, Religious Activities",The General Public/mankind,"St Luke's Mission Initiative is a Christian community on the Isle of Dogs, with a particular focus on being a centre for family life for the whole community. Our main activities include Christian worship, discipleship, evangelism and community activities.","THE ADVANCEMENT OF RELIGION IN ACCORDANCE WITH THE TENETS AND PRACTICES OF THE CHURCH OF ENGLAND INCLUDING (BUT NOT LIMITED TO);
1. ANCILLARY OR INCIDENTAL EDUCATIONAL ACTIVITIES; AND
2. OTHER ASSOCIATED ACTIVITIES FOR THE BENEFIT OF THE COMMUNITY.",Medium,Religious Activities,E01032772,51.499137,-0.02371,20.302,5.0,0.34,0.099,12.13,0.478,0.136,22.955,12.618,2866.0,457.0,119.0
1151465,THAMES' FRIENDS,"46 BROKESLEY STREET, LONDON",E3 4QJ,28/05/2024,2083.0,5381.0,"Makes Grants To Individuals, Makes Grants To Organisations, Provides Other Finance, Provides Human Resources, Provides Services",Education/training,"Children/young People, The General Public/mankind",THAMES friends exists to inspire young musicians in Tower Hamlets. We do this through fundraising to provide additional opportunities to make music at the THAMES Saturday Music Centre and beyond. We work to provide opportunities for children across the Borough of Tower Hamlets for music education and musical enrichment raising funds to provide the resources to support this work.,1.TO ADVANCE THE EDUCATION OF THE PUPILS AT THAMES SATURDAY MUSIC CENTRE BY ASSISTING IN THE PROVISION OF RESOURCES AND FACILITIES FOR MUSIC EDUCATION AT THE SCHOOL.2.TO PROVIDE OPPORTUNITIES FOR CHILDREN FOR MUSIC EDUCATION ACROSS THE BOROUGH OF TOWER HAMLETS.,Micro,Education/training,E01035674,51.524783,-0.030038,23.523,4.0,0.346,0.127,9.349,0.509,0.171,25.95,25.585,1398.0,280.0,67.0
1151496,THE SHEBA PROJECT LTD,"6, Solent House, Ben Jonson Road, LONDON",E1 3NL,31/07/2024,2320.0,3665.0,"Provides Services, Provides Advocacy/advice/information, Sponsors Or Undertakes Research","General Charitable Purposes, Education/training, The Prevention Or Relief Of Poverty, Human Rights/religious Or Racial Harmony/equality Or Diversity, Recreation","Children/young People, Elderly/old People, The General Public/mankind","Supplementary School
Education & Awareness
Women's Events
Social Events
Charity - relief of poverty and education in UK and abroad","(1) FOR THE PUBLIC BENEFIT TO PROMOTE THE EDUCATION (INCLUDING SOCIAL, SPIRITUAL AND PHYSICAL TRAINING) OF PEOPLE IN SUCH WAYS AS THE CHARITY THINKS FIT, INCLUDING BY:
(A) SETTING UP SUPPLEMENTARY EDUCATION SERVICES OFFERING TUITION AND ASSISTANCE ON NATIONAL CURRICULUM SUBJECTS AS WELL AS OTHER RELEVANT SUBJECTS OF INTEREST TO THE COMMUNITY INCLUDING COMMUNITY LANGUAGES AND FAITH;
(B) ORGANISING TRAINING SESSIONS, SEMINARS & CONFERENCES;
(C) THE PROVISION OF SPORTS, RECREATIONAL AND LEISURE TIME ACTIVITIES PROVIDED IN THE INTEREST OF SOCIAL WELFARE, DESIGNED TO IMPROVE THEIR CONDITIONS OF LIFE.
(D) PROVIDING SUPPORT AND ACTIVITIES WHICH DEVELOP THEIR SKILLS, CAPACITIES AND CAPABILITIES TO ENABLE THEM TO PARTICIPATE IN SOCIETY AS INDEPENDENT, MATURE AND RESPONSIBLE INDIVIDUALS.
(2) TO DEVELOP THE CAPACITY AND SKILLS OF THE MEMBERS OF THE SOCIALLY AND ECONOMICALLY DISADVANTAGED COMMUNITY OF EAST LONDON IN SUCH A WAY THAT THEY ARE BETTER ABLE TO IDENTIFY, AND HELP MEET, THEIR NEEDS AND TO PARTICIPATE MORE FULLY IN SOCIETY.
(3) THE PROMOTION OF CIVIC RESPONSIBILITY AND GOOD CITIZENSHIP BY CREATING OPPORTUNITIES FOR PEOPLE ESPECIALLY CHILDREN & YOUNG PEOPLE TO LEARN THE VALUES WHICH MAKES BRITAIN A GREAT MULTICULTURAL COUNTRY.
(4) TO PROMOTE SOCIAL INCLUSION AND RELIGIOUS HARMONY FOR THE PUBLIC BENEFIT BY WORKING WITH PEOPLE IN EAST LONDON WHO ARE SOCIALLY EXCLUDED ON THE GROUNDS OF THEIR ETHNIC ORIGIN, RELIGION, BELIEF OR CREED (IN PARTICULAR, MEMBERS OF THE MUSLIM COMMUNITY) TO RELIEVE THE NEEDS OF SUCH PEOPLE AND ASSIST THEM TO INTEGRATE INTO SOCIETY, IN PARTICULAR BY:
(A) EDUCATION & TRAINING (PARTICULARLY ENGLISH & IT);
(B) PROVIDING OPPORTUNITIES THAT ENCOURAGES AND ENABLES MEMBERS OF THE MUSLIM COMMUNITY (PARTICULARLY WOMEN, ELDERLY AND YOUNG PEOPLE) TO PARTICIPATE MORE EFFECTIVELY WITH THE WIDER COMMUNITY;
(C) EDUCATING THE PUBLIC IN DIFFERENT RELIGIOUS BELIEFS INCLUDING AN AWARENESS OF THEIR DISTINCTIVE FEATURES AND THEIR COMMON GROUND TO PROMOTE GOOD RELATIONS BETWEEN PERSONS OF DIFFERENT FAITHS;
(D) PROMOTING KNOWLEDGE AND MUTUAL UNDERSTANDING AND RESPECT OF THE BELIEFS AND PRACTICES OF DIFFERENT RELIGIOUS FAITHS.",Micro,Human Rights/religious Or Racial Harmony/equality Or Diversity,E01035682,51.517797,-0.039781,41.957,2.0,0.515,0.18,16.688,1.353,0.703,39.535,32.703,1545.0,377.0,43.0
1151871,OCEAN REGENERATION TRUST,"HARFORD STREET MULTICENTRE, 115 HARFORD STREET, LONDON",E1 4FG,31/03/2025,148796.0,232497.0,"Makes Grants To Organisations, Other Charitable Activities","General Charitable Purposes, Economic/community Development/employment","Other Charities Or Voluntary Bodies, The General Public/mankind",To develop the capacity and skills of members of socially and economically disadvantaged communities in particular (but not limited to) those living on the Ocean Estate in the Borough of Tower Hamlets in such a way that they are better able to identify and help meet their needs and to participate more fully in society.,"THE OBJECTS OF THE CHARITY ARE TO PROMOTE COMMUNITY CAPACITY BUILDING AND TO ADVANCE ANY OTHER PURPOSE OR PURPOSES WHICH ARE EXCLUSIVELY CHARITABLE UNDER THE LAWS OF ENGLAND AND WALES AS THE TRUSTEES FROM TIME TO TIME SEE FIT.
COMMUNITY CAPACITY BUILDING MEANS DEVELOPING THE CAPACITY AND SKILLS OF THE MEMBERS OF SOCIALLY AND ECONOMICALLY DISADVANTAGED COMMUNITIES IN SUCH A WAY THAT THEY ARE BETTER ABLE TO IDENTIFY AND HELP MEET, THEIR NEEDS AND TO PARTICIPATE MORE FULLY IN SOCIETY.",Medium,Economic/community Development/employment,E01035680,51.51853,-0.038423,22.447,4.0,0.34,0.106,6.445,0.719,0.077,28.518,19.665,1846.0,353.0,55.0
1152535,APASEN INTERNATIONAL,"APASENTH, 30 COPENHAGEN PLACE, LONDON",E14 7FF,31/03/2025,65661.0,78770.0,"Provides Buildings/facilities/open Space, Provides Services, Provides Advocacy/advice/information","Education/training, The Advancement Of Health Or Saving Of Lives, Disability, The Prevention Or Relief Of Poverty, Economic/community Development/employment","Children/young People, Elderly/old People, People With Disabilities","Apasen International is the operating name of Apasenth International. Our activities are to promote quality health, education and livelihoods services for children and adults with learning disabilities, autism and other special needs.",TO RELIEVE THE NEEDS OF PEOPLE IN BANGLADESH WHO ARE MENTALLY OR PHYSICALLY DISABLED BY SUCH MEANS AS THE TRUSTEES MAY DECIDE.,Small,Disability,E01004251,51.513979,-0.029798,35.438,2.0,0.493,0.162,16.587,0.37,0.882,37.424,29.785,2660.0,653.0,215.0
1153020,PCC OF ALL HALLOWS BROMLEY BY BOW,"All Hallows Church, 1 Blackthorn Street, LONDON",E3 3PX,31/12/2024,391376.0,430500.0,"Makes Grants To Individuals, Provides Buildings/facilities/open Space, Provides Services",Religious Activities,The General Public/mankind,"All Hallows Bow is a Church who is living out the call to love, care and serve all people. This looks like kids clubs, family work,  youth work, Esol Cafe, work with the elderly, community cohesion projects and meals, Cocaine Anonymous groups. Our agenda is to love those that need loving the most.",PROMOTING IN THE ECCLESIASTICAL PARISH THE WHOLE MISSION OF THE CHURCH,Medium,Religious Activities,E01004241,51.520803,-0.020119,48.793,1.0,0.643,0.247,26.885,0.97,0.31,41.645,22.892,1750.0,431.0,211.0
1153646,ARCH 76,"The Good Shepherd Mission, 17 Three Colts Lane, LONDON",E2 6JL,31/03/2025,6564.0,20985.0,Other Charitable Activities,"Religious Activities, Arts/culture/heritage/science, Recreation, Other Charitable Purposes",Other Defined Groups,"Arch 76 is a Christian charity providing emotional and spiritual support to women in East London, many of whom face considerable challenges such as domestic violence, addictions, physical and mental health issues and isolation. Activities include: arts and crafts sessions; optional bible studies, worship and prayer and other sessional activities such as dance and discussion groups.","THE CHARITY'S OBJECT IS TO ADVANCE THE CHRISTIAN FAITH IN ACCORDANCE WITH THE STATEMENT OF BELIEFS MAINLY (BUT NOT EXCLUSIVELY) FOR THE BENEFIT OF WOMEN WHO ARE THE VICTIMS OF DOMESTIC VIOLENCE, ADDICTIONS, PHYSICAL AND MENTAL HEALTH ISSUES AND ISOLATION IN EAST LONDON AND THE SURROUNDING AREAS.",Micro,Other Charitable Purposes,E01004206,51.524301,-0.058862,52.061,1.0,0.61,0.255,34.258,0.966,0.864,36.583,45.085,1461.0,313.0,160.0
1153710,TOWER HAMLETS SOMALI ORGANISATIONS NETWORK,"Unit 9, 1-11, Assembly Passage London",E1 4UT,31/12/2024,3500.0,2900.0,"Provides Services, Other Charitable Activities","General Charitable Purposes, Education/training, Economic/community Development/employment",Other Charities Or Voluntary Bodies,"We provide capacity building for Somali community organisations based in Tower Hamlets.Our work entails: - Facilitate partnership, collaboration and good practice dissemination within our members- Improve skills, professionalism in Somali community service provision - This is done through training and one to one support.  - Become a voice of Somali community service providers","THE CHARITY'S OBJECTS (""THE OBJECTS"") ARE:
A. TO PROMOTE SOCIAL INCLUSION FOR THE PUBLIC BENEFIT BY WORKING WITH PEOPLE IN THE LONDON BOROUGH OF TOWER HAMLETS WHO ARE SOCIALLY EXCLUDED ON THE GROUNDS OF THEIR ETHNIC ORIGIN, RELIGION, BELIEF OR CREED (IN PARTICULAR, MEMBERS OF THE SOMALI COMMUNITY) TO RELIEVE THE NEEDS OF SUCH PEOPLE AND ASSIST THEM TO INTEGRATE INTO SOCIETY, IN PARTICULAR BY
1 PROVIDING A LOCAL NETWORK GROUP THAT ENCOURAGES AND ENABLES MEMBERS OF THE SOMALI COMMUNITY TO PARTICIPATE MORE EFFECTIVELY WITH THE WIDER COMMUNITY,
2 INCREASING, OR CO-ORDINATING, OPPORTUNITIES FOR MEMBERS OF THE SOMALI COMMUNITY TO ENGAGE WITH SERVICE PROVIDERS TO ADAPT SERVICES TO BETTER MEET THE NEEDS OF THAT COMMUNITY.",Micro,Economic/community Development/employment,E01004290,51.520292,-0.051335,31.305,3.0,0.404,0.154,17.12,0.672,0.646,30.549,33.035,2061.0,363.0,217.0
1154529,ASHAADIBI EDUCATION & CULTURAL CENTRE,"167 Cannon Street Road, London",E1 2LX,31/01/2025,170593.0,168659.0,"Provides Buildings/facilities/open Space, Provides Services, Provides Advocacy/advice/information, Other Charitable Activities","General Charitable Purposes, Education/training, The Prevention Or Relief Of Poverty, Religious Activities, Arts/culture/heritage/science, Environment/conservation/heritage, Economic/community Development/employment, Human Rights/religious Or Racial Harmony/equality Or Diversity, Recreation, Other Charitable Purposes","Children/young People, People Of A Particular Ethnic Or Racial Origin",Improving the quality of lives of the community in Tower Hamlets; through the works of an Education and Cultural Centre,"1. TO DEVELOP THE CAPACITY, SKILLS AND EDUCATION OF THE MEMBERS OF THE DISADVANTAGED COMMUNITY IN TOWER HAMLETS, IN SUCH A WAY THAT THEY ARE BETTER ABLE TO IDENTIFY AND HELP MEET THEIR NEEDS AND TO PARTICIPATE MORE FULLY IN SOCIETY. 
2. ADVANCE EDUCATION AND TO PROVIDE COMMUNITY SERVICES WITH THE OBJECT OF IMPROVING THE QUALITY OF LIFE FOR THE GENERAL PUBLIC IN EAST LONDON 
3. TO ADVANCE THE ISLAMIC FAITH FOR THE BENEFIT OF THE PUBLIC IN TOWER HAMLETS IN PARTICULAR BUT NOT EXCLUSIVELY BY THE PROVISION OF A MOSQUE AND EDUCATION AND CULTURAL CENTRE.",Medium,Human Rights/religious Or Racial Harmony/equality Or Diversity,E01004319,51.51336,-0.061763,35.858,2.0,0.499,0.157,19.428,0.284,0.344,43.836,33.965,2540.0,506.0,264.0
1154615,LANSBURY ESTATE MUSLIM ASSOCIATION,"20 Alton Street, LONDON",E14 6BZ,31/03/2025,228323.0,98376.0,"Provides Services, Provides Advocacy/advice/information","General Charitable Purposes, Education/training, The Prevention Or Relief Of Poverty, Overseas Aid/famine Relief, Religious Activities, Recreation","Children/young People, Elderly/old People, People Of A Particular Ethnic Or Racial Origin","TO ADVANCE THE ISLAMIC FAITH FOR THE PUBLIC BENEFIT IN SUCH WAYS AS THE TRUSTEES SHALL DEEM FIT.	THE ADVANCEMENT OF EDUCATION AND TRAINING, INCLUDING RELIGIOUS EDUCATION. THE PROMOTION OF RACIAL HARMONY FOR THE PUBLIC BENEFIT BY: PROMOTING KNOWLEDGE AND MUTUAL UNDERSTANDING BETWEEN DIFFERENT RACIAL GROUPS; ADVANCING EDUCATION AND RAISING AWARENESS ABOUT DIFFERENT RACIAL GROUPS TO PROMOTE GOOD","THE OBJECTIVES OF THE ORGANIZATION SHALL BE:
 
(1)TO ADVANCE THE ISLAMIC FAITH FOR THE PUBLIC BENEFIT IN SUCH WAYS AS THE TRUSTEES SHALL DEEM FIT.

(2)THE ADVANCEMENT OF EDUCATION AND TRAINING, INCLUDING RELIGIOUS EDUCATION.

(3)THE RELIEF OF POVERTY AND FINANCIAL HARDSHIP.

(4)THE PROMOTION AND PROTECTION OF GOOD HEALTH.

(5) THE PROMOTION OF RACIAL HARMONY FOR THE PUBLIC BENEFIT BY: 

(A) PROMOTING KNOWLEDGE AND MUTUAL UNDERSTANDING BETWEEN DIFFERENT RACIAL GROUPS;

(B) ADVANCING EDUCATION AND RAISING AWARENESS ABOUT DIFFERENT RACIAL GROUPS TO PROMOTE GOOD RELATIONS BETWEEN PERSONS OF DIFFERENT RACIAL GROUPS;

(C) WORKING TOWARDS THE ELIMINATION OF DISCRIMINATION ON THE GROUNDS OF RACE.

(6)TO ACT AS A RESOURCE FOR YOUNG PEOPLE UP TO THE AGE OF 25 LIVING IN LANSBURY, TOWER HAMLETS AND THE SURROUNDING AREA BY PROVIDING ADVICE AND ASSISTANCE AND ORGANISING PROGRAMMES OF PHYSICAL, EDUCATIONAL AND OTHER ACTIVITIES AS A MEANS OF:

(A) ADVANCING IN LIFE AND HELPING YOUNG PEOPLE BY DEVELOPING THEIR SKILLS, CAPACITIES AND CAPABILITIES TO ENABLE THEM TO PARTICIPATE IN SOCIETY AS INDEPENDENT, MATURE AND RESPONSIBLE INDIVIDUALS;

(B) ADVANCING EDUCATION;

(C) RELIEVING UNEMPLOYMENT;

(D) PROVIDING RECREATIONAL AND LEISURE TIME ACTIVITY IN THE INTERESTS OF SOCIAL WELFARE FOR PEOPLE LIVING IN THE AREA OF BENEFIT WHO HAVE NEED BY REASON OF THEIR YOUTH, AGE, INFIRMITY OR DISABILITY, POVERTY OR SOCIAL AND ECONOMIC CIRCUMSTANCES WITH A VIEW TO IMPROVING THE CONDITIONS OF LIFE OF SUCH PERSONS.",Medium,Overseas Aid/famine Relief,E01035685,51.515723,-0.018048,50.311,1.0,0.662,0.253,40.132,0.536,0.62,39.111,24.59,1560.0,457.0,180.0
1154668,ST PETER'S BETHNAL GREEN,"THE VICARAGE, ST. PETER'S CLOSE, LONDON",E2 7AE,31/12/2024,457937.0,252172.0,"Provides Human Resources, Provides Buildings/facilities/open Space, Provides Services","General Charitable Purposes, The Prevention Or Relief Of Poverty, Religious Activities","Children/young People, Elderly/old People, The General Public/mankind","To promote in the parish the whole mission of the Church with a focus to worship God, make friends and change the world. This is achieved through working alongside a number of organisations as partners in undertaking mercy, justice and evangelism, practically, financially and/or in encouraging people to volunteer, and receiving support from them to fulfil our calling as a local church.",PROMOTING IN THE ECCLESIASTICAL PARISH THE WHOLE MISSION OF THE CHURCH,Medium,Religious Activities,E01004204,51.529956,-0.064186,37.469,2.0,0.472,0.191,18.864,0.728,0.473,32.576,44.911,1876.0,319.0,275.0
1154824,SOCIETYLINKS TOWER HAMLETS,"WHITECHAPEL THRESHOLD CENTRE, 80 JOHN FISHER STREET, LONDON",E1 8JX,31/03/2025,474210.0,463754.0,Provides Services,"General Charitable Purposes, Education/training","Children/young People, Elderly/old People, People With Disabilities, People Of A Particular Ethnic Or Racial Origin",Improve the health and education of residents who reside in Tower Hamlets,"1. TO ADVANCE EDUCATION AND TRAINING FOR PEOPLE IN THE LONDON BOROUGH OF TOWER HAMLETS.

2. THE RELIEF OF UNEMPLOYMENT FOR THE BENEFIT OF THE PUBLIC IN SUCH WAYS AS MAY BE THOUGHT FIT.

3. TO PROMOTE SOCIAL INCLUSION FOR THE PUBLIC BENEFIT BY PREVENTING PEOPLE FROM BECOMING SOCIALLY EXCLUDED, RELIEVING THE NEEDS OF THOSE PEOPLE WHO ARE SOCIALLY EXCLUDED AND ASSISTING THEM TO INTEGRATE INTO SOCIETY.

FOR THE PURPOSE OF THIS CLAUSE ‘SOCIALLY EXCLUDED’ MEANS BEING EXCLUDED FROM SOCIETY, OR PARTS OF SOCIETY, AS A RESULT OF ONE OF MORE OF THE FOLLOWING FACTORS: UNEMPLOYMENT; FINANCIAL HARDSHIP; YOUTH OR OLD AGE; ILL HEALTH (PHYSICAL OR MENTAL); SUBSTANCE ABUSE OR DEPENDENCY INCLUDING ALCOHOL AND DRUGS; DISCRIMINATION ON THE GROUNDS OF SEX, RACE, DISABILITY, ETHNIC ORIGIN, RELIGION, BELIEF, CREED, SEXUAL ORIENTATION OR GENDER RE-ASSIGNMENT; POOR EDUCATIONAL OR SKILLS ATTAINMENT; RELATIONSHIP AND FAMILY BREAKDOWN; POOR HOUSING (THAT IS HOUSING THAT DOES NOT MEET BASIC HABITABLE STANDARDS; CRIME (EITHER AS A VICTIM OF CRIME OR AS AN OFFENDER REHABILITATING INTO SOCIETY).

4. THE PROMOTION OF EQUALITY AND DIVERSITY FOR THE PUBLIC BENEFIT BY:

(A) THE ELIMINATION OF DISCRIMINATION ON THE GROUNDS OF RACE, GENDER, DISABILITY , SEXUAL ORIENTATION OR RELIGION;
(B) ADVANCING EDUCATION AND RAISING AWARENESS IN EQUALITY AND DIVERSITY;
(C) PROMOTING ACTIVITIES TO FOSTER UNDERSTANDING BETWEEN PEOPLE FROM DIVERSE BACKGROUNDS;
(D) CONDUCTING OR COMMISSIONING RESEARCH ON EQUALITY AND DIVERSITY ISSUES AND PUBLISHING THE RESULTS TO THE PUBLIC;
(E) CULTIVATING A SENTIMENT IN FAVOUR OF EQUALITY AND DIVERSITY.

5. TO ADVANCE IN LIFE AND RELIEVE NEEDS OF YOUNG PEOPLE THROUGH:

(A) THE PROVISION OF RECREATIONAL AND LEISURE TIME ACTIVITIES PROVIDED IN THE INTEREST OF SOCIAL WELFARE, DESIGNED TO IMPROVE THEIR CONDITIONS OF LIFE;
(B) PROVIDING SUPPORT AND ACTIVITIES WHICH DEVELOP THEIR SKILLS, CAPACITIES AND CAPABILITIES TO ENABLE THEM TO PARTICIPATE IN SOCIETY AS MATURE AND RESPONSIBLE INDIVIDUALS.

6. SUCH OTHER CHARITABLE PURPOSES FOR THE PUBLIC BENEFIT AS ARE EXCLUSIVELY CHARITABLE ACCORDING TO THE LAWS OF ENGLAND AND WALES AS THE TRUSTEES MAY FROM TIME TO TIME DETERMINE.",Medium,General Charitable Purposes,E01035697,51.510602,-0.069533,21.959,4.0,0.29,0.116,7.86,0.432,-0.463,29.474,36.923,1802.0,230.0,150.0
1154842,TOWER HAMLETS MISSION,"TOWER HAMLETS MISSION, 31 MILE END ROAD, LONDON",E1 4TP,31/03/2025,781675.0,807940.0,"Provides Human Resources, Provides Buildings/facilities/open Space, Provides Services, Provides Advocacy/advice/information, Other Charitable Activities",Other Charitable Purposes,The General Public/mankind,"Working with people suffering from alcohol and/or drug dependency, who are homeless, or in danger of becoming homeless and are receiving state benefits. Our aim is to enable them to break the cycle of chronic addiction definitively and to rebuild purposeful, stable lives through the provision of high quality, comprehensive, and long term residential therapy, rehabilitation and resettlement.","THE RELIEF OF THOSE IN NEED, BY REASON OF YOUTH, AGE, ILL-HEALTH, DISABILITY, FINANCIAL HARDSHIP OR OTHER DISADVANTAGE.THE OBJECT IS TO BE CARRIED OUT ACCORDING TO TOWER HAMLETS MISSION'S BELIEF AND PRACTICE OF THE CHRISTIAN FAITH AS SET OUT IN THE SCHEDULE TO THE GOVERNING DOCUMENT.",Medium,Other Charitable Purposes,E01004208,51.520506,-0.054497,30.764,3.0,0.326,0.109,5.775,0.326,1.587,36.233,46.817,2093.0,251.0,102.0
1154961,ACID SURVIVORS TRUST INTERNATIONAL,"Fora Space Ltd, 42-46 Princelet Street, LONDON",E1 5LP,31/12/2024,287522.0,237851.0,"Makes Grants To Organisations, Provides Human Resources, Provides Services, Provides Advocacy/advice/information, Sponsors Or Undertakes Research, Acts As An Umbrella Or Resource Body","The Advancement Of Health Or Saving Of Lives, Overseas Aid/famine Relief, Human Rights/religious Or Racial Harmony/equality Or Diversity","Children/young People, People With Disabilities, The General Public/mankind","- Promote and protect the health of acid burns survivors
- Advance the education of the general public in all areas relating to acid burn survivors with view to eliminating acid and burn violence worldwide","TO PROMOTE AND PROTECT THE HEALTH OF ACID AND BURN VIOLENCE SURVIVORS IN PARTICULAR BUT NOT EXCLUSIVELY BY THE PROVISION OF AN INTEGRATED PROGRAMME OF CARE AND SUPPORT

TO ADVANCE THE EDUCATION OF THE GENERAL PUBLIC IN ALL AREAS RELATING TO ACID AND BURN VIOLENCE SURVIVORS BY SUCH MEANS AS THE TRUSTEES THINK FIT WITH A VIEW TO ELIMINATING ACID AND BURN VIOLENCE WORLDWIDE",Medium,Overseas Aid/famine Relief,E01004306,51.519646,-0.070447,36.117,2.0,0.387,0.19,15.221,0.546,0.73,38.717,48.653,1926.0,302.0,204.0
1155215,ZEN MARTIAL ARTS ACADEMY LIMITED,"SHAHIDULLAH & CO, 299A BETHNAL GREEN ROAD, LONDON",E2 6AH,31/03/2021,895.0,935.0,"Makes Grants To Individuals, Provides Services","General Charitable Purposes, Amateur Sport","Children/young People, The General Public/mankind",Provides services to Martial Arts Education and Training.,THE PROMOTION OF COMMUNITY PARTICIPATION IN HEALTHY RECREATION IN PARTICULAR BY THE PROVISION OF FACILITIES FOR THE PRACTICE OF MARTIAL ARTS.,Micro,Amateur Sport,E01004313,51.526618,-0.065193,37.223,2.0,0.505,0.166,19.383,0.446,0.766,34.235,41.577,2156.0,398.0,144.0
1156554,CELL FOUNDATION,"256-258 Cambridge Heath Road, Bethnal Green, LONDON",E2 9DA,31/03/2025,204606.0,111440.0,"Provides Human Resources, Provides Buildings/facilities/open Space, Sponsors Or Undertakes Research","Education/training, Arts/culture/heritage/science",The General Public/mankind,"Supporting practice and appreciation of visual art for the public benefit and advancement of education in the arts, by establishing an art gallery to provide ongoing exhibitions, educational events for schools, lectures and intern training programmes with financial support by Arts Council England. Continued support for artists who are in financial need by assisting with studio space for them.","TO PROMOTE THE APPRECIATION OF ART AND TO ADVANCE EDUCATION FOR THE PUBLIC BENEFIT BY:-
·THE ESTABLISHMENT AND MAINTENANCE OF AN ART GALLERY;
·THE PROVISION OF EXHIBITIONS, LECTURES AND INTERN TRAINING PROGRAMMES;AND
·BY SUPPORTING ARTISTS WHO ARE IN FINANCIAL NEED BY ASSISTING WITH WORKING STUDIO SPACE FOR THEM.",Medium,Arts/culture/heritage/science,E01035661,51.531861,-0.057026,41.343,2.0,0.499,0.145,24.39,1.328,0.846,40.487,33.848,1647.0,332.0,88.0
1157403,FAIJURRAHMAN-MUHIUSSUNNAH ACADEMY,"FLAT 21, LOWESWATER HOUSE, 22 SOUTHERN GROVE, LONDON",E3 4PY,30/06/2024,17151.0,10799.0,Makes Grants To Organisations,"General Charitable Purposes, The Prevention Or Relief Of Poverty","Children/young People, The General Public/mankind","The advancement of education and relief of poverty and sickness in Moulvi Bazar, Bangladesh in particular but not exclusively by the making of grant","THE ADVANCEMENT OF EDUCATION AND THE RELIEF OF POVERTY AND SICKNESS IN MOULOVI BAZAR,BANGALDESH IN PARTICULAR BUT NOT EXCLUSIVELY BY THE MAKING OF GRANTS",Small,The Prevention Or Relief Of Poverty,E01035675,51.523013,-0.030691,31.98,3.0,0.412,0.127,17.039,0.551,0.566,40.807,35.16,1865.0,309.0,140.0
1157500,CHRIST CHURCH PRIMARY SCHOOL PFA,"CHRISTCHURCH PRIMARY SCHOOL, 47A BRICK LANE, LONDON",E1 6PU,01/04/2025,5577.0,5735.0,"Makes Grants To Organisations, Provides Services, Provides Advocacy/advice/information",Education/training,Children/young People,"Supporting the work of Christ Church Primary School, Brick Lane.","TO ADVANCE THE EDUCATION OF PUPILS IN THE SCHOOL IN PARTICULAR BY:
1) DEVELOPING EFFECTIVE RELATIONSHIPS BETWEEN THE STAFF PARENTS AND OTHERS ASSOCIATED WITH THE SCHOOL;
2) ENGAGING IN ACTIVITIES OR PROVIDING FACILITIES OR EQUIPMENT WHICH SUPPORT THE SCHOOL AND ADVANCE THE EDUCATION OF THE PUPILS.",Micro,Education/training,E01004306,51.518305,-0.071499,36.117,2.0,0.387,0.19,15.221,0.546,0.73,38.717,48.653,1926.0,302.0,204.0
1157888,ABERFELDY ISLAMIC CULTURAL CENTRE,"36 Aberfeldy Street, London",E14 0NU,31/03/2025,147923.0,38650.0,"Provides Services, Provides Advocacy/advice/information","General Charitable Purposes, Education/training, The Advancement Of Health Or Saving Of Lives, Religious Activities, Arts/culture/heritage/science, Human Rights/religious Or Racial Harmony/equality Or Diversity, Recreation","Children/young People, Elderly/old People","-Education-Community Development-Prayer meetings-Public celebration of religious festivals-Produce and/or distributing literature on the Islamic faith to enlighten others about the Islamic religion.","4.1)	TO ADVANCE THE ISLAMIC RELIGION FOR THE BENEFIT OF THE PUBLIC THROUGH THE HOLDING OF PRAYER MEETINGS, LECTURES, PUBLIC CELEBRATION OF RELIGIOUS FESTIVALS, PRODUCING AND/OR DISTRIBUTING LITERATURE ON THE ISLAMIC FAITH TO ENLIGHTEN OTHERS ABOUT THE ISLAMIC RELIGION.
4.2)	TO ADVANCE THE EDUCATION OF THE PUBLIC IN SUCH SUBJECTS AND BY SUCH MEANS 	AS THE TRUSTEES MAY DETERMINE.
4.3)	TO PROVIDE OR ASSIST IN THE PROVISION OF FACILITIES IN THE INTERESTS OF SOCIAL WELFARE FOR RECREATION OR OTHER LEISURE TIME OCCUPATION OF INDIVIDUALS WHO HAVE NEED OF SUCH FACILITIES BY REASON OF THEIR YOUTH, AGE INFIRMITY OR DISABILITY, FINANCIAL HARDSHIP OR SOCIAL CIRCUMSTANCES WITH THE OBJECT OF IMPROVING THEIR CONDITIONS OF LIFE.",Medium,Human Rights/religious Or Racial Harmony/equality Or Diversity,E01004243,51.513401,-0.00574,35.878,2.0,0.473,0.184,26.492,0.587,0.163,35.006,33.979,1694.0,447.0,117.0
1158070,AL-ISTIQAAMAH,"48 Smythe Street, London",E14 0HF,31/12/2024,646.0,144.0,Provides Services,"General Charitable Purposes, Education/training, Religious Activities","Children/young People, The General Public/mankind","Childrens Islamic evening school.
Islamic Events and seminars. 
Islamic literature materials.
youth activities.","THE CHARITY’S OBJECTS (“THE OBJECTS”) ARE:-
1)TO ADVANCE THE ISLAMIC RELIGION IN ACCORDANCE WITH THE STATEMENT OF FAITH ATTACHED HERETO; AND
2)TO PROVIDE OR ASSIST IN THE PROVISION OF FACILITIES IN THE INTERESTS OF SOCIAL WELFARE FOR RECREATION OR OTHER LEISURE TIME OCCUPATION OF INDIVIDUALS WHO HAVE NEED OF SUCH FACILITIES BY REASON OF THEIR YOUTH, AGE INFIRMITY OR DISABILITY, FINANCIAL HARDSHIP OR SOCIAL CIRCUMSTANCES WITH THE OBJECT OF IMPROVING THEIR CONDITIONS OF LIFE.",Micro,Religious Activities,E01004257,51.509461,-0.013636,47.337,1.0,0.624,0.214,32.022,0.677,0.656,37.491,38.143,2290.0,547.0,176.0
1158184,HELP ONE CHILD,"Help One Child, 10 Lanark Square, LONDON",E14 9RE,31/07/2015,17955.0,17549.0,"Makes Grants To Individuals, Provides Services","Education/training, The Prevention Or Relief Of Poverty",Children/young People,"The prevention or relief of poverty of children in the UK and Bangladesh by providing: grants, items and services to individuals in need and/or charities, or other organisations working to prevent or relieve poverty;(b) For the public benefit to promote the education (including social and physical training) of children in the UK and Bangladesh in such ways as the charity trustees think fit.","(A) THE PREVENTION OR RELIEF OF POVERTY OF CHILDREN IN THE UK AND BANGLADESH BY PROVIDING: GRANTS, ITEMS AND SERVICES TO INDIVIDUALS IN NEED AND/OR CHARITIES, OR OTHER ORGANISATIONS WORKING TO PREVENT OR RELIEVE POVERTY;
(B) FOR THE PUBLIC BENEFIT TO PROMOTE THE EDUCATION (INCLUDING SOCIAL AND PHYSICAL TRAINING) OF CHILDREN IN THE UK AND BANGLADESH IN SUCH WAYS AS THE CHARITY TRUSTEES THINK FIT.",Small,The Prevention Or Relief Of Poverty,E01035706,51.49604,-0.01556,13.535,7.0,0.193,0.06,7.502,-0.459,0.272,25.18,27.251,1338.0,214.0,52.0
1158667,DATE PALM PRIMARY SCHOOL LTD,"80-82 Greenfield Road, London",E1 1EJ,31/12/2024,548360.0,554982.0,"Provides Buildings/facilities/open Space, Provides Services",Education/training,Children/young People,"The charity's objective are as follows:The advancement of education in accordance with the national curriculum of the United Kingdom combined with the principles of the Islamic faith for the benefit of the public and local community.","THE ADVANCEMENT OF EDUCATION IN ACCORDANCE WITH THE PRINCIPLES OF THE FAITH OF ISLAM, IN PARTICULAR THROUGH THE ESTABLISHMENT AND MAINTENANCE OF A PRIMARY SCHOOL.",Medium,Education/training,E01035686,51.515787,-0.065494,32.731,3.0,0.421,0.121,15.636,0.329,0.792,39.48,44.652,1892.0,252.0,49.0
1158669,LES CROCODILES,"Flat 1203, Moro Apartments, 22 New Festival Avenue, LONDON",E14 6FT,31/05/2024,120930.0,104794.0,Provides Services,"Education/training, Arts/culture/heritage/science","Children/young People, The General Public/mankind","To advance the education for the public benefit by teaching the French language and French culture, heritage and history to children in East and North London and to adults through the provision of after school, weekend and holiday classes and through organising events open to the general public as the trustees shall determine.","TO ADVANCE THE EDUCATION FOR THE PUBLIC BENEFIT BY TEACHING THE FRENCH LANGUAGE AND FRENCH CULTURE, HERITAGE AND HISTORY TO CHILDREN IN EAST AND NORTH LONDON AND TO ADULTS THROUGH THE PROVISION OF AFTER-SCHOOL, WEEKEND AND HOLIDAY CLASSES AND THROUGH ORGANISING EVENTS OPEN TO THE GENERAL PUBLIC AS THE TRUSTEES SHALL DETERMINE.",Medium,Arts/culture/heritage/science,E01035693,51.512897,-0.021111,24.326,4.0,0.334,0.118,10.364,0.715,0.514,27.076,21.074,1617.0,292.0,82.0
1159691,BETHNAL GREEN SPEAR TRUST,"THE VICARAGE, ST. PETER'S CLOSE, LONDON",E2 7AE,31/08/2022,93208.0,98589.0,"Provides Services, Provides Advocacy/advice/information","Education/training, The Prevention Or Relief Of Poverty, Economic/community Development/employment",Children/young People,"Bethnal Green Spear Trust runs pre-employment training courses for young people living in East London. The Spear Programme is a highly interactive, award-winning twelve-month programme that equips and supports disadvantaged 16 to 24 year olds to place them into long-term employment. 75% of Spear completers enter employment, education or training, and remain there a year later.","THE OBJECT OF THE CIO IS, FOR THE BENEFIT OF THE PUBLIC AND WITHIN A CHRISTIAN ETHOS, TO ACT AS A RESOURCE FOR YOUNG PEOPLE BETWEEN THE AGES OF 16 TO 24 LIVING IN EAST LONDON BY PROVIDING ADVICE, ASSISTANCE AND SUPPORT AND ORGANISING EDUCATIONAL PROGRAMMES AND OTHER ACTIVITIES AS A MEANS OF:
(A) HELPING YOUNG PEOPLE ADVANCE IN LIFE BY DEVELOPING THEIR SKILLS, CAPACITIES AND CAPABILITIES TO ENABLE THEM TO INTEGRATE INTO AND PARTICIPATE IN SOCIETY AS INDEPENDENT, MATURE AND RESPONSIBLE INDIVIDUALS;
(B) ADVANCING EDUCATION;
(C) RELIEVING UNEMPLOYMENT, ENABLING YOUNG PEOPLE TO GENERATE A SUSTAINABLE INCOME AND BE SELF-SUFFICIENT;
(D) PROVIDING RECREATIONAL AND LEISURE TIME ACTIVITIES PROVIDED IN THE INTEREST OF SOCIAL WELFARE, DESIGNED TO IMPROVE THEIR CONDITIONS OF LIFE.",Small,Economic/community Development/employment,E01004204,51.529956,-0.064186,37.469,2.0,0.472,0.191,18.864,0.728,0.473,32.576,44.911,1876.0,319.0,275.0
1161226,THIS IS GROWTH LTD,"Flat 7, Tartan House, Dee Street, LONDON",E14 0PF,31/03/2025,606257.0,536076.0,"Provides Buildings/facilities/open Space, Provides Services, Provides Advocacy/advice/information","General Charitable Purposes, Education/training, The Prevention Or Relief Of Poverty, Accommodation/housing, Religious Activities, Economic/community Development/employment",The General Public/mankind,"GrowTH was founded by local churches to serve the homeless of Tower Hamlets. Our main project is an emergency night shelter, open for seven months of the year. Guests in the shelter are given resettlement and employment support. GrowTH also has a housing project, offering affordable accommodation to the homeless. Guests are given the opportunity to explore the Christian faith should they wish.","THE RELIEF OF POVERTY THROUGH THE PROVISION OF ACCOMMODATION AND OTHER AMENITIES AND SERVICES. 
TO ADVANCE THE CHRISTIAN FAITH IN THE UNITED KINGDOM AND IN SUCH OTHER PARTS OF THE WORLD AS THE TRUSTEES MAY FROM TIME TO TIME THINK FIT. 
TO ADVANCE EDUCATION IN ACCORDANCE WITH CHRISTIAN PRINCIPLES BY SUCH MEANS AS THE TRUSTEES MAY CONSIDER APPROPRIATE. 
THE FURTHERANCE OF THE CHARITABLE WORK OF THE CHARITY BY THE ADVANCEMENT OF SUCH OTHER CHARITABLE PURPOSES AS THE TRUSTEES SHALL FROM TIME TO TIME DECIDE.",Medium,Accommodation/housing,E01004243,51.51405,-0.006879,35.878,2.0,0.473,0.184,26.492,0.587,0.163,35.006,33.979,1694.0,447.0,117.0
1161965,SCALLYWAGS PARENT PARTNERSHIP NURSERY,"Mowlem Childrens Centre, Wadeson Street, LONDON",E2 9DL,31/03/2025,102384.0,117900.0,Provides Services,Education/training,Children/young People,"Scallywags is a parent partnership nursery, established in 1991. We care for children aged between 20 months and 4 years.","THE OBJECTS OF THE CIO ARE TO ADVANCE THE DEVELOPMENT AND EDUCATION OF CHILDREN UNDER STATUTORY SCHOOL AGE IN EAST LONDON BY:
1)	PROVIDING AFFORDABLE, NON-PROFIT MAKING CHILDCARE WITH PARENTS ACTIVELY INVOLVED IN THE RUNNING OF THE SETTING;
2)	PROVIDING A SAFE AND STIMULATING ENVIRONMENT IN WHICH TO LEARN; AND
3)	PROVIDING PARENTS AND CARERS WITH OPPORTUNITIES TO BE INVOLVED IN THE DEVELOPMENT OF THEIR CHILDREN AND LEARN BEST PRACTICE PARENTING SKILLS THROUGH WORKING WITH QUALIFIED CHILDCARE PROFESSIONALS AND OTHER PARENTS.",Medium,Education/training,E01035660,51.534146,-0.054925,33.974,2.0,0.411,0.157,11.653,0.752,1.197,29.32,40.261,1500.0,254.0,119.0
1162185,BOW FOODBANK,"Bow Foodbank, Bow Community Hall, 1 William Place, London",E3 5ED,31/03/2025,781754.0,830628.0,"Provides Services, Provides Advocacy/advice/information",The Prevention Or Relief Of Poverty,Other Defined Groups,Operation of an independent foodbank in Tower Hamlets,"The relief of poverty in Tower Hamlets and neighbouring boroughs in London through access to food and essential items; advocacy and advice for people in Tower Hamlets and neighbouring boroughs in London to support long-term, permanent relief of poverty; and the advancement of education related to factors contributing to poverty in Tower Hamlets and neighbouring boroughs in London.",Medium,The Prevention Or Relief Of Poverty,E01004226,51.532455,-0.031163,31.751,3.0,0.439,0.162,19.922,0.665,0.788,24.584,26.975,2456.0,520.0,181.0
1162404,SIMPLEGIFTS: UNITARIAN CENTRE FOR SOCIAL ACTION,"117 MANSFORD STREET, LONDON",E2 6LX,30/09/2024,38344.0,44514.0,"Provides Human Resources, Provides Buildings/facilities/open Space, Provides Services, Provides Advocacy/advice/information","General Charitable Purposes, Education/training, The Prevention Or Relief Of Poverty, Economic/community Development/employment, Human Rights/religious Or Racial Harmony/equality Or Diversity","Children/young People, Elderly/old People, People Of A Particular Ethnic Or Racial Origin, Other Charities Or Voluntary Bodies, The General Public/mankind","We run community programming from our Bethnal Green, East London premises. Our programmes - including our After School Club, New Neighbours/Old Neighbours Lunch, and ESOL classes - are all run by a team of dedicated volunteers.","1. TO FURTHER OR BENEFIT THE RESIDENTS OF BETHNAL GREEN, EAST LONDON AND THE NEIGHBOURHOOD, WITHOUT DISTINCTION OF SEX, SEXUAL ORIENTATION, RACE OR OF POLITICAL, RELIGIOUS OR OTHER OPINIONS BY ASSOCIATING TOGETHER THE SAID RESIDENTS AND THE LOCAL AUTHORITIES, VOLUNTARY AND OTHER ORGANISATIONS IN A COMMON EFFORT TO ADVANCE EDUCATION AND TO PROVIDE FACILITIES IN THE INTERESTS OF SOCIAL WELFARE FOR RECREATION AND LEISURE TIME OCCUPATION WITH THE OBJECTIVE OF IMPROVING THE CONDITIONS OF LIFE FOR THE RESIDENTS.

IN FURTHERANCE OF THESE OBJECTS BUT NOT OTHERWISE, THE TRUSTEES SHALL HAVE POWER:

TO ESTABLISH OR SECURE THE ESTABLISHMENT OF A COMMUNITY CENTRE AND TO MAINTAIN OR MANAGE OR CO-OPERATE WITH ANY STATUTORY AUTHORITY IN THE MAINTENANCE AND MANAGEMENT OF SUCH A CENTRE FOR ACTIVITIES PROMOTED BY THE CHARITY IN FURTHERANCE OF THE ABOVE OBJECTS.

2. TO PROVIDE THE NECESSARY FACILITIES FOR THE DAILY CARE, RECREATION AND EDUCATION OF CHILDREN AND YOUNG PEOPLE DURING OUT OF SCHOOL HOURS AND SCHOOL HOLIDAYS

3. TO ADVANCE IN LIFE AND RELIEVE THE NEEDS OF YOUNG PEOPLE THROUGH: 

(A) THE PROVISION OF RECREATIONAL AND LEISURE TIME ACTIVITIES PROVIDED IN THE INTEREST OF SOCIAL WELFARE, DESIGNED TO IMPROVE THEIR CONDITIONS OF LIFE;

(B) PROVIDING SUPPORT AND ACTIVITIES WHICH DEVELOP THEIR SKILLS, CAPACITIES AND CAPABILITIES TO ENABLE THEM TO PARTICIPATE IN SOCIETY AS MATURE AND RESPONSIBLE INDIVIDUALS.

4. TO DEVELOP THE CAPACITY AND SKILLS OF THE MEMBERS OF THE SOCIALLY AND ECONOMICALLY DEPRIVED COMMUNITY OF BETHNAL GREEN, EAST LONDON IN SUCH A WAY THAT THEY ARE BETTER ABLE TO IDENTIFY, AND HELP MEET, THEIR NEEDS AND TO PARTICIPATE MORE FULLY IN SOCIETY.

5. SUCH OTHER CHARITABLE PURPOSES FOR THE PUBLIC BENEFIT AS ARE EXCLUSIVELY CHARITABLE ACCORDING TO THE LAWS OF ENGLAND AND WALES AS THE TRUSTEES MAY FROM TIME TO TIME DETERMINE.",Small,Human Rights/religious Or Racial Harmony/equality Or Diversity,E01004204,51.528526,-0.061998,37.469,2.0,0.472,0.191,18.864,0.728,0.473,32.576,44.911,1876.0,319.0,275.0
1162950,ST PETERS COMMUNITY WELLBEING PROJECTS,"Community Centre, 1 Marian Place, LONDON",E2 9AX,31/03/2025,74002.0,70560.0,"Provides Services, Provides Advocacy/advice/information, Other Charitable Activities","General Charitable Purposes, The Advancement Of Health Or Saving Of Lives, Disability, The Prevention Or Relief Of Poverty, Economic/community Development/employment, Recreation","Elderly/old People, People With Disabilities, People Of A Particular Ethnic Or Racial Origin, The General Public/mankind","Drop-in Club Actvities for Elderly Bangladeshi Women,
Outreach work and home visits for hombound Women,
Healthy Cooking/Eating Lunch Club Service,
Healthy and wellbeing  Workshop Programme,
Socialisation Activities,
Keep Fit/Exercice Classes,
Sewing and Embroydery classes
Community Gardening Spaces
Outing and trips","THE OBJECTS FOR WHICH THE CHARITY IS ESTABLISHED ARE PARTICULARLY BUT NOT EXCLUSIVELY, FOR THE BENEFIT OF PEOPLE OF BME ORIGIN LIVING IN THE BETHNAL GREEN AREA OF TOWER HAMLETS AND HACKNEY FOR THE PURPOSE OF CARRYING OUT SUCH OF THE FOLLOWING PURPOSE AS ARE CHARITABLE:(A) THE ADVANCEMENT OF EDUCATION AND TRAINING;(B) THE RELIEF OF POVERTY AND THE NEED BY THE PROVISION OF ADVICE, INFORMATION, GUIDANCE AND SUPPORT WITH A VIEW TO HELPING PEOPLE MEET THEIR OWN NEEDS AND IMPROVING THEIR CONDITIONS OF LIFE.(C) THE PROTECTION AND PRESERVATION OF HEALTH AND WELLBEING;(D) TO PROVIDE OR ASSIST IN THE PROVISION OF FACILITIES IN THE INTERESTS OF SOCIAL WELFARE FOR RECREATION OR OTHER LEISURE TIME OCCUPATION OF INDIVIDUALS WHO HAVE NEED OF SUCH FACILITIES BY REASON OF FINANCIAL HARDSHIP, NEED, INFIRMITY, DISABLEMENT, AGE OR SOCIAL OR ECONOMIC CIRCUMSTANCES OR THE PUBLIC AT LARGE WITH THE OBJECT OF IMPROVING THEIR CONDITIONS OF LIFE.",Small,Recreation,E01004202,51.533644,-0.062112,24.885,4.0,0.324,0.123,11.999,-0.077,0.603,31.697,37.415,2115.0,381.0,144.0
1163272,CROSSHARBOUR COMMUNITY CHURCH,"Orchard Club Cafe, 3 Glengall Grove, Crossharbour, London",E14 3NE,31/03/2024,29637.0,35265.0,"Makes Grants To Individuals, Makes Grants To Organisations, Provides Human Resources, Provides Services, Provides Advocacy/advice/information","General Charitable Purposes, Education/training, The Advancement Of Health Or Saving Of Lives, Overseas Aid/famine Relief, Religious Activities, Human Rights/religious Or Racial Harmony/equality Or Diversity","Children/young People, Other Charities Or Voluntary Bodies, The General Public/mankind","Crossharbour Community Church meets as a Christian congregation on Sunday to worship GOD and to serve one another in the faith.  The church also engages in activities directly related such as relief of poverty, education of those in need with little or no understanding of Christian faith and praying for those seriously unwell from one cause or another.",THE PRINCIPAL PURPOSE OF THE CHURCH IS THE ADVANCEMENT OF THE CHRISTIAN FAITH GUIDED BY THE PRINCIPLES OF THE BAPTIST DENOMINATION. THE CHURCH MAY ALSO CARRY OUT OTHER CHARITABLE PURPOSES WHICH ARE COMPATIBLE WITH THE CHRISTIAN FAITH IN THE UK AND/OR OTHER PARTS OF THE WORLD.,Small,Overseas Aid/famine Relief,E01035705,51.495321,-0.01186,35.695,2.0,0.483,0.191,18.807,0.454,0.257,42.368,22.511,1428.0,280.0,180.0
1164195,BOW WEST ORGANISATION,"73 Strahan Road, LONDON",E3 5DA,15/08/2024,45795.0,8035.0,"Provides Services, Provides Advocacy/advice/information","General Charitable Purposes, Education/training, The Advancement Of Health Or Saving Of Lives, Religious Activities, Economic/community Development/employment, Human Rights/religious Or Racial Harmony/equality Or Diversity","Children/young People, Elderly/old People, The General Public/mankind","Provides space for faith users to congregate and carry out religious activities
Provides space for communal activities, such as sports, educational clubs, drugs awareness, etc.","1 TO ADVANCE THE SUNNI MUSLIM FAITH IN SUCH WAY AS SHALL BE THOUGHT FIT INCLUDING THE PROVISION OF FACILITIES FOR PRAYER AND HOLDING OF RELIGIOUS RITES AND THE PROVISION OF RELIGIOUS EDUCATION;
2 TO FURTHER OR BENEFIT THE RESIDENTS OF TOWER HAMLETS, NEWHAM, HACKNEY AND BARKING AND DAGENHAM AND THE NEIGHBORHOOD, WITHOUT DISTINCTION OF SEX, SEXUAL ORIENTATION, RACE OR OF POLITICAL, RELIGIOUS OR OTHER OPINIONS BY ASSOCIATING TOGETHER THE SAID RESIDENTS AND THE LOCAL AUTHORITIES, VOLUNTARY AND OTHER ORGANISATIONS IN A COMMON EFFORT TO ADVANCE EDUCATION AND TO PROVIDE FACILITIES IN THE INTERESTS OF SOCIAL WELFARE FOR RECREATION AND LEISURE TIME OCCUPATION WITH THE OBJECTIVE OF IMPROVING THE CONDITIONS OF LIFE FOR THE RESIDENTS.
IN FURTHERANCE OF THESE OBJECTS BUT NOT OTHERWISE, THE TRUSTEES SHALL HAVE POWER: TO ESTABLISH OR SECURE THE ESTABLISHMENT OF A COMMUNITY CENTRE AND TO MAINTAIN OR MANAGE OR CO-OPERATE WITH ANY STATUTORY AUTHORITY IN THE MAINTENANCE AND MANAGEMENT OF SUCH A CENTRE FOR ACTIVITIES PROMOTED BY THE CHARITY IN FURTHERANCE OF THE ABOVE OBJECTS.",Small,Human Rights/religious Or Racial Harmony/equality Or Diversity,E01004230,51.529324,-0.036488,27.27,3.0,0.366,0.147,13.411,0.151,0.397,25.653,44.252,2296.0,372.0,337.0
1164209,REDCOAT COMMUNITY FORUM,"166 Stepney Way, LONDON",E1 3ED,31/03/2025,10000.0,3128.0,"Provides Services, Provides Advocacy/advice/information","General Charitable Purposes, Education/training, The Advancement Of Health Or Saving Of Lives, Disability, The Prevention Or Relief Of Poverty, Economic/community Development/employment, Recreation","Children/young People, Elderly/old People, People With Disabilities, People Of A Particular Ethnic Or Racial Origin","- Young People- Education- Women- Employment- Health- Community Engagement","FOR THE BENEFIT OF THE INHABITANTS (OF ALL AGES AND BACKGROUNDS) LIVING IN THE LONDON BOROUGH OF TOWER HAMLETS:
1. THE PROVISION OF FACILITIES FOR RECREATION AND LEISURE TIME OCCUPATION IN THE INTERESTS OF SOCIAL WELFARE WITH THE OBJECT OF IMPROVING THE CONDITIONS OF LIFE OF THE SAID INHABITANTS HAVING NEED OF FACILITIES BY REASON OF THEIR AGE, INFIRMITY, SOCIAL AND ECONOMIC CIRCUMSTANCES. 
2. RELIEVING POVERTY, SICKNESS AND DISTRESS THROUGH THE PROVISION OF ADVICE, INFORMATION AND GUIDANCE TO THE SAID INHABITANTS IN NEED OF SUCH ADVICE, WHICH MAY INCLUDE WELFARE BENEFITS, HEALTH AND FITNESS.
3. THE PRESERVATION AND PROTECTION OF HEALTH AMONGST THE COMMUNITY. 
4. THE PROMOTION OF SOCIAL INCLUSION FOR THE PUBLIC BENEFIT BY PREVENTING PEOPLE FROM BECOMING SOCIALLY EXCLUDED, RELIEVING THE NEEDS OF THOSE PEOPLE WHO ARE SOCIALLY EXCLUDED AND ASSISTING THEM TO INTEGRATE INTO SOCIETY. FOR THE PURPOSE OF THIS CLAUSE ‘SOCIALLY EXCLUDED’ MEANS BEING EXCLUDED FROM SOCIETY, OR PART OF SOCIETY, AS A RESULT OF BEING A MEMBER OF A SOCIALLY AND ECONOMICALLY DEPRIVED COMMUNITY. 
5. ADVANCING EDUCATION IN PARTICULAR BY THE PROVISION OF LANGUAGE AND OTHER CLASSES.",Micro,Recreation,E01004287,51.51687,-0.051582,42.945,2.0,0.649,0.202,22.79,0.328,0.137,38.685,29.31,2338.0,493.0,425.0
1164249,"THE PAROCHIAL CHURCH COUNCIL OF THE ECCLESIASTICAL PARISH OF ST ANNE'S, LIMEHOUSE","5 Newell Street, London",E14 7HP,31/12/2024,367692.0,701379.0,"Makes Grants To Organisations, Provides Buildings/facilities/open Space, Provides Services",Religious Activities,The General Public/mankind,"The Parochial Church Council is responsible for cooperating with the incumbent in promoting in the ecclesiastical parish of St Anne's Limehouse the whole mission of the Church, pastoral, evangelistic, social and ecumenical. It is also responsible for the maintenance of the Church of St Anne's, Limehouse.",PROMOTING IN THE ECCLESIASTICAL PARISH THE WHOLE MISSION OF THE CHURCH.,Medium,Religious Activities,E01035691,51.511522,-0.031331,14.365,6.0,0.182,0.054,9.59,-0.444,0.502,27.315,27.615,1982.0,255.0,67.0
1166268,FRIENDS OF CANARY WHARF COLLEGE EAST FERRY,"Canary Wharf College, 197 East Ferry Road, LONDON",E14 3BA,31/10/2025,11577.0,15932.0,Other Charitable Activities,Other Charitable Purposes,Children/young People,"Developing effective relationships between the staff, parents and others associated with the school, including creating social opportunities to strengthen the Canary Wharf College community.Engaging in activities which support the school and advance the education of the pupils attending it.","THE OBJECT OF THE FRIENDS ASSOCIATION IS TO ADVANCE THE EDUCATION OF PUPILS IN THE SCHOOL, IN PARTICULAR BY:
DEVELOPING EFFECTIVE RELATIONSHIPS BETWEEN THE STAFF, PARENTS AND OTHERS ASSOCIATED WITH THE SCHOOL, INCLUDING CREATING SOCIAL OPPORTUNITIES TO STRENGTHEN THE CANARY WHARF COLLEGE COMMUNITY;
ENGAGING IN ACTIVITIES WHICH SUPPORT THE SCHOOL AND ADVANCE THE EDUCATION OF THE PUPILS ATTENDING IT;
PROVIDING AND ASSISTING IN THE PROVISION OF FACILITIES OR EQUIPMENT WHICH SUPPORT THE SCHOOL; AND
OTHERWISE PROVIDING SUPPORT FOR THE SCHOOL IN WAYS IDENTIFIED BY THE COMMITTEE IN CONSULTATION WITH THE HEAD TEACHER OF THE SCHOOL (THE HEAD) AND THE EXECUTIVE PRINCIPAL.",Small,Other Charitable Purposes,E01004217,51.489181,-0.013582,26.389,4.0,0.293,0.137,16.129,0.127,0.921,37.13,21.615,2219.0,407.0,356.0
1166344,THE PAROCHIAL CHURCH COUNCIL OF THE ECCLESIASTICAL PARISH OF ST MARY CABLE STREET,"ST MARY'S CLERGY HOUSE, 68 JOHNSON STREET, LONDON",E1 0BQ,31/12/2024,120798.0,64866.0,"Makes Grants To Organisations, Provides Buildings/facilities/open Space",Religious Activities,The General Public/mankind,"The Charity has the responsibility of cooperating with the Incumbent in promoting the whole mission of the Church in the ecclesiastical parish of St Mary's Cable Street, pastoral, evangelistic, social and ecumenical.",PROMOTING IN THE ECCLESIASTICAL PARISH THE WHOLE MISSION OF THE CHURCH.,Medium,Religious Activities,E01004300,51.511252,-0.051188,48.277,1.0,0.591,0.24,24.08,0.796,0.142,46.641,43.228,1432.0,316.0,183.0
1166881,DARUL ULOOM FOUNDATION,"ROSALING GREEN HALL, 45-47 STEPNEY GREEN, LONDON",E1 3JX,31/12/2024,163709.0,46312.0,Makes Grants To Organisations,"General Charitable Purposes, Education/training, The Advancement Of Health Or Saving Of Lives, Disability, The Prevention Or Relief Of Poverty, Overseas Aid/famine Relief, Religious Activities","Children/young People, Elderly/old People, People With Disabilities","(1) THE ADVANCEMENT OF EDUCATION IN BANGLADESH AND UK(2) THE RELIEF SICKNESS AND ADVANCEMENT OF HEALTHCARE IN BANGLADESH AND UK(3) THE RELIEF OF GENERAL POVERTY AND SUFFERING IN BANGLADESH AND UK(4) SUCH CHARITABLE PURPOSE FOR THE PUBLIC BENEFIT IN BANGLADESH & UK AS ARE EXCLUSIVELY CHARITABLE ACCORDING TO THE LAW OF ENGLAND AND WALES AS THE TRUSTEES MAY FROM TIME TO TIME DETERMINE.","(1) THE ADVANCEMENT OF EDUCATION FOR BENEFIT OF THE PUBLIC BENEFIT, IN PARTICULAR BUT NOT EXCLUSIVELY BY THE PROVISION OF SUPPORTING RURAL VILLAGE SCHOOLS IN BANGLADESH AND SUPPORTING GENERAL EDUCATION ADVANCEMENT IN UK.
(2) THE RELIEF SICKNESS AND ADVANCEMENT OF HEALTHCARE FOR THE PUBLIC BENEFIT OF PEOPLE LIVING IN BANGLADESH, IN PARTICULAR BUT NOT EXCLUSIVELY BY THE PROVISION OF GOODS AND SERVICES.
(3) THE RELIEF OF GENERAL POVERTY AND SUFFERING FOR THE PUBLIC BENEFIT OF PEOPLE LIVING IN BANGLADESH AND UK, IN PARTICULAR BUT NOT EXCLUSIVELY BY THE PROVISION OF GOODS AND SERVICES.
 (4) SUCH CHARITABLE PURPOSE FOR THE PUBLIC BENEFIT IN BANGLADESH & UK AS ARE EXCLUSIVELY CHARITABLE ACCORDING TO THE LAW OF ENGLAND AND WALES AS THE TRUSTEES MAY FROM TIME TO TIME DETERMINE.",Medium,Overseas Aid/famine Relief,E01004290,51.520533,-0.048557,31.305,3.0,0.404,0.154,17.12,0.672,0.646,30.549,33.035,2061.0,363.0,217.0
1169467,EAST END CONNECTION,"LG Floor offices, 46 Myrdle Street, London",E1 1HL,31/03/2025,44141.0,29215.0,"Provides Services, Provides Advocacy/advice/information",General Charitable Purposes,The General Public/mankind,"To promote social and cultural inclusion in London Borough of Tower Hamlets and in particular, Whitechapel, Stepney and Wapping areas and in particular:(a)	prevent disadvantaged people from becoming socially excluded,(b)	promote social inclusion through increasing opportunities for all regardless of backgrounds,(c)	support the socially excluded to re-integrate them into mainstream society.","TO PROMOTE SOCIAL AND CULTURAL INCLUSION IN LONDON BOROUGH OF TOWER HAMLETS AND IN PARTICULAR, WHITECHAPEL, STEPNEY AND WAPPING AREAS, THROUGH INITIATIVES TO HELP:
(A)	PREVENT DISADVANTAGED PEOPLE FROM BECOMING SOCIALLY EXCLUDED,
(B)	PROMOTE SOCIAL INCLUSION THROUGH INCREASING OPPORTUNITIES FOR ALL REGARDLESS OF BACKGROUNDS,
(C)	SUPPORT THE SOCIALLY EXCLUDED TO RE-INTEGRATE THEM INTO MAINSTREAM SOCIETY.",Small,General Charitable Purposes,E01035686,51.515464,-0.063331,32.731,3.0,0.421,0.121,15.636,0.329,0.792,39.48,44.652,1892.0,252.0,49.0
1169855,ST ANDREWS YOUTH DEVELOPMENT TRUST,"Arch 59, Vallance Road, LONDON",E1 5BW,31/10/2024,268251.0,124429.0,"Provides Services, Other Charitable Activities","General Charitable Purposes, Education/training, Arts/culture/heritage/science, Amateur Sport, Economic/community Development/employment, Other Charitable Purposes",Children/young People,"ACTIVITIES INCLUDE SPORT, HEALTH & WELL BEING; CREATIVE & DIGITAL MEDIA; MUSIC & FASHION;,ABA BOXINGAWARDS ,ASDAN ACCREDITED AWARDS AND EMPLOYMENT TRAINING ALL DESIGNED TO BE OUTCOME BASED, ACHIEVED THROUGH VOCATIONAL INDUSTRY-LED EMPLOYMENT PATHWAYS AND DELIVERED WITHIN AN EDUCATIONAL FRAMEWORKActivity Centre, Frampton Park Baptist Church community Centre,E9 7PQ","TO ACT AS A RESOURCE FOR CHILDREN AND YOUNG PEOPLE AGED 6-18 LIVING IN HACKNEY, ISLINGTON, NEWHAM, TOWER HAMLETS AND WALTHAM FOREST BY PROVIDING ADVICE AND ASSISTANCE AND ORGANISING PROGRAMMES OF PHYSICAL, EDUCATIONAL AND OTHER ACTIVITIES AS A MEANS OF:

(A) ADVANCING IN LIFE AND HELPING YOUNG PEOPLE BY DEVELOPING THEIR SKILLS, CAPACITIES AND CAPABILITIES TO ENABLE THEM TO PARTICIPATE IN SOCIETY AS INDEPENDENT, MATURE AND RESPONSIBLE INDIVIDUALS;

(B) ADVANCING EDUCATION;

(C) PROVIDING RECREATIONAL AND LEISURE TIME ACTIVITIES IN THE INTEREST OF SOCIAL WELFARE, DESIGNED TO IMPROVE THEIR CONDITIONS OF LIFE.",Medium,Other Charitable Purposes,E01004205,51.522137,-0.063956,47.599,1.0,0.605,0.232,22.416,0.763,0.761,41.219,38.05,2279.0,505.0,219.0
1171589,DOCKLANDS COMMUNITY ORGANISATION,"CULTURAL AND EDUCATION CENTRE, 111 - 113 MELLISH STREET, LONDON",E14 8PJ,28/02/2025,120922.0,112209.0,"Provides Human Resources, Provides Services, Provides Advocacy/advice/information, Other Charitable Activities","General Charitable Purposes, Education/training, Religious Activities, Other Charitable Purposes","Children/young People, Elderly/old People, The General Public/mankind","Women Group including Coffee Morning, Study Circle, Pensioners Club, regular Spiritual Activities, Accredited/Vocational Employ-ability Training, English ESOL, Youth Activities, After School Club, Weekend Supplementary Classes, School Holiday Programme, NHS Healthy Programme,Community Gardening project. We also provide facilities for Black and Minority Ethnic Group which are culturally sensitive.","TO PROMOTE FOR THE BENEFIT OF THE INHABITANTS OF DOCKLANDS AND THE SURROUNDING AREA THE PROVISION OF FACILITIES FOR RECREATION OR OTHER LEISURE TIME OCCUPATION OF INDIVIDUALS WHO HAVE NEED OF SUCH FACILITIES BY REASON OF THEIR YOUTH, AGE, INFIRMITY OR DISABLEMENT, FINANCIAL HARDSHIP OR SOCIAL AND ECONOMIC CIRCUMSTANCES OR FOR THE PUBLIC AT LARGE IN THE INTERESTS OF SOCIAL WELFARE AND WITH THE OBJECT OF IMPROVING THE CONDITION OF LIFE OF THE SAID INHABITANTS.",Medium,Other Charitable Purposes,E01032774,51.496849,-0.020294,24.596,4.0,0.35,0.141,15.107,0.499,0.061,31.411,11.31,1835.0,343.0,99.0
1172004,WEAVERSFIELD PRAYER HALL TRUST,"Flat 36, Orion House, Coventry Road, LONDON",E1 5RX,31/03/2025,49057.0,53708.0,"Provides Buildings/facilities/open Space, Provides Services, Provides Advocacy/advice/information","General Charitable Purposes, Education/training, Religious Activities, Human Rights/religious Or Racial Harmony/equality Or Diversity","Children/young People, The General Public/mankind","Islamic teaching, congregational every day pray, Friday  jumma pray.","TO ADVANCE THE ISLAMIC RELIGION IN TOWER HAMLETS FOR THE BENEFIT OF THE PUBLIC IN ACCORDANCE WITH THE QURAN AND SUNNAH THROUGH THE HOLDING OF PRAYER MEETINGS, LECTURES, PRODUCING AND/OR DISTRIBUTING LITERATURE ON ISLAM TO ENLIGHTEN OTHERS ABOUT THE ISLAMIC RELIGION AND IN SUCH OTHER WAYS AS THE TRUSTEES FROM TIME TO TIME MAY THINK FIT.",Small,Human Rights/religious Or Racial Harmony/equality Or Diversity,E01004212,51.522843,-0.057699,30.507,3.0,0.421,0.119,12.824,0.221,1.21,31.973,34.641,2387.0,384.0,126.0
1173160,ALLEN GARDENS PLAYGROUP,"55 BUXTON STREET, LONDON",E1 5EH,31/03/2025,209741.0,184171.0,Provides Services,Education/training,Children/young People,"The playgroup offers flexible, affordable, inclusive childcare to the local community in East London. Children come from a range of diverse backgrounds. Using the EYFS curriculum, staff provide a range of activities and experiences to enhance children's learning and development. Children aged from 2 - 5 years access a wide range of resources and are supported according to their individual needs.",THE CHARITY WORKS FOR THE PUBLIC BENEFIT HAVING AS ITS OBJECTS THE DEVELOPMENT AND EDUCATION OF CHILDREN AND YOUNG PEOPLE IN PARTICULAR BY: 1) PROMOTING THEIR CARE AND SAFETY; 2) PROMOTING THEIR EDUCATION AND PROMOTING PARENTAL INVOLVEMENT; 3) PROMOTING THEIR HEALTH AND WELLBEING; 4) PROVIDING SERVICES TO SUPPORT THEM AND THEIR FAMILIES AND CARERS; 5) PROVIDING SERVICES TO INDIVIDUALS HOLDING MEMBERSHIP OF THE CIO; AND 6) FURTHERING THE AIMS OF THE PRE-SCHOOL LEARNING ALLIANCE.,Medium,Education/training,E01035668,51.522027,-0.069251,33.397,3.0,0.372,0.165,12.658,0.884,1.246,30.085,33.281,2054.0,234.0,141.0
1173444,CHISENHALE SCHOOL PTA,"CHISENHALE PRIMARY SCHOOL, CHISENHALE ROAD, LONDON",E3 5QY,31/03/2025,21236.0,17033.0,Provides Other Finance,General Charitable Purposes,Children/young People,The role of the charity is to support Chisenhale Primary School e.g. through funding educational activities which the school would otherwise not be able to provide.,"TO ADVANCE THE EDUCATION OF PUPILS IN THE SCHOOL IN PARTICULAR BY:2.1 DEVELOPING EFFECTIVE RELATIONSHIPS BETWEEN THE STAFF, PARENTS ANDOTHERS ASSOCIATED WITH THE SCHOOL2.2 ENGAGING IN ACTIVITIES OR PROVIDING FACILITIES OR EQUIPMENT WHICHSUPPORT THE SCHOOL AND ADVANCE THE EDUCATION OF THE PUPILS.",Small,General Charitable Purposes,E01004234,51.53327,-0.038481,17.914,5.0,0.178,0.083,3.996,-0.71,0.684,25.136,51.652,2574.0,451.0,340.0
1174608,RANWELL PLAYGROUP,"1 MCCULLUM ROAD, LONDON",E3 5HZ,31/03/2025,158735.0,83666.0,Provides Advocacy/advice/information,Education/training,Children/young People,"RUN PLAYGROUP FOR 24 CHILDREN IN THE MORNING AND 24 IN THE AFTERNOON, TWO SESSIONS A DAY, AGE 2-5 YEARS OF AG","THE DEVELOPMENT AND EDUCATION OF CHILDREN AND YOUNG PEOPLE IN PARTICULAR BY:
PROMOTING THEIR CARE AND SAFETY;
PROMOTING THEIR EDUCATION AND PROMOTING PARENTAL INVOLVEMENT;
PROMOTING THEIR HEALTH AND WELLBEING;
PROVIDING SERVICES TO SUPPORT THEM AND THEIR FAMILIES AND CARERS;
PROVIDING SERVICES TO INDIVIDUALS HOLDING MEMBERSHIP OF THE CIO; AND
FURTHERING THE AIMS OF THE PRE SCHOOL LEARNING ALLIANCE.",Medium,Education/training,E01004222,51.534652,-0.030823,37.465,2.0,0.47,0.233,27.436,0.66,0.735,24.529,27.031,2789.0,508.0,462.0
1174981,THE GILBERT AND GEORGE CENTRE,"12 FOURNIER STREET, LONDON",E1 6QE,30/04/2025,129453.0,708374.0,"Makes Grants To Individuals, Makes Grants To Organisations, Provides Buildings/facilities/open Space","Arts/culture/heritage/science, Environment/conservation/heritage",The General Public/mankind,"Provide facilities for the safe-keeping, conservation, storage and display to the public of works of art belonging to the CIO;  make loans of works of art belonging to the CIO to other institutions in the UK and abroad; promote and carry out research.","TO ADVANCE THE EDUCATION OF THE PUBLIC IN THE ARTS, AND GENERALLY TO ADVANCE THE ARTS, ARCHITECTURE, HERITAGE AND CULTURE FOR THE BENEFIT OF THE PUBLIC, ESPECIALLY BUT NOT EXCLUSIVELY BY THE PRESERVATION AFTER THE DEATHS OF GEORGE PASSMORE AND GILBERT PROUSCH, OF THE PROPERTIES IN FOURNIER STREET OCCUPIED BY THEM AND THE COLLECTIONS, ARCHIVES AND WORKS OF ART CREATED BY THEM.",Medium,Environment/conservation/heritage,E01004306,51.519346,-0.072997,36.117,2.0,0.387,0.19,15.221,0.546,0.73,38.717,48.653,1926.0,302.0,204.0
1175878,APOSTOLIC SHALOM CHURCH HOUSE OF PRAYER,"39 Ambrose Walk, LONDON",E3 2AR,31/07/2022,4234.0,6430.0,"Makes Grants To Individuals, Makes Grants To Organisations, Provides Advocacy/advice/information","Education/training, Disability, The Prevention Or Relief Of Poverty, Religious Activities","Children/young People, Elderly/old People, People Of A Particular Ethnic Or Racial Origin, The General Public/mankind","We working in collaboration with some primary schools in Africa, more precisely in Kinshasa (DRC) and Luanda (Angola)-By buying books and notebooks for children.- Paying the school fees every year since 2014 in the municipality of Nsele in Kinkole-And then each end of the year we distribute food during the Christmas period to orphaned children-Etc ...",TO ADVANCE THE CHRISTIAN RELIGION FOR THE PUBLIC BENEFIT IN THE TOWER HAMLET AREA IN PARTICULAR BUT NOT EXCLUSIVELY BY THE PROVISION OF FACILITIES FOR PUBLIC WORSHIP AND PRAYER.’,Micro,Disability,E01004231,51.52917,-0.023562,38.278,2.0,0.465,0.192,21.163,1.017,1.074,28.295,30.313,1611.0,292.0,159.0
1176105,MANORFIELD CHARITABLE FOUNDATION,"MANORFIELD PRIMARY SCHOOL, WYVIS STREET, LONDON",E14 6QD,31/03/2025,45728.0,108749.0,Provides Other Finance,"General Charitable Purposes, Education/training, The Prevention Or Relief Of Poverty, Arts/culture/heritage/science","Children/young People, The General Public/mankind","Our mission is to support the development of the whole child and enhance the quality of life of Manorfield Primary School students by supporting investment in the school and its programme of engagement with the local community in Poplar, Tower Hamlets.","1.	TO ADVANCE THE EDUCATION OF PUPILS IN THE SCHOOL IN PARTICULAR BY DEVELOPING EFFECTIVE RELATIONSHIPS BETWEEN THE STAFF, PARENTS AND OTHERS ASSOCIATED WITH THE SCHOOL AND ENGAGING IN ACTIVITIES OR PROVIDING FACILITIES OR EQUIPMENT WHICH SUPPORT THE SCHOOL AND ADVANCE THE EDUCATION OF THE PUPILS.
2.	FOR THE PUBLIC BENEFIT TO PROVIDE GRANTS AND DONATIONS FOR SUCH CHARITABLE PURPOSES, THAT ARE EXCLUSIVELY CHARITABLE ACCORDING TO THE LAWS OF ENGLAND AND WALES, AS THE TRUSTEES MAY FROM TIME TO TIME DETERMINE.",Small,Arts/culture/heritage/science,E01035678,51.518634,-0.013597,26.228,4.0,0.416,0.143,13.83,0.053,0.442,25.887,26.132,2002.0,422.0,149.0
1177014,CHRIST APOSTOLIC CHURCH (VINEYARD OF COMFORT ) EAST LONDON ASSEMBLY,"3 URSULA GOULD WAY, LONDON",E14 7FW,31/12/2024,84780.0,76374.0,"Provides Services, Other Charitable Activities","General Charitable Purposes, Education/training, Religious Activities, Other Charitable Purposes",The General Public/mankind,"A place of service beyond religion. A gathering where diverse needs are met ranging from counselling to advise of all sorts with potential of sign posting to service providers. Collaborative works with existing charities  accessible to both young and old, but based on Biblical and scriptural doctrines. Activities include Family gathering, Women Night Shelter (winter only) Community research etc.",ADVANCEMENT OF THE CHRISTIAN FAITH IN SUCH WAYS THE TRUSTEES MAY THINK FIT.,Small,Other Charitable Purposes,E01035677,51.51643,-0.022601,34.107,2.0,0.499,0.169,14.574,0.932,0.447,27.332,26.124,1581.0,305.0,52.0
1178684,FRIENDS OF ISLAND HISTORY TRUST,"Friends Of Island History Trust, St John's Community Centre, The History Room, 37-43 Glengall Grove, London",E14 3NE,31/12/2024,6695.0,7580.0,Provides Services,Education/training,,Recording and sharing the history of the isle of Dogs.,"THE OBJECTS OF THE CIO ARE:-
THE OBJECTS OF THE TRUST ARE TO ADVANCE EDUCATION AND PUBLIC AWARENESS OF THE SOCIAL INDUSTRIAL & POLITICAL HISTORY OF THE ISLE OF DOGS THROUGH RESEARCH, COMPILING OF RECORDS AND LEAFLETS & OTHER PUBLICATIONS; ARRANGING LECTURES, MEETINGS, EVENTS, EXHIBITIONS & OTHER EVENTS, AND BY THE ESTABLISHMENT AND MAINTENANCE OF AN ARCHIVE CONTAINING INFORMATION, IMAGES ARTEFACTS AND PHOTOGRAPHS.",Micro,Education/training,E01035705,51.495321,-0.01186,35.695,2.0,0.483,0.191,18.807,0.454,0.257,42.368,22.511,1428.0,280.0,180.0
1180481,TURNERS & LOCKSLEY RESIDENTS ASSOCIATION,"Turners &amp; Locksley Residents Association, 11 Bangla Close, LONDON",E3 4YD,31/07/2024,99017.0,66296.0,"Provides Buildings/facilities/open Space, Provides Services, Provides Advocacy/advice/information","General Charitable Purposes, The Advancement Of Health Or Saving Of Lives, Religious Activities, Recreation","Children/young People, Elderly/old People, People With Disabilities","The community centre is used as a place of worship and religious learning.

The community centre holds events which provide advice and guidance, such as Cllr surgeries and health clinics.

The community centre holds language classes as well as weekend tuition classes.

Tea clubs are held to combat isolation.

Provision of recreational activities - i.e in summer holidays.","TO ADVANCE THE ISLAMIC FAITH IN THE TURNERS & LOCKSLEY AREA FOR THE BENEFIT OF THE PUBLIC IN PARTICULAR THROUGH THE HOLDING OF PRAYERS, LECTURES, AND THE PUBLIC CELEBRATION OF RELIGIOUS FESTIVALS. PROVIDING OR SUPPORTING IN THE PROVISION OF FACILITIES IN THE INTERESTS OF SOCIAL WELFARE FOR RECREATION OR OTHER LEISURE TIME OCCUPATION OF INDIVIDUALS WHO HAVE NEED OF SUCH FACILITIES BY REASON OF THEIR YOUTH, AGE INFIRMITY OR DISABILITY, FINANCIAL HARDSHIP OR SOCIAL CIRCUMSTANCES WITH THE OBJECT OF IMPROVING THEIR CONDITION OF LIFE.",Small,Recreation,E01035676,51.516643,-0.031557,40.375,2.0,0.524,0.215,24.107,0.425,0.414,40.473,33.671,1604.0,383.0,209.0
1181068,ALPHA GROVE CENTRE,"ALPHA GROVE COMMUNITY CENTRE, ALPHA GROVE, LONDON",E14 8LH,31/03/2025,102436.0,84554.0,Provides Buildings/facilities/open Space,"Education/training, Recreation","Children/young People, Elderly/old People, People With Disabilities",Information will be added shortly.,"(A) TO PROMOTE THE BENEFIT OF THE INHABITANTS OF THAT PART OF THE ISLE OF DOGS IN THE LONDON BOROUGH OF TOWER HAMLETS AS LIES TO THE SOUTH OF WEST INDIA DOCK (HEREINAFTER CALLED ""THE AREA OF BENEFIT"") WITHOUT DISTINCTION OF SEX, SEXUAL ORIENTATION, RACE, POLITICAL, RELIGIOUS OR OTHER OPINIONS BY ASSOCIATING TOGETHER THE RESIDENTS OF THE AREA OF BENEFIT, THE LOCAL AND PUBLIC AUTHORITIES, VOLUNTARY AND OTHER ORGANISATIONS IN A COMMON EFFORT TO ADVANCE EDUCATION AND TO PROVIDE FACILITIES IN THE INTERESTS OF SOCIAL WELFARE FOR RECREATION AND LEISURE-TIME OCCUPATION WITH THE OBJECT OF IMPROVING THE CONDITIONS OF LIFE FOR THE SAID INHABITANTS; AND
(B) TO ESTABLISH A COMMUNITY CENTRE (HEREINAFTER CALLED ""THE CENTRE"") AND TO MAINTAIN AND MANAGE THE SAME (WHETHER ALONE OR IN CO-OPERATION WITH ANY LOCAL AUTHORITY OR OTHER BODY OR PERSON) FOR ACTIVITIES PROMOTED BY THE COMPANY AND ITS CONSTITUENT BODIES IN FURTHERANCE OF THE ABOVE OBJECTS.",Medium,Recreation,E01032772,51.499137,-0.02371,20.302,5.0,0.34,0.099,12.13,0.478,0.136,22.955,12.618,2866.0,457.0,119.0
1181977,EAVESDROPPING CIO,"81 CRESSY HOUSES, HANNIBAL ROAD, LONDON",E1 3JF,31/08/2024,50382.0,40141.0,"Provides Advocacy/advice/information, Other Charitable Activities","Education/training, Arts/culture/heritage/science","Other Defined Groups, The General Public/mankind","eavesdropping is an artist-run organisation dedicated to the sharing of new music and new ways of thinking about music. Activity includes a festival, a podcast and artist development opportunities. Our charitable objects are the advancement of the performing arts, specifically music, for the public benefit, and the advancement of the education of the public in general in the subject of music.","THE CHARITY'S OBJECTS ARE SPECIFICALLY RESTRICTED TO THE FOLLOWING: 
1. THE ADVANCEMENT OF THE PERFORMING ARTS, SPECIFICALLY MUSIC, FOR THE PUBLIC BENEFIT, IN PARTICULAR BUT NOT EXCLUSIVELY BYÙ
A)PROVIDING A PROGRAMME OF PUBLIC PERFORMANCES DEVOTED TO NEW MUSIC; 
B)PROVIDING A DEDICATED FORUM FOR RESEARCH IN ORDER TO FURTHER DIALOGUE WITHIN THE NEW MUSIC COMMUNITY; 
C)PROVIDING PROFESSIONAL DEVELOPMENT AND PERFORMANCE OPPORTUNITIES FOR ARTISTS IDENTIFYING AS FEMALE, THUS ADVANCING EQUAL OPPORTUNITIES IN AN HISTORICALLY MALE-DOMINATED PROFESSION;
D)PROMOTING THE HIGHEST STANDARDS AND SUPPORTING ENGAGED RISK-TAKING IN THE CREATION AND PERFORMANCE OF NEW MUSICAL WORKS; AND 
2. THE ADVANCEMENT OF THE EDUCATION OF THE PUBLIC IN GENERAL IN THE SUBJECT OF MUSIC, IN PARTICULAR BUT NOT EXCLUSIVELY BY
A)PROMOTING A BROAD AND DIVERSE REPERTOIRE OF NEW MUSIC;
B)PROMOTING INDIVIDUAL AND COLLECTIVE KNOWLEDGE IN THE SPECIFIC AREAS OF LIVE PERFORMANCE, COMMISSIONING AND PROGRAMMING; 
C)RAISING AWARENESS OF THE CHARITYÆS ACTIVITIES THROUGH INFORMATION MEDIA.",Small,Arts/culture/heritage/science,E01004283,51.519752,-0.049167,41.034,2.0,0.535,0.191,22.539,0.928,0.486,39.467,30.963,2336.0,431.0,291.0
1188600,KLINGEN CHOIR AND CULTURAL ASSOCIATION,"106 BROWNFIELD STREET, LONDON",E14 6NF,31/07/2024,22536.0,18997.0,"Provides Services, Provides Advocacy/advice/information","Arts/culture/heritage/science, Economic/community Development/employment",The General Public/mankind,"The charity promotes arts and culture for the benefit of the public, in part but not exclusively by:
Supporting young performers;
Organising art exhibitions and concerts for the benefit of the public to promote choral music, and;
Creating opportunities for cultural exchange.","TO PROMOTE ARTS AND CULTURE FOR THE BENEFIT OF THE PUBLIC, IN PART BUT NOT EXCLUSIVELY BY:
SUPPORTING YOUNG PERFORMERS;
ORGANISING ART EXHIBITIONS AND CONCERTS FOR THE BENEFIT OF THE PUBLIC TO PROMOTE CHORAL MUSIC, AND;
CREATING OPPORTUNITIES FOR CULTURAL EXCHANGE.",Small,Arts/culture/heritage/science,E01004247,51.512543,-0.011874,43.751,2.0,0.568,0.209,27.262,0.839,0.866,35.74,29.708,2695.0,649.0,238.0
1189772,BURDETT BANGLADESHI CULTURAL ASSOCIATION AND MOSQUE,"BBCA&amp;M, 6 MEDINA PLACE, LONDON",E14 7UD,31/07/2024,409900.0,270394.0,Provides Buildings/facilities/open Space,"General Charitable Purposes, Religious Activities",,"The promotion of the Islamic faith for the benefit of the public by providing
facilities for worship, prayer, Islamic celebration and observance;
- The advancement of education including the advancement of Islamic religious
education;
- To promote for the benefit of the inhabitants of the Burdett Estate and the
surrounding area the provision of Islamic facilities and or other leisure time.","THE PROMOTION OF THE ISLAMIC FAITH FOR THE BENEFIT OF THE PUBLIC BY PROVIDING FACILITIES FOR WORSHIP, PRAYER, ISLAMIC CELEBRATION AND OBSERVANCE;
THE ADVANCEMENT OF EDUCATION INCLUDING THE ADVANCEMENT OF ISLAMIC RELIGIOUS EDUCATION;
TO PROMOTE FOR THE BENEFIT OF THE INHABITANTS OF THE BURDETT ESTATE AND THE SURROUNDING AREA THE PROVISION OF ISLAMIC FACILITIES AND OR OTHER LEISURE TIME OCCUPATION OF INDIVIDUALS WHO HAVE THE NEED OF SUCH FACILITIES BY REASON OF THEIR
YOUTH, AGE, INFIRMITY OR DISABLEMENT, FINANCIAL HARDSHIP OR SOCIAL AND ECONOMIC CIRCUMSTANCES OR FOR THE PUBLIC AT LARGE IN THE INTERESTS OF SOCIAL WELFARE AND WITH THE OBJECT OF IMPROVING THE CONDITION OF LIFE OF THE SAID INHABITANTS WITHIN THE LOCALITY.
THE OBJECTS ABOVE WILL BE UNDERTAKEN CONSIDERING THE NEEDS OF THE MUSLIM COMMUNITY BUT THIS IS NOT RESTRICTED TO THE MUSLIM COMMUNITY.",Medium,Religious Activities,E01004272,51.517089,-0.026522,41.976,2.0,0.575,0.197,23.659,0.666,0.682,39.522,25.386,2676.0,646.0,195.0
1192587,LONDON BIBLE CHURCH,"ELT BAPTIST CHURCH, BURDETT ROAD, LONDON",E3 4TU,31/12/2024,97067.0,89371.0,Provides Services,Religious Activities,The General Public/mankind,"The advancement of the Christian faith in accordance with the basis of faith, doctrinal 
distinctives and ethical statements primarily but not exclusively within London, and the 
United Kingdom; and to further such other purposes as are charitable according to the laws 
of England and Wales as the trustees in their discretion shall think fit and in accordance 
with the basis of faith.","THE ADVANCEMENT OF THE CHRISTIAN FAITH IN ACCORDANCE WITH THE BASIS OF FAITH, DOCTRINAL DISTINCTIVES AND ETHICAL STATEMENTS PRIMARILY BUT NOT EXCLUSIVELY WITHIN LONDON, AND THE UNITED KINGDOM; AND
TO FURTHER SUCH OTHER PURPOSES AS ARE CHARITABLE ACCORDING TO THE LAWS OF ENGLAND AND WALES AS THE TRUSTEES IN THEIR DISCRETION SHALL THINK FIT AND IN ACCORDANCE WITH THE BASIS OF FAITH, DOCTRINAL DISTINCTIVES AND ETHICAL STATEMENTS AS MAY BE ADOPTED AND AMENDED BY THE CHURCH FROM TIME TO TIME IN ACCORDANCE WITH THE PROVISIONS OF THE FELLOWSHIP GUIDE.",Small,Religious Activities,E01035675,51.524079,-0.034191,31.98,3.0,0.412,0.127,17.039,0.551,0.566,40.807,35.16,1865.0,309.0,140.0
1194143,BEYOND SIGHT LOSS,"c/o Real, Jack Dash House, 2 Lawn House Close, LONDON",E14 9YQ,31/03/2025,8872.0,16556.0,"Provides Services, Provides Advocacy/advice/information",Disability,People With Disabilities,"Beyond Sight Loss is a user-led charity addressing loneliness and social isolation of blind and partially sighted people in Tower Hamlets. Members meet to socialise and share information about inclusive activities, events and opportunities to improve health and wellbeing. Outings take place in accessible museums, parks, theatre and sporting events.","FOR THE PUBLIC BENEFIT TO RELIEVE THE NEEDS OF BLIND/PARTIALLY SIGHTED PEOPLE LIVING IN TOWER HAMLETS AND THE SURROUNDING BOROUGHS, IN PARTICULAR BUT NOT EXCLUSIVELY BY THE PROVISION OF REGULAR ACTIVITIES INCLUDING MEETINGS, SOCIAL GATHERINGS, GROUP OUTINGS AND SPECIAL EVENTS TO REDUCE ISOLATION AND IMPROVE GENERAL QUALITY OF LIFE FOR BLIND/PARTIALLY SIGHTED PEOPLE.",Micro,Disability,E01004221,51.500168,-0.010251,29.445,3.0,0.362,0.126,14.169,0.6,0.381,42.984,28.503,1943.0,363.0,199.0
1194309,FRIENDS OF COLUMBIA PRIMARY SCHOOL,"49 - 53 COLUMBIA ROAD, LONDON",E2 7RG,31/08/2024,37573.0,52894.0,"Provides Other Finance, Provides Services, Other Charitable Activities",Education/training,Children/young People,"The objective of the charity is to advance the education of pupils in the school by 1) developing effective relationships between the staff, parents and others associated with the school and by 2) engaging in activities or providing facilities or equipment which support the school and advance the education of the pupils.  Activities include: fundraising and supporting school initiatives.","THE OBJECT OF THE ASSOCIATION (THE OBJECTS) IS TO ADVANCE THE EDUCATION OF PUPILS IN THE SCHOOL IN PARTICULAR BY:
2.1 DEVELOPING EFFECTIVE RELATIONSHIPS BETWEEN THE STAFF, PARENTS AND OTHERS ASSOCIATED WITH THE SCHOOL
2.2 ENGAGING IN ACTIVITIES OR PROVIDING FACILITIES OR EQUIPMENT WHICH SUPPORT THE SCHOOL AND ADVANCE THE EDUCATION OF THE PUPILS.",Small,Education/training,E01035664,51.529302,-0.069246,31.656,3.0,0.373,0.169,8.876,0.53,0.916,26.44,48.098,2563.0,449.0,341.0
1194373,LEOPOLD ESTATE CULTURAL ASSOCIATION,"FLAT 35, STILEMAN HOUSE, 82 ACKROYD DRIVE, LONDON",E3 4AS,30/04/2024,745.0,0.0,Provides Services,General Charitable Purposes,"Children/young People, Elderly/old People, People Of A Particular Ethnic Or Racial Origin, Other Charities Or Voluntary Bodies","The advancement of ethnic minority language, culture, history and literature. To enhance interaction and cultural exchange between ethnic minorities and harmonious co-existence.","FOR THE BENEFIT OF THE PUBLIC IN THE LEOPOLD ESTATE AREA OF LONDON AND SURROUNDING AREAS:
TO ADVANCE THE EDUCATION OF THE PUBLIC IN BENGALI CULTURE, LANGUAGE AND HERITAGE, INCLUDING THE MUSIC, ART, LITERATURE AND TRADITIONS AND HISTORY OF THE BENGALI COMMUNITY.
TO PROMOTE SOCIAL INCLUSION FOR THE PUBLIC BENEFIT BY WORKING WITH PEOPLE RESIDENT IN THE LEOPOLD ESTATE AND SURROUNDING AREA WHO ARE SOCIALLY EXCLUDED ON THE GROUNDS OF THEIR ETHNIC ORIGIN, RELIGION, BELIEF OR CREED (IN PARTICULAR, MEMBERS OF THE BENGALI COMMUNITY) TO RELIEVE THE NEEDS OF SUCH PEOPLE AND ASSIST THEM TO INTEGRATE INTO SOCIETY, IN PARTICULAR BY:
PROVIDING A LOCAL NETWORK GROUP THAT ENCOURAGES AND ENABLES MEMBERS OF THE BENGALI COMMUNITY TO PARTICIPATE MORE EFFECTIVELY WITH THE WIDER COMMUNITY;
INCREASING, OR CO-ORDINATING, OPPORTUNITIES FOR MEMBERS OF THE BENGALI COMMUNITY TO ENGAGE WITH SERVICE PROVIDERS, TO ENABLE THOSE PROVIDERS TO ADAPT SERVICES TO BETTER MEET THE NEEDS OF THAT COMMUNITY
TO PROVIDE OR ASSIST IN THE PROVISIONS OF FACILITIES IN THE INTEREST OF SOCIAL WELFARE AND FOR RECREATION OR OTHER LEISURE TIME OCCUPATION OF INDIVIDUALS WHO HAVE NEED OF SUCH FACILITIES BY REASON OF THEIR YOUTH, AGE, INFIRMITY, DISABILITY, FINANCIAL HARDSHIP OR OTHER SOCIAL CIRCUMSTANCE WITH THE OBJECT OF IMPROVING THEIR CONDITIONS OF LIFE.",Micro,General Charitable Purposes,E01004271,51.519022,-0.0286,29.784,3.0,0.469,0.135,12.989,0.327,0.303,34.359,26.928,2461.0,578.0,147.0
1194477,TOWER HAMLETS NEIGHBOURHOOD WATCH ASSOCIATION (THNWA),"Tower Hamlets Neighbourhood Watch, Club 55 Samuda Community Centre, 55 Stewart Street, LONDON",E14 3JH,31/03/2025,1882.0,174.0,"Makes Grants To Organisations, Provides Services, Provides Advocacy/advice/information, Acts As An Umbrella Or Resource Body","General Charitable Purposes, Other Charitable Purposes","Other Charities Or Voluntary Bodies, Other Defined Groups, The General Public/mankind",promoting the formation of Neighbourhood Watch schemes and assisting existing schemes to prosper.,"THE OBJECTS OF THE CIO ARE TO
A) THE PROMOTION OF GOOD CITIZENSHIP AND THE EFFICIENCY OF THE POLICE
ACROSS THE LONDON BOROUGH OF TOWER HAMLETS BY:
B) I) ENABLING PUBLIC PARTICIPATION IN THE PREVENTION AND DETECTION OF
CRIME;
C) II) PROMOTING PUBLIC SUPPORT FOR THE WORK OF THE POLICE SERVICE AND
OTHER PARTNERS IN THE PROTECTION OF PEOPLE AND PROPERTY FROM, AND THE
PREVENTION OF, CRIME.",Micro,Other Charitable Purposes,E01004214,51.496403,-0.008312,52.684,1.0,0.73,0.257,31.042,0.853,0.23,46.035,21.057,1655.0,359.0,238.0
1195637,SPEARHEAD BARBELL,"4 HICKIN STREET, LONDON",E14 3LW,25/08/2024,23693.0,10175.0,Provides Buildings/facilities/open Space,Amateur Sport,,"THE PROMOTION OF COMMUNITY PARTICIPATION IN HEALTHY RECREATION IN TOWER HAMLETS, LONDON IN PARTICULAR BY THE PROVISION OF FACILITIES FOR PARTICIPATING IN THE SPORT OF AMATEUR OLYMPIC WEIGHTLIFTING.","THE PROMOTION OF COMMUNITY PARTICIPATION IN HEALTHY RECREATION IN TOWER HAMLETS, LONDON IN PARTICULAR BY THE PROVISION OF FACILITIES FOR PARTICIPATING IN THE SPORT OF AMATEUR OLYMPIC WEIGHTLIFTING. 

(FOR THE PURPOSES OF THIS CLAUSE “FACILITIES” MEANS LAND, BUILDINGS, EQUIPMENT, ACCESS TO COACHING AND ORGANISING SPORTING ACTIVITIES).",Small,Amateur Sport,E01035705,51.497065,-0.01236,35.695,2.0,0.483,0.191,18.807,0.454,0.257,42.368,22.511,1428.0,280.0,180.0
1195689,THE POWER MOVEMENT ORGANISATION,"23  Surma Close, Selby Street",E1 5DD,31/03/2025,17600.0,17130.0,Provides Services,"General Charitable Purposes, The Prevention Or Relief Of Poverty",The General Public/mankind,The Prevention Or Relief Of Poverty,TO ADVANCE SUCH CHARITABLE PURPOSES (ACCORDING TO THE LAW OF ENGLAND AND WALES) AS THE TRUSTEES SEE FIT FROM TIME TO TIME.,Small,The Prevention Or Relief Of Poverty,E01004211,51.522506,-0.062845,34.692,2.0,0.34,0.137,9.189,0.319,1.358,36.934,63.516,1617.0,222.0,123.0
1197862,IN2SPORTS CHARITABLE TRUST,"In2 Sports, 40 Harbord Square, LONDON",E14 9QH,28/02/2025,258681.0,271955.0,Provides Services,"Amateur Sport, Recreation",The General Public/mankind,"The provision of a wide variety of sports and leisure opportunities ranging from cricket, football, volleyball, handball, badminton, dodgeball, a range of martial arts, gym exercise.","THE OBJECTS OF THE CIO ARE, FOR THE PUBLIC BENEFIT
(A)	THE PROMOTION OF COMMUNITY PARTICIPATION IN HEALTHY RECREATION, IN PARTICULAR BY THE PROVISION OF FACILITIES FOR THE PLAYING OF A RANGE OF SPORTS INCLUDING CRICKET, FOOTBALL, NETBALL, HOCKEY AND VOLLEYBALL;
(B) THE PROVISION OF FACILITIES FOR RECREATION OR OTHER LEISURE TIME OCCUPATION FOR:
I)	INDIVIDUALS WHO HAVE NEED OF SUCH FACILITIES BY REASON OF THEIR YOUTH, AGE, INFIRMITY OR DISABLEMENT, FINANCIAL HARDSHIP OR SOCIAL AND ECONOMIC CIRCUMSTANCES, OR
II)	THE PUBLIC AT LARGE, 
IN THE INTERESTS OF SOCIAL WELFARE AND WITH THE OBJECT OF IMPROVING THEIR CONDITIONS OF LIFE.",Medium,Recreation,E01032780,51.501966,-0.009698,19.011,5.0,0.3,0.072,6.383,-0.175,-0.279,27.815,45.08,3014.0,427.0,125.0
1198337,ELFT CHARITY,"East London NHS Foundation Trust, Robert Dolan House, 9 Alie Street, LONDON",E1 8DE,31/03/2025,165564.0,357140.0,"Makes Grants To Individuals, Makes Grants To Organisations, Sponsors Or Undertakes Research",The Advancement Of Health Or Saving Of Lives,The General Public/mankind,The Charity exists for any charitable purposes associated with the East London NHS Foundation Trust and associated community health services.,"THE OBJECTS OF THE CIO ARE ANY CHARITABLE PURPOSE OR PURPOSES RELATING TO:
-	THE NHS FOUNDATION TRUST AND THE COMMUNITY HEALTH SERVICES ASSOCIATED WITH IT; AND
-	THE NATIONAL HEALTH SERVICE.",Medium,The Advancement Of Health Or Saving Of Lives,E01032767,51.513374,-0.071866,10.284,8.0,0.099,0.037,7.514,-0.095,-0.471,22.063,36.057,1746.0,43.0,61.0
1198441,E1 WATERBIRD WELFARE,"26 NARROW STREET, LONDON",E14 8DQ,31/03/2025,4774.0,4905.0,"Makes Grants To Individuals, Makes Grants To Organisations, Provides Services, Provides Advocacy/advice/information",Animals,,"The mission and purpose of E1WW is to promote the wellbeing and safety of the waterbirds of London E1 and surrounding areas, enabling them to thrive and survive in an urban environment, by providing resources to fund rescue and rehabilitation, enhance habitat and to raise awareness for the benefit of the local community.","TO PROMOTE THE CONSERVATION OF BIOLOGICAL DIVERSITY AND	THE NATURAL ENVIRONMENT	IN LONDON E1 AND SURROUNDING AREAS FOR THE PUBLIC BENEFIT BY:
I. WORKING TO ENABLE WILD WATERBIRDS TO	THRIVE AND SURVIVE IN AN URBAN ENVIRONMENT;
II. PROVIDING RESOURCES	TO FACILITATE RESCUE AND REHABILITATION;	
III. ENHANCING HABITAT; AND 
IV. AND	RAISING	AWARENESS IN THE LOCAL COMMUNITY.",Micro,Animals,E01032769,51.509968,-0.041083,23.07,4.0,0.276,0.09,8.093,0.329,1.131,26.937,33.595,1368.0,183.0,125.0
1198991,FRIENDS OF OLGA,"OLGA PRIMARY SCHOOL, LANFRANC ROAD, LONDON",E3 5DN,31/08/2024,15222.0,16738.0,"Provides Other Finance, Provides Services","General Charitable Purposes, Education/training",Children/young People,The organisation raises money to support Olga Primary School,"THE OBJECT OF THE ASSOCIATION (THE OBJECTS) IS TO ADVANCE THE EDUCATION OF PUPILS IN THE SCHOOL IN PARTICULAR BY:

2.1 DEVELOPING EFFECTIVE RELATIONSHIPS BETWEEN THE STAFF, PARENTS AND OTHERS ASSOCIATED WITH THE SCHOOL
2.2 ENGAGING IN ACTIVITIES OR PROVIDING FACILITIES OR EQUIPMENT WHICH SUPPORT THE SCHOOL AND ADVANCE THE EDUCATION OF THE PUPILS.",Small,General Charitable Purposes,E01004230,51.530721,-0.036644,27.27,3.0,0.366,0.147,13.411,0.151,0.397,25.653,44.252,2296.0,372.0,337.0
1199395,MILE END BENGALI MUSLIM COMMUNITY ASSOCIATION,"97-103 Hamlets Way, LONDON",E3 4TL,31/07/2024,109587.0,87110.0,Provides Buildings/facilities/open Space,"General Charitable Purposes, Religious Activities","Children/young People, Elderly/old People, The General Public/mankind",Religious and educational activities.,"TO ADVANCE THE ISLAMIC RELIGION IN THE WHOLE COMMUNITY, FOR THE BENEFIT OF THE PUBLIC THROUGH THE HOLDING OF PRAYER MEETINGS, LECTURES, PUBLIC CELEBRATION OF RELIGIOUS FESTIVALS, PRODUCING AND /OR DISTRIBUTING LITERATURE ON ISLAM TO ENLIGHTEN OTHERS ABOUT THE ISLAMIC RELIGION.",Medium,Religious Activities,E01035675,51.523362,-0.03379,31.98,3.0,0.412,0.127,17.039,0.551,0.566,40.807,35.16,1865.0,309.0,140.0
1200292,ASHA: A COMMUNITY OF HOPE,"649-651 COMMERCIAL ROAD, LONDON",E14 7LW,31/12/2024,191632.0,96651.0,"Makes Grants To Individuals, Makes Grants To Organisations, Provides Services","General Charitable Purposes, Religious Activities",The General Public/mankind,"Sunday services, midweek evening Bible studies, youth & children's holiday clubs, art clubs, ESOL classes, booktables in public markets, music and cultural events.","3.1.	THE PURPOSES OF THE CHURCH ARE:

3.1.1.	THE ADVANCEMENT OF THE CHRISTIAN FAITH IN ACCORDANCE WITH THE BASIS OF FAITH, PRIMARILY, BUT NOT EXCLUSIVELY, WITHIN [LOCATION WHERE THE CHURCH IS BASED] AND THE SURROUNDING NEIGHBOURHOOD; AND

3.1.2.	SUCH OTHER CHARITABLE PURPOSES AS SHALL, IN THE OPINION OF THE CHARITY TRUSTEES, PUT INTO PRACTICE THE CHRISTIAN FAITH IN ACCORDANCE WITH THE BASIS OF FAITH, INCLUDING BUT NOT LIMITED TO: THE PREVENTION AND RELIEF OF NEED, HARDSHIP AND SICKNESS; THE ADVANCEMENT OF EDUCATION; AND THE PROVISION OF FACILITIES IN THE INTERESTS OF SOCIAL WELFARE FOR RECREATION OR OTHER LEISURE TIME OCCUPATION OF INDIVIDUALS WHO HAVE NEED OF SUCH FACILITIES BY REASON OF THEIR YOUTH, AGE, INFIRMITY OR DISABILITY, FINANCIAL HARDSHIP OR SOCIAL CIRCUMSTANCES WITH THE OBJECT OF IMPROVING THEIR CONDITIONS OF LIFE;

PROVIDED THAT THE ADVANCEMENT OF SUCH PURPOSES MUST BE UNDERTAKEN IN A MANNER THAT IS CONSISTENT WITH THE DOCTRINAL DISTINCTIVES AND ETHICAL STATEMENTS AS MAY BE ADOPTED AND AMENDED BY THE CHURCH FROM TIME TO TIME.",Medium,Religious Activities,E01004286,51.512919,-0.037915,38.909,2.0,0.432,0.223,19.673,0.458,0.953,37.938,39.925,2565.0,491.0,320.0
1200690,DARUL ULOOM PIREREGOW FOUNDATION,"FLAT 6 HARRIS HOUSE, ALFRED STREET, LONDON",E3 2BN,31/08/2024,19229.0,9304.0,"Makes Grants To Individuals, Makes Grants To Organisations",Education/training,Children/young People,Education,"THE PREVENTION OR RELIEF OF POVERTY, PARTICULARLY, BUT NOT EXCLUSIVELY, YOUNG PEOPLE IN BANGLADESH BY PROVIDING OR ASSISTING IN THE PROVISION OF EDUCATION, TRAINING AND ALL THE NECESSARY SUPPORT DESIGNED TO ENABLE INDIVIDUALS TO GENERATE A SUSTAINABLE INCOME AND BE SELF-SUFFICIENT.",Small,Education/training,E01004231,51.527872,-0.025478,38.278,2.0,0.465,0.192,21.163,1.017,1.074,28.295,30.313,1611.0,292.0,159.0
1200935,DARUL HADIS LATIFIAH FOUNDATION,"DARUL HADIS LATIFIAH FOUNDATION, 1 CORNWALL AVENUE, LONDON",E2 0HW,31/08/2024,538566.0,462309.0,Provides Advocacy/advice/information,"Education/training, Religious Activities",Children/young People,"Darul Hadis Latifiah Foundation is established to develop and deliver Islamic education and guidance alongside the British National Curriculum for pupils aged between 11 and 20. 
Darul Hadis Latifiah Islamic School & College in London is the first project that the foundation will undertake.","TO ADVANCE THE EDUCATION OF THE PUPILS AT DARUL HADIS LATIFIAH (DHL) AND OTHER EDUCATIONAL INSTITUTIONS THROUGHOUT THE COUNTRY BY PROVIDING AND ASSISTING IN THE PROVISION OF FACILITIES FOR EDUCATION AT THESE EDUCATIONAL INSTITUTIONS.

THE ADVANCEMENT OF THE RELIGION OF ISLAM FOR THE BENEFIT OF THE PUBLIC IN ACCORDANCE WITH THE TENETS AND DOCTRINES OF HOLY QURAN AND SUNNAH OF THE PROPHET HADRAT MUHAMMAD, IN PARTICULAR BUT NOT EXCLUSIVELY BY PROVIDING ISLAMIC STUDIES ALONGSIDE A FULL SECONDARY SCHOOL NATIONAL CURRICULUM, PRODUCING AND DISTRIBUTION OF LITERATURE ON ISLAM AND THROUGH THE ESTABLISHMENT OF MOSQUES",Medium,Religious Activities,E01004209,51.526437,-0.053739,48.711,1.0,0.599,0.225,25.547,0.853,0.714,38.226,49.823,1396.0,344.0,113.0
1201214,RAINBOW HOUSE GROUP,"London Muslim Centre, 46 Whitechapel Road, London",E1 1JX,31/08/2024,549442.0,466148.0,Provides Advocacy/advice/information,Education/training,Children/young People,"Rainbow House is an independent, not-for-profit provider of a range of services for children aged 0-10 and their families. It is an Ofsted-registered childcare setting with charity status. Our services include preschool sessions, seminars, workshops, after-school clubs, mother and toddler sessions, creche and outings. We operate from two purpose-built settings in East London.","FOR THE PUBLIC BENEFIT TO ADVANCE THE EDUCATION OF CHILDREN AGED 0-8 BY PROVIDING CHILDCARE FACILITIES FOLLOWING THE NATIONAL CURRICULUM AND GOVERNMENT AGENDAS AND PROVIDING EDUCATION AND TRAINING OF PERSONS IN THE PROVISION OF SUCH CARE, DEVELOPMENT AND EDUCATION.",Medium,Education/training,E01035687,51.517319,-0.066265,21.918,4.0,0.329,0.072,9.248,-0.086,0.77,28.819,36.746,1901.0,257.0,41.0
1201689,SHOREDITCH MASJID AND ISLAMIC CULTURAL CENTRE,"53-55 REDCHURCH STREET, LONDON",E2 7DJ,31/03/2024,96399.0,96030.0,"Provides Buildings/facilities/open Space, Provides Services",Religious Activities,,Daily five times salah in congregations including two Jumu'ah prayers on Friday. Spiritual and religious gathering takes place on weekly basis. Maktab facilities are available for women and children. Yearly one open day for everyone to come and visit the Mosque. Iftar facilities in the holy month of Ramadan.,"FOR THE PUBLIC BENEFIT THE ADVANCEMENT OF THE ISLAMIC FAITH IN PARTICULAR BUT
NOT EXCLUSIVELY BY PROVIDING SERVICES FOR PRAYER AND WORSHIP, EDUCATION IN THE
ISLAMIC RELIGION AND CULTURE, PASTORAL CARE AND OUTREACH ACTIVITIES IN THE
LOCAL COMMUNITY.",Small,Religious Activities,E01004316,51.524547,-0.074305,41.511,2.0,0.402,0.16,9.105,0.734,0.728,48.751,81.457,1058.0,170.0,74.0
1202347,FRIENDS OF CANARY WHARF COLLEGE GLENWORTH,"CANARY WHARF COLLEGE GLENWORTH, 93 SAUNDERS NESS ROAD, LONDON",E14 3EB,31/08/2024,10429.0,15150.0,Other Charitable Activities,Other Charitable Purposes,Children/young People,"Developing effective relationships between the staff, parents and other associated with the school, including creating social opportunities to strengthen the school community. Engaging in activities which advance the education of the pupils attending it.","THE OBJECT OF THE FRIENDS ASSOCIATION IS TO ADVANCE THE EDUCATION OF PUPILS IN THE SCHOOL, IN PARTICULAR BY:

•DEVELOPING EFFECTIVE RELATIONSHIPS BETWEEN THE STAFF, PARENTS AND OTHERS ASSOCIATED WITH THE SCHOOL, INCLUDING CREATING SOCIAL OPPORTUNITIES TO STRENGTHEN THE CANARY WHARF COLLEGE GLENWORTH COMMUNITY AND CANARY WHARF COLLEGE OVERALL COMMUNITY COMPRISING ALL CANARY WHARF COLLEGE SCHOOLS;

•ENGAGING IN ACTIVITIES WHICH SUPPORT THE SCHOOL AND ADVANCE THE EDUCATION OF THE PUPILS ATTENDING IT;

•PROVIDING AND ASSISTING IN THE PROVISION OF FACILITIES OR EQUIPMENT WHICH SUPPORT THE SCHOOL; AND

•OTHERWISE PROVIDING SUPPORT FOR THE SCHOOL IN WAYS IDENTIFIED BY THE COMMITTEE IN CONSULTATION WITH THE HEAD TEACHER OF THE SCHOOL (THE HEAD) AND THE EXECUTIVE PRINCIPAL.",Small,Other Charitable Purposes,E01004218,51.489593,-0.005512,16.025,6.0,0.232,0.099,6.022,-0.716,-0.43,37.046,16.663,1958.0,314.0,265.0
1204802,HIND GROVE MASJID & CULTURAL CENTRE,"162 PIGOTT STREET, LONDON",E14 7DW,20/05/2024,42499.0,35837.0,"Provides Services, Provides Advocacy/advice/information","General Charitable Purposes, Education/training, Religious Activities","Children/young People, Elderly/old People, The General Public/mankind",Furthering activity,"-	THE PROMOTION OF THE ISLAMIC FAITH FOR THE BENEFIT OF THE PUBLIC BY PROVIDING FACILITIES FOR WORSHIP, PRAYER, CELEBRATION AND ISLAMIC OBSERVANCE;

-	THE ADVANCEMENT OF EDUCATION INCLUDING THE ADVANCEMENT OF ISLAMIC RELIGIOUS EDUCATION;

-	THE ADVANCEMENT OF ETHNIC MINORITY LANGUAGE, CULTURE, HISTORY AND LITERATURE;

-	TO ENHANCE INTERACTION AND CULTURAL EXCHANGE BETWEEN ETHNIC MINORITIES AND HARMONIOUS CO-EXISTENCE;

-	TO PROVIDE PHYSICAL, SPIRITUAL AND CREATIVE ACTIVITIES FOR THE YOUTHS IN THE AREA;

-	TO PROMOTE FOR THE BENEFIT OF THE INHABITANTS OF THE ?LANSBURY WEST? IN LONDON AND THE SURROUNDING AREA THE PROVISION OF FACILITIES FOR RECREATION OR OTHER LEISURE TIME OCCUPATION OF INDIVIDUALS WHO HAVE NEED OF SUCH FACILITIES BY REASON OF THEIR YOUTH, AGE, INFIRMITY OR DISABLEMENT, FINANCIAL HARDSHIP OR SOCIAL AND ECONOMIC CIRCUMSTANCES OR FOR THE PUBLIC AT LARGE IN THE INTERESTS OF SOCIAL WELFARE AND WITH THE OBJECT OF IMPROVING THE CONDITION OF LIFE OF THE SAID INHABITANTS;

-	NOTHING IN THIS CONSTITUTION SHALL AUTHORISE AN APPLICATION OF THE PROPERTY OF THE CIO FOR THE PURPOSES WHICH ARE NOT CHARITABLE IN ACCORDANCE WITH [SECTION 7 OF THE CHARITIES AND TRUSTEE INVESTMENT (SCOTLAND) ACT 2005] AND [SECTION 2 OF THE CHARITIES ACT (NORTHERN IRELAND) 2008]",Small,Religious Activities,E01035694,51.512935,-0.025462,46.115,1.0,0.573,0.246,22.486,0.95,0.794,35.705,33.37,2300.0,541.0,130.0
1205967,ANVIL PROJECTS,"Hanbury Hall, 22a Hanbury Street,, LONDON",E1 6QR,31/03/2025,32978.0,9647.0,"Provides Services, Provides Advocacy/advice/information","Education/training, Arts/culture/heritage/science","Other Defined Groups, The General Public/mankind","Anvil Projects was formed in 2023. With expertise in community development, education and the creative arts, our projects focus on education and assistance for sanctuary seekers wellbeing and using the arts to enhance communities. We partner with individuals and communities to maximise their potential, increase their wellbeing and promote intercultural awareness and connections.","THE OBJECTS OF THE CIO ARE, FOR THE PUBLIC BENEFIT,

4.1 THE ADVANCEMENT OF EDUCATION AMONGST SANCTUARY SEEKERS (IDENTIFIED AS; REFUGEES, ASYLUM SEEKERS & OTHER DIASPORA WHO MAY BE/HAVE BEEN VULNERABLE THROUGH MIGRATION) INCLUDING, WITHOUT LIMITATION, THE TEACHING OF ENGLISH AS A SECOND LANGUAGE; AND FACILITATING THE DEVELOPMENT OF COMPETENCES AND SKILLS IN
INDIVIDUALS.

4.2 THE ADVANCEMENT OF THE ARTS IN PARTICULAR THROUGH FACILITATING ART EXHIBITIONS AND CREATIVE EVENTS.",Small,Arts/culture/heritage/science,E01004307,51.520229,-0.073104,16.323,6.0,0.125,0.057,2.195,-0.387,-0.409,36.235,56.706,2600.0,139.0,154.0
1206842,SADAQAH AID FOUNDATION,"214 JUBILEE STREET, LONDON",E1 3BS,05/04/2025,1592.0,0.0,Provides Services,General Charitable Purposes,"Children/young People, Elderly/old People, The General Public/mankind","The prevention or relief of poverty in Bangladesh by providing water pumps, addressing housing needs, providing free health check-ups, sponsoring financially disadvantaged students to assist with school supplies and educational resources and distributing food parcels to families facing food insecurity.","The prevention or relief of poverty in Bangladesh in particular but not exclusively by:
1.	Providing or assisting in the installation of water pumps to communities and villages in need of clean and safer water. 
2.	Addressing the housing needs of families living in unsafe conditions by constructing and providing durable homes. 
3.	Providing free health check-ups, consultations and basic medical treatments ensuring individuals receive the care they need. 
4.	Sponsoring financially disadvantaged students to assist with school supplies and educational resources. 
5.	Distributing food parcels to families facing food insecurity and ensuring they have access to nutritious meals.",Micro,General Charitable Purposes,E01004324,51.51976,-0.052871,42.919,2.0,0.537,0.207,27.841,0.68,0.44,46.943,27.103,1661.0,340.0,148.0
1207026,LONDON CITY ISLAND COMMUNITY TRUST,"HARMONY BUILDING, Flat 803, LONDON, 31 CITY ISLAND WAY",E14 0QE,25/10/2024,2600.0,2600.0,Provides Services,Religious Activities,"Children/young People, The General Public/mankind",Religion,TO ADVANCE THE ISLAMIC FAITH FOR THE BENEFIT OF THE PUBLIC IN LONDON CITY ISLAND IN PARTICULAR BY PROVIDING A MOSQUE FOR WORSHIP AND EDUCATION ACTIVITIES.,Micro,Religious Activities,E01035702,51.511073,0.005774,30.439,3.0,0.532,0.119,13.482,0.048,0.651,21.89,37.708,1847.0,346.0,31.0
1207362,ENGLISH MARTYRS CATHOLIC PRIMARY SCHOOL PTA,"ENGLISH MARTYRS RC PRIMARY SCHOOL, ST. MARK STREET, LONDON",E1 8DJ,31/03/2025,19718.0,10717.0,Provides Services,Education/training,"Children/young People, The General Public/mankind",Primary school Parent Teacher Association (PTA),"THE OBJECT OF THE ASSOCIATION (THE OBJECTS) IS TO ADVANCE THE EDUCATION OF PUPILS IN THE SCHOOL IN PARTICULAR BY:
2.1 DEVELOPING EFFECTIVE RELATIONSHIPS BETWEEN THE STAFF, PARENTS AND OTHERS ASSOCIATED WITH THE SCHOOL
2.2 ENGAGING IN ACTIVITIES OR PROVIDING FACILITIES OR EQUIPMENT WHICH SUPPORT THE SCHOOL AND ADVANCE THE EDUCATION OF THE PUPILS.",Small,Education/training,E01032767,51.512764,-0.070882,10.284,8.0,0.099,0.037,7.514,-0.095,-0.471,22.063,36.057,1746.0,43.0,61.0
1208500,CONGREGATION OF JACOB SYNAGOGUE,"CONGREGATION OF JACOB SYNAGOGUE, 351-353 COMMERCIAL ROAD, LONDON",E1 2PS,31/12/2024,10770.0,63558.0,Provides Services,Religious Activities,Other Defined Groups,"The synagogue provides a place of Jewish worship. We open every Saturday morning for Sabbath services, as well as for all the major festivals throughout the year. Attendance is open to everyone. We host communal celebrations including Bar Mitzvah and Weddings. We also play a pastoral and supportive role to help members of the community at times of need, such as illness or death","THE ADVANCEMENT OF THE ORTHODOX JEWISH FAITH FOR THE PUBLIC BENEFIT BY MAINTAINING AND MANAGING A SYNAGOGUE IN THE LONDON BOROUGH OF TOWER HAMLETS AS A PLACE OF WORSHIP, PUBLIC PRAYER AND RELIGIOUS STUDY, AND BY PROVIDING FOR THE RELIGIOUS NEEDS, SPIRITUAL EDUCATION, PASTORAL NEEDS AND WELFARE OF MEMBERS OF THE COMMUNITY.",Small,Religious Activities,E01004326,51.514498,-0.054984,36.528,2.0,0.442,0.146,14.285,0.335,1.08,43.005,45.282,1938.0,385.0,132.0
1210109,GOLDMAN GARDENS,"57B GOLDMAN CLOSE, LONDON",E2 6EF,05/04/2025,6053.0,2471.0,"Provides Buildings/facilities/open Space, Provides Advocacy/advice/information, Other Charitable Activities","General Charitable Purposes, Environment/conservation/heritage, Recreation","Children/young People, Elderly/old People, The General Public/mankind",Community Garden,"TO PROVIDE FACILITIES FOR RECREATION OR OTHER LEISURE TIME OCCUPATION BY PROVIDING AN AREA FOR USE AS A COMMUNITY GARDEN AND OTHER ACTIVITIES FOR INDIVIDUALS LIVING ON THE ESTATES NEIGHBOURING GOLDMAN GARDENS, TOWER HAMLETS LONDON AND THE SURROUNDING AREA, WHO HAVE NEED OF SUCH FACILITIES BY REASON OF THEIR YOUTH, AGE, INFIRMITY OR DISABLEMENT, FINANCIAL HARDSHIP OR SOCIAL AND ECONOMIC CIRCUMSTANCES OR FOR THE PUBLIC AT LARGE IN THE INTERESTS OF SOCIAL WELFARE AND WITH THE OBJECT OF IMPROVING THE CONDITION OF LIFE OF THE SAID INHABITANT.",Micro,Environment/conservation/heritage,E01035668,51.52467,-0.068678,33.397,3.0,0.372,0.165,12.658,0.884,1.246,30.085,33.281,2054.0,234.0,141.0
1210844,STROUDLEY WALK COMMUNITY ORGANISATION,"Bromley by Bow Centre, St. Leonards Street, The Cave, SWCO",E3 3BT,15/08/2025,271.0,505.0,"Makes Grants To Individuals, Makes Grants To Organisations, Provides Services",The Prevention Or Relief Of Poverty,"Children/young People, Elderly/old People, The General Public/mankind","The prevention or relief of poverty in the UK by providing grants, items and services to
individuals in need and/or charities, or other organisations working to prevent or relieve poverty.","THE OBJECT OF THE CIO, TO BE CARRIED OUT FOR THE PUBLIC BENEFIT IN THE LONDON BOROUGH OF TOWER HAMLETS, AND SUCH OTHER LONDON BOROUGHS AS THE TRUSTEES SHALL FROM TIME TO TIME DETERMINE, IS: 

THE RELIEF OF THOSE IN NEED, BY REASON OF YOUTH, AGE, ILL-HEALTH, DISABILITY OR FINANCIAL HARDSHIP THROUGH THE PROVISION OF GRANTS, ITEMS AND SERVICES TO INDIVIDUALS IN NEED.",Micro,The Prevention Or Relief Of Poverty,E01004236,51.526392,-0.012409,50.945,1.0,0.705,0.249,33.956,0.95,0.514,29.285,35.064,1555.0,350.0,167.0
