,Charity Number,Charity Name,Charity Address,Charity Postcode,Charity Constituency,Phone,Email,Website,Last Recorded Financial Year,Last Recorded Income,Last Recorded Expenditure,Charity Type,How the charity helps,What the charity does,Who the charity helps,Activities,Charity Objects,TH Postcode,Charity Size Band,Size Band,Primary Focus
0,206225,TOWER HILL TRUST,"MARSHALL HOUSE, 66 NEWCOMEN STREET, LONDON",SE1 1YT,Bermondsey and Old Southwark,07926 927861,enquiries@towerhilltrust.org.uk,www.towerhilltrust.org.uk,30/04/2025,296895.0,188793.0,Other,"Makes Grants To Organisations, Provides Buildings/facilities/open Space, Sponsors Or Undertakes Research, Acts As An Umbrella Or Resource Body","General Charitable Purposes, The Advancement Of Health Or Saving Of Lives, Disability, The Prevention Or Relief Of Poverty, Accommodation/housing, Arts/culture/heritage/science, Amateur Sport, Environment/conservation/heritage","Children/young People, Elderly/old People, People With Disabilities, Other Charities Or Voluntary Bodies, The General Public/mankind","The Trust's objectives are to use its income for the people in the Trust's area for:1) provision of gardens and open spaces2) support for recreation and leisure facilities3) support for education facilities4) relief of the aged, handicapped and poor.The Trust's area covers Great Tower Hill, Tower Hill and the London Borough of Tower Hamlets.","THE PROMOTION OF CHARITABLE PURPOSES FOR THE GENERAL BENEFIT OF THE INHABITANTS OF THE AREA OF GREAT TOWER HILL, TOWER HILL AND THE LONDON BOROUGH OF TOWER HAMLETS, AND IN PARTICULAR BUT WITHOUT PREJUDICE TO THE GENERALITY OF THE FOREGOING IN ALL OR ANY OF THE FOLLOWING WAYS: (A) THE RELIEF OF THE AGED, IMPOTENT AND POOR; (B) THE RELIEF OF DISTRESS AND SICKNESS; (C) THE PROVISION AND SUPPORT (WITH THE OBJECT OF IMPROVING THE CONDITION OF LIFE FOR THE SAID INHABITANTS IN THE INTERESTS OF SOCIAL WELFARE) OF FACILITIES FOR RECREATION AND OTHER LEISURE-TIME OCCUPATION; (D) THE PROVISION AND SUPPORT OF EDUCATIONAL FACILITIES; (E) THE PROVISION OF GARDENS AND OPEN SPACES FOR THE GENERAL BENEFIT OF THE SAID INHABITANTS AND THE MAINTENANCE THEREOF.",False,Medium,Dormant,Accommodation/housing
1,206431,CHARITY OF MARY BAKER,"32 MONTHOPE ROAD, LONDON",E1 5LS,Bethnal Green and Stepney,02073771086,Not available,www.marybaker.org.uk,31/12/2024,8523.0,7908.0,Other,"Makes Grants To Individuals, Makes Grants To Organisations",The Prevention Or Relief Of Poverty,The General Public/mankind,"The charity operates in the London Borough of Tower Hamlets to make grants to individuals and organisations for the relief of poverty, sickness, distress or hardship and gives priority to those living in the parish of Christ Church Spitalfields",TO RELIEVE EITHER GENERALLY OR INDIVIDUALLY PERSON RESIDENT IN THE AREA OF THE ANCIENT PARISH OF CHRISTCHURCH SPITALFIELDS WHO ARE IN CONDITIONS OF NEED HARDSHIP OR DISTRESS.,True,Micro,Dormant,The Prevention Or Relief Of Poverty
2,207243,NORTON FOLGATE ALMSHOUSE CHARITIES,"The Trust Partnership Ltd, 6 Trull Farm Buildings, Trull, TETBURY, Gloucestershire",GL8 8SQ,South Cotswolds,01285 841900,nortonfolgate@thetrustpartnership.com,Not available,31/12/2024,240929.0,218271.0,Other,Provides Buildings/facilities/open Space,Accommodation/housing,Other Defined Groups,Provision of affordable almshouses for people in need in Spitalfields.,"The Objects of the Charity are for the public benefit and specifically restricted to:-

(1)	the provision of social housing in the form of almshouse accommodation for people who are in need, hardship or distress who are resident in the Area of Benefit at the time of their appointment SAVE THAT if there is a vacancy and there is no applicant who is qualified as aforesaid the Trustees may appoint a person who is in need, hardship or distress who is a resident in the London Borough of Tower Hamlets; and

(2)	such charitable purposes (according to the law of England and Wales) for the benefit of Residents (and former Residents) as the Trustees from time to time see fit.",False,Medium,Dormant,Accommodation/housing
3,207454,PROVIDENCE ROW CHARITY,"PROVIDENCE ROW, DELLOW CENTRE, 82 WENTWORTH STREET, LONDON",E1 7SA,Bethnal Green and Stepney,02074226382,info@providencerow.org.uk,www.providencerow.org.uk,31/03/2025,0.0,0.0,Other,Provides Other Finance,The Prevention Or Relief Of Poverty,Other Defined Groups,PROVIDENCE ROW CHARITY IS THE UNINCORPORATED PREDECESSOR TO THE INCORPORATED CHARITY PROVIDENCE ROW (1140192). PROVIDENCE ROW CHARITY CONTINUES IN EXISTENCE TO HOLD THE CHARITY'S PERMANENT ENDOWMENT AND TO RECEIVE ANY LEGACIES BEQUEATHED TO PROVIDENCE ROW CHARITY AFTER 31 MARCH 2011.  FOR DETAILS OF CURRENT ACTIVITIES SEARCH UNDER PROVIDENCE ROW (1140192).,"(1) THE OBJECT OF THE CHARITY IS THE RELIEF OF PERSONS WHO ARE IN NEED, HARDSHIP OR DISTRESS.
(2) THE COMMITTEE MAY RELIEVE PERSONS IN NEED BY:
(A) MAKING GRANTS OF MONEY TO THEM; OR
(B) PROVIDING OR PAYING FOR GOODS, SERVICES OR FACILITIES FOR THEM; OR 
(C) MAKING GRANTS OF MONEY TO OTHER PERSONS OR BODIES WHO PROVIDE GOODS, SERVICES OR FACILITIES TO THOSE IN NEED.",True,,Dormant,The Prevention Or Relief Of Poverty
4,207664,THE MAITLAND TRUST,"178A, Ember Lane, East Molesey, Surrey",KT8 0BS,Esher and Walton,07535987310,Not available,Not available,31/12/2024,13529.0,13668.0,Other,Makes Grants To Organisations,"General Charitable Purposes, The Advancement Of Health Or Saving Of Lives, The Prevention Or Relief Of Poverty, Overseas Aid/famine Relief, Accommodation/housing","Children/young People, Elderly/old People, People With Disabilities","The trust was registered in 1915. Its purpose was to assist TB patients and their families. The Trust aims to give money to help purchase those items which fall outside the scope of the statutory Social Services and NHS. In recent years the following organisations have benefited:St Francis Hospital, Katete, Zambia, GROW and TB Alert.","THE MAINTENANCE OF BEDS IN THE BERKS AND BUCKS JOINT SANATORIUM OR ANY SANATORIUM OR INSTITUTE APPROVED BY THE TRUSTEES, OR THE INCOME MAY BE USED IN ANY MANNER WHICH THE TRUSTEES MAY FROM TIME TO TIME THINK FIT.",False,Small,Dormant,Accommodation/housing
5,207772,HENRY FAWCETT FUND,"ST PETER'S CHURCH OFFICE, The Vicarage, St. Peter's Close, LONDON",E2 7AE,Bethnal Green and Stepney,02070330244,info@stpetersbethnalgreen.org,Not available,31/12/2024,103540.0,22604.0,Other,"Makes Grants To Individuals, Makes Grants To Organisations","General Charitable Purposes, Education/training, The Advancement Of Health Or Saving Of Lives, Disability, The Prevention Or Relief Of Poverty, Accommodation/housing, Religious Activities, Economic/community Development/employment","Children/young People, Elderly/old People, People With Disabilities",The charity is restricted to the benefit of people who are connected to the Parish of St Peters with St Thomas Bethnal Green.,"GENERAL BENEFIT OF POOR PERSONS, IF POSSIBLE THE INCOME TO BE CHIEFLY USED IN GIVING COUNTRY HOLIDAYS TO DESERVING CHILDREN OR INVALIDS OR OLD PERSONS OF EITHER SEX.",True,Medium,Dormant,Accommodation/housing
6,208870,SALMON LANE MISSION,"168-170 SALMON LANE, LIMEHOUSE, LONDON",E14 7PQ,Poplar and Limehouse,02079879960,Not available,Not available,30/09/2024,15920.0,10862.0,Charitable company,"Provides Buildings/facilities/open Space, Provides Services, Other Charitable Activities","Education/training, The Prevention Or Relief Of Poverty, Overseas Aid/famine Relief, Religious Activities, Arts/culture/heritage/science, Human Rights/religious Or Racial Harmony/equality Or Diversity, Other Charitable Purposes",The General Public/mankind,"The work consists of promoting, organising, conducting and carry out gospel ministrations, spiritual guidance and uplift redemptive work among all ages, classes and creeds in the East End and elsewhere.","TO PROMOTE, ORGANISE, CONDUCT AND CARRY ON CHARITABLE WORK OF EVERY DESCRIPTION IN PARTICULAR GOSPEL MINISTRATIONS, SPIRITUAL GUIDANCE AND UPLIFT AND REDEMPTIVE WORK, HELP AND RELIEF OF THE POOR AND DESTITUTE OF ALL AGES CLASSES AND CREEDS IN EAST LONDON OR ELSEWHERE AND THE VISITATION, CARE AND COMFORT OF DISTRESSED WIDOWS AGED AND SICK PERSONS, POOR AILING AND AFFLICTED CHILDREN.",True,Small,Dormant,Overseas Aid/famine Relief
7,209117,THE STRANGERS REST MISSION,"Strangers Rest Church, 131 The Highway, LONDON",E1W 2BP,Bethnal Green and Stepney,0795 6188 505,mlrmullins@gmail.com,http://www.strangersrest.org/,30/09/2024,40208.0,48706.0,Other,"Provides Human Resources, Provides Buildings/facilities/open Space, Provides Services","Disability, The Prevention Or Relief Of Poverty, Religious Activities","Children/young People, Elderly/old People, People With Disabilities, The General Public/mankind","THE STRANGERS' REST MISSION IS A CHRISTIAN ORGANISATION AND CHURCH, FOUNDED IN 1877, WHICH SEEKS TO SERVE THE LOCAL MULTI CULTURAL COMMUNITY IN SHADWELL, EAST LONDON. THIS INCLUDES THE HOLDING OF WORSHIP SERVICES, CHILDRENS' AND YOUNG PEOPLES TEACHING AND RECREATIONAL ACTIVITIES. PROVIDING PRACTICAL HELP TO THOSE IN THE COMMUNITY IS AN IMPORTANT FUNCTION OF THE MISSION.",EVANGELISTIC CHRISTIAN MISSION PURPOSES IN THE EAST END OF LONDON.,True,Small,Dormant,Disability
8,210622,INSTITUTE OF COMMUNITY STUDIES,"The Young Foundation, 18 Victoria Park Square, Bethnal Green, London",E2 9PF,Bethnal Green and Stepney,02089806263,reception@youngfoundation.org,www.youngfoundation.org,31/12/2024,0.0,0.0,Trust,Other Charitable Activities,Economic/community Development/employment,The General Public/mankind,"The activities of the Institute of Community Studies were transferred to the Young Foundation, (charity number 274345), in April 2005.",THE PROMOTION OF RESEARCH IN THE SOCIAL SERVICES AND FOR THE EDUCATIONAL PURPOSES INCIDENTAL THERE TO.,True,,Dormant,Economic/community Development/employment
9,210928,EAST LONDON NURSING SOCIETY TRUST,"45-55 Whitehorse Road, LONDON",E1 0ND,Bethnal Green and Stepney,02077909085,info@towerproject.org.uk,Not available,31/03/2024,17556.0,4896.0,Other,Makes Grants To Organisations,"The Advancement Of Health Or Saving Of Lives, Disability","Children/young People, Elderly/old People, People With Disabilities, Other Charities Or Voluntary Bodies",Making grants to groups providing support for poor-sick resident in Tower Hamlets.,"TO RELIEVE IN CASES OF NEED PERSONS RESIDENT IN THE LONDON BOROUGH OF TOWER HAMLETS WHO ARE SICK, CONVALESCENT, DISABLED, HANDICAPPED OR IMFIRM.",True,Small,Dormant,Disability
10,211196,POPLAR METHODIST CHURCH SICK & POOR FUND,"Bow Road Methodist Church, 1 Merchant Street, LONDON",E3 4LY,Stratford and Bow,02088807301,admin@mcth.org.uk,Not available,31/08/2024,855.0,60.0,Other,Makes Grants To Individuals,The Prevention Or Relief Of Poverty,"Elderly/old People, Other Defined Groups",Support to needy people in the historical borough of Poplar,"GRANTS FOR POOR PERSONS RESIDING IN POPLAR WHO ARE SICK, INFIRM, CONVALESCENT OR IN NEED OF REST OR CHANGE OF AIR, TO DEFRAY THE EXPENSE OF RECUPERATIVE HOLIDAYS OR OF OBTAINING DOMESTIC HELP.",True,Micro,Dormant,The Prevention Or Relief Of Poverty
11,211399,PARISH OF POPLAR BENEVOLENT FUND,"St. Michael's Vicarage, 164 St. Leonards Road, Poplar, LONDON",E14 6PW,Poplar and Limehouse,02079878625,allsaints.poplar@tiscali.co.uk,http://www.parishofpoplar.com/,31/12/2024,4590.0,1094.0,Other,"Makes Grants To Individuals, Makes Grants To Organisations","General Charitable Purposes, The Prevention Or Relief Of Poverty",Other Defined Groups,Small grants of money or the purchase of needed items for those in financial need within the borough/parish of Poplar.,FOR THE BENEFIT OF THE DESEVING POOR.,True,Micro,Dormant,The Prevention Or Relief Of Poverty
12,211536,SELDEN SOCIETY,"QUEEN MARY UNIVERSITY OF LONDON, 327 MILE END ROAD, LONDON",E1 4NS,Bethnal Green and Stepney,02078823968,selden-society@qmul.ac.uk,www.seldensociety.ac.uk,31/12/2024,116834.0,76761.0,Other,"Provides Advocacy/advice/information, Sponsors Or Undertakes Research",Education/training,Other Defined Groups,"To encourage the study and advance the knowledge of the history of English law, mainly by researching and publishing the original source-materials of the law, legal institutions and legal profession.","TO ENCOURAGE THE STUDY AND ADVANCE THE KNOWLEDGE OF THE HISTORY OF ENGLISH LAW, ESPECIALLY BY THE PUBLICATION OF ORIGINAL DOCUMENTS AND THE REPRINTING OR EDITING OF WORKS OF SUFFICENT RARITY AND IMPORTANCE.",True,Medium,Dormant,Education/training
13,212208,ST HILDA'S EAST,"18 Club Row, LONDON",E2 7EY,Bethnal Green and Stepney,020 77398066,mail@sthildas.org.uk,www.sthildas.org.uk,31/03/2025,1780399.0,1746541.0,Charitable company,"Provides Services, Provides Advocacy/advice/information","Education/training, The Prevention Or Relief Of Poverty","Children/young People, Elderly/old People, People With Disabilities, The General Public/mankind","St Hilda's is a multi-purpose community centre running a number of projects for the local population including an Older People's Project, an advice service including Legal Advice Clinics, youth groups, Food Co-op project, Women's Project, mental health support, creche and under 5s facilities and others. It also runs an off-site day centre service targeted at Bangladeshi older people.","(I) THE RELIEF OF NEED WHICH ARISES AS A RESULT OF POVERTY, OLD AGE, DISABILITY OR ILLNESS;
(II) TO PROVIDE FOR THE ADVANCEMENT OF EDUCATION;
(III) IN THE INTERESTS OF THE SOCIAL WELFARE OF THE INHABITANTS OF THE LONDON BOROUGH OF TOWER HAMLETS AND SURROUNDING AREAS IN PARTICULAR, BUT NOT EXCLUSIVELY, OF THE WEAVERS WARD AND IN ORDER TO IMPROVE THE CONDITIONS OF LIFE FOR THOSE IN NEED OF SUCH FACILITIES BY REASON OF POVERTY, YOUTH, AGE.  INFIRMITY, DISABLEMENT, OR SOCIAL OR ECONOMIC CIRCUMSTANCE WITHOUT REGARD TO AGE, GENDER, ETHNICITY, SEXUALITY, RELIGION OR DISABILITY TO PROVIDE FACILITIES FOR RECREATIONAL AND LEISURE TIME OCCUPATION WITHIN THE MEANING OF THE RECREATIONAL CHARITIES ACT 1958.",True,Large,Dormant,The Prevention Or Relief Of Poverty
14,212563,BARTS CHARITY,"Barts Charity, Red Lion Buildings, 12 Cock Lane, London",EC1A 9BU,Cities of London and Westminster,02076181717,fiona.bickley@bartscharity.org.uk,www.bartscharity.org.uk,31/03/2025,12894000.0,28925000.0,Charitable company,Makes Grants To Organisations,The Advancement Of Health Or Saving Of Lives,The General Public/mankind,"Barts Charity brings brilliant ideas, ground-breaking research and transformational healthcare to life in East London. Together with our partners we make better healthcare possible, funding brilliant ideas and ground-breaking research to transform lives. We invest in inspiring people and projects that have the greatest impact on the health and lives of local people.","THE COMPANY’S OBJECTS ARE RESTRICTED SPECIFICALLY TO THOSE CHARITABLE PURPOSES STATED IN SECTIONS 220(3) AND 220(5) OF, AND PARAGRAPH 10(1) OF SCHEDULE 4 TO, THE NHS ACT, NAMELY FOR SUCH PURPOSES RELATING TO
1. HOSPITAL SERVICES (INCLUDING RESEARCH),
2. THE HEALTH SERVICE INCLUDING ANY PART OF THE HEALTH SERVICE ASSOCIATED WITH ANY HOSPITAL,
3. THE NHS TRUST (INCLUDING THE PURPOSES OF ANY SPECIFIC HOSPITAL OR OTHER ESTABLISHMENT OR FACILITY AT OR FROM WHICH THE SERVICES ARE PROVIDED BY THE NHS TRUST)",False,Major,Dormant,The Advancement Of Health Or Saving Of Lives
15,215087,PARMITER'S ALMSHOUSE AND PENSION CHARITY,"6 TRULL FARM BUILDINGS, TETBURY, GLOUCESTERSHIRE",GL8 8SQ,South Cotswolds,01285841900,info@parmitersalmshouseandpensioncharity.org.uk,www.parmitersalmshouseandpensioncharity.org.uk,31/03/2025,119988.0,129041.0,Other,Provides Other Finance,Accommodation/housing,"Elderly/old People, Other Defined Groups","Provision of almshouse accommodation for beneficiaries in Bethnal Green, London E2, situated in Clacton Essex and the provision of a bi-annual pension and at least four annual social events to its pensioners.","THE OBJECTS OF THE CHARITY ARE:
	(1)	(A)	 THE PROVISION OF HOUSING ACCOMMODATION FOR PERSONS WHO:
	          (I) 	ARE IN NEED, HARDSHIP OR DISTRESS; AND
	              (II)	ARE RESIDENT IN THE AREA OF BENEFIT. 
	(B)  	SUCH CHARITABLE PURPOSES FOR THE BENEFIT OF THE RESIDENTS AS THE TRUSTEES DECIDE.
(2)	THE RELIEF OF PERSONS RESIDENT IN THE AREA OF BENEFIT WHO ARE IN NEED, HARDSHIP OR DISTRESS BY MAKING GRANTS OF MONEY TO THEM INCLUDING GRANTING PENSIONS. 
(3)	THE TRUSTEE MAY APPLY PERMANENT ENDOWMENT FOR THE PURCHASE OF FREEHOLD PROPERTY TO BE APPROPRIATED AND USED AS ALMSHOUSES, ADMINISTERED AND MANAGED IN ACCORDANCE WITH THE PROVISIONS IN THE SCHEDULE TO THIS SCHEME.",False,Medium,Dormant,Accommodation/housing
16,215542,CHARITY OF ALDERMAN JAMES HICKSON,"BREWERS' HALL, ALDERMANBURY SQUARE, LONDON",EC2V 7HR,Cities of London and Westminster,02076001801,Not available,www.brewershall.co.uk,31/12/2024,95786.0,101168.0,Other,"Makes Grants To Individuals, Makes Grants To Organisations, Provides Buildings/facilities/open Space","General Charitable Purposes, The Prevention Or Relief Of Poverty","Children/young People, Elderly/old People",Upkeep of Almshouses in South Mimms (3/13ths of net income) and grant distribution (10/13ths of net income) to the Aldgate and Allhallows Foundation (charity registration 312500),"1) THREE THIRTEENTHS TOWARDS THE UPKEEP OF THE ALMSHOUSE CHARITY.  2) TEN THIRTEENTHS TO THE TRUSTEES FOR THE TIME BEING OF THE CHARITY CALLED THE ALDGATE AND ALLHALLOWS BARKING EXHIBITION FOUNDATION, IN THE CITY OF LONDON AND THE LONDON BOROUGH OF TOWER HAMLETS, TO BE APPLIED FOR THE PURPOSE OF THAT CHARITY.",False,Small,Dormant,The Prevention Or Relief Of Poverty
17,215543,DAME ALICE OWEN'S ELEEMOSYNARY CHARITIES,"BREWERS' HALL, ALDERMANBURY SQUARE, LONDON",EC2V 7HR,Cities of London and Westminster,02076001801,liverysecretary@brewershall.co.uk,www.brewershall.co.uk,31/12/2024,8163.0,7948.0,Trust,"Makes Grants To Individuals, Makes Grants To Organisations",The Prevention Or Relief Of Poverty,Elderly/old People,"The provision of grants, items and services to elderly individuals in need and/or charities or organisations working to prevent or relieve poverty amongst the elderly who have lived in the Parishes of St.Mary, Islington or St. James, Clerkenwell, Christchurch or Spitalfields.","THE PREVENTION OR RELIEF OF POVERTY IN THE PARISHES OF ST MARY ISLINGTON, ST JAMES CLERKENWELL AND CHRISTCHURCH SPITALFIELDS BY PROVIDING GRANTS, ITEMS AND SERVICES TO ELDERLY INDIVIDUALS IN NEED AND/OR CHARITIES OR ORGANISATIONS WORKING TO PREVENT OR RELIEVE POVERTY AMONGST THE ELDERLY.",False,Micro,Dormant,The Prevention Or Relief Of Poverty
18,222262,THE ANNIE MACPHERSON HOME OF INDUSTRY (INCORPORATED),"BETHNAL GREEN MISSION CHURCH, 305 CAMBRIDGE HEATH ROAD, LONDON",E2 9LH,Bethnal Green and Stepney,02077294286,info@bgmc.org.uk,www.bethnalgreenmissionchurch.co.uk,31/12/2024,329953.0,300970.0,Charitable company,"Provides Human Resources, Provides Buildings/facilities/open Space, Provides Services, Provides Advocacy/advice/information, Other Charitable Activities","General Charitable Purposes, Education/training, The Prevention Or Relief Of Poverty, Religious Activities, Amateur Sport, Economic/community Development/employment, Human Rights/religious Or Racial Harmony/equality Or Diversity, Recreation","Children/young People, Elderly/old People, People With Disabilities, Other Charities Or Voluntary Bodies, The General Public/mankind","As a church and charity, we seek to engage in long term, relational and innovative work which seeks to contribute to the personal, spiritual and social transformation and well-being of people living and working in Tower Hamlets, East London. We aim to support and empower people living in challenging and difficult circumstances to reach their full potential.","TO EDUCATE RELIGIOUSLY AND ACCORDING TO CHRISTIAN PROTESTANT AND EVANGELICAL TEACHING OF THE HOLY SCRIPTURES AND TO FEED,CLOTHE,MAINTAIN,TEACH,TRAIN,TREAT MEDICALLY AND PLACE OUT IN LIFE THE DESTITUTE POOR AND NEEDY.",True,Medium,Dormant,Human Rights/religious Or Racial Harmony/equality Or Diversity
19,227891,THE PSYCHIATRIC REHABILITATION ASSOCIATION,"THE DARNLEY CENTRE, 1A DARNLEY ROAD, LONDON",E9 6QH,Hackney South and Shoreditch,02089853570,Not available,Not available,31/03/2025,47651.0,305085.0,Other,"Makes Grants To Organisations, Provides Buildings/facilities/open Space","The Advancement Of Health Or Saving Of Lives, Disability, Economic/community Development/employment",People With Disabilities,The association aims to improve attitudes towards mental ill health and promotes practical measures and research for preventing and combating mental distress.,"TO PROMOTE THE REHABILITATION OF THE MENTALLY SICK ON THEIR RETURN TO HOMES, EMPLOYMENT AND SOCIETY BY PREPARATORY WORK IN THE HOSPITAL OR OTHER INSTITUTION AND AFTER-CARE IN THE COMMUNITY ALSO THE PROMOTION OF PRACTICAL MEASURES AND RESEARCH FOR THE PREVENTION AND COMBATING OF MENTAL DISTRESS WITHIN THE COMMUNITY AND OTHERWISE AS PROVIDES BY THE TRUST.",False,Small,Dormant,Disability
20,228069,THE ARCHIBALD G BROWN 20TH ANNIVERSARY TRUST,"East London Tabernacle Baptist Church, 15 Burdett Road, LONDON, LONDON, London",E3 4TU,Poplar and Limehouse,02089806125,admin@eltbaptistchurch.org,www.eltbaptistchurch.org,31/12/2024,1349.0,1950.0,Other,Makes Grants To Individuals,"The Prevention Or Relief Of Poverty, Religious Activities",Other Defined Groups,Relief of financial hardship by the award of grants,"TO RELIEVE EITHER GENERALLY OR INDIVIDUALLY PERSONS BEING MEMBERS OF THE BAPTIST CHURCH WORSHIPPING IN THE EAST LONDON TABERNACLE, BURDETT ROAD, BOW, LONDON E3 AND ARE IN CONDITIONS OF NEED HARDSHIP OR DISTRESS BY MAKING GRANTS OF MONEY OR PROVIDING OR PAYING FOR ITEMS SERVICES OR FACILITIES CALCULATED TO REDUCE THE NEED HARDSHIP OR DISTRESS OF SUCH PERSONS (FOR FURTHER DETAILS SEE SCHEME SEALED 24TH JULY 1984)",True,Micro,Dormant,Religious Activities
21,229227,BARTS AND THE LONDON ALUMNI ASSOCIATION BENEVOLENT FUND,"BATLAA, Development and Alumni Engagement, Queen Mary University of London, Mile End Road, LONDON",E1 4NS,Bethnal Green and Stepney,02078826467,batlaa@qmul.ac.uk,www.qmul.ac.uk/alumni,31/07/2024,49497.0,52823.0,Other,Makes Grants To Individuals,"Education/training, The Prevention Or Relief Of Poverty",Other Defined Groups,"THOSE ENTITLED TO HELP ARE DENOTED AS 'STUDENTS AND FORMER STUDENTS OF MEDICINE AND DENTISTRY WHO ATTEND OR ATTENDED EITHER OF THE FOLLOWING INSTITUTIONS AND THE DEPENDENTS OF SUCH PERSONS: THE LONDON HOSPITAL MEDICAL COLLEGE, THE ST BARTHOLOMEW'S AND THE ROYAL LONDON SCHOOL OF MEDICINE AND DENTISTRY AT QUEEN MARY AND WESTFIELD COLLEGE' (NOW KNOWN AS 'QUEEN MARY UNIVERSITY OF LONDON').","TO RELIEVE GENERAL HARDSHIP OR DISTRESS AMONGST STUDENTS AND FORMER STUDENTS OF MEDICINE AND DENTISTRY WHO ATTEND OR ATTENDED EITHER OF THE FOLLOWING INSTITUTIONS, AND DEPENDANTS OF SUCH PERSONS: THE LONDON HOSPITAL MEDICAL COLLEGE, THE ST BARTHOLOMEW'S AND THE ROYAL LONDON SCHOOL OF MEDICINE AND DENTISTRY IN THE QUEEN MARY AND WESTFIELD COLLEGE, UNIVERSITY OF LONDON",True,Small,Dormant,The Prevention Or Relief Of Poverty
22,232981,QUEEN ADELAIDE'S CHARITY,"37 KENILWORTH ROAD, LONDON",E3 5RH,Stratford and Bow,02089816612,Not available,Not available,30/09/2024,9818.0,11990.0,Other,"Makes Grants To Individuals, Makes Grants To Organisations",The Prevention Or Relief Of Poverty,Other Defined Groups,To make grants to the poor sick of Bethnal Green,TO APPLY THE INCOME OF THE CHARITY FOR THE BENEFIT OF SICK POOR PERSONS IN BETHNAL GREEN.,True,Micro,Dormant,The Prevention Or Relief Of Poverty
23,241422,THE POOR'S LAND,"ST. MARGARETS HOUSE SETTLEMENT, 19 OLD FORD ROAD, LONDON",E2 9PJ,Bethnal Green and Stepney,07926259402,TONYHARDIE8888@GMAIL.COM,Not available,31/12/2024,0.0,30000.0,Other,"Makes Grants To Individuals, Makes Grants To Organisations",General Charitable Purposes,Elderly/old People,General charitable purposes,INCOME TO BE APPLIED IN THE PROVISION OF PENSIONS FOR POOR PERSONS OF GOOD CHARACTER AND FOR THE GENERAL BENEFIT OF THE POOR. (SEE CLAUSE 36 OF SCHEME FOR DETAILS).,True,,Dormant,General Charitable Purposes
24,250130,STEPNEY RELIEF IN NEED CHARITY,"167-169 Great Portland Street, London",W1W 5PF,Cities of London and Westminster,0300 302 0187,info@stepneyreliefinneed.org.uk,stepneyreliefinneed.org.uk,30/06/2024,22807.0,27649.0,Other,Makes Grants To Individuals,"General Charitable Purposes, Education/training, Disability, The Prevention Or Relief Of Poverty","Children/young People, Elderly/old People, People With Disabilities",The Trustees will consider grants to individuals who reside in the old Metropolitan Borough of Stepney,"RELIEVING EITHER GENERALLY OR INDIVIDUALLY PERSONS RESIDENT IN THE AREA OF BENEFIT WHO ARE IN CONDITIONS OF NEED, HARDSHIP OR DISTRESS.",False,Small,Dormant,Disability
25,250500,THE FERN STREET SETTLEMENT,"Fern Street, London",E3 3PS,Poplar and Limehouse,02079871949,fernstreet@allhallowsbow.org.uk,Not available,30/09/2024,15659.0,22857.0,Other,"Makes Grants To Individuals, Makes Grants To Organisations, Provides Services, Provides Advocacy/advice/information","General Charitable Purposes, The Prevention Or Relief Of Poverty","Children/young People, Elderly/old People, People With Disabilities, The General Public/mankind","The object of the charity is to provide for the material and moral needs of persons resident in Fern Street and its neighbourhood, especially in conditions of need, hardship, or distress. The Settlement has a modern building currently used as a part of a joint project with All Hallows Bow Church.",TO PROVIDE FOR THE MATERIAL AND MORAL NEEDS OF PERSONS RESIDENT IN FERN STREET BROMLEY-BY-BOW AND THE NEIGHBOURHOOD THEREOF WHO ARE IN CONDITIONS OF NEED HARDSHIP OR DISTRESS.,True,Small,Dormant,The Prevention Or Relief Of Poverty
26,251776,ST GEORGE IN THE EAST PARISH CHARITY,"16 Cannon Street Road, London",E1 0BH,Bethnal Green and Stepney,02074811345,office@stgeorgeintheeast.org,Not available,31/12/2024,0.0,0.0,Other,"Makes Grants To Individuals, Makes Grants To Organisations",The Prevention Or Relief Of Poverty,Children/young People,helps those in dire need and distress,FOR THE GENERAL BENEFIT OF THE POOR OF THE ECCLESIASTICAL PARISHES OF ST. GEORGE IN THE EAST WITH CHRIST CHURCH AND ST. JOHN,True,,Dormant,The Prevention Or Relief Of Poverty
27,252700,CHARITY OF MARY BASTOW,"ST DUNSTAN'S RECTORY, RECTORY SQUARE, STEPNEY, LONDON",E1 3NQ,Bethnal Green and Stepney,02077901920,Not available,www.stdunstanstepney.com,31/12/2024,173.0,60.0,Other,Makes Grants To Individuals,Religious Activities,Other Defined Groups,Religious charity making grants to individuals in the Tower Hamlets area,"PROVISION OF THE STIPEND OF ONE OF THE ASSISTANT CURATES OF ST PHILIP, STEPNEY.",True,Micro,Dormant,Religious Activities
28,262480,MISS VAUGHAN'S SPITALFIELDS CHARITY,"45 QUILTER STREET, LONDON",E2 7BS,Bethnal Green and Stepney,02077292790,missvaughancharity@gmail.com,Not available,31/03/2025,1547.0,1345.0,Other,Makes Grants To Individuals,The Prevention Or Relief Of Poverty,The General Public/mankind,"Small grants are made for the relief of poverty in the parishes of Christchurch, Spitalfields, St Matthew, Bethnal Green and St Leonard, Shoreditch.","THE CLOTHING AND SUPPORT OF POOR MECHANICS AND WEAVERS IN SPITALFIELDS UNABLE FROM ILLNESS OR ANY CALAMITY TO WORK. AREA OF BENEFIT - SPITALFIELDS WHICH INCLUDES THE PARISH OF CHRIST CHURCH, MILE END NEW TOWN, IN THE PARISH OF STEPNEY, THE PARISH OF ST MATTHEW, BETHNAL GREEN AND THE PARISH OF ST LEONARD, SHOREDITCH TOGETHER KNOWN AS SPITALFIELDS LONDON.",True,Micro,Dormant,The Prevention Or Relief Of Poverty
29,263489,THE MACDONALD TRUST,"107 MELBOURN ROAD, ROYSTON",SG8 7DG,North East Hertfordshire,01763256972,Not available,Not available,31/12/2024,22197.0,23890.0,Trust,"Makes Grants To Individuals, Makes Grants To Organisations","General Charitable Purposes, Religious Activities","Elderly/old People, Other Charities Or Voluntary Bodies, The General Public/mankind","The charity supports other charities carrying out charitable work in London (HIV positive families), Wales (with the elderly), Manchester (offenders, schools)  and Norwich (teaching English).",SUCH PUBLIC CHARITABLE OBJECTS ESTABLISHED UNDER THE LAW OF GREAT BRITAIN AS THE SETTLOR DURING HIS LIFETIME AND IN DEFAULT THEREOF AND SUBJECT THERETO THE TRUSTEES SHALL FROM TIME TO TIME DETERMINE.,False,Small,Dormant,Religious Activities
30,263813,KINGSLEY TRUST,"Trustees of The Kingsley Trust, Kingsley Hall, Powis Road, Bromley-by-Bow, LONDON",E3 3HJ,Stratford and Bow,07739 277298,Not available,Not available,05/04/2025,2969.0,12000.0,Other,Makes Grants To Organisations,General Charitable Purposes,The General Public/mankind,"Advancement of Christian religion and education through support of Kingsley Hall at Bow, Kingsley Hall at Dagenham, and other charitable work for the general benefit of inhabitants of LB of Tower Hamlets","1) THE ADVANCEMENT OF THE CHRISTIAN RELIGION, THE ADVANCEMENT OF EDUCATION AND OTHER CHARITABLE WORK FOR THE GENERAL BENEFIT OF THE INHABITANTS OF THE LONDON BOROUGH OF TOWER HAMLETS IN SUCH WAYS AS THE TRUSTEES THINK FIT. 2) FOR FURTHERING THE WORK OF THE CHARITY KNOWN AS KINGSLEY HALL, AT DAGENHAM IN THE LONDON BOROUGH OF BARKING.",True,Micro,Dormant,General Charitable Purposes
31,264031,BETTER HEALTH PRODUCTS LIMITED,"THE DARNLEY CENTRE, 1A DARNLEY ROAD, LONDON",E9 6QH,Hackney South and Shoreditch,02089853570,Not available,www.centreforbetterhealth.org.uk,31/03/2025,208532.0,206559.0,Charitable company,"Provides Services, Provides Advocacy/advice/information","Education/training, Disability, Economic/community Development/employment",People With Disabilities,"The principal activities of the social enterprise are an artisan bakery, bicycle workshop and light manufacturing. This work provides time limited (usually 3 months) trainee placements for men and women who suffer from mental ill health and forms a part of their recovery and social inclusion.  The aim of the enterprise is a move on of trainees to employment or further training.",TO PROMOTE THE REHABILITATION OF THE MENTALLY SICK WHO ARE TEMPORARILY OR PERMANENTLY INCAPABLE OF TAKING INSURABLE EMPLOYMENT BY PROVIDING EMPLOYMENT UNDER SUITABLE SHELTERED CONDITIONS.,False,Medium,Dormant,Disability
32,265514,THE COMMUNITY OF RECONCILIATION AND FELLOWSHIP,"The Community of Reconciliation and Fellowship, Prideaux House, 10 Church Crescent",E9 7DL,Hackney South and Shoreditch,02089866000,prideauxhouse3@gmail.com,Not available,31/03/2025,151807.0,137608.0,Charitable company,"Provides Human Resources, Provides Buildings/facilities/open Space, Provides Services, Other Charitable Activities","General Charitable Purposes, Education/training, The Advancement Of Health Or Saving Of Lives, Disability, The Prevention Or Relief Of Poverty, Arts/culture/heritage/science, Economic/community Development/employment, Human Rights/religious Or Racial Harmony/equality Or Diversity, Other Charitable Purposes","Elderly/old People, People With Disabilities, People Of A Particular Ethnic Or Racial Origin, The General Public/mankind","The charity's principle object is the improvement of conditions of life in the community, including the relief of poverty, distress and sickness and the provision of facilities in the interest of social welfare. The role of our community is to reconcile inequalities enabling groups and individuals to have a voice and energy to contribute to a cohesive and inclusive society.","TO PROMOTE ANY CHARITABLE PURPOSES IN THE UNITED KINGDOM FOR THE BENEFIT OF THE COMMUNITY WITHOUT DISTINCTION OF SEX, NATIONALITY ETHNIC ORIGIN COLOUR OR OF POLITICAL RELIGIOUS OR OTHER OPINIONS AND IN PARTICULAR THE ADVANCEMENT OF EDUCATION THE FURTHERANCE OF HEALTH THE RELIEF OF POVERTY DISTRESS AND SICKNESS AND THE PROVISION OF FACILITIES IN THE INTEREST OF SOCIAL WELFARE FOR RECREATION AND LEISURE TIME OCCUPATION WITH THE OBJECT OF IMPROVING CONDITIONS OF LIFE AND IN THE COMMUNITY.",False,Medium,Dormant,Human Rights/religious Or Racial Harmony/equality Or Diversity
33,267157,WEAVERS ADVENTURE PLAYGROUND ASSOCIATION,"c/o Oxford House, Derbyshire St, Bethnal Green, Tower Hamlets, LONDON",E2 6HG,Bethnal Green and Stepney,02077291295,weaversad@btconnect.com,www.weavers-adventure-playground.co.uk,31/03/2025,84050.0,80212.0,Other,"Provides Human Resources, Provides Buildings/facilities/open Space, Provides Services, Provides Advocacy/advice/information","Education/training, Arts/culture/heritage/science, Amateur Sport, Human Rights/religious Or Racial Harmony/equality Or Diversity, Recreation","Children/young People, People With Disabilities, Other Charities Or Voluntary Bodies, The General Public/mankind","TO MANAGE AND RUN AN INCLUSIVE ADVENTURE PLAYGROUND FOR ALL CHILDREN AND YOUNG PEOPLETO PROVIDE OPPORTUNITIES FOR SOCIAL INTERGRATION AND CREATIVE PLAY IN A SAFE SUPERVISED ENVIRONMENT TO PROVIDE WORKSHOPS IN AREAS OF  ART/CRAFT AND SPORTS THAT ENCOURAGES HEALTHY GROWTH OF THE MIND AND BODIES FROM ALL BACKGROUNDS AND CULTURAL GROUPS","THE PROVISION OF FACILITIES FOR RECREATION AND OTHER LEISURE-TIME OCCUPATION FOR CHILDREN RESIDENT IN BETHNAL GREEN BEING FACILITES - (A) OF WHICH SUCH CHILDREN HAVE NEED BY REASON OF THEIR YOUTH OR SOCIAL AND ECONOMIC CIRCUMSTANCES; AND (B) WHICH WILL IMPROVE THE CONDITIONS OF LIFE FOR SUCH CHILDREN BY PROMOTING THEIR PHYSICAL, MENTAL AND SPIRITUAL WELL-BEING.",True,Small,Dormant,Human Rights/religious Or Racial Harmony/equality Or Diversity
34,267892,THE OXFORD HOUSE DEVELOPMENT TRUST,"DERBYSHIRE STREET, BETHNAL GREEN, LONDON",E2 6HG,Bethnal Green and Stepney,02077491102,info@oxfordhouse.org.uk,www.oxfordhouse.org.uk,31/03/2025,0.0,0.0,Other,"Acts As An Umbrella Or Resource Body, Other Charitable Activities",General Charitable Purposes,"Children/young People, Elderly/old People, Other Charities Or Voluntary Bodies","OH Development Trust was set up in 1974. Its objects are the advancement of charitable, religious, social and educational work through Oxford House.",THE ADVANCEMENT OF CHARITABLE RELIGIOUS SOCIAL AND EDUCATIONAL WORK THROUGH THE MEDIUM OF THE OXFORD HOUSE.THE PROMOTION OF THE OXFORD HOUSE IN ITS CHARITABLE ACTIVITIES AND OF SIMILAR OR ASSOCIATED CHARITABLE BODIES.,True,,Dormant,General Charitable Purposes
35,270570,ALPHA GROVE COMMUNITY TRUST,"ALPHA GROVE COMMUNITY CENTRE, ALPHA GROVE, LONDON",E14 8LH,Poplar and Limehouse,02075381714,Not available,www.alphagrove.org,31/03/2025,102436.0,84554.0,Trust,"Provides Human Resources, Provides Buildings/facilities/open Space, Provides Services, Provides Advocacy/advice/information","General Charitable Purposes, Education/training, The Prevention Or Relief Of Poverty, Arts/culture/heritage/science, Amateur Sport, Economic/community Development/employment","Children/young People, Elderly/old People, People With Disabilities, People Of A Particular Ethnic Or Racial Origin, The General Public/mankind","Facilities provided at the Alpha Grove Centre:Youth ClubInternet cafeCommunity meetingsComputer trainingSchool holiday programmesLegal advice sessionsPlaygroups","THE PROMOTION OF THE BENEFIT OF THE AREA OF BENEFIT WITHOUT DISTINCTION OF SEX OR OF POLITICAL RELIGIOUS OR OTHER OPINIONS BY ASSOCIATING THE LOCAL AUTHORITIES, VOLUNTARY ORGANISATIONS AND INHABITANTS IN A COMMON EFFORT TO ADVANCE EDUCATION AND TO PROVIDE FACILITIES IN THE INTERESTS OF SOCIAL WELFARE FOR RECREATION AND LEISURE-TIME OCCUPATION WITH THE OBJECT OF IMPROVING THE CONDITIONS OF LIFE FOR THE SAID INHABITANTS.",True,Medium,Dormant,Amateur Sport
36,272766,WHITECHAPEL AM,"39 Kenilworth Gardens, London",SE18 3JB,Erith and Thamesmead,07973 686949,info@whitechapelam.org.uk,www.whitechapelam.org.uk,31/12/2020,0.0,0.0,Other,Provides Services,"General Charitable Purposes, The Advancement Of Health Or Saving Of Lives, Arts/culture/heritage/science",The General Public/mankind,"The objectives of the Charity are to inform, educate and relieve sickness, infirmity, and/or old age amongst persons living in Central and East London, by providing a local broadcasting service for hospitals, hospices, old persons homes and/or similar institutions, and wherever possible, providing a similar service to the local community to assist patients receiving - Care In The Community.","TO INFORM, EDUCATE AND RELIEVE SICKNESS, INFIRMITY, AND/OR OLD AGE AMONGST PERSONS LIVING IN THE CENTRAL AND EAST LONDON, BY PROVIDING A LOCAL BROADCASTING SERVICE FOR HOSPITALS, HOSPICES, OLD PERSONS' HOMES AND/OR SIMILAR INSTITUTIONS, AND WHEREVER POSSIBLE, PROVIDING A SIMILAR SERVICE TO THE LOCAL COMMUNITY TO ASSIST PATIENTS RECEIVING 'CARE IN THE COMMUNITY'",False,,Dormant,The Advancement Of Health Or Saving Of Lives
37,272905,THE GARWOOD FOUNDATION,"1A MELVILLE AVENUE, SOUTH CROYDON, SURREY",CR2 7HZ,Croydon South,02086810460,ross.white@garwoodfoundation.org.uk,www.garwoodfoundation.org.uk,31/08/2024,3262272.0,3060808.0,Charitable company,"Provides Human Resources, Provides Services, Provides Advocacy/advice/information","Education/training, The Advancement Of Health Or Saving Of Lives, Disability",People With Disabilities,"The Foundation provides a wide range of services for local people with disabilities, their families and carers, by the provision of a school, a registered residential home and a day centre. The Foundation provides a welfare support service for the children and adults and their families and carers, liasing in these matters with various relevant statutory support bodies.","THE OBJECTS OF THE CHARITY ARE TO PROMOTE THE CARE, WELFARE, INTEREST, TREATMENT AND ADVANCEMENT OF EDUCATION OF ADULTS AND CHILDREN HAVING CEREBRAL PALSY AND OTHER PROFOUND, MULTIPLE, ACQUIRED OR OTHER DISABILITIES, PARTICULARLY THOSE LIVING IN THE LONDON BOROUGHS OF CROYDON, SUTTON AND BROMLEY (FOR FURTHER DETAILS SEE MEMORANDUM OF ASSOCIATION)",False,Large,Dormant,Disability
38,275736,CITY OF LONDON SEA CADET CORPS,"Red House, West Tofts Road, Lynford, Norfolk",IP26 5EN,South West Norfolk,020 7407 2205,cityoflondonscc@gmail.com,https://www.sea-cadets.org/cityoflondon,31/03/2025,36388.0,28034.0,Other,"Makes Grants To Individuals, Other Charitable Activities","Education/training, Amateur Sport, Recreation",Children/young People,"SCC is a voluntary youth organisation which aims to:
a. Help young people towards responsible adulthood.
b. Encourage valuable personal attributes and high standards of conduct, using a nautical theme based upon the traditions and customs of the Royal Navy.
The Unit is very fortunate to meet on HMS Belfast.  We strive to build and maintain relationships with various bodies within the City.","The charitable purpose of the Unit (the Purpose) is to promote the development of young people in achieving their physical, intellectual and social potential as individuals and as responsible citizens by the provision of education and leisure time activities using a nautical theme and in accordance with the principles, ethos and practices of the Marine Society & Sea Cadets (MSSC).",False,Small,Dormant,Recreation
39,276056,THE FRIENDS OF CHRIST CHURCH SPITALFIELDS TRUST,"Friends of Christ Church Spitalfields, Christ Church, Fournier Street, LONDON",E1 6QE,Bethnal Green and Stepney,07966153451,friends@christchurchspitalfields.org,www.christchurchspitalfields.org,31/01/2025,0.0,2157.0,Trust,Provides Buildings/facilities/open Space,Environment/conservation/heritage,"Other Charities Or Voluntary Bodies, The General Public/mankind",The restoration and future maintenance of Christ Church Spitalfields as one of the major examples of European Baroque architecture,THE RESTORATION AND FUTURE MAINTENANCE OF CHRIST CHURCH SPITALFIELDS AS ONE OF THE MAJOR EXAMPLES OF EUROPEAN BAROQUE ARCHITECTURE.,True,,Dormant,Environment/conservation/heritage
40,277069,GLOBE TOWN COMMUNITY ASSOCIATION,"152-158 ROMAN ROAD, LONDON",E2 0RY,Bethnal Green and Stepney,07711350040,lisawing99@aol.co.uk,Not available,31/03/2025,15200.0,105920.0,Charitable company,Provides Buildings/facilities/open Space,General Charitable Purposes,"Children/young People, Elderly/old People, Other Charities Or Voluntary Bodies",Provides and promotes benefit of young and old people in London E2 in a common effort to advance social welfare for recreation and leisure-time occupation with the object of improving the conditions of life of the said inhabitants in E2 (London). Assist and co-operate with other charities.,"(A) TO PROMOTE THE BENEIT OF THE INHABITANTS OF THE STREETS AND ESTATES BOUNDED BY OLD FORD ROAD, LONDON E2, THE GRAND UNION CANAL, THE RAILWAY LINE, AND CAMBRIDGE HEATH ROAD, LONDON E2 AND THE NEIGHBOURHOOD WITHOUT DISTINCTION OF SEX OR OF POLITICAL, RELIGIOUS OR OTHER OPINIONS BY ASSOCIATING THE LOCAL AUTHORITIES, VOLUNTARY ORGANISATIONS AND THE INHABITANTS IN A COMMON EFFORT TO ADVANCE SOCIAL WELFARE FOR RECREATION AND LEISURE-TIME OCCUPATION WITH THE OBJECT OF IMPROVING THE CONDITIONS OF LIFE OF THE SAID INHABITANTS. (B) ESTABLISH OR TO SECURE THE ESTABLISHMENT OF A COMMUNITY CENTRE AND TO MAINTAIN AD MANAGE OR TO CO-OPERATE WITH ANY LOCAL STATUTORY AUTHORITY IN THE MAINTENANCE AND MANAGEMENT OF SUCH A CENTRE FOR ACTIVITIES PROMOTED BY THE ASSOCIATION AND ITS CONSTITUENT BODIES IN FURTHERANCE OF THE ABOVE OBJECT.",True,Small,Dormant,General Charitable Purposes
41,278693,THE ISLE OF DOGS PARISH TRUST,"CHRIST CHURCH VICARAGE, MANCHESTER ROAD, LONDON",E14 3BN,Poplar and Limehouse,02075381766,tom.pyke@parishiod.org.uk,Not available,31/12/2024,0.0,0.0,Trust,"Provides Human Resources, Provides Buildings/facilities/open Space, Provides Services, Provides Advocacy/advice/information","Education/training, The Prevention Or Relief Of Poverty, Arts/culture/heritage/science, Economic/community Development/employment, Recreation","Children/young People, Elderly/old People, The General Public/mankind","Provision of Isle of Dogs Community and Children's ChoirsProvision of 'Confidence to Work' work Club",TO FURTHER THE PROMOTION OF MORAL WELFARE WITHIN THE PARISH OF CHRIST AND ST JOHN WITH ST LUKE IN THE ISLE OF DOGS.,True,,Dormant,Recreation
42,279009,FRIENDS OF THE ROYAL LONDON HOSPITAL (WHITECHAPEL),"65 KNIGHTHEAD POINT, THE QUARTERDECK, LONDON",E14 8SS,Poplar and Limehouse,07732727750,richardhgardner@gmail.com,www.friendsoftheroyallondonhospital.org.uk,30/06/2025,54755.0,37902.0,Other,"Makes Grants To Organisations, Provides Human Resources, Provides Buildings/facilities/open Space, Provides Services",The Advancement Of Health Or Saving Of Lives,"Children/young People, Elderly/old People, People With Disabilities","Relieve patients and former patients of the Royal London Hospital (Whitechapel) who are sick, handicapped or infirm and generally to support the charitable work of the Hospital including related research","TO RELIEVE PATIENTS AND FORMER PATIENTS OF THE LONDON HOSPITAL (WHITECHAPEL) WHO ARE SICK, CONVALESCENT, DISABLED, HANDICAPPED OR INFIRM AND GENERALLY TO SUPPORT THE CHARITABLE WORK OF THE SAID HOSPITAL INCLUDING MEDICAL RESEARCH",True,Small,Dormant,The Advancement Of Health Or Saving Of Lives
43,281289,KINGSLEY HALL COMMUNITY CENTRE LIMITED,"KINGSLEY HALL, POWIS ROAD, LONDON",E3 3HJ,Stratford and Bow,07739277298,Not available,http://www.kingsley-hall.co.uk,31/03/2024,28690.0,115473.0,Charitable company,"Provides Human Resources, Provides Buildings/facilities/open Space, Provides Services, Acts As An Umbrella Or Resource Body","General Charitable Purposes, Education/training, Arts/culture/heritage/science, Environment/conservation/heritage","Children/young People, Elderly/old People, People Of A Particular Ethnic Or Racial Origin, Other Charities Or Voluntary Bodies, The General Public/mankind","Activities for the local community including many with a  youth focus 6 days of the week particularly concentrating on week day evenings. Also large women's groups of Somali and Bangladeshi ethnic origin, Tai Chi, Ball Room Dance, patchwork, Zumba, and heritage events for all associated with this internationally known centre. See website","(A) TO PROMOTE THE BENEFIT OF THE INHABITANTS OF THE LONDON BOROUGH OF TOWER HAMLETS WITHOUT REFERENCE TO SEX OR RACE OR POLITICAL, RELIGIOUS OR OTHER OPINIONS BY CO-OPERATING WITH LOCAL AUTHORITIES, VOLUNTARY ORGANISATIONS AND INHABITANTS IN A COMMON EFFORT TO ADVANCE EDUCATION AND TO PROVIDE FACILITIES IN THE INTEREST OF SOCIAL WELFARE FOR RECREATION AND LEISURE TIME OCCUPATION WITH THE OBJECT OF IMPROVING THE CONDITIONS OF LIFE FOR THE SAID INHABITANTS. (B) TO ESTABLISH OR TO SECURE THE ESTABLISHMENT OF A COMMUNITY CENTRE AND TO MAINTAIN AND MANAGE OR TO CO-OPERATE WITH ANY LOCAL OR STATUTORY AUTHORITY IN THE MAINTENANCE OF SUCH A CENTRE FOR ACTIVITIES PROMOTED BY THE CENTRE AND ITS CONSTITUENT BODIES IN THE FURTHERANCE OF THE ABOVE OBJECTS.",True,Small,Dormant,Environment/conservation/heritage
44,281576,THE ROLAND PHILIPPS FUND FOR SCOUTS,"THE ROLAND PHILIPPS FUND FOR SCOUTS, 65 Copley Street, LONDON",E1 3DF,Bethnal Green and Stepney,07956168068,kevin.bridge@eastlondonscouts.org.uk,http://www.eastlondonscouts.org.uk/,31/12/2023,31540.0,45832.0,Other,"Provides Buildings/facilities/open Space, Other Charitable Activities","General Charitable Purposes, Education/training",Children/young People,"We give young people skills for life. We actively engage and support young people in their personal development, empowering them to make a positive contribution to society. We are open to all young people aged 4 -24 in the London Boroughs of Hackney and Tower Hamlets.","THE MANAGING TRUSTEES OF THE FUND CHARITY SHALL APPLY THE CLEAR YEARLY INCOME THEREOF IN THE FOLLOWING ORDER OF PRIORITY: (1) IN OR TOWARDS THE MAINTENANCE AND REPAIR OF ANY LAND OR BUILDINGS BELONGING TO THE CENTRE CHARITY (2) IN INSTRUCTING BOYS OF ALL CLASSES IN THE PRINCIPLES OF DISCIPLINE, LOYALTY AND GOOD CITIZENSHIP THROUGH THE SCOUT MOVEMENT IN THE AREA OF THE SCOUT DISTRICT OF TOWER HAMLETS IN SUCH WAYS AS THE MANAGING TRUSTEES THINK FIT AND OTHERWISE FOR THE BENEFIT OF THE SCOUT MOVEMENT IN THE SAID AREA.",True,Small,Dormant,General Charitable Purposes
45,281609,CHAOS,"59 HERONGATE ROAD, LONDON",E12 5EH,Leyton and Wanstead,07982442538,secretary@chaoscharity.org,http://www.chaoscharity.org,30/09/2025,34085.0,37956.0,Other,Provides Services,The Prevention Or Relief Of Poverty,Children/young People,"CHAOS provides free camping holidays for disadvantaged children who would not otherwise have one.  It operates in East London and serves boroughs including Barking & Dagenham, Newham, Redbridge, Waltham Forest, Tower  Hamlets, Havering and Hackney.  Recommendations for places on CHAOS holidays are usually made through the charity's links with schools, social services and other welfare groups.",THE RELIEF OF POVERTY BY THE PROVISION OF HOLIDAYS AND OTHER RECREATIONAL ACTIVITIES FOR CHILDREN AND YOUNG PEOPLE IN THE INTERESTS OF SOCIAL WELFARE THAT THEIR CONDITIONS OF LIFE MAY BE IMPROVED.,False,Small,Dormant,The Prevention Or Relief Of Poverty
46,284907,THE MUDCHUTE ASSOCIATION,"Mudchute Farm & Park, Pier Street, Isle of Dogs, LONDON",E14 3HP,Poplar and Limehouse,02075155901,info@mudchute.org,www.mudchute.org,31/03/2025,1959706.0,1993365.0,Charitable company,"Provides Buildings/facilities/open Space, Provides Services, Other Charitable Activities","General Charitable Purposes, Education/training, Disability, Arts/culture/heritage/science, Amateur Sport, Animals, Environment/conservation/heritage, Economic/community Development/employment","Children/young People, Elderly/old People, People With Disabilities, People Of A Particular Ethnic Or Racial Origin, The General Public/mankind","The Green Heart of East London, managing 32 acres of metropolitan green space as a country park; providing environmental education for children and youth especially the disadvantaged; equestrian centre, rare breeds of farm animals and poultry, childrens nursery; cafe and shop; training opportunities for long term unemployed; volunteering opportunities galore.","TO PRESERVE THE AREA KNOWN AS THE MUDCHUTE, THE ISLE OF DOGS, LONDON, E14 FOR THE BENEFIT OF THE COMMUNITY IN THE LONDON BOROUGH OF TOWER HAMLETS AND IN PARTICULAR THE ISLE OF DOGS AND THE NEIGHBOURHOOD THEREOF IN PERPETUITY. (FOR FURTHER DETAILS SEE CLAUSE 3(A) OF THE MEMORANDUM).",True,Large,Dormant,Animals
47,284953,THE COMPASS POINT TRUST,"TOWER HAMLETS COMMUNITY CHURCH, 117 RICARDO STREET, LONDON",E14 6EQ,Poplar and Limehouse,02075157471,Not available,Not available,30/09/2024,7651.0,15412.0,Other,"Makes Grants To Individuals, Makes Grants To Organisations, Provides Buildings/facilities/open Space","The Prevention Or Relief Of Poverty, Accommodation/housing, Religious Activities",Other Defined Groups,To advance the Christian religion in the United Kingdom of Great Britain and Northern Ireland and to relieve poverty.,"TO ADVANCE THE CHRISTIAN RELIGION IN THE UNITED KINGDOM OF GREAT BRITAIN AND NORTHERN IRELAND AND TO RELIEVE POVERTY, AND IN FURTHERANCE OF THESE OBJECTS BUT NOT FURTHER OR OTHERWISE TO PROVIDE MISSIONS AND ACCOMMODATION FOR CHURCH LEADERS AND CHURCH WORKERS ENGAGED IN MISSIONARY WORK AND TO ALL SUCH OTHER LAWFUL THINGS AS SHALL FURTHER THE SAID OBJECTS.",True,Micro,Dormant,Accommodation/housing
48,285585,HELP-IN-NEED ASSOCIATION,"STUDENTS UNION BUILDING, ST BARTHOLOMEWS AND ROYAL LONDON, SCHOOL OF MEDICINE AND DENTISTRY, STEPNEY WAY, WHITECHAPEL LONDON",E1 2AD,Bethnal Green and Stepney,Not available,Not available,http://blhina.org/,30/04/2012,7790.0,8015.0,Other,"Makes Grants To Individuals, Makes Grants To Organisations, Acts As An Umbrella Or Resource Body","The Advancement Of Health Or Saving Of Lives, Disability, The Prevention Or Relief Of Poverty, Accommodation/housing, Economic/community Development/employment","Children/young People, Elderly/old People, People With Disabilities, Other Charities Or Voluntary Bodies, Other Defined Groups","We are a registered charity run by students at Barts and the London School of Medicine and Dentistry. We receive applications for grants from recognised bodies on behalf of disadvantaged and deprived people living in the East London (Tower Hamlets) area, and with the 'charity begins at home' ethos, meet monthly to discuss how much to donate and follow-up past applications",THE RELEIF OF SICKNESS IN THE TOWER HAMLETS HEALTH DISTRICT.,True,Micro,Dormant,Accommodation/housing
49,285707,TOWER HAMLETS COMMUNITY CHURCH,"TOWER HAMLETS COMMUNITY CHURCH, 117 RICARDO STREET, LONDON",E14 6EQ,Poplar and Limehouse,02075157471,Not available,www.thcc.org.uk,30/09/2024,283787.0,251154.0,Charitable company,"Makes Grants To Individuals, Provides Human Resources, Provides Buildings/facilities/open Space, Provides Services","General Charitable Purposes, The Prevention Or Relief Of Poverty, Religious Activities",The General Public/mankind,THE PROCLAMATION AND FURTHERNCE OF THE CHRISTIAN FAITH PRIMARILY IN THE LONDON BOROUGH OF TOWER HAMLETS BUT ELSEWHERE IN THE WORLD AT THE DISCRETION OF THE ASSOICATION.,"THE OBJECTS OF THE COMPANY ARE FOR THE BENEFIT OF THE PUBLIC (""THE OBJECTS""): 
3.1 TO ADVANCE THE CHRISTIAN FAITH IN ACCORDANCE WITH THE STATEMENT IN SUCH WAYS AND IN SUCH PARTS OF THE UNITED KINGDOM OR THE WORLD AS THE DIRECTORS FROM TIME TO TIME MAY THINK FIT; 
3.2 TO RELIEVE SICKNESS AND FINANCIAL HARDSHIP AND TO PROMOTE AND PRESERVE GOOD HEALTH BY THE PROVISION OF FUNDS, GOODS OR SERVICES OF ANY KIND INCLUDING THROUGH THE PROVISION OF COUNSELLING AND SUPPORT IN SUCH PARTS OF THE UNITED KINGDOM OR THE WORLD AS THE DIRECTORS FROM TIME TO TIME THINK FIT; AND 
3.3 TO ADVANCE EDUCATION IN SUCH WAYS AND IN SUCH PARTS OF THE UNITED KINGDOM OR THE WORLD AS THE DIRECTORS FROM TIME TO TIME MAY THINK FIT.",True,Medium,Dormant,Religious Activities
50,288096,THE ST DUNSTAN'S AND ALL SAINTS STEPNEY PRESERVATION TRUST,"ST DUNSTAN'S RECTORY, RECTORY SQUARE, STEPNEY, LONDON",E1 3NQ,Bethnal Green and Stepney,02077028685,Not available,www.stdunstanstepney.com,31/12/2024,9084.0,0.0,Trust,Provides Buildings/facilities/open Space,Religious Activities,The General Public/mankind,"Maintenance and preservation of historic church buildings and associated open spaces in the parish of St Dunstan and All Saint, Stepney","RESTORATION, REPAIR AND UPKEEP OF THE FABRIC AND FIXTURES OF THE CHURCH.",True,Micro,Dormant,Religious Activities
51,288149,CHISENHALE DANCE SPACE,"CHISENHALE DANCE SPACE, 64-84 CHISENHALE ROAD, LONDON",E3 5QZ,Stratford and Bow,02089816617,mail@chisenhaledancespace.co.uk,www.chisenhaledancespace.co.uk,31/03/2025,243096.0,228493.0,Charitable company,"Makes Grants To Individuals, Provides Buildings/facilities/open Space, Provides Services, Provides Advocacy/advice/information","Education/training, Arts/culture/heritage/science","Children/young People, Other Defined Groups, The General Public/mankind","We support the development of artists, the participation in dance by the community, and the development of cutting edge dance and movement practice and debate. We do this by:
- offering bespoke artistic advice, space and time for professional development, sharings and events.
- running workshops and classes for the diverse communities of East London","TO PROMOTE, MAINTAIN, IMPROVE AND ADVANCE EDUCATION, PARTICULARLY BY THE PRODUCTION AND PERFORMANCE OF DANCE, BALLET AND SIMILAR CHOREOGRAPHIC ARTS, AND THE ENCOURAGEMENT OF THE ARTS, INCLUDING THE ARTS OF DANCE, CHOREOGRAPHY, MUSIC, DRAMA, MIME, SINGING, LITERATURE, SCULPTURE AND PAINTING.",True,Medium,Dormant,Arts/culture/heritage/science
52,288488,SECOND UNIVERSITY HOUSE TRUST,"St. Margarets House, 19 Old Ford Road, LONDON",E2 9PJ,Bethnal Green and Stepney,02089802092,info@stmargaretshouse.org.uk,Not available,30/09/2024,12391.0,15067.0,Trust,Makes Grants To Organisations,General Charitable Purposes,Other Charities Or Voluntary Bodies,General assistance and grants given to small local charitable bodies.,THE RELIEF OF NEED HARDSHIP AND DISTRESS AMONGST THE INHABITANTS OF THE LONDON BOROUGH OF TOWER HAMLETS WITH SPECIAL CONSIDERATION BEING GIVEN TO THE NEEDS OF THE INHABITANTS OF BETHNAL GREEN AND THE PROVISION IN THE INTERESTS OF SOCIAL WELFARE OF FACILITIES FOR THE EDUCATION AND RECREATION OF SUCH INHABITANTS. (FOR FURTHER DETAILS SEE TRUST DEED.),True,Small,Dormant,General Charitable Purposes
53,288889,CARE FOR LIMEHOUSE PARISH CHURCH (ST ANNE'S) COMMERCIAL ROAD TRUST (USUALLY KNOWN AS CARE FOR ST ANNE'S),"5 Newell Street, London",E14 7HP,Poplar and Limehouse,02079871502,richard.bray@stanneslimehouse.org,www.stanneslimehouse.org,31/03/2025,63397.0,125089.0,Other,Provides Buildings/facilities/open Space,"Arts/culture/heritage/science, Environment/conservation/heritage","Children/young People, Elderly/old People, People With Disabilities, Other Charities Or Voluntary Bodies, The General Public/mankind",The restoration and future maintenance of Limehouse Parish Church (St Anne's) Commercial Road E14 as one of the major examples of European baroque architecture.,THE WORK OF CARE FOR ST. ANNE'S NAMELY THE RESTORATION AND FUTURE MAINTENANCE OF LIMEHOUSE PARISH CHURCH (ST. ANNE'S) COMMERCAL ROAD AS ONE OF THE MAJOR EXAMPLES OF EUROPEAN BAROQUE ARCHITECTURE.,True,Small,Dormant,Environment/conservation/heritage
54,289235,DAVENANT FOUNDATION,"Ashfords, 114-116 Goodmayes Road, ILFORD",IG3 9UZ,Ilford South,02085997263,Not available,www.dyce.org,31/03/2025,184255.0,132814.0,Charitable company,"Provides Human Resources, Provides Buildings/facilities/open Space","Education/training, Overseas Aid/famine Relief, Arts/culture/heritage/science, Amateur Sport, Economic/community Development/employment","Children/young People, People Of A Particular Ethnic Or Racial Origin, Other Charities Or Voluntary Bodies",The Charities principal activity during the year continued to be that of working towards the provision of two community centres for the educational and social benefits of the inhabitants of the London Borough of Tower Hamlets.,"•	The advancement of any charitable purposes for the benefit of the community of the London Borough of Tower Hamlets (the Area of Benefit) and in particular the advancement of education, the protection of good health both mental and physical, the relief of poverty and sickness and the provision, in the interests of social welfare, of facilities for recreation or other leisure time occupation with the object of improving the conditions of life of the persons for whom the opportunities and facilities are primarily intended; and

•	the advancement of other exclusively charitable purposes in the United Kingdom and elsewhere with a preference for those which are in the opinion of the trustees beneficial to the Area of Benefit.",False,Medium,Dormant,Overseas Aid/famine Relief
55,289632,TOWER HAMLETS ENVIRONMENT TRUST,"HARRIS LIPMAN, 2/3 MOUNTVIEW COURT, 310 FRIERN BARNET LANE, LONDON",N20 0YZ,Chipping Barnet,Not available,info@envirotrust.org,www.envirotrust.org,31/03/2008,645050.0,696708.0,Charitable company,"Provides Other Finance, Provides Human Resources, Provides Buildings/facilities/open Space, Provides Services, Provides Advocacy/advice/information, Sponsors Or Undertakes Research, Acts As An Umbrella Or Resource Body","Education/training, Accommodation/housing, Environment/conservation/heritage, Economic/community Development/employment","Children/young People, Other Defined Groups, The General Public/mankind","We improve the social, economic, and physical environment for community benefit","(A) TO IMPROVE OR ASSIST IN THE IMPROVEMENT OF THE ENVIRONMENT IN THE LONDON BOROUGH OF TOWER HAMLETS, THE NEIGHBOURING LONDON BOROUGHS AND THROUGHOUT THE UNITED KINGDOM FOR THE BENEFIT OF THE PUBLIC 
(B) TO ADVANCE OR ASSIST IN THE ADVANCEMENT OF THE EDUCATION OF THE PUBLIC AND IN PARTICULAR OF CHILDREN AND YOUNG PEOPLE, IN HORTICULTURE ENVIRONMENTAL STUDIES, NATURAL HISTORY AND RELATED SUBJECTS 
(C) TO RELIEVE NEED BY THE PROVISION OF HOUSING",False,Medium,Dormant,Accommodation/housing
56,289827,TOWER HAMLETS COMMUNITY TRANSPORT,"Tower Hamlets Community Transport, 27 Newell Street, LONDON",E14 7HP,Poplar and Limehouse,07850421924,simon.rouse@thct.org.uk,www.thct.org.uk,31/03/2025,84662.0,35993.0,Charitable company,"Provides Human Resources, Provides Services",General Charitable Purposes,"Children/young People, Elderly/old People, People With Disabilities, People Of A Particular Ethnic Or Racial Origin, Other Charities Or Voluntary Bodies",Provision of transport resources to charitable and voluntary organisations working to support the needs of disadvantaged individuals and communities resident in the London Borough of Tower Hamlets,"TO PROMOTE THE EDUCATION AND RELIEVE THE NEED, HARDSHIP, DISTRESS SICKNESS AND MENTAL OR PHYSICAL HANDICAP OF PERSONS RESIDENT OR WORKING IN THE LONDON BOROUGH OF TOWER HAMLETS AND ITS SURROUNDING DISTRICTS, INCLUDING BUT WITHOUT LIMITATION BY (1) PROVIDING TRANSPORT FOR SUCH PERSONS OR FOR THE REMOVAL AND STORAGE OF THEIR GOODS AND CHATTLES; (2)PROVIDING PASSENGER TRANSPORT FOR STATUTORY AUTHORITIES OR VOLUNTARY ORGANISATIONS THAT ARE ENGAGED IN PROMOTING SUCH EDUCATION AND PROVIDING SUCH RELIEF.",True,Small,Dormant,General Charitable Purposes
57,289926,THE JOHN RICE CHARITY,"Clerk to the John Rice Charity, 18 Tollhouse Close, Chichester, West Sussex",PO19 1SF,Chichester,07786 071759,grants@johnricecharity.org.uk,www.johnricecharity.org.uk,31/12/2024,16887.0,32685.0,Other,Makes Grants To Individuals,The Prevention Or Relief Of Poverty,Other Defined Groups,"The income of the charity is to be distributed by the trustees in such manner as they shall see fit among ordained clergy serving or employed within seven London deaneries viz City of London, Southwark, Islington, Bermondsey, Tower Hamlets, Hackney and Lambeth deaneries, and seven other central London parishes viz St Ann Westminster, St Clement Danes, St James Westminster, St Giles in the Fields","THE TRUSTEES SHALL PAY ú250 (OR SUCH OTHER HIGHER SUM AS SHALL BE APPROVED IN WRITING BY THE CHARITY COMMISSIONERS) OUT OF THE INCOME OF THE CHARITY TO THE RECTOR FOR THE TIME BEING OF THE ECCLESIASTICAL PARISH (""THE ECCLESIASTICAL PARISH"" SHALL MEAN THE ECCLESIASTICAL PARISH OF ST. MARGARET LOTHBURY AND ST. STEPHEN, COLEMAN STREET, WITH ST. CHRISTOPHER LE STOCKS, ST. BARTHOLOMEW-BY-THE-EXCHANGE, ST. OLAVE, OLD JEWRY, ST. MARTIN POMEROY, ST. MILDRED POULTRY, AND ST. MARY COLECHURCH.). THE TRUSTEES SHALL DISTRIBUTE THE YEARLY INCOME OF THE CHARITY IN SUCH MANNER AS THEY THINK FIT AMONG THE ORDAINED CLERGY OF THE CHURCH OF ENGLAND WHO ARE SERVING OR EMPLOYED WITHIN THE FOLLOWING AREAS: CITY OF LONDON DEANERY, SOUTHWARK DEANERY, ISLINGTON DEANERY, BERMONDSEY DEANERY, TOWER HAMLETS DEANERY, HACKNEY DEANERY, LAMBETH DEANERY, PARISH OF ST. ANN, WESTMINSTER, PARISH OF ST. CLEMENT DANES, PARISH OF ST. JAMES', WESTMINSTER, PARISH OF ST. MARTIN IN THE FIELDS, PARISH OF ST. GILES IN THE FIELDS, PARISH OF ST. MARY SAVOY IN THE STRAND, PARISH OF ST. PAUL IN COVENT GARDEN.",False,Small,Dormant,The Prevention Or Relief Of Poverty
58,290087,HISTORY OF WAPPING TRUST,"The Turks Head, 1 Green Bank, Wapping, London",E1W 2PA,Poplar and Limehouse,02077022205,history.of.wapping.trust@gmail.com,www.history-of-wapping-trust.co.uk,31/12/2024,1244.0,1261.0,Trust,Other Charitable Activities,Environment/conservation/heritage,The General Public/mankind,"History walks and talks.
Books on local history and Christmas Cards in the area of Wapping and Shadwell, east London.",TO ADVANCE PUBLIC EDUCATION BY PROMOTING THE STUDY OF SOCIAL HISTORY IN WAPPING AND PARTICULARLY THROUGH THE ESTABLISHMENT OF A LOCAL HISTORY MUSEUM WITHIN THE WAPPING AREA.,True,Micro,Dormant,Environment/conservation/heritage
59,292944,THE CENTRE FOR BETTER HEALTH LTD,"THE DARNLEY CENTRE, 1A DARNLEY ROAD, LONDON",E9 6QH,Hackney South and Shoreditch,02089853570,Not available,www.centreforbetterhealth.org.uk,31/03/2025,649112.0,648826.0,Charitable company,Provides Services,"Education/training, The Advancement Of Health Or Saving Of Lives, Disability, Economic/community Development/employment",People With Disabilities,The Centre For Better Health is a mental health charity that supports recovery and promotes wellbeing.,"The charity’s objects are specifically restricted to the relief of those living in London, particularly in East London, who are in need by reason of mental ill health in each case only for the public benefit by:
1.	supporting the wellbeing and recovery from mental ill health; and   
2.	providing services that support individuals who are suffering or have suffered from mental ill health to achieve personal growth, improved wellbeing, quality of life and employment progression where relevant.",False,Medium,Dormant,Disability
60,293475,E L M V SHADWELL BASIN PROJECT,"3-4 SHADWELL PIERHEAD, GLAMIS ROAD, LONDON",E1W 3TD,Poplar and Limehouse,07747328319,information@shadwell-basin.org.uk,www.shadwell-basin.org.uk,31/03/2025,311001.0,334357.0,Charitable company,"Provides Human Resources, Provides Buildings/facilities/open Space, Provides Services","Education/training, The Prevention Or Relief Of Poverty, Amateur Sport, Recreation","Children/young People, People With Disabilities, Other Charities Or Voluntary Bodies, Other Defined Groups, The General Public/mankind",The Charity operates an activities Centre which is based in the London Borough of Tower Hamlets on the banks of the River Thames. The principal activity is the provision of facilities for watersports and other adventurous activities for the whole community.,TO ADVANCE THE EDUCATION OF YOUNG PEOPLE RESIDENT IN THE LONDON BOROUGH OF TOWER HAMLETS BY THE PROVISION OF VOCATIONAL TRAINING AND TRAINING IN THE PRINCIPLES OF GOOD CITIZENSHIP IN ORDER TO PROMOTE THEIR PHYSICAL AND MENTAL DEVELOPMENT AND PROVIDE TRAINING IN THE SKILLS NEEDED FOR LIFE; AND TO PROVIDE IN THE INTERESTS OF SOCIAL WELFARE FACILITIES FOR WATER RELATED RECREATION AND OTHER LEISURE-TIME OCCUPATIONS BEING FACILITIES WHICH ARE PRIMARILY INTENDED FOR THE INHABITANTS OF THE LONDON BOROUGH OF TOWER HAMLETS AND ARE PROVIDED WITH THE OBJECT OF IMPROVING THE CONDITIONS OF LIFE FOR SUCH INHABITANTS BUT WHICH SUBJECT THERETO SHALL BE AVAILABLE TO THE MEMBERS OF THE PUBLIC AT LARGE.,True,Medium,Dormant,Recreation
61,294744,THAMES AND KENNET NARROWBOAT TRUST,"BEECH TREE HOUSE, ST JOHNS CLOSE, MORTIMER",RG7 3SZ,Reading West and Mid Berkshire,08703850180,boatbookings@narrowboattrust.co.uk,www.narrowboattrust.co.uk,31/03/2025,14889.0,19925.0,Other,Provides Buildings/facilities/open Space,"Education/training, Disability, Amateur Sport","Children/young People, People With Disabilities, Other Defined Groups","Inland waterways experiences to Young people in the Berkshire, Hampshire, Surrey and Wiltshire areas.","TO HELP AND EDUCATE YOUNG PEOPLE, THROUGH WATE BASED LEISURE TIME ACTIVITIES AND SAFETY TRAINING TO DEVELOP THEIR PHYSICAL, MENTAL AND SPIRITUAL CAPACITIES, IRRESPECTIVE OF RACE OF CREED, THAT THEY MAY GROW TO FULL MATURITY AS INDIVIDUALS AND MEMBERS OF SOCIETY, AND THAT THEIR CONDITIONS OF LIFE MAY BE IMPROVED.",False,Small,Dormant,Disability
62,294973,ELBWO,"ELBWO ,Unit 1, Cleveland House,, 2 Clinton Road,, Forest Gate, LONDON",E7 0HD,Stratford and Bow,02085347545,Not available,Not available,31/03/2024,5000.0,6295.0,Charitable company,"Provides Human Resources, Provides Services, Provides Advocacy/advice/information","General Charitable Purposes, Education/training, Disability, Economic/community Development/employment","Children/young People, People With Disabilities, The General Public/mankind","To provide quality service to meet the diverse needs of families through provision of advice, information and advocacy that addresses individual needs; the delivery of education, training and mentoring to assist attainment within school and employment; and the development of projects and resources for supporting and strengthening families and other groups within the community.",TO PROMOTE ANY CHARITABLE PURPOSES FOR THE BENEFIT OF THE INHABITANTS OF THE LONDON BOROUGH OF NEWHAM AND THE ENVIRONS THEREOF AND IN PARTICULAR THE WOMEN AND CHILDREN OF AFRICAN DESCENT.,False,Micro,Dormant,Disability
63,295857,LIMEHOUSE PROJECT LTD,"789-791 Commercial Road, Unit 2, St Anne Street",LONDON,,02075380075,info@limehouseproject.org.uk,www.limehouseproject.org.uk,31/03/2024,905499.0,892070.0,Charitable company,"Provides Services, Provides Advocacy/advice/information, Other Charitable Activities","Education/training, The Prevention Or Relief Of Poverty, Economic/community Development/employment, Other Charitable Purposes","Children/young People, Elderly/old People, People Of A Particular Ethnic Or Racial Origin, The General Public/mankind","The Limehouse Project was set up in 1984 in Tower Hamlets and manages and delivers an extensive range of services designed to implement the organisation's mission statement: to alleviate the difficulties and help realise the aspirations of the most disadvantaged members of local communities, particularly those of ethnic minority origin, women, young people and children.","TO PROMOTE THE BENEFIT OF THE INHABITANTS OF TOWER HAMLETS AND, AT THE DISCRETION OF THE TRUSTEES, OTHER AREAS OF LONDON, WITHOUT DISTINCTION OF SEX, SEXUAL ORIENTATION, RACE OR OF POLITICAL OR OTHER OPINIONS BY ASSOCIATING TOGETHER THE SAID RESIDENTS AND THE LOCAL AUTHORITIES, VOLUNTARY AND OTHER ORGANISATIONS IN A COMMON EFFORT TO ADVANCE EDUCATION, TO RELIEVE POVERTY AND NEED, TO ADVANCE GOOD HEALTH, AND TO PROVIDE FACILITIES IN THE INTERESTS OF SOCIAL WELFARE FOR RECREATION AND LEISURE TIME OCCUPATION WITH THE OBJECTIVE OF IMPROVING THE CONDITIONS OF LIFE FOR THE RESIDENTS.",False,Medium,Dormant,Other Charitable Purposes
64,296101,WINANT CLAYTON VOLUNTEER ASSOCIATION,"ST. MARGARETS HOUSE SETTLEMENT, 21 OLD FORD ROAD, LONDON",E2 9PL,Bethnal Green and Stepney,02089833834,admin@winantclayton.org.uk,www.winantclayton.org.uk,31/12/2017,0.0,0.0,Other,Provides Human Resources,"General Charitable Purposes, Education/training, The Advancement Of Health Or Saving Of Lives, Disability, The Prevention Or Relief Of Poverty, Religious Activities","Children/young People, Elderly/old People, People With Disabilities, People Of A Particular Ethnic Or Racial Origin, Other Charities Or Voluntary Bodies","We run a volunteer exchange programme between London and New York City for 7/8 weeks each summer. Volunteers support the work of local, community-based charities.",TO PROMOTE THE EDUCATION AND SPIRITUAL AND MENTAL WELFARE OF YOUNG PEOPLE BY INVOLVING THEM IN SOCIAL AND COMMUNITY WORK AMONGST THE DEPRIVED IN ANY PART OF THE ENGLISH SPEAKING WORLD.,True,,Dormant,Disability
65,296218,BRICK LANE HOUSING AND COMMUNITY TRUST,"13 Brick Lane, LONDON",E1 6PU,Bethnal Green and Stepney,02072475755,bricklanetrust@yahoo.co.uk,Not available,31/03/2025,0.0,0.0,Trust,"Provides Human Resources, Provides Advocacy/advice/information","General Charitable Purposes, Education/training, The Prevention Or Relief Of Poverty, Overseas Aid/famine Relief, Accommodation/housing, Arts/culture/heritage/science, Environment/conservation/heritage, Economic/community Development/employment","Children/young People, Elderly/old People, People Of A Particular Ethnic Or Racial Origin, The General Public/mankind","Assisting residents and claimants living and working in Tower Hamlets  of Bangladeshi origin and others on education, housing, employment , human rights and community development. Liaise and work with UK government agencies and  NGOs in education, housing, cultural heritage, development and to relieve the sufferings and distress of people in need of health and social care services in Bangladesh.","TO RELIEVE POVERTY HARDSHIP AND DISTRESS CAUSED BY HOMELESSNESS AND TO ADVANCE EDUCATION AMONGST PEOPLE OF BANGLADESHI ORIGIN AND OTHERS IN TOWER HAMLETS AND ELSEWHERE, BOTH IN THE UK AND IN BANGLADESH.",True,,Dormant,Accommodation/housing
66,296499,IMPSTART TRUST,"117 Clock House Road, BECKENHAM, Kent",BR3 4JY,Beckenham and Penge,07774281828,brian@impsonline.com,www.impsonline.com,31/03/2024,71805.0,129390.0,Charitable company,"Provides Human Resources, Provides Buildings/facilities/open Space","Education/training, Amateur Sport",Children/young People,"To educate young people, especially but not exclusively through their leisure activities, so as to develop their physical, mental and spiritual capacities that they may grow to full maturity as individuals and members of society.","(I) TO EDUCATE YOUNG PEOPLE, ESPECIALLY BUT NOT EXLUSIVELY THROUGH THEIR LEISURE-TIME ACTIVITIES, SO AS TO DEVELOP THEIR PHYSICAL, MENTAL AND SPIRITUAL CAPACITIES THAT THEY MAY GROW TO FULL MATURITY AS INDIVIDUALS AND MEMBERS OF SOCIETY; (II) TO PROVIDE OR ASSIST IN THE PROVISION OF FACILITIES FOR THE RECREATION AND OTHER LEISURE-TIME OCCUPATION OF YOUNG PEOPLE WHO HAVE NEED FOR SUCH FACILITIES BY REASON OF THEIR YOUTH, DISABLEMENT, POVERTY, OR SOCIAL AND ECONOMIC CIRCUMSTANCE; IN THE INTERESTS OF SOCIAL WELFARE, AND WITH THE OBJECT OF IMPROVING THEIR CONDITIONS OF LIFE.",False,Small,Dormant,Amateur Sport
67,297038,CELESTIAL CHURCH OF CHRIST-STRATFORD PARISH,"7 KILNER STREET, LONDON",E14 7BD,Poplar and Limehouse,07506765921,cccstratfordparish@gmail.com,Not available,31/03/2025,4772.0,5668.0,Other,Makes Grants To Individuals,"General Charitable Purposes, Religious Activities","Elderly/old People, Other Charities Or Voluntary Bodies, The General Public/mankind","The Charity's main activities included the furtherance of the Christian faith following the doctrines advocated by the CelestialChurch of Christ,the care of elderly persons and engagement in other charitable activities",TO ADVANCE THE CHRISTIAN RELIGION BY PROPAGATING THE DOCTRINES OF CELESTIAL CHURCH OF CHRIST THROUGHOUT THE UK AND IRELAND AS ESPOUSED BY OUR LORD JESUS CHRIST.,True,Micro,Dormant,Religious Activities
68,297771,STEPNEY COMMUNITY TRUST,"STEPNEY COMMUNITY TRUST, 46 MYRDLE STREET, LONDON",E1 1HL,Bethnal Green and Stepney,02073775482,info@stepney.org.uk,www.stepney.org.uk,31/03/2025,115886.0,81525.0,Charitable company,"Provides Buildings/facilities/open Space, Provides Services, Provides Advocacy/advice/information, Other Charitable Activities","General Charitable Purposes, Education/training, The Prevention Or Relief Of Poverty, Arts/culture/heritage/science, Amateur Sport, Economic/community Development/employment, Other Charitable Purposes","Elderly/old People, People With Disabilities, People Of A Particular Ethnic Or Racial Origin, Other Charities Or Voluntary Bodies, Other Defined Groups, The General Public/mankind","Offer Employment advice and guidance, IT training, Job-search, women development and counselling, healthy living, ESOL and other activities to benefit the local community at large.","TO PROMOTE THE BENEFIT OF THE INHABITANTS OF STEPNEY IN THE LONDON BOROUGH OF TOWER HAMLETS AND THE SURROUNDING AREA WITHOUT DISTINCTION OF SEX OR OF POLITICAL OR RELIGIOUS OR OTHER OPINIONS BY ASSOCIATING LOCAL AUTHORITIES IN A COMMON EFFORT TO RELIEVE POVERTY, ADVANCE EDUCATION, PRESERVE AND PROTECT HEALTH AND PROVIDE FACILITIES IN THE INTERESTS OF SOCIAL WELFARE FOR RECREATION AND LEISURE-TIME OCCUPATION WITH THE OBJECT OF IMPROVING THE CONDITIONS OF LIFE FOR THE SAID INHABITANTS. 2. TO ESTABLISH OR TO SECURE THE ESTABLISHMENT OF A COMMUNITY CENTRE IN THE LONDON BOROUGH OF TOWER HAMLETS, IN STEPNEY AND TO MAINTAIN AND MANAGE OR TO CO-OPERATE WITH ANY LOCAL STATUTORY AUTHORITY IN THE MAINTENANCE AND MANAGEMENT OF SUCH A COMMUNITY CENTRE. 3. TO PROMOTE HIGH STANDARDS OF PLANNING AND ARCHITECTURE IN OR AFFECTING THE AREA OF BENEFIT. 4. TO PROMOTE GOOD RACE RELATIONS IN THE AREA OF BENEFIT BY ENDEAVOURING TO ELIMINATE DISCRIMINATION ON GROUNDS OF RACE AND ENCOURAGING EQUALITY OF OPPORTUNITY BETWEEN PERSONS OF DIFFERENT RACIAL GROUPS.",True,Medium,Dormant,Other Charitable Purposes
69,299260,ENTERPRISE DEVELOPMENT CENTRE,"232 BRICK LANE, BETHNAL GREEN, LONDON, ENGLAND",E2 7EB,Bethnal Green and Stepney,02032866263,enterprisedevelopmentcentre@outlook.com,Not available,31/03/2025,0.0,1175.0,Charitable company,"Provides Buildings/facilities/open Space, Provides Advocacy/advice/information","General Charitable Purposes, Education/training, The Prevention Or Relief Of Poverty, Arts/culture/heritage/science, Economic/community Development/employment, Human Rights/religious Or Racial Harmony/equality Or Diversity","Children/young People, Elderly/old People, People Of A Particular Ethnic Or Racial Origin, Other Charities Or Voluntary Bodies","The charity works in Tower Hamlets particularly with those of Bangladeshi origin and the wider community which they live. The charity provides information, advice, workshops on emerging issues.  Supports and facilitates training through partnerships & networking.  It facilitates support surgeries and a new opportunities club to aid users to tackle challenges and achieve their full potential.","TO RELIEVE THE INHABITANTS OF TOWER HAMLETS PARTICULARLY THOSE OF BANGLADESHI ORIGIN OR DECENT BY THE PROVISION OF-ADVICE AND COUNSELLING ON SUCH MATTERS AS INVESTIGATION, HOUSING, EMPLOYMENT, WELFARE RIGHTS AND SIMILAR PROBLEMS - TO ADVANCE EDUCATION INT EH LANGUAGE HISTORY AND CULTURE OF BANGLADESH - TO ADVANCE EDUCATION BY THE PROVISION OF TRAINING AND OTHER FACILITIES TO ENABLE SUCH PERSONS TO OBTAIN GAINFUL EMPLOYMENT AND - TO PROVIDE RECREATIONAL AND LEISURE-TIME FACILITIES IN THE INTEREST OF SOCIAL WELFARE.",True,,Dormant,Human Rights/religious Or Racial Harmony/equality Or Diversity
70,299536,SPITALFIELDS FARM ASSOCIATION LIMITED,"BUXTON STREET, LONDON",E1 5AR,Bethnal Green and Stepney,02072478762,farm@spitalfieldscityfarm.org,www.spitalfieldscityfarm.org,31/03/2025,591338.0,484850.0,Charitable company,"Provides Human Resources, Provides Buildings/facilities/open Space, Provides Services, Provides Advocacy/advice/information","Education/training, Animals, Environment/conservation/heritage","Children/young People, Elderly/old People, People With Disabilities, People Of A Particular Ethnic Or Racial Origin, Other Charities Or Voluntary Bodies, The General Public/mankind",Spitalfields City Farm is an inner-city farm for the benefit of the inhabitants of Spitalfields and the surrounding neighbourhood. The Farm provides education and volunteering activities for the community.,TO PROMOTE THE BENEFIT OF THE INHABITANTS. TO ADVANCE THE EDUCATION OF THE INHABITANTS. TO PROMOTE CARE AND CONSIDERATION FOR ANIMALS. TO PROVIDE TRAINING FOR THE NEEDY OR HANDICAPPED. TO PROVIDE RIDING FACILITIES FOR THE HANDICAPPED.,True,Medium,Dormant,Animals
71,299843,NEIGHBOURS IN POPLAR,"113 Poplar High Street, London",E14 0AE,Poplar and Limehouse,020 7531 0190,mandy.molyneux@neighboursinpoplar.com,http://www.neighboursinpoplar.com/,31/03/2025,320030.0,301185.0,Other,"Provides Services, Provides Advocacy/advice/information",Disability,"Children/young People, Elderly/old People, People With Disabilities",Provides care and welfare to persons in need through the provision of amenities and recreation and leisure activities in the interests of social welfare.,"TO PROVIDE CARE AND WELFARE TO PERSONS IN NEED, HARDSHIP OR DISTRESS IN POPLAR THROUGH THE PROVISION OF AMENITIES AND RECREATION AND LEISURE FACILITIES IN THE INTEREST OF SOCIAL WELFARE, IN PARTICULAR BUT NO EXCLUSIVELY, TO CHILDREN, THE AGED AND MENTALLY AND PHYSICALLY HANDICAPPED PERSONS.",True,Medium,Dormant,Disability
72,303187,REDBRIDGE SPORTS CENTRE TRUST LIMITED,"Redbridge Sports Centre Trust Ltd, Forest Road, Ilford",IG6 3HD,Ilford North,02084981000,info@rslonline.co.uk,www.rslonline.co.uk,31/12/2024,2467151.0,2766000.0,Charitable company,Provides Buildings/facilities/open Space,Amateur Sport,The General Public/mankind,"The charity operates the Redbridge Sports Centre, which provides sports and leisure facilities at affordable prices to the trust's members and the local community.","A. THE MAIN OBJECT OF THE TRUST IS TO PROVIDE OR TO ASSIST IN PROVIDING FACILITIES FOR SPORT, RECREATION, PHYSICAL EDUCATION, TRAINING OR OTHER LEISURE TIME OCCUPATION IN THE LONDON BOROUGH OF REDBRIDGE AND ITS SURROUNDS OR ELSEWHERE, SUCH FACILITIES BEING PROVIDED IN ACCORDANCE WITH THE FOLLOWING SUB-PARAGRAPHS OF THIS SUB-CLAUSE, NAMELY:- 

 (I) THE FACILITIES TO BE PROVIDED SHALL BE FACILITIES AVAILABLE TO THE PUBLIC AT LARGE SAVE THAT SPECIAL FACILITIES MAY BE PROVIDED FOR PERSONS WHO BY REASON OF THEIR YOUTH, AGE, INFIRMITY OR DISABLEMENT, POVERTY OR SOCIAL OR ECONOMIC CIRCUMSTANCES MAY HAVE NEED OF SPECIAL FACILITIES. 

 (II) WHILE THE PERSONS FOR WHOM THE FACILITIES ARE PRIMARILY INTENDED ARE THE COMMUNITY OF REDBRIDGE AND ITS SURROUNDS OR, WHERE OTHER FACILITIES MAY BE ESTABLISHED ELSEWHERE, THE COMMUNITIES IN WHICH THESE OTHER FACILITIES ARE ESTABLISHED, THE USE OF SUCH FACILITIES MAY BE EXTENDED TO OTHER MEMBERS OF THE PUBLIC WHO DESIRE TO AND CAN MAKE USE OF THEM. 

 (III) IN THIS SUB-CLAUSE, THE EXPRESSION PROVIDING FACILITIES INCLUDES NOT ONLY THE PROVISION OF LAND, BUILDINGS, EQUIPMENT AND OTHER PHYSICAL FACILITIES BUT ALSO THE ORGANISATION OF SPORTING, RECREATIONAL, PHYSICAL, EDUCATIONAL, TRAINING AND OTHER LEISURE TIME ACTIVITIES FOR THE BENEFIT OF THE PUBLIC AT LARGE OR (WHERE REQUIRED) OF THE SPECIAL CLASSES OF PERSONS MENTIONED IN SUB-PARAGRAPH (I) OF THIS SUB-CLAUSE. 

 (IV) IN THE CONSTRUCTION OF THIS CLAUSE IT SHALL BE DEEMED AN OVERRIDING PRINCIPLE THAT THE ACTIVITIES TO BE UNDERTAKEN SHALL BE SUCH AS WILL FURTHER THE SOCIAL WELFARE OF THE COMMUNITY OF REDBRIDGE AND ITS NEIGHBOURHOOD OR OF OTHER SUCH COMMUNITIES IN WHICH THE TRUST MAY BE OPERATING.",False,Large,Dormant,Amateur Sport
73,303250,POPLAR BOYS AND GIRLS CLUB,"27 Welling Road, Orsett, GRAYS",RM16 3DF,South Basildon and East Thurrock,07984131793,lenny.emms@poplarharca.co.uk,Not available,30/06/2025,20047.0,32226.0,Other,"Provides Buildings/facilities/open Space, Provides Services, Other Charitable Activities","General Charitable Purposes, Education/training, Amateur Sport, Recreation",Children/young People,"Poplar Boys and Girls Club operates from purpose built facilities in Chrisp Street, Poplar. Facilities include a fully equiped boxing gym, an IT suite, games and activities hall and music studio. Young people can come to the club to relax and mix as well as participate in projects around fitness, art and learning.","TO HELP AND EDUCATE BOYS THROUGH THEIR LEISURE-TIME ACTIVITIES SO TO DEVELOP THEIR PHYSICAL, MENTAL AND SPIRITUAL CAPACITIES THAT THEY MAY GROW TO FULL MATURITY AS INDIVIDUALS AND MEMBERS OF SOCIETY AND THAT THEIR CONDITIONS OF LIFE MAY BE IMPROVED.",False,Small,Dormant,Recreation
74,303251,POPLAR BLACKWALL & DISTRICT ROWING CLUB,"The Boathouse, Ferry Street, LONDON",E14 3DT,Poplar and Limehouse,020 7538 9869,pbdrc@plus.com,www.pbdrc.co.uk,31/12/2024,129466.0,112906.0,Other,"Provides Buildings/facilities/open Space, Provides Services","Education/training, The Advancement Of Health Or Saving Of Lives, Amateur Sport, Recreation","Children/young People, The General Public/mankind","Teaching juniors and adults to row with the aim of increasing their fitness and taking part in competition. The club is nationally competitive in junior, senior and veteran classifications both male and female. The club also provides for non-competitive members.The charity achieves these aims by the provision of all the necessary equipment such as boats, a gymnasium and volunteer coaches.",THE PROMOTION OF COMMUNITY PARTICIPATION IN HEALTHY RECREATION BY THE PROVISION OF FACILITIES AND COACHING FOR ROWING,True,Medium,Dormant,Recreation
75,303270,WADHAM LODGE SPORTS GROUND TRUST,"Wadham Lodge Sports Ground Trust, Wadham Lodge Sports Ground, Kitchener Road, Walthamstow, London",E17 4LL,Walthamstow,07932105134,lawrence@jameswhite.co.uk,Not available,30/04/2025,42144.0,27247.0,Other,"Makes Grants To Organisations, Provides Buildings/facilities/open Space","Education/training, Amateur Sport, Recreation","Children/young People, Elderly/old People, People Of A Particular Ethnic Or Racial Origin, The General Public/mankind","The charity provides football and indoor recreational facilities for residents within 20 miles of Waltham Forest Town Hall.  
The Charity also provides grants to support football training and other learning facilities for local young people from the borough of Redbridge",RECREATION GROUND.,False,Small,Dormant,Recreation
76,306025,THE DOCKLAND SETTLEMENTS,"The Dockland Settlements, 98 Gibbins Road, LONDON",E15 2HU,Stratford and Bow,02085344121,info@docklandsettlements.org.uk,www.docklandsettlements.org.uk,31/03/2025,1014990.0,1018374.0,Charitable company,"Provides Human Resources, Provides Buildings/facilities/open Space, Provides Services, Provides Advocacy/advice/information","General Charitable Purposes, Education/training, Disability, The Prevention Or Relief Of Poverty, Arts/culture/heritage/science, Amateur Sport, Economic/community Development/employment, Recreation","Children/young People, Elderly/old People, People With Disabilities, People Of A Particular Ethnic Or Racial Origin, Other Charities Or Voluntary Bodies, The General Public/mankind","To establish, administer and carry on community centres in london and elsewhere in the UK. Those centres are to provide facilities for recreation and all types of physical, mental, moral, educational and cultural training in order to improve the lives of the neighbourhood's residents.","TO ESTABLISH AND ADMINISTER, SETTLEMENTS, CLUBS OR HOSTELS AND DEVELOP AND ORGANIZE SOCIAL SERVICE AND PROVIDE FACILITIES FOR RECREATION, PHYSICAL, MENTAL MORAL AND CULTURAL TRAINING.",False,Large,Dormant,Recreation
77,307908,SAMUEL BUTLER'S EDUCATIONAL FOUNDATION,"37 KENILWORTH ROAD, BOW, LONDON",E3 5RH,Stratford and Bow,02089816612,admin@samuelbutler.org,www.samuelbutler.org,31/03/2025,21756.0,28244.0,Other,Makes Grants To Organisations,Education/training,Children/young People,"The promotion of education of young persons, in need of financial assistance, who are or have been for not less than two years resident or at a county or voluntary school in the area of benefit, being parishes covering mostly Tower Hamlets.","IN AWARDING TO BENEFICIARIES, EXHIBITIONS, SCHOLARSHIPS, BURSARIES OR MAINTENANCE ALLOWANCES, TENABLE AT ANY SCHOOL, UNIVERSITY, OR OTHER PLACE OF LEARNING APPROVED BY THE TRUSTEES. IN AWARDING SCHOLARSHIPS OR MAINTENANCE ALLOWANCES TO ENABLE BENEFICIARIES WHO ARE RESIDENT IN THE PARISHES OF CHRISTCHURCH WITH ALL SAINTS, SPITALFIELDS. ST.ANN, LIMEHOUSE. ST.DUNSTAN AND ALL SAINTS, STEPNEY. ST.AUGUSTINE WITH ST.PHILLIP, STEPNEY. ST.GEORGE IN THE EAST WITH CHRISTCHURCH AND ST.JOHN. ST.LEONARD, SHOREDITCH. ST.MATTHEW, BETHNAL GREEN. ST.PAUL, COVENT GARDEN. ST.PAUL WITH ST.MARK, WHITECHAPEL. ST.PAUL, SHADWELL WITH ST.JAMES, RATCLIFFE. ST.PETER, LONDON DOCKS WITH ST.JOHN OF WAPPING. ST.BOTOLPH WITHOUT ALDGATE AND HOLY TRINITIES, MINORIES. ST.BOTOLPH WITHOUT BISHOPSGATE AND THE UNITED PARISH OF SANDWICH IN THE COUNTY OF KENT TO TRAVEL ABROAD TO PURSUE THEIR EDUCATION.",True,Small,Dormant,Education/training
78,312296,GREENCOAT AND OTHER BETHNAL GREEN EDUCATIONAL CHARITIES,"37 KENILWORTH ROAD, LONDON",E3 5RH,Stratford and Bow,02089816612,Not available,Not available,31/10/2024,4096.0,4211.0,Other,Makes Grants To Organisations,Education/training,Children/young People,To provide financial support to schools in Bethnal Green,SEE INDIVIDUAL CONSTITUENTS,True,Micro,Dormant,Education/training
79,312314,WILLIAM DAVIS'S EDUCATIONAL FOUNDATION,"Coglan House, Old Monmouth Road, LONGHOPE, Gloucestershire",GL17 0NZ,Forest of Dean,01452830245,Not available,www.wdef.org.uk,31/12/2024,38878.0,44287.0,Other,Makes Grants To Organisations,Religious Activities,Other Defined Groups,Support for extra-curricular activities in schools in the benefit area.,"(A) A SUNDAY SCHOOL, OR CLASSES FOR RELIGIOUS INSTRUCTION IN ACCORDANCE WITH THE DOCTRINES OF THE CHURCH OF ENGLAND; (B) EVENING OR OTHER CLASSES FOR INSTRUCTION IN SECULAR SUBJECTS, OR LECTURES OF AN EDUCATIONAL CHARACTER; (C) PHYSICAL INSTRUCTION; (D) THE ADVANCEMENT OF EDUCATION BY MEANS OF A LIBRARY OR READING ROOM; (E) OTHERWISE PROMOTING THE EDUCATION OF CHILDREN; CANDIDATES FOR THE BENEFITS MENTIONED ABOVE TO BE POOR CHILDREN RESIDENT IN THE BENEFICIAL AREA.",False,Small,Dormant,Religious Activities
80,312340,THE RATCLIFF EDUCATIONAL FOUNDATION,"LAYER MARNEY TOWER, COLCHESTER, ESSEX",CO5 9US,Witham,01206330784,Not available,Not available,31/12/2024,60259.0,63121.0,Other,Makes Grants To Organisations,Education/training,"Children/young People, People With Disabilities",The primary purpose of the Ratcliff Educational Foundation is to support the school currently known as Stepney Greencoat C.E. Primary School.  The Charity also aids other educational charities such as the Tower Project - an organisation based in Tower Hamlets that empowers disabled people.  If resources allow the Charity also supports other educational acitivities in Tower Hamlets.,THE APPRENTICING OF TWO BOYS TO SOME TRADE OR CALLING OR AS PUPIL TEACHERS,False,Small,Dormant,Education/training
81,312343,RICHARD GREEN'S ST.  MATTHIAS BEQUEST,"St. Michael's Vicarage, 164 St. Leonards Road, Poplar, LONDON",E14 6PW,Poplar and Limehouse,02079878625,allsaints.poplar@tiscali.co.uk,http://www.parishofpoplar.com/,31/12/2024,4369.0,0.0,Other,"Makes Grants To Individuals, Makes Grants To Organisations","General Charitable Purposes, Education/training, Religious Activities",Other Defined Groups,"Gives small grants and loansfor educational purposes and/or training to individuals in financial need, resident in or studying in the area of Poplar and also to educational or training organisations working within Poplar. In addition to make grants or loans to individuals or organisations for religious education according to the principles of the Church of England within Poplar.","TO MAKE GRANT AND LOANS FOR EDUCATIONAL PURPOSES AND/OR TRAINING TO INDIVIDUALS IN FINANCIAL NEED, RESIDENT IN OR STUDYING IN THE AREA OF POPLAR AND ALSO TO EDUCATIONAL OR TRAINING ORGANISATIONS WORKING WITHIN POPLAR. IN ADDITION TO MAKE GRANTS OR LOANS TO INDIVIDUALS OR ORGANISATIONS FOR RELIGIOUS EDUCATION ACCORDING TO THE PRINCIPLES OF THE CHURCH OF ENGLAND WITHIN THE BOUNDARIES OF THE PARISH OF POPLAR",True,Micro,Dormant,Religious Activities
82,312358,THE EDUCATIONAL CHARITY,"ST. PAULS CHURCH, THE HIGHWAY, LONDON",E1W 3DH,Poplar and Limehouse,02076802772,phil.williams@sps.church,Not available,31/03/2025,0.0,12775.0,Other,"Makes Grants To Individuals, Makes Grants To Organisations",Education/training,"Children/young People, Elderly/old People, People With Disabilities, Other Charities Or Voluntary Bodies, Other Defined Groups, The General Public/mankind",The payment of bursaries to appropriate recipients.,"THE EDUCATIONAL BENEFIT OF STUDENTS AND OTHER YOUNG PEOPLE RESIDENT IN THE PARISH OF SHADWELL AND IN NEIGHBOURING AREAS. THIS INCLUDES VARIOUS YOUTH AND CHILDREN'S WORK, TEACHING ENGLISH CLASSES LOCALLY AS WELL AS OTHER RECIPIENTS IN TRAINING, OR INDIVIDUALS OR ORGANIZATIONS INVOLVED WITH THE WORK OF TRAINING OTHERS, IN ACCORDANCE WITH THE RULES MADE FROM TIME TO TIME BY THE TRUSTEES.",True,,Dormant,Education/training
83,312500,THE ALDGATE AND ALLHALLOWS FOUNDATION,"CHIEF EXECUTIVE, 31 JEWRY STREET, LONDON",EC3N 2EY,Cities of London and Westminster,02074882489,aldgateandallhallows@portaltrust.org,www.aldgateallhallows.org.uk,31/12/2024,297318.0,340610.0,Other,"Makes Grants To Individuals, Makes Grants To Organisations",Education/training,"Children/young People, Other Charities Or Voluntary Bodies",The Foundation awards grants to individuals and organisations to meet the cost of education that is not the statutory responsibility of either central or local Government. Beneficaries must be permanent residents of either the City of London or the London Borough of Tower Hamlets. Priority is given to those from disadvantaged backgrounds.,"A)IN AWARDING TO BENEFICIARIES EXHIBITIONS, SCHOLARSHIPS, BURSARIES OR MAINTENANCE ALLOWANCES TENABLE AT ANY SCHOOL, COLLEGE OF EDUCATION, UNIVERSITY , OR OTHER PLACE OF LEARNING APPROVED BY THE GOVERNORS; B) IN PROVIDING FINANCIAL ASSISTANCE, OUTFITS ,CLOTHING, TOOLS, INSTRUMENTS OR BOOKS TO ENABLE BENEFICIARIES ON LEAVING SCHOOL, A UNIVERSITY OR ANY OTHER EDUCATIONAL ESTABLISHMENT TO PREPARE FOR, OR TO ASSIST THEIR ENTRY INTO, A PROFESSION, TRADE OR CALLING;C) IN AWARDING SCHOLARSHIPS OR MAINTENANCE ALLOWANCES TO ENABLE BENEFICIARIES TO TRAVEL ABROAD TO PURSUE THEIR EDUCATION; D) IN PROVIDING FINANCIAL ASSISTANCE TO ENABLE BENEFICIARIES TO STUDY MUSIC OR OTHER ARTS; AND E) IN OTHERWISE PROMOTING THE EDUCATION OF BENEFICIARIES.",False,Medium,Dormant,Education/training
84,312572,TOWER HAMLETS PRIMARY SCHOOLS SPORTS ASSOCIATION,"CUBITT TOWN J M SCHOOL, MANCHESTER ROAD, LONDON",,,02079874362,pauljanko@hotmail.com,Not available,31/08/2013,12707.0,8750.0,Other,Acts As An Umbrella Or Resource Body,Amateur Sport,Children/young People,Organising inter school sports competitions and district teams,"THE ENCOURAGEMENT OF TRAINING IN ATHLETICS, BASKETBALL, BOXING, CRICKET, FOOTBALL, HOCKEY, NETBALL, ROUNDERS, SWIMMING AND TENNIS IN AFFILIATED SCHOOLS AND THE ORGANISATION OF COMPETITIONS IN THESE SPORTS HELD OUTSIDE SCHOOL HOURS.",False,Small,Dormant,Amateur Sport
85,312691,GEORGE GREEN'S SCHOOL TRUST FUND,"38 ELMS AVENUE, LONDON",N10 2JP,Hornsey and Friern Barnet,07495875854,LesChapman1@aol.com,https://www.georgegreens.com/GGS-Trust-Fund/,31/03/2025,213943.0,206198.0,Other,"Makes Grants To Individuals, Makes Grants To Organisations, Provides Buildings/facilities/open Space, Provides Advocacy/advice/information, Acts As An Umbrella Or Resource Body","Education/training, Disability, Amateur Sport","Children/young People, People With Disabilities","To provide items, services and facilities to George Green's School on the Isle of Dogs, London E14, including grants for such as, games, music, prizes, educational visits and to students going to university, also to act in respect of the trust's land and buildings.",A DAY SCHOOL FOR BOYS AND GIRLS.,False,Medium,Dormant,Disability
86,312695,THE CENTRAL FOUNDATION SCHOOLS OF LONDON,"CENTRAL FOUNDATION BOYS SCHOOL, COWPER STREET, LONDON",EC2A 4SH,Islington South and Finsbury,02070173022,Not available,https://www.centralfoundation.co.uk/,31/03/2025,1740000.0,3666000.0,Other,"Makes Grants To Individuals, Provides Buildings/facilities/open Space",Education/training,Children/young People,"The provision and maintenance of a day school for girls and a day school for boys in London.Providing special benefits for the school of an kind not normally provided by the Local Education AuthorityAwarding exhibitions, bursaries or maintenance allowances tenable at any approved place of higher education.In otherwise promoting the education (incl social & physical training) of beneficiaries","1.  TO ADVANCE EDUCATION (INCLUDING THE SOCIAL AND PHYSICAL EDUCATION) OF THE BENEFICIARIES THROUGH:
A.  THE PROVISION OF ITEMS, SERVICES & FACILITIES FOR THE SCHOOLS; AND
B.  FURTHERING THE EDUCATION OF BENEFICIARIES ATTENDING THE SCHOOLS BY THE AWARD OF PRIZES (OR OTHER SUITABLE REWARD); AND
C.  GIVING GRANTS, BURSARIES OR OTHER PAYMENTS TO BENEFICIARIES WHO ARE IN FINANCIAL NEED:
(I) TO ENABLE THEM TO CONTINUE THEIR EDUCATION IN ANY MANNER APPROVED BY THE TRUSTEES (INCLUDING THE ATTENDANCE AT ANY SCHOOL, COLLEGE, UNIVERSITY OR OTHER PLACE OF LEARNING); AND
(II) IN PROVIDING FINANCIAL OR OTHER ASSISTANCE TO THEM TO ASSIST THEIR ENTRY INTO A PROFESSION, TRADE OR CALLING OR TO ENABLE THEM TO TRAVEL ABROAD TO PURSUE THEIR EDUCATION.",False,Large,Dormant,Education/training
87,312698,THE WHITECHAPEL EDUCATIONAL FOUNDATION,"Davenant Foundation School, Chester Road, Loughton",IG10 2LD,Epping Forest,02085080404,Reception@davenant.org,Not available,31/03/2025,107455.0,153455.0,Other,"Makes Grants To Individuals, Makes Grants To Organisations",Education/training,Children/young People,"The Charity's principal activity is to provide financial support for the Academy Trust of Davenant Foundation School, situated in Loughton, Essex.The Charity is also able to provide small grants to students who reside in the London Borough of Tower Hamlets.","1) MAINTAING THE DAVENANT FOUNDATION GRAMMAR SCHOOL FOR BOYS AND PROVIDING BENEFITS FOR THE SCHOOL NOT NORMALLY PROVIDED BY THE LOCAL EDUCATION AUTHORITY. TO AWARD EXHIBITIONS AND BURSARIES AND TO PROMOTE EDUCATION                                    2) TO PAY A YEARLY SUM TO MEGG'S ALMSHOUS CHARITY 3) APPROPRIAT A YEARLY SUM TO THE DAVENANT FUND FOR THE BENEFIT OF YOUNG PERSONS UNDER 25 YEARS RESIDENT IN THE METROPOLITAN BOROUGH OF STEPNEY WITH A PREFERENCE FOR THOSE IN THE ANCIENT PARISH OF ST MARYS, WHITECHAPEL. IN NEED OF FINANCIAL ASSISTANCE.                  4) A YEARLY SUM TO THE LONDON DIOCESAN BOARD FOR EDUCATION.",False,Medium,Dormant,Education/training
88,312706,RAINE'S SCHOOL FOUNDATION,"32 Roffeys Close, Copthorne, CRAWLEY, West Sussex",RH10 3QY,East Grinstead and Uckfield,01892601380,trustee@rainesschoolfoundation.com,www.rainesschoolfoundation.com,31/03/2025,241954.0,338386.0,Other,"Makes Grants To Individuals, Makes Grants To Organisations",Education/training,Children/young People,"The principal object of the Charity is to provide financial assistance to pupils and former pupils of Raine's Foundation School, who in the opinion of the Trustees, would benefit by enabling them to continue with their education.","1. MAINTAINING A DAY SCHOOL FOR BOYS AND GIRLS. 2. AWARDING SCHOLARSHIPS, BURSARIES OR MAINTENACE ALLOWANCES OR PROVIDING OTHER FINACIAL ASSISTANCE FOR PERSONS BELOW THE AGE OF 25 YEARS WHO AE, OR HAVE FOR NOT AT THE FORMER SCHOOLS OF THE FOUNDATION, 3. PROVIDING SPECIAL BENEFITS FOR THE SCHOOL AND FACILITIES FOR RECREATION AND SOCIAL AND PHYSICAL TRAINING.4. OTHERWISE PROMOTING THE EDUCATION OF BENEFICIARIES.",False,Medium,Dormant,Education/training
89,800959,WOODCHURCH MUSEUM TRUST,"Woodchurch Village Life Museum, Susans Hill, Woodchurch",TN26 3RE,Weald of Kent,01233860586,enquiries@woodchurchheritagetrust.uk,https://woodchurchheritagetrust.uk/,31/12/2024,0.0,0.0,Trust,"Provides Buildings/facilities/open Space, Provides Services, Provides Advocacy/advice/information, Sponsors Or Undertakes Research","Education/training, Arts/culture/heritage/science, Environment/conservation/heritage","Children/young People, Other Charities Or Voluntary Bodies, The General Public/mankind","** Has now been superseded by Woodchurch Heritage CIO Trust Charity# 1193824 ** The trust operates a museum and study centre covering the social history of the parish of Woodchurch and its immediate environment, from the earliest times to the present. It also offers outreach services to schools and other organisations.","(A) TO PROVIDE FOR THE ADVANCEMENT OF PUBLIC EDUCATION BY THE PROVISION OF THE MUSEUM COMPRISING THE EXISTING COLLECT TOGETHER WITH SUCH OTHER EXHIBITS OR ITEMS AS MAY FROM TIME TO TIME BE COMPRISED IN THE TRUST FUND AND TO PRESERVE THE SAME AS A COLLECTION. (B) TO FORM, ESTABLISH AND SUPPORT OF ANY OTHER CHARITABLE COMPANIES INSTITUTIONS ASSOCIATIONS TRUSTS OR SOCIETIES FORMED FOR OBJECTS SIMILAR TO THE OBJECTS SET OUT ABOVE.",False,,Dormant,Environment/conservation/heritage
90,801049,DOCKLANDS SAILING CENTRE TRUST,"Docklands Sailing &amp; Watersports Cen, 235a Westferry Road, London",E14 3QS,Poplar and Limehouse,02075372626,info@dswc.org,www.dswc.org,30/09/2024,1274399.0,1211749.0,Charitable company,"Provides Human Resources, Provides Buildings/facilities/open Space, Acts As An Umbrella Or Resource Body","Education/training, Amateur Sport","Children/young People, People With Disabilities, The General Public/mankind",Providing or assisting in the provision of facilities for water related activities for the public benefit in the interest of social welfare,"TO PROVIDE OR ASSIST IN THE PROVISION OF FACILITIES FOR ANY WATER RELATED RECREATION ACTIVITIES AT THE DOCKLANDS SAILING CENTRE, MILLWALL DOCK AND ELSEWHERE IN THE UNITED KINGDOM FOR THE PUBLIC BENEFIT IN THE INTERESTS OF SOCIAL WELFARE WITH THE OBJECT OF IMPROVING THE CONDITIONS OF LIFE OF PERSONS OF ALL AGES LIVING IN LONDON WHO HAVE NEED OF SUCH FACILITIES.",True,Large,Dormant,Amateur Sport
91,801587,THE ST PAUL'S ARTS TRUST,"The Space, 269 Westferry Road, LONDON",E14 3RS,Poplar and Limehouse,020 7515 7799,andy@SPACE.ORG.UK,www.space.org.uk,31/03/2025,120482.0,120442.0,Trust,"Provides Buildings/facilities/open Space, Provides Services",Arts/culture/heritage/science,The General Public/mankind,Provision of arts and community activities for people in Tower Hamlets and beyond.,(A) TO ESTABLISH A COMMUNITY CENTRE FOR THE BENEFIT OF THE INHABITANTS OF THE ISLE OF DOGS AND ITS NEIGHOURHOOD WITHOUT DISTINCTION OF SEX OR POLITICAL OR RELIGIOUS OR OTHER OPINIONS FOR THE ADVANCEMENT OF EDUCATION AND THE PROVISION OF FACILITIES IN THE INTERESTS OF SOCIAL WELFARE FOR RECREATION AND LEISURE TIME OCCUPATION WITH THE OBJECT OF IMPROVING THE CONDITIONS OF LIFE FOR THE SAID INHABITANTS. (B) TO PROMOTE AND ENCOURAGE AMONG THE SAID INHABITANTS TO MUSICAL VISUAL DRAMTIC AND CINEMATIC ARTS.,True,Medium,Dormant,Arts/culture/heritage/science
92,801774,GREEN CANDLE DANCE COMPANY LIMITED,"OXFORD HOUSE, DERBYSHIRE STREET, LONDON",E2 6HG,Bethnal Green and Stepney,02077397722,info@greencandledance.com,www.greencandledance.com,31/03/2023,48002.0,48095.0,Charitable company,Provides Services,"Education/training, Arts/culture/heritage/science","Children/young People, Elderly/old People, People With Disabilities, The General Public/mankind","The principal object of the Company continues to be to bring dance as performance and as practice to all sections of the community, particularly to those with least access to it; to promote, maintain and advance education and to actively promote the social inclusion of people commonly excluded from full social inclusion by involving people in dance and the encouragement of the art of dance.","TO PROMOTE, MAINTAIN, IMPROVE AND ADVANCE EDUCATION PARTICULARLY BY INVOLVING PEOPLE IN DANCE AND THE ENCOURAGEMENT OF THE ART OF DANCE AND TO FORMULATE, PREPARE AND ESTABLISH SCHEMES THEREFORE PROVIDED THAT ALL OBJECTS OF THE COMPANY SHALL BE OF A CHARITABLE NATURE.",True,Small,Dormant,Arts/culture/heritage/science
93,802051,STEPNEY HISTORICAL TRUST,"204, SHIPWRIGHT HOUSE, 14 BOULCOTT STREET, LONDON",E1 0HR,Bethnal Green and Stepney,02077904542,stepneyhistoricaltrust@yahoo.co.uk,Not available,31/03/2024,333.0,162.0,Other,Provides Advocacy/advice/information,Education/training,"Children/young People, Elderly/old People, People With Disabilities, People Of A Particular Ethnic Or Racial Origin, The General Public/mankind","Current classifications education /training 102201 Children/young people202 Elderly/ Old people204 People of particular ethnic or racilal origins207 General public/ Mankind307 Provides advocacy/advice/ information.",TO ADVANCE PUBLIC EDUCATION IN THE HISTORY OF STEPNEY AND SURROUNDING AREA.,True,Micro,Dormant,Education/training
94,802168,HACKNEY SPARROWS WHEELCHAIR BASKETBALL CLUB,"18 BURGHLEY ROAD, LONDON",N8 0QE,Southgate and Wood Green,020888977722,hackneysparrowswbc@hotmail.com,https://www.sparrowswbc.com/,31/03/2025,7822.0,7325.0,Other,Provides Services,"Education/training, Disability, Amateur Sport",People With Disabilities,"As a self help disability group, we aim to bring disabled youth and adults of most excluded communities out of isolation and offer them a new healthy and competitive lifestyle providing training on wheelchairs and advising how to join competitive levels ie wheelchair Basketball League. We are based in Hackney and cover mostly East, North and Central London, but welcome everyone from anywhere else.",ARE THE RELIEF OF DISABLED PERSONS BY ENCOURAGING AND PROMOTING ACTIVE SPORTS OR LEISURE-TIME ACTIVITIES AMONG SUCH PERSONS SUITABLE TO THEIR INDIVIDUAL CAPABILITIES AND INCLUDING THE PROVISION OF FACILITIES IN ORDER THAT THEIR CONDITIONS OF LIFE MAY BE IMPROVED.,False,Micro,Dormant,Disability
95,802227,BRIDGE 86 LIMITED,"Deepdene House, 30 Bellegrove Road, Welling",DA16 3PY,Old Bexley and Sidcup,02082989677,info@bridgesupport.org,www.bridgesupport.org,31/03/2025,11075513.0,11070662.0,Charitable company,"Provides Human Resources, Provides Buildings/facilities/open Space, Provides Services, Provides Advocacy/advice/information, Other Charitable Activities","General Charitable Purposes, Education/training, The Advancement Of Health Or Saving Of Lives, Disability, Accommodation/housing, Economic/community Development/employment, Other Charitable Purposes",People With Disabilities,"To give support to people with mental health problems, providing a pathway through assessment, recovery & community integration.
Based in South London, we offer a full range of services to help clients become independent, from 24 hour supported accommodation to Flexible Community & Medium support, with accommodation where required, to Respite & Recovery services, and to the Recovery College.",TO PROVIDE CARE AND TREATMENT FOR PEOPLE WITH MENTAL HEALTH PROBLEMS TO ENABLE THEM TO MOVE TOWARDS LEADING INDEPENDENT LIVES AND IN PARTICULAR TO PROVIDE RESIDENTIAL CARE FOR SUCH OF THEM AS SHALL BE IN NEED OF ACCOMMODATION.,False,Major,Dormant,Accommodation/housing
96,802597,STEP FORWARD (TOWER HAMLETS),"STEP FORWARD, 234 BETHNAL GREEN ROAD, LONDON",E2 0AA,Bethnal Green and Stepney,07958614360,info@step-forward.org,www.step-forward.org,31/03/2024,428076.0,533599.0,Charitable company,"Provides Buildings/facilities/open Space, Provides Services, Provides Advocacy/advice/information","General Charitable Purposes, Education/training, The Advancement Of Health Or Saving Of Lives, The Prevention Or Relief Of Poverty",Children/young People,"We aim to improve the quality of the lives of children and young people aged 11-25  who are affected by poverty and disadvantage to support them to make realistic and long-term changes. We provide an innovative range of services to young people from all communities including free, independent and confidential information, counselling and personal development activities.","(I) TO PROMOTE THE RELIEF OF SUFFERING CAUSED BY MENTAL OR PHYSICAL ILL HEALTH, OR BY SOCIAL OR ECONOMIC CIRCUMSTANCES AMONG YOUNG PEOPLE IN TOWER HAMLETS AND THE SURROUNDING AREA, BY ESTABLISHING, MAINTAINING AND DEVELOPING A MULTI-CULTURAL COUNSELLING SERVICE IN TOWER HAMLETS FOR THE GIVING OF INDIVIDUAL OR GROUP INFORMATION, ADVICE AND COUNSELLING TO ALL YOUNG PEOPLE REGARDLESS OF SEX, DISABILITY, ETHNIC ORIGIN, SEXUAL ORIENTATION OR RELIGIOUS OR POLITICAL AFFILIATION. (II) TO OPEN AND MAINTAIN A CENTRE OR CENTRES WHERE YOUNG PEOPLE ARE WELCOME TO CALL IN OR TELEPHONE.",True,Medium,Dormant,The Advancement Of Health Or Saving Of Lives
97,802661,HORWOOD ESTATE BANGLA SCHOOL,"Flat 65, Newcourt House, Pott Street, London",E2 0EG,Bethnal Green and Stepney,02077293940,hebs1986@gmail.com,www.hebs.info,31/03/2017,800.0,2964.0,Other,Provides Advocacy/advice/information,"Education/training, Arts/culture/heritage/science, Amateur Sport, Economic/community Development/employment","Children/young People, Elderly/old People, People With Disabilities, People Of A Particular Ethnic Or Racial Origin","Provide mother tongue Bengali & supplimentary classes for young Bangladeshi children. Organise summer play scheme & cultural activities. Organise training, workshops, seminar, conference for staff, volunteers, youths & parents. Provide health class, day trips, luncheon club, advocacy service for elderly Bangladeshi people.","THE ADVANCEMENT OF THE EDUCATION OF THE BANGLADESHI CHILDREN LIVING AT HEREFORD, HORWOOD, HOLLYBUSH, TEESDALE AND ST PETERS ESTATES OF BETHNAL GREEN, LONDON BOROUGH OF TOWER HAMLETS.",True,Micro,Dormant,Amateur Sport
98,802955,THE CEDAR CENTRE,"CEDAR CENTRE, THE CEDAR CENTRE, 17 Arden Crescent, LONDON",E14 9WA,Poplar and Limehouse,02077909085,info@towerproject.org.uk,Not available,31/03/2025,1226.0,3812.0,Charitable company,"Provides Services, Provides Advocacy/advice/information, Other Charitable Activities","General Charitable Purposes, Education/training, Disability, Economic/community Development/employment","Children/young People, People With Disabilities",The provision of charitable services for the inhabitants of east London.,"3.	The objects of the Centre are:
(a)	To promote the benefit of the inhabitants of East London (hereinafter called ""the Area ""), without distinction of sex, sexual orientation, race or of political, religious or other opinions, by associating together the said inhabitants and the local authorities, voluntary and other organisations in a common effort to advance education and training and to provide facilities in the interests of social welfare for recreation and leisure-time occupation with the object of improving the conditions of life for the said inhabitants.
(b)	To establish or to secure the establishment of a Neighbourhood Centre and to maintain and manage or to co-operate with any local statutory authority in the maintenance and management of such a centre for activities promoted by the Centre and its constituent bodies in furtherance of the above objects.",True,Micro,Dormant,Disability
99,802989,HAMLETS SUPPLEMENTARY LEARNING (HSL),,,,Not available,Not available,Not available,,,,Other,,,,,"TO ADVANCE THE EDUCATION OF YOUNG PEOPLE UNDER 21 IN THE LONDON BOROUGH OF TOWER HAMLETS AND ELSEWHERE IN THE UK AND THE PROVISION IN THE INTEREST OF SOCIAL WELFARE OF FACILITIES FOR RECREATION AND OTHER LEISURE TIME OCCUPATIONS, TO DEVELOP SUCH PERSONS PHYSICAL, MENTAL AND MORAL CAPACITIES THAT THEIR CONDITIONS OF LIFE MAY BE IMPROVED.",False,,Dormant,Unknown
100,803640,THE ISLE OF DOGS BANGLADESHI ASSOCIATION AND CULTURAL CENTRE,"LONDON BOROUGH OF TOWER HAMLETS, CUBITT TOWN LIBRARY, STRATTONDALE STREET, LONDON",E14 3HG,Poplar and Limehouse,02075361650,IODBANGLADESHI@AOL.COM,www.iodbangladeshi.org.uk,31/03/2025,45525.0,30503.0,Other,Provides Advocacy/advice/information,"General Charitable Purposes, Education/training, The Prevention Or Relief Of Poverty, Arts/culture/heritage/science, Economic/community Development/employment","Children/young People, Elderly/old People, People With Disabilities, People Of A Particular Ethnic Or Racial Origin","The organisation HELP and SUPPORT the local mincreasing Bangladeshi community (over 200 families) by way of Advice, Information and various Activities such as:Advice Session (4 days a week Tuesday, Wednesday, Friday and Saturday);Openday Session for local Pensioners;Mother Tongue School (5 afternoons a week 5pm-7pm);Women's Group and Youth Group.We run the activities on part time basis.","1. TO RELIEVE POVERTY BY THE PROVISION OF ADVICE AND COUNSELLING. 2. TO ADVANCE EDUCATION IN THE LANGUAGE, HISTORY AND CULTURE OF BANGLADESH. 3. TO ADVANCE EDUCATION AMONGST THE INHABITANTS OF TOWER HAMLETS IN PARTICULAR AMONG BANGLADESHI PEOPLE BY THE PROVISION OF TRAINING TO ENABLE SUCH PERSONS TO OBTAIN EMPLOYMENT. 4. TO PROVIDE OR ASSIST IN THE PROVISION OF FACILITIES FOR THE RECREATION OF OTHER LEISURE TIME OCCUPATION FOR THE INHABITANTS OF TOWER HAMLETS IN THE INTERESTS OF SOCIAL WELFARE WITH THE OBJECT OF IMPROVING THEIR CONDITIONS OF LIFE. 5. TO RELIEVE PERSONS SUFFERING FROM NEED, HARDSHIP AND DISTRESS IN PARTICULAR THOSE RESIDENT IN BANGLADESH AND ETHIOPIA.",True,Small,Dormant,Arts/culture/heritage/science
101,1000041,15BILLIONEBP,"Unit 220, Mirror Works, 12 Marshgate Lane, LONDON",E15 2NH,Stratford and Bow,020 8536 3630,info@15billionebp.org,www.15billionebp.org,31/08/2024,1680000.0,1659000.0,Charitable company,"Provides Human Resources, Provides Services",Education/training,Children/young People,"To advance for the public benefit the education and training of children and young people with particular reference to equipping them for employment and facilitating their obtaining work in industry, commerce and the professions.",TO ADVANCE FOR THE PUBLIC BENEFIT THE EDUCATION AND TRAINING OF CHILDREN AND YOUNG PERSONS WITHIN THE LONDON BOROUGH OF NEWHAM WITH PARTICULAR REFERENCE TO EQUIPPING THEM FOR EMPLOYMENT AND FACILITATING THEIR OBTAINING WORK IN INDUSTRY COMMERCE AND THE PROFESSIONS.,False,Large,Dormant,Education/training
102,1000953,BARTS RADIO,"51 Hamilton Drive, Harold Wood, ROMFORD",RM3 0UX,Hornchurch and Upminster,07962030625,ian@bartsradio.london,www.bartsradio.london,31/12/2024,52.0,1181.0,Other,"Provides Human Resources, Provides Services",The Advancement Of Health Or Saving Of Lives,The General Public/mankind,"Hospital Radio station for the patients of St Bartholomews Hospital, and all others of the Barts Health Trust","TO RELIEVE THE EFFECTS OF SICKNESS, INFIRMITY AND OLD AGE BY PROVIDING A LOCAL BROADCASTING SERVICE FOR HOSPITALS, OLD PERSON'S HOMES AND SIMILAR INSTITUTIONS LOCATED WITHIN THE GEOGRAPHICAL AREA ADMINISTERED BY THE EAST LONDON AND CITY HEALTH AUTHORITY",False,Micro,Dormant,The Advancement Of Health Or Saving Of Lives
103,1001582,POSITIVE EAST,"THE STEPNEY CENTRE, 159 MILE END ROAD, LONDON",E1 4AQ,Bethnal Green and Stepney,02077919307,talktome@positiveeast.org.uk,www.positiveeast.org.uk,31/03/2025,1930134.0,1882051.0,Charitable company,"Provides Services, Provides Advocacy/advice/information, Sponsors Or Undertakes Research","Education/training, The Advancement Of Health Or Saving Of Lives, Disability, The Prevention Or Relief Of Poverty, Economic/community Development/employment, Human Rights/religious Or Racial Harmony/equality Or Diversity","People With Disabilities, People Of A Particular Ethnic Or Racial Origin","A HOLISTIC RANGE OF SERVICES THAT ENABLES PEOPLE LIVING WITH HIV TO PROMOTE THEIR HEALTH AND WELLBEING, SUPPORT SELF MANAGEMENT AND REGAIN THEIR INDEPENDENCE. THIS IS DONE THROUGH ADVICE, SUPPORT GROUPS AND TRAINING. ADDITIONALLY WE RUN PREVENTION PROGRAMMES TO PROMOTE TESTING AND SAFER SEX PRACTICES TO REDUCE ONWARD INFECTION. THIS IS DONE FROM OUR BASE IN EAST LONDON.","3.1	THE PROMOTION OF THE BETTER HEALTH AND WELLBEING OF PEOPLE LIVING WITH AND AFFECTED BY HIV AND COMMUNITIES AFFECTED BY HIV.  THE PROMOTION AND PREVENTION OF HIV TRANSMISSION AND SEXUAL HEALTH PROMOTION TO THE PUBLIC.  BOTH THESE OBJECTS ARE TO BE ACHIEVED THROUGH THE PROVISION OF HIV AND SEXUAL HEALTH PROGRAMMES AND MATERIALS, CARE AND SUPPORT SERVICES, CLINICAL SERVICES, ADVICE, INFORMATION AND ADVOCACY.
3.2	THE RELIEF OF POVERTY OF ANY PERSON SUFFERING FROM ANY INFECTION, DISEASE OR CONDITION UNDER ARTICLE 3.1 OR THEIR FAMILIES, PARTNERS OR DEPENDENTS.
3.3	TO ADVANCE PUBLIC EDUCATION AND TO PROTECT AND PRESERVE THE HEALTH OF THE PUBLIC INCLUDING BY THE PROVISION OF COUNSELLING AND SUPPORT AND BY CONDUCTING RESEARCH INTO AIDS, HIV, SEXUAL HEALTH AND OTHER ILLNESSES OR CONDITIONS AND DISSEMINATING THE USEFUL RESULTS OF SUCH RESEARCH.
3.4	THE SUPPORT OF CHARITABLE INSTITUTIONS ESTABLISHED WITH SIMILAR OBJECTS.",True,Large,Dormant,Human Rights/religious Or Racial Harmony/equality Or Diversity
104,1001827,KING GEORGE'S FIELDS STEPNEY,"UNIT 2D, WOODSTOCK STUDIOS, 36 WOODSTOCK GROVE, LONDON",W12 8LE,Hammersmith and Chiswick,02074272113,info@fieldsintrust.org,www.fieldsintrust.org,31/12/2024,7010.0,0.0,Other,Provides Buildings/facilities/open Space,Amateur Sport,The General Public/mankind,"Provision of a playing field for the benefit of the inhabitants of Stepney.Administration of a permanent endowment fund, the income from which provides for the upkeep and maintenance of specified playing fields in the London Borough of Tower Hamlets","(1)THE MAINTENANCE,EQUIPPING & IMPROVEMENT OF, OR THE PROVISION OF FACILITIES FOR, ANY PLAYING FIELD SITUATE IN THE LONDON BOROUGH OF TOWER HAMLETS & STYLED ""KING GEORGE'S FIELD"", THE ESTABLISHMENT OF WHICH HAS BEEN PROMOTED OR ASSISTED BY THE CHARITY CALLED KING GEORGE'S FIELD FOUNDATION: PROVIDED THAT PREFERENCE SHALL BE GIVEN TO SUCH PLAYING FIELDS SITUATE IN STEPNEY.(2)PROVIDING LAND IN STEPNEY OR ELSEWHERE IN THE LONDON BOROUGH OF TOWER HAMLETS TO BE SETTLED UPON TRUST FOR USE FOR THE PURPOSE OF A PLAYING FIELD IN ACCORDANCE WITH THE OBJECTS OF THE KING GEORGE'S FIELDS FOUNDATION.",False,Micro,Dormant,Amateur Sport
105,1002772,TOWER HAMLETS AND CANARY WHARF FURTHER EDUCATION TRUST,"LONDON BOROUGH OF TOWER HAMLETS, WHITECHAPEL TOWN HALL, 160 WHITECHAPEL ROAD, LONDON",E1 1BJ,Bethnal Green and Stepney,02073645221,danny.warren@towerhamlets.gov.uk,Not available,31/08/2024,186961.0,160650.0,Trust,Makes Grants To Individuals,Education/training,Other Defined Groups,Objective of the Trust Fund is the advancement of education and training for residents of the London Borough of Tower Hamlets in technical and managerial skills relevant to commerce and industry.,"THE ADVANCEMENT OF THE FURTHER OR HIGHER EDUCATION OR THE VOCATIONAL TRAINING OF PEOPLE LIVING WITHIN THE LONDON BOROUGH OF TOWER HAMLETS INCLUDING BUT WITHOUT DETRIMENT TO ANY OTHER PURPOSE FOR WHICH THE TRUST FUND COULD PROPERLY BE APPLIED UNDER THIS CLAUSE, POWER TO MAKE PAYMENTS FOR COURSE FEES AND PAYMENTS IN THE NATURE OF GRANTS TO ENABLE SUCH PERSONS TO UNDERTAKE A COURSE OF STUDY OR VOCATIONAL TRAINING.",True,Medium,Dormant,Education/training
106,1003041,WILTONS MUSIC HALL,"1 GRACES ALLEY, LONDON",E1 8JB,Bethnal Green and Stepney,020 7702 2789,Not available,www.wiltons.org.uk,30/09/2024,2138178.0,2188372.0,Charitable company,Provides Buildings/facilities/open Space,"Education/training, Arts/culture/heritage/science, Environment/conservation/heritage, Economic/community Development/employment","Children/young People, Elderly/old People, People With Disabilities, People Of A Particular Ethnic Or Racial Origin, Other Charities Or Voluntary Bodies, Other Defined Groups, The General Public/mankind",To foster musical and art education and to promote publice interest in and appreciation of music and art together with raising funds to protect the Heritage of the historical Music Hall for future generations.,"3.1 THE ADVANCEMENT OF PUBLIC EDUCATION IN THE ART OF MUSIC, DRAMA AND THE OTHER PERFORMING ARTS INCLUDING OPERA, MUSIC, DRAMA, BALLET AND ALL ART FORMS AND PARTICULARLY BY THE PROMOTION AND ENCOURAGEMENT OF INTERNATIONAL OPERA COURSES;

3.2 THE PRESERVATION FOR THE BENEFIT OF THE PEOPLE OF GREATER LONDON AND OF THE NATION, THE HISTORICAL, ARCHITECTURAL AND CONSTRUCTIONAL HERITAGE THAT MAY EXIST IN AND AROUND GREATER LONDON IN BUILDINGS (INCLUDING ANY BUILDING AS DEFINED IN SECTION 336 OF THE TOWN & COUNTRY PLANNING ACT 1990) OF PARTICULAR BEAUTY OR HISTORICAL, ARCHITECTURAL OR CONSTRUCTIONAL INTEREST AND INCLUDING THE PREMISES KNOWN AS WILTON’S GRAND MUSIC HALL;

3.3 THE PROMOTION, MAINTENANCE, IMPROVEMENT AND ADVANCEMENT OF EDUCATION INCLUDING IN THE HISTORY AND DEVELOPMENT OF THE VICTORIAN MUSIC HALL AND BY THE ENCOURAGEMENT OF THE ARTS INCLUDING THE ARTS OF DRAMA, MUSIC, SINGING, LITERATURE, SCULPTURE AND PAINTING AND DANCE; AND

3.4  TO ADVANCE SUCH OTHER CHARITABLE PURPOSES AS THE COMPANY MAY DECIDE;

AND FOR THE PURPOSES OF SUCH OBJECTS, CHARITABLE PURPOSES SHALL BE AS DEFINED IN SECTION 97(1) OF THE CHARITIES ACT 1993.",True,Large,Dormant,Environment/conservation/heritage
107,1006927,"MIND IN TOWER HAMLETS, NEWHAM AND REDBRIDGE","Mind in Tower Hamlets, Newham and Redbridge, 13 Whitethorn Street, London",,,02075101081,Bernadette.Keane@mindthnr.org.uk,https://www.mindthnr.org.uk/,31/03/2025,3012442.0,2932524.0,Charitable company,"Provides Services, Provides Advocacy/advice/information","General Charitable Purposes, Education/training, The Advancement Of Health Or Saving Of Lives, Disability","Children/young People, Elderly/old People, People With Disabilities, People Of A Particular Ethnic Or Racial Origin, The General Public/mankind","Mind in Tower Hamlets and Newham provide a range of community and in-patient services for people who are experiencing mental health and emotional issues living in the London  boroughs of Tower Hamlets and Newham.  We work with people through one to one support and group work, counselling, advice and advocacy, employment and training as well as complementary therapies.","4.	TO PROMOTE THE PRESERVATION OF MENTAL HEALTH AND TO ASSIST IN RELIEVING AND REHABILITATING PERSONS SUFFERING FROM MENTAL DISORDER OR CONDITIONS OF EMOTIONAL OR MENTAL DISTRESS, WITH DUE CONSIDERATION TO GENDER, RACE SEXUALITY, AGE, CULTURE AND DISABILITY, REQUIRING ADVICE OR TREATMENT IN THE LONDON BOROUGH OF TOWER HAMLETS, THE LONDON BOROUGH OF NEWHAM, THE LONDON BOROUGH OF REDBRIDGE AND SURROUNDING BOROUGHS (HAVERING, BARKING AND DAGENHAM), IN ASSOCIATION WITH MIND (THE NATIONAL ASSOCIATION FOR MENTAL HEALTH) AND IN ACCORDANCE WITH THE AIMS AND OBJECTIVES OF MIND.",False,Large,Dormant,Disability
108,1010192,HALF MOON YOUNG PEOPLE'S THEATRE LIMITED,"HALF MOON, 43 WHITE HORSE ROAD, LONDON",E1 0ND,Bethnal Green and Stepney,020 7265 8138,hello@halfmoon.org.uk,www.halfmoon.org.uk,31/03/2025,830216.0,883203.0,Charitable company,"Provides Buildings/facilities/open Space, Provides Services","Education/training, Disability, Arts/culture/heritage/science","Children/young People, People With Disabilities","Half Moon focuses on work for and with young people from 0 to 18. The work is inclusive and accessible for all. The company has two main thrusts of activity:-	producing and presenting professional theatre at the base, in venues and in youth and schools settings -	providing an extensive participatory programme including youth theatres, school and community projects.","FOR THE PROMOTION, MAINTENANCE, IMPROVEMENT AND ADVANCEMENT OF EDUCATION PARTICULARLY BY THE PRODUCTION OF EDUCATIONAL PLAYS AND DRAMA WORKSHOPS, THE PROVISION OF TRAINING AND THE ENCOURAGEMENT OF THE ARTS INCLUDING THE ARTS OF DRAMA, BALLET, MUSIC, SINGING, LITERATURE, SCULPTURE AND PAINTING.",True,Medium,Dormant,Disability
109,1011120,WORKING WELL TRUST,"FIRST FLOOR OFFICE, Pritchards Road Centre, 2 Marian Place, LONDON",E2 9AX,Bethnal Green and Stepney,02076137096,info@wwtrust.co.uk,www.workingwelltrust.org,31/03/2025,2576250.0,2357478.0,Charitable company,Provides Services,"General Charitable Purposes, Disability",People With Disabilities,"To provide employment and training opportunities for people with long term mental health support needs.  We operate three vocational training projects set within social enterprises.  We offer IPS employment support, standard employment support, in work retention support, business advice and career progression advice.","1. THE RELIEF OF FINANCIAL NEED AMONGST PERSONS SUFFERING FROM MENTAL DISABILITIES AND/OR LEARNING DISABILITIES.  
2. THE RELIEF OF PERSONS SUFFERING FROM MENTAL DISABILITIES AND/OR LEARNING DISABILITIES GENERALLY.  
3. THE PROMOTION OF THE ADVANCEMENT OF EDUCATION AND LEARNING RELATING TO PERSONS SUFFERING FROM MENTAL DISABILITIES AND/OR LEARNING DISABILITIES.",True,Large,Dormant,Disability
110,1011198,ROTARY CLUB OF TOWER HAMLETS TRUST FUND,"62 Leybourne Road, Leytonstone, London",E11 3BT,Leyton and Wanstead,02089895845,rcth@live.co.uk,www.towerhamletsrotary.org,30/06/2024,5210.0,18500.0,Other,"Makes Grants To Individuals, Makes Grants To Organisations",General Charitable Purposes,"Children/young People, Elderly/old People, People With Disabilities, Other Charities Or Voluntary Bodies, The General Public/mankind","TO APPLY BOTH THE CAPITAL AND INCOME FOR THE RELIEF OF THE POOR AND NEEDY OR TO OR FOR SUCH OTHER CHARITABLE PURPOSE, INSTITUTION, SOCIETY OR OBJECT AS THE CLUB SHALL IN DULY CONSTITUTED MEETING FROM TIME TO TIME DIRECT.","TO OR FOR THE RELIEF OF THE POOR AND NEEDY OR TO OR FOR SUCH OTHER CHARITABLE PURPOSE, INSTITUTION, SOCIETY OR OBJECT AS THE CLUB SHALL IN DULY CONSTITUTED MEETING FROM TIME TO TIME DIRECT.",False,Micro,Dormant,General Charitable Purposes
111,1011723,BANGLADESH YOUTH MOVEMENT,"BANGLADESH YOUTH MOVEMENT ADVICE CE, 21-23 HENRIQUES STREET, LONDON",E1 1NB,Bethnal Green and Stepney,02074881831,admin@bym.org.uk,www.bym.org.uk,31/03/2025,105651.0,97330.0,Charitable company,"Provides Human Resources, Provides Services, Provides Advocacy/advice/information","Education/training, Disability, Accommodation/housing, Arts/culture/heritage/science, Recreation","Children/young People, Elderly/old People, People With Disabilities, People Of A Particular Ethnic Or Racial Origin","our clients come from a broad group of indivuals from the local community including young people, elderly people, people with disabilies people providing social welfare through advice and information  service  with clients and also one to one interaction with clients, through eduacation,training,job club arts and crafts youth provision including sports, lesiure, indoor and outdoor activities.",(1) FOR THE BENEFIT OF THE INHABITANTS OF THE LONDON BOROUGH OF TOWER HAMLETS AND IN PARTICULAR YOUNG PERSONS OF BANGLADESHI ORIGIN BY PROVIDING OR ASSISTING IN THE PROVISION OF A COMMUNITY CENTRE CONTAINING FACILITIES FOR RECREATION AND OTHER LEISURE TIME OCCUPATION FOR YOUNG PERSONS UP TO 21 YEARS OF AGE WITH THE OBJECTS OF IMPROVING THEIR CONDITIONS OF LIFE   (2) TO RELIEVE POVERTY AND TO ADVANCE EDUCATION AMONG THE INHABITANTS OF THE LONDON BOROUGH OF TOWER HAMLETS AND IN PARTICULAR YOUNG PERSONS OF BANGLADESHI ORIGIN BY PROVIDING INFORMATION ADVICE AND ASSISTANCE   (3) TO PROMOTE GOOD RACE RELATIONS IN THE LONDON BOROUGH OF TOWER HAMLETS BY ENDEAVOURING TO ELIMINATE DISCRIMINATION ON GROUNDS OF RACE AND ENCOURAGING EQUALITY OF OPPORTUNITY BETWEEN PERSONS OF DIFFERENT RACIAL GROUPS,True,Medium,Dormant,Accommodation/housing
112,1012208,THE HENDERSON CHARITY,"St. George in The East Church, Parish Office, 14 Cannon Street Road, LONDON",E1 0BH,Bethnal Green and Stepney,02077901793,KATIE@STGEORGEINTHEEAST.ORG,Not available,24/03/2024,16260.0,8310.0,Other,Provides Other Finance,The Prevention Or Relief Of Poverty,Elderly/old People,Granting of pensions to needy pensioners in the Parish of St. George-in-The-East and the Ancient Parish of Ratcliffe.,THE PROVISION OF STIPENDS TO POOR PENSIONERS WHO ARE RESIDENT IN THE AREA OF BENIFIT.,True,Small,Dormant,The Prevention Or Relief Of Poverty
113,1012741,THE CROFTON SINGERS,"22 WOODLAND WAY, THEYDON BOIS, EPPING",CM16 7DZ,Epping Forest,01992 812465,contact@croftonsingers.org.uk,www.croftonsingers.org.uk,31/07/2025,2203.0,3505.0,Other,"Makes Grants To Organisations, Provides Services",Arts/culture/heritage/science,"Other Charities Or Voluntary Bodies, The General Public/mankind","1. To promote public education and appreciation of music by the presentation of public choral concerts.2. To make payments to charitable bodies, organisations and associations.","A) TO PROMOTE, IMPROVE, DEVELOP AND MAINTAIN PUBLIC EDUCATION IN AND APPRECIATION OF THE ART AND SCIENCE OF MUSIC IN ALL ITS ASPECTS BY THE PRESENTATION OF PUBLIC CHORAL CONCERTS AND RECITALS AND BY SUCH OTHER WAYS AS THE SINGERS THROUGH ITS COMMITTEE SHALL DETERMINE FROM TIME TO TIME.  B) TO MAKE PAYMENTS TO ANY ONE OR MORE CHARITABLE BODIES, ORGANISATIONS AND ASSOCIATIONS IN SUCH A MANNER AS THE COMMITTEE MAY IN THEIR ABSOLUTE DISCRETION THINK FIT.",False,Micro,Dormant,Arts/culture/heritage/science
114,1013308,THE GRIFFIN COMMUNITY TRUST,"68 Beacon Drive, SEAFORD, East Sussex",BN25 2JX,Lewes,07956665146,anthonypettit135@btinternet.com,Not available,30/06/2025,152023.0,147701.0,Charitable company,"Provides Human Resources, Provides Buildings/facilities/open Space","Accommodation/housing, Economic/community Development/employment","Children/young People, Elderly/old People","To provide housing, recreation and leisure for elderly people and students in Tower Hamlets.","THE CHARITY’S OBJECTS ARE: 
THE RELIEF OF ELDERLY INFIRM HANDICAPPED WHETHER PHYSICALLY OR MENTALLY OR PHYSICALLY WEAK PERSONS BY THE PROMOTION OF SOCIAL INCLUSION FOR THE PUBLIC BENEFIT, IN PARTICULAR BUT NOT EXCLUSIVELY IN THE EAST END OF LONDON; AND
THE PROVISION OF SHORT-TERM ACCOMMODATION FOR MEDICAL AND DENTAL STUDENTS FROM BARTS AND THE LONDON SCHOOL OF MEDICINE AND DENTISTRY QUEEN MARY UNIVERSITY OF LONDON WITH A VIEW TO ASSISTING STUDENTS (INCLUDING POSTGRADUATE STUDENTS AND PERSONS ENGAGED IN RESEARCH) TO OBTAIN AND BENEFIT FROM EDUCATION OR TO PURSUE RESEARCH AT UNIVERSITIES AND OTHER INSTITUTIONS OF FURTHER EDUCATION.",False,Medium,Dormant,Accommodation/housing
115,1013903,THE TURKS HEAD COMPANY,"1 GREEN BANK, LONDON",E1W 2PA,Poplar and Limehouse,02074886801,turksheadcharity@gmail.com,www.turksheadcharity.com,31/12/2024,46700.0,35230.0,Charitable company,"Makes Grants To Organisations, Provides Human Resources, Provides Buildings/facilities/open Space, Other Charitable Activities","General Charitable Purposes, Environment/conservation/heritage, Economic/community Development/employment",The General Public/mankind,"The historic Turk's Head is fully restored and kept in good condition. A cafe is open 7 days a week  and upstairs is workspace. The charity uses the rental income to support community activities in the area.
We organise an annual event for the whole community in mid summer and work on the creation of community assets. We plan to restore Wapping's river stairs and build a lido in Shadwell Basin","(A)TO PROMOTE THE BENEFIT OF PERSONS RESIDENT AND/OR WORKING IN WAPPING AND THE SURROUNDING ARES WITHOUT DISTINCTION OF SEX, SEXUAL ORIENTATION, RACE OR OF POLITICAL, RELIGIOUS OR OTHER OPINIONS, BY ASSOCIATING TOGETHER THE SAID PERSONS AND THE LOCAL AUTHORITIES, VOLUNTARY AND OTHER ORGANISATIONS IN A COMMON EFFORT TO ADVANCE EDUCATION AND TO PROVIDE FACILITIES IN THE INTERESTS OF SOCIAL WELFARE FOR RECREATION AND LEISURE-TIME OCCUPATION WITH THE OBJECT OF IMPROVING THE CONDITIONS OF LIFE FOR THE SAID PERSONS; (B)TO ESTABLISH OR SECURE THE ESTABLISHMENT OF A COMMUNITY CENTRE AND TO MAINTAIN AND MANAGE THE SAME (WHETHER ALONE OR IN CO-OPERATION WITH ANY LOCAL AUTHORITY OR OTHER PERSON OR BODY) IN FURTHERANCE OF THESE OBJECTS. THE BODY SHALL BE NON-PARTY IN POLITICS AND NON-SECTARIAN IN RELIGION.",True,Small,Dormant,Environment/conservation/heritage
116,1017480,MILE END NURSERY AND PLAYGROUP,"8C MORGAN STREET, LONDON",E3 5AB,Stratford and Bow,02089831897,mileendnursery@hotmail.com,Not available,31/03/2017,93631.0,94598.0,Other,Provides Services,Education/training,Children/young People,"Learning through play, for pre-school children.","TO ENHANCE THE  EDUCATION OF CHILDREN BELOW COMPULSORY SCHOOL AGE IN LONDON BOROUGH OF TOWER HAMLETS,  (A) PROVIDING SAFE AND SATISFYING GROUP PLAY, IN WHICH PARENTS HAVE THE RIGHT TO TAKE PART,  (B) ENCOURAGING OTHER CHARITABLE ACTIVITIES THROUGH WHICH PARENTS MAY HELP THE CHILDREN.",True,Small,Dormant,Education/training
117,1017585,EAST LONDON SCHOOL OF GYMNASTICS MOVEMENT AND DANCE,"Flat 32 Altius Court, 1 Jacks Farm Way, Chingford, London, E4 9BF",,,07841406078,info@eastlondongym.co.uk,www.eastlondongym.co.uk,31/12/2024,747251.0,689945.0,Other,"Provides Human Resources, Provides Buildings/facilities/open Space, Provides Services, Provides Advocacy/advice/information","Education/training, Disability, Arts/culture/heritage/science, Amateur Sport, Economic/community Development/employment, Other Charitable Purposes","Children/young People, People With Disabilities, The General Public/mankind","To provide physical education to Children, Adults in multiple sports and dance",TO ADVANCE FOR THE BENEFIT OF THE PUBLIC THE EDUCATION OF YOUNG PERSONS WHO ARE PUPILS AT SCHOOLS POLYTECHNICS UNIVERSITIES OR OTHER CENTRES OF EDUCATION PRINCIPALLY FOR THE INHABITANTS OF LONDON BOROUGH OF HACKNEY AND THE NEIGHBOURHOOD BY ENSURING THAT DUE ATTENTION IS GIVEN TO THE PHYSICAL EDUCATION OF SUCH PUPILS AS WELL AS TO THE DEVELOPMENT AND O0CCUPATION OF THEIR MINDS AND WITH A VIEW TO FURTHERING THIS OBJECT AND TO ENCOURAGE SUCH PUPILS TO PARTICIPATE IN GYMNASTICS. (1)TO PROVIDE OR ASSIST IN THE ORGANISATION AND PROVISION OF FACILITIES (11)TO PROVIDE OR ASSIST IN THE PROVISION OF GYMNASTICS AND SPORTS EQUIPMENT (111)TO PROVIDE OR ASSIST IN CONJUNCTION WITH THE LOCAL EDUCATION AUTHORITY IN THE PROVISION OF COURSES LECTURES DEMONSTRATIONS AND COACHING FOR PUPILS OF SCHOOLS FOR THE INHABITANTS OF THE AREA OF BENEFIT AND FOR TEACHERS AND COACHES WHO ORGANISE OR SUPERVISE THE PERFORMANCE OR COACHING OF GYMNASTICS (1V)TO PROVIDE OR ASSIST IN THE PROVISION OF THE TRAINING OF TEACHERS AND COACHES FOR THE PURPOSE OF TRAINING GYMNASTICS AT SCHOOLS AND CLUBS.,False,Medium,Dormant,Other Charitable Purposes
118,1017772,HIFZUL QURAN AND ISLAMIC EDUCATION CENTRE,"304 Burdett Road, LONDON",E14 7DQ,Poplar and Limehouse,07958807574,hifzulquran@live.co.uk,Not available,31/10/2024,80021.0,54412.0,Charitable company,"Provides Buildings/facilities/open Space, Provides Services, Provides Advocacy/advice/information","Education/training, Accommodation/housing, Economic/community Development/employment","Children/young People, Elderly/old People, People Of A Particular Ethnic Or Racial Origin","The following activities are held at the centre five times prayer, education for young children, Arabic classes for youth and Quranic classes for children and teenagers. We also provide community service for local people.",TO ADVANCE EDUCATION IN ACCORDANCE WITH THE TENENTS AND DOCTRINES OF ISLAM,True,Small,Dormant,Accommodation/housing
119,1018517,COMMUNITY LINKS TRUST LIMITED,"COMMUNITY LINKS, 105 BARKING ROAD, LONDON",E16 4HQ,West Ham and Beckton,02074732270,info@community-links.org,www.community-links.org,31/08/2024,105719.0,109769.0,Charitable company,"Provides Services, Sponsors Or Undertakes Research","Education/training, Economic/community Development/employment",The General Public/mankind,"youth workchildren's workcommunity workresearchpublicationstrainingeducation",TO PROMOTE ANY CHARITABLE PURPOSE FOR THE BENEFIT OF THE COMMUNITY,False,Medium,Dormant,Economic/community Development/employment
120,1023032,ST MATTHIAS CONSERVATION TRUST LTD,"ST. MATTHIAS COMMUNITY CENTRE, 113 POPLAR HIGH STREET, LONDON",E14 0AE,Poplar and Limehouse,0207 9870459,niz_68@hotmail.com,www.stmatthiascommunitycenter.com,31/03/2025,64432.0,80055.0,Charitable company,"Provides Human Resources, Provides Buildings/facilities/open Space, Provides Services","General Charitable Purposes, Education/training, Disability, Arts/culture/heritage/science, Amateur Sport, Environment/conservation/heritage, Economic/community Development/employment","Children/young People, Elderly/old People, People With Disabilities, People Of A Particular Ethnic Or Racial Origin, Other Charities Or Voluntary Bodies, The General Public/mankind","St. Matthias Community Centre is a redundant church which saves as ""village hall"" to the local community of Blackwall &amp; Limehouse in the London Borough of Tower Hamlets.",TO PRESERVE FOR THE BENEFIT OF THE RESIDENTS OF THE LONDON BOROUGH OF TOWER HAMLETS AND FOR THE NATION THE FORMER CHURCH OF ST MATTHIAS POPLAR SITUATED IN THE SAID BOROUGH AS A BUILDING OF EXCEPTIONAL ARCHITECTURAL AND HISTORIC VALUE.  TO PROMOTE THE SAID BUILDING FOR THE BENEFIT OF THE SAID PERSONS BY ADVANCING ASSISTING IN THE ADVANCEMENT OF EDUCATION AND PROVIDING OR ASSISTING IN THE PROVISION OF FACILITIES FOR RECREATION OR LEISURE TIME OCCUPATION WITH THE OBJECT OF IMPROVING THE CONDITIONS OF LIFE FOR THE SAID PERSONS.,True,Small,Dormant,Environment/conservation/heritage
121,1025705,GREATER LONDON NORTH EAST COUNTY SCOUT COUNCIL,"437 Wanstead Park Road, ILFORD, Essex",IG1 3TT,Ilford North,02085543473,treasurer@glne-scouts.org.uk,www.glne-scouts.org.uk,31/03/2025,167058.0,66946.0,Other,Other Charitable Activities,Other Charitable Purposes,Children/young People,"THE PURPOSE OF SCOUTING IS TO CONTRIBUTE TO THE DEVELOPMENT OF YOUNG PEOPLE IN ACHIEVING THEIR FULL PHYSICAL, INTELLECTUAL, SOCIAL AND SPIRITUAL POTENTIAL, AS INDIVIDUALS, AS RESPONSIBLE CITIZENS AND AS MEMBERS OF THEIR LOCAL, NATIONAL AND INTERNATIONAL COMMUNITIES.","TO PROMOTE THE DEVELOPMENT OF YOUNG PEOPLE IN ACHIEVING THEIR FULL PHYSICAL, INTELLECTUAL, SOCIAL AND SPIRITUAL POTENTIALS AS INDIVIDUALS, AS RESPONSIBLE CITIZENS AND AS MEMBERS OF THEIR LOCAL, NATIONAL AND INTERNATIONAL COMMUNITIES",False,Medium,Dormant,Other Charitable Purposes
122,1031390,TATE HOUSE PLAYGROUP,"Flat 16, Goodrich House, Sewardstone Road, London",E2 9JN,Bethnal Green and Stepney,02089812402,Not available,Not available,31/03/2024,217726.0,188930.0,Other,Provides Services,Education/training,Children/young People,"To advance the education of children below compulsory school age by providing safe and satisfying group play, in which parents have the right to take part.Encouraging other charitable activities through which parents may help their children.",TO ENHANCE THE DEVELOPMENT AND EDUATION OF CHILDREN UNDER STATUTORY SCHOOL AGE BY ENCOURAGING PARENTS TO UNDERSTAND AND PROVIDE FOR THE NEEDS OF THEIR CHILDREN THROUGH COMMUNITY GROUPS.,True,Medium,Dormant,Education/training
123,1033577,LINCOLN HALL PRE SCHOOL,"Lincoln hall preschool, The linc Centre, 70 fern street, Bow, London",E3 3PR,Poplar and Limehouse,02079878057,lincolnhallpreschool@gmail.com,Not available,31/03/2025,519520.0,448217.0,Other,Provides Services,Education/training,Children/young People,"Lincoln Hall preschool is an early years provider for funded children aged 2- 5 years. We have highly qualified staff with a range of knowledge and expertise. We are passionate for Inclusion which is reflected in the children we have attending, providing a safe, stimulating environment around children's interest, to flourish and reach their full potential according to their individual needs.",TO ENHANCE THE DEVELOPMENT AND EDUCATION OF CHILDREN UNDER STATUTORY SCHOOL AGE BY ENCOURAGING PARENTS TO UNDERSTAND AND PROVIDE FOR THE NEEDS OF THEIR CHILDREN THROUGH COMMUNITY GROUPS.,True,Medium,Dormant,Education/training
124,1033764,SISTER CIRCLE,"THE BRADY CENTRE, 192-196 HANBURY STREET, LONDON",E1 5HU,Bethnal Green and Stepney,02073778725,hello@sistercircle.org.uk,www.sistercircle.org.uk,31/03/2025,953423.0,860558.0,Charitable company,"Provides Services, Provides Advocacy/advice/information, Sponsors Or Undertakes Research","General Charitable Purposes, Education/training, The Advancement Of Health Or Saving Of Lives, Economic/community Development/employment, Human Rights/religious Or Racial Harmony/equality Or Diversity","People Of A Particular Ethnic Or Racial Origin, Other Defined Groups","Sister Circle is a multi-cultural community health charity, putting women's health first. For those living with complex lives, that statutory services can't reach.  Our objectives are to: Advance education, knowledge, and empowerment; Preserve and protect health; Promote equality and diversity by challenging discrimination and encouraging services to meet the diverse needs of local communities.","(A) TO ADVANCE EDUCATION AMONGST WOMEN RESIDENT IN TOWER HAMLETS AND SURROUNDING BOROUGHS, IN PARTICULAR AFRICAN, AFRO-CARIBBEAN AND ASIAN WOMEN BEFORE, DURING AND AFTER PREGNANCY 
(B) TO PRESERVE AND PROTECT THE HEALTH OF THE INHABITANTS OF THE LONDON BOROUGH OF TOWER HAMLETS AND SURROUNDING BOROUGHS.
(C) TO PROMOTE EQUALITY AND DIVERSITY BY CHALLENGING DISCRIMINATION AND ENCOURAGING SERVICES WHICH MEET THE DIVERSE NEEDS OF THE COMMUNITY AND THE SHARING OF EXPERIENCES IN ORDER TO BRING ABOUT EQUALITY IN HEALTH AND WELL-BEING, AND GOOD RELATIONSHIPS IN THE COMMUNITY",True,Medium,Dormant,Human Rights/religious Or Racial Harmony/equality Or Diversity
125,1034761,MORPETH EDUCATIONAL TRUST,"Morpeth Secondary School, Portman Place, London",E2 0PX,Bethnal Green and Stepney,02089810921,jfrost@morpeth.towerhamlets.sch.uk,Not available,31/03/2024,1165.0,0.0,Trust,"Makes Grants To Individuals, Makes Grants To Organisations",Education/training,Children/young People,Education related,"THE ADVANCEMENT OF EDUCATION AND IN PARTICULAR (BUT WITHOUT PREJUDICE TO THE GENERALITY OF THE FOREGOING) THE PROVISION OF FINANCIAL ASSISTANCE TOWARDS THE ENRICHMENT OF THE EDUCATIONAL PROVISION FOR THE PUPILS AT MORPETH SCHOOL, MORPETH STREET, LONDON E2.",True,Micro,Dormant,Education/training
126,1035872,MATILDA COMMUNITY DAY NURSERY,"MATILDA HOUSE, ST KATHARINES WAY, LONDON",E1W 1LQ,Poplar and Limehouse,02074806396,matildanursery@aol.com,www.matildanursery.com,31/03/2025,233716.0,228123.0,Charitable company,Provides Services,Education/training,Children/young People,Children's day nursery,TO PROMOTE DEVELOPAND PROVIDE FACILITIES FOR THE DAILY CARE RECREATION AND EDUCATION OF CHILDREN UNDER THE AGE OF FIVE RESIDENT IN THE LONDON BOROUGH OF TOWER HAM;LETS WITH PARTICULAR REGARD TO CHILDREN RESIDENT IN MATILDA HOUSE ST KATHERINES WAY,True,Medium,Dormant,Education/training
127,1036738,TOY HOUSE LIBRARIES ASSOCIATION OF TOWER HAMLETS,"Toyhouse, 92 St. Pauls Way, Bow, LONDON",E3 4AL,Poplar and Limehouse,02079877399,info@toyhouse.org.uk,www.toyhouse.org.uk,31/03/2025,247539.0,215380.0,Charitable company,"Provides Human Resources, Provides Services, Provides Advocacy/advice/information, Acts As An Umbrella Or Resource Body","General Charitable Purposes, Education/training, The Advancement Of Health Or Saving Of Lives, Disability, The Prevention Or Relief Of Poverty, Amateur Sport, Economic/community Development/employment, Recreation","Children/young People, People With Disabilities, People Of A Particular Ethnic Or Racial Origin, Other Defined Groups","Toyhouse working with families as a non profit making organisation bassed in Tower Hamlets actively facilitates and promotes play as central to all children's well-being, supports a network of member groups and empowers local communities through volunteering and training opportunies.","TO PROMOTE THE EDUCATION AND SOCIAL DEVELOPMENT OF CHILDREN AND ADULTS, BY WORKING WITH PARENTS, GUARDIANS, CARERS AND FAMILIES THROUGH PARTNERSHIPS AND SUPPORTIVE NETWORKS, IN PARTICULAR THROUGH THE PROVISION OF FACILITIES, SERVICES AND RESOURCES FOR THEIR RECREATION OR OTHER LEISURE TIME OCCUPATION AND PROVIDING EQUALITY OF OPPORTUNITY FOR PLAY FOR THE WELL BEING OF ALL CHILDREN.",True,Medium,Dormant,Recreation
128,1037495,CULLODEN BANGLADESHI PARENTS ASSOCIATION,"49-51 ABERFELDY STREET, LONDON",E14 0NU,Poplar and Limehouse,02079873505,admin@cbpa.org.uk,Not available,31/03/2022,0.0,3033.0,Other,"Provides Buildings/facilities/open Space, Provides Services, Provides Advocacy/advice/information","Education/training, The Prevention Or Relief Of Poverty, Arts/culture/heritage/science, Amateur Sport, Economic/community Development/employment","Children/young People, Elderly/old People, People Of A Particular Ethnic Or Racial Origin","The organisation will endearvour to enable BME people to sustain a reasonable quality of life in the borough, at a level acceptable to them and minimise exclusion from the family and/or community due to a range of issues and language barriers.","TO ADVANCE THE EDUCATION OF BANGLADESHI CHILDREN LIVING IN THE LONDON BOROUGH OF TOWER HAMLETS IN PARTICULAR BUT NOT EXCLUSIVELY BY THE PROVISION OF A SUPPLIMENTARY SCHOOL WHICH TEACHES THE LANGUAGE, HISTORY AND CULTURE OF BANGLADESH AND THE HOLDING OF A SUMMER PLAYGROUP 2)TO ADVANCE THE EDUCATION OF THE PARENTS OF BANGLADESHI CHILDREN LIVING IN THE LONDON BOROUGH OF TOWER HAMLETS IN PARTICULAR BY THE PROVISION OF MOTHER TONGUE CLASSES LITERACY CLASSES AND ENGLISH CLASSES 3)TO PROVIDE RECREATIONAL FACILITIES IN THE INTERESTS OF SOCIAL WELFARE TO THE INHABITANTS OF THE LONDON BOROUGH OF TOWER HAMLETS IN AN EFFORT TO IMPROVE THE CONDITIONS OF LIFE OF THE SAID INHABITANTS",True,,Dormant,Amateur Sport
129,1039749,GROUNDWORK EAST LONDON,"GROUNDWORK, 18-21 MORLEY STREET, LONDON",SE1 7QZ,Vauxhall and Camberwell Green,02079221230,Not available,www.london.groundwork.org.uk,31/03/2025,0.0,0.0,Charitable company,"Makes Grants To Organisations, Provides Services, Provides Advocacy/advice/information","Education/training, The Prevention Or Relief Of Poverty, Arts/culture/heritage/science, Amateur Sport, Environment/conservation/heritage, Economic/community Development/employment","Children/young People, Elderly/old People, People With Disabilities, Other Charities Or Voluntary Bodies, Other Defined Groups, The General Public/mankind","Employment and TrainingCommunity Consultation and Capacity BuildingYouth WorkLandscape ArchitectureEnvironmental EducationProject Management","FIRSTLY TO PROMOTE THE CONSERVATION, PROTECTION AND IMPROVEMENT OF THE PHYSICAL AND NATURAL ENVIRONMENT ANYWHERE IN THE ADMINISTRATIVE AREA OF THE LONDON BOROUGH OF HACKNEY AND SECONDLY TO PROVIDE FACILITIES IN THE INTERESTS OF SOCIAL WELFARE FOR RECREATION AND LEISURE TIME OCCUPATION WITH THE OBJECTIVE OF IMPROVING THE CONDITIONS OF LIFE OF THOSE LIVING OR WORKING IN OR RESORTING TO THE AREA OF THE HACKNEY GROUNDWORK TRUST AND THIRDLY TO ADVANCE PUBLIC EDUCATION IN ENVIRONMENTAL MATTERS AND OF THE WAYS OF BETTER CONSERVING, PROTECTING AND IMPROVING THE SAME WHERESOEVER.",False,,Dormant,Environment/conservation/heritage
130,1040496,SOCIAL ACTION FOR HEALTH,"THE BRADY CENTRE, 192-196 HANBURY STREET, LONDON",E1 5HU,Bethnal Green and Stepney,07944966141,info@safh.org.uk,www.safh.org.uk,31/03/2025,360784.0,366432.0,Charitable company,"Provides Services, Provides Advocacy/advice/information, Sponsors Or Undertakes Research, Other Charitable Activities","General Charitable Purposes, The Advancement Of Health Or Saving Of Lives, Economic/community Development/employment, Human Rights/religious Or Racial Harmony/equality Or Diversity","Children/young People, Elderly/old People, People With Disabilities, People Of A Particular Ethnic Or Racial Origin, Other Charities Or Voluntary Bodies, Other Defined Groups, The General Public/mankind","Social Action for Health is a community-based health charity providing services and support to people most affected by health inequalities. It operates in and around east London, UK.","I) TO PRESERVE AND PROTECT THE GOOD HEALTH OF THE PUBLIC WITHIN LONDON AND ELSEWHERE WITHIN ENGLAND;
(II) THE RELIEF OF UNEMPLOYMENT FOR THE BENEFIT OF THE PUBLIC IN SUCH WAYS AS ARE THOUGHT FIT, INCLUDING ASSISTANCE TO FIND EMPLOYMENT; AND
(C) TO DEVELOP THE CAPACITY AND SKILLS OF MEMBERS OF SOCIALLY AND ECONOMICALLY DISADVANTAGED COMMUNITIES TO ENABLE THEM BETTER TO IDENTIFY AND MEET THEIR NEEDS IN ORDER FOR THEM TO PARTICIPATE MORE FULLY IN SOCIETY.",True,Medium,Dormant,Human Rights/religious Or Racial Harmony/equality Or Diversity
131,1040962,THE SWITCH CHARITY LIMITED,"The Switch Charity Limited, Norvin House, 45-55 Commercial Street, LONDON",E1 6BD,Bethnal Green and Stepney,02076550305,info@theswitch.org,www.theswitch.org,31/08/2024,1152395.0,1048623.0,Charitable company,"Provides Human Resources, Acts As An Umbrella Or Resource Body",Education/training,Children/young People,"The object for which the Company is established is the advancement of the education and training of children and young people resident in the UK, in particular by equipping them for employment in commerce, business and industry (the ""Objects"").",THE ADVANCEMENT OF THE EDUCATION AND TRAINING OF CHILDREN AND YOUNG PEOPLE RESIDENT IN THE UK IN PARTICULAR BY EQUIPPING THEM FOR EMPLOYMENT IN COMMERCE BUSINESS AND INDUSTRY.,True,Large,Dormant,Education/training
132,1041653,THE BROMLEY BY BOW CENTRE,"BROMLEY BY BOW CENTRE, ST. LEONARDS STREET, LONDON",E3 3BT,Stratford and Bow,02087099717,connect@bbbc.org.uk,www.bbbc.org.uk,30/06/2024,2570000.0,2838000.0,Charitable company,"Provides Human Resources, Provides Buildings/facilities/open Space, Provides Services, Provides Advocacy/advice/information","General Charitable Purposes, Education/training, The Advancement Of Health Or Saving Of Lives, Disability, The Prevention Or Relief Of Poverty, Arts/culture/heritage/science, Amateur Sport, Environment/conservation/heritage, Economic/community Development/employment, Human Rights/religious Or Racial Harmony/equality Or Diversity","Children/young People, Elderly/old People, People With Disabilities, People Of A Particular Ethnic Or Racial Origin, The General Public/mankind","To promote the benefit of the inhabitants of East London and surrounding areas either alone or by associating together the inhabitants and the local authorities, voluntary and other organisations to advance education, protect and preserve health, relieve poverty, sickness and distress and provide recreational facilities and any such charitable purposes as the trustees shall may decide.","TO PROMOTE THE BENEFIT OF THE INHABITANTS OF EAST LONDON AND THE SURROUNDING AREAS EITHER ALONE OR BY ASSOCIATING TOGETHER THE INHABITANTS AND THE LOCAL AUTHORITIES, VOLUNTARY AND OTHER ORGANISATIONS TO ADVANCE EDUCATION, PROTECT AND PRESERVE HEALTH, RELIEVE POVERTY, SICKNESS AND DISTRESS AND PROVIDE RECREATIONAL FACILITIES AND ANY SUCH CHARITABLE PURPOSES AS THE TRUSTEES SHALL FROM TIME TO TIME DECIDE.",True,Large,Dormant,Human Rights/religious Or Racial Harmony/equality Or Diversity
133,1043304,CROSSROADS COUNSELLING,"Crossroads Counselling, 144 Roman Road, LONDON",E2 0RY,Bethnal Green and Stepney,02089818388,info@crossroadscounselling.org,www.crossroadscounselling.org,31/03/2024,49527.0,56886.0,Charitable company,Provides Services,The Advancement Of Health Or Saving Of Lives,The General Public/mankind,"Crossroads Counselling offers a professional counselling service for people on low incomes who live, work, study or worship in Tower Hamlets. Our service is open to people of all faiths and none.  We offer short and long-term individual counselling.","TO ADVANCE THE CHRISTIAN RELIGION BY ESTABLISHING AND CARRYING ON A SERVICE OF COUNSELLING BASED ON CHRISTIAN FAITH, BELIEFS AND THE PRINCIPLES OF COMPASSION, EQUALITY, LOVE, NON-JUDGEMENT AND RESPECT, FOR THE BENEFIT OF ALL PEOPLE IRRESPECTIVE OF RACE, GENDER OR RELIGION",True,Small,Dormant,The Advancement Of Health Or Saving Of Lives
134,1046579,CONSORTIUM FOR STREET CHILDREN,"ROOM 4, 15 OLD FORD ROAD, ST MARGARET'S HOUSE, BETHNAL GREEN, LONDON",E2 9PJ,Bethnal Green and Stepney,020 8980 7678,info@streetchildren.org,www.streetchildren.org,31/12/2024,682835.0,527070.0,Charitable company,"Provides Services, Provides Advocacy/advice/information, Sponsors Or Undertakes Research, Acts As An Umbrella Or Resource Body","Education/training, The Advancement Of Health Or Saving Of Lives, The Prevention Or Relief Of Poverty, Accommodation/housing, Economic/community Development/employment","Children/young People, Other Defined Groups","A leading international member-based network dedicated to advocating, promoting and campaigning for the rights of street-connected children.  We are committed to creating a better and sustainable future for some of the most disadvantaged and stigmatised children by working together to inform and inspire research and action that influences policy and best practice worldwide.","THE RELIEF OF CHILDREN IN CONDITIONS OF NEED, HARDSHIP OR DISTRESS, ANYWHERE IN THE WORLD, WITH SPECIAL ATTENTION TO THOSE LIVING AND WORKING ON THE STREETS AND OTHER PUBLIC PLACES",True,Medium,Dormant,Accommodation/housing
135,1047068,THE GOOD SHEPHERD MISSION,"The Good Shepherd Mission, 17 Three Colts Lane, LONDON",E2 6JL,Bethnal Green and Stepney,02077393822,info@goodshepherdmission.org.uk,www.goodshepherdmission.org.uk,31/03/2025,186425.0,242070.0,Charitable company,"Provides Human Resources, Provides Buildings/facilities/open Space, Provides Services","General Charitable Purposes, Education/training, The Prevention Or Relief Of Poverty, Religious Activities, Amateur Sport","Children/young People, Other Defined Groups","We are a local Christian charity in Bethnal Green whose services are open to all, irrespective of background or belief.Our activities include: church activities, early years groups, children's and youth work, outreach to vulnerable adults.","(A) THE ADVANCEMENT PROCLAMATION AND FURTHERANCE OF THE CHRISTIAN FAITH IN THE LONDON BOROUGH OF TOWER HAMLETS AND ELSEWHERE IN THE UNITED KINGDOM OR THE WORLD, (B) THE RELIEF OF PERSONS IN CONDITIONS OF POVERTY NEED OR OTHER HARDSHIP OR WHO ARE AGED OR SICK IN THE SAID BOROUGH OR ELSEWHERE IN THE UNITED KINGDOM OR THE WORLD, (C) THE ADVANCEMENT OF CHRISTIAN PUBLIC EDUCATION IN THE SAID BOROUGH OR ELSEWHERE IN THE UNITED KINGDOM OR THE WORLD AND (D) THE UNDERTAKING AND FULFILLING OF SUCH OTHER CHARITABLE PURPOSES FOR THE BENEFIT OF THE COMMUNITY IN THE SAID BOROUGH OR ELSEWHERE IN THE UNITED KINGDOM OR THE WORLD AS THE TRUSTEES SHALL DETERMINE",True,Medium,Dormant,Amateur Sport
136,1047970,TOWER HAMLETS DEAF CHILDRENS SOCIETY,"22 Abbott Road, LONDON",E14 0GD,Poplar and Limehouse,07572580868,towerhamlets@ndcsgroup.org.uk,www.facebook.com/THDCS,30/04/2024,6000.0,6000.0,Other,Provides Advocacy/advice/information,"Education/training, Disability, Amateur Sport","Children/young People, People With Disabilities","To empower the Deaf children of Tower Hamlets and their families. We believe Deaf children should be valued by society and given the same opportunities as any other child.We are a support network, who strives to support Deaf children, young people and their families. We offer help to parents who may feel isolated within the community","TO FURTHER IN ANY WAY ALLOWED BY LAW THE EDUCATION AND RELIEF OF DEAF CHILDREN WITHOUT REGARD TO RACE, RELIGION, CREED, DISABILITY, SEX OR FAMILY CIRCUMSTANCES.",True,Micro,Dormant,Disability
137,1048047,THE ENSIGN YOUTH CLUB,"ENSIGN YOUTH CLUB, WELLCLOSE SQUARE, LONDON",E1 8HY,Bethnal Green and Stepney,02077023340,info@ensign.org.uk,www.ensign.org.uk,31/03/2025,119987.0,56910.0,Charitable company,Provides Human Resources,"Education/training, The Advancement Of Health Or Saving Of Lives, The Prevention Or Relief Of Poverty, Amateur Sport, Economic/community Development/employment","Children/young People, Elderly/old People","After School Club/Senior Youth ClubActivities for young people during Easter, Half Term And Summer holidaysCommunity SessionsEmployment ProjectHealth Project","(A)TO PROVIDE RECREATIONAL FACILITIES FOR YOUNG PEOPLE IN THE LONDON BOROUGH OF TOWER HAMLETS IN THE INTERESTS OF SOCIAL WELFARE WITH THE OBJECT OF IMPROVING THEIR CONDITION IN LIFE. (B)TO HELP AND EDUCATE YOUNG PEOPLE ESPECIALLY, BUT NOT EXCLUSIVELY, THROUGH THEIR LEISURE-TIME ACTIVITIES TO DEVELO[P THEIR PHYSICAL, MENTAL AND SPIRITUAL CAPACITIES SO THAT THEY MAY GROW TO FULL MATURITY AS INDIVIDUALS AND MEMBERS OF SOCIETY.",True,Medium,Dormant,Amateur Sport
138,1050036,WAPPING NOORANI MASJID AND CULTURAL CENTRE,"19 Prusom Street, Wapping, London",E1W 3NW,Poplar and Limehouse,0207 702 1708,nooranimasjid@hotmail.co.uk,Not available,31/03/2025,74240.0,39977.0,Other,"Provides Buildings/facilities/open Space, Provides Services, Provides Advocacy/advice/information","General Charitable Purposes, Education/training, The Prevention Or Relief Of Poverty, Religious Activities, Economic/community Development/employment, Human Rights/religious Or Racial Harmony/equality Or Diversity, Recreation","Children/young People, Elderly/old People, The General Public/mankind","Advancement of Islamic EducationProvision of prayer facilitiesSocial and Leisure ActivitiesCommunity Projects that brings together people from all backgrounds, age, faiths, race together for the betterment of the community.Educational and Training ProgrammesServices for the whole community without any restrictions",1.TO ADVANCE THE ISLAMIC RELIGION BY THE PROVISION OF A MOSQUE. 2.TO ADVANCE EDUCATION IN THE RELIGIOUS TEACHINGS AND CULTURE OF THE ISLAMIC RELIGION.,True,Small,Dormant,Human Rights/religious Or Racial Harmony/equality Or Diversity
139,1050926,BOUNDARY COMMUNITY SCHOOL LIMITED,"BOUNDARY COMMUNITY SCHOOL, 20 CLUB ROW, LONDON",E2 7EY,Bethnal Green and Stepney,02077397678,info@bcs-jobnet.co.uk,www.bcs-jobnet.co.uk,31/03/2025,53900.0,20530.0,Charitable company,"Provides Services, Provides Advocacy/advice/information","General Charitable Purposes, Education/training, Arts/culture/heritage/science, Amateur Sport, Economic/community Development/employment","Children/young People, People Of A Particular Ethnic Or Racial Origin, The General Public/mankind","Boundary Community School provides Study Support and Mother Tongue Language classes, Youth Activities, ICT training, Employment Support, Advice and Guidance for the local community.",(1) TO ADVANCE THE EDUCATION OF CHILDREN OF STATUTORY SCHOOL AGE IN PARTICULAR CHILDREN OF BENGALI ETHNIC ORIGIN BY THE PROVISION OF SUPPLEMENTARY CLASSES IN PARTICULAR BUT NOT EXCLUSIVELY IN THE BENGALI LANGUAGE. (2) TO PROVIDE RECREATIONAL FACILITIES IN THE INTERESTS OF SOCIAL WELFARE WITH THE OBJECT OF IMPROVING CONDITIONS OF LIFE OF PERSONS HAVING NEED OF SUCH FACILITIES BY REASON OF THEIR POVERTY OR SOCIAL AND ECONOMIC CIRCUMSTANCES,True,Small,Dormant,Amateur Sport
140,1051765,COVENTRY CROSS MOSQUE AND ISLAMIC COMMUNITY CENTRE,"Flat 6, Broxbourne House, Empson Street, London",E3 3LJ,Poplar and Limehouse,07958377969,info@coventrycrossmosque.co.uk,Not available,30/06/2024,102421.0,36063.0,Other,"Provides Buildings/facilities/open Space, Provides Services","General Charitable Purposes, Education/training, Religious Activities","Children/young People, People Of A Particular Ethnic Or Racial Origin, The General Public/mankind","Coventry Cross Mosque is a charitable organisation providing evening Islamic and moral education for local Muslims as well as daily congregational prayers for adults. It promotes responsible and respectful Islamic values, supporting the spiritual and social well-being of the wider community.",(1)TO ADVANCE THE ISLAMIC RELIGION (11)THE ADVANCEMENT OF THE EDUCATION OF THE GENERAL PUBLIC IN THE MANY FACETS OF THE ISLAMIC CULTURE (111)TO RELIEVE POVERTY HARDSHIP AND DISTRESS.,True,Medium,Dormant,Religious Activities
141,1051845,PATHWAYS TRUST,"THE CRYPT, ST JOHN ON BETHNAL GREEN, 200 CAMBRIDGE HEATH ROAD, LONDON",E2 9PA,Bethnal Green and Stepney,02089806300,pathwaystrust95@gmail.com,www.pathwaystrust.org.uk,31/03/2025,22491.0,34769.0,Trust,"Provides Services, Provides Advocacy/advice/information","Education/training, The Advancement Of Health Or Saving Of Lives","Children/young People, Elderly/old People, People With Disabilities, Other Defined Groups, The General Public/mankind",To provide complementary medicine treatments and advice at affordable rates (sliding scale) to local people at our centre; To provide home visits to local people too ill or frail; Outreach work to local community centres to give talks and treatments,"1.FOR THE RELIEF OF SICKNESS AND THE PRESERVATION AND PROTECTION OF HEALTH IN THE LOCAL COMMUNITY OF TOWER HAMLETS AND NEIGHBOURING BOROUGHS. 2.FOR THE ADVANCEMENT OF EDUCATION BY THE PROVISION OF ADVICE, COUNSELLING AND TRAINING OF STUDENTS IN ACUPUNCTURE, THERAPEUTIC MASSAGE, CHINESE HERBAL MEDICINE, OSTEOPATHY AND REFLEXOLOGY. 3.TO CONDUCT RESEARCH WITH LOCAL GP'S, HOSPITAL DEPARTMENTS AND LOCAL COMMUNITY GROUPS IN THE AREA IN THE USE OF ACUPUNCTURE AND CHINESE HERBAL MEDICINE FOR THE TREATMENT OF SPECIFIC DISEASES AND TO PUBLISH AND DISSEMINATE THE USEFUL RESULTS OF THE RESEARCH FOR THE BENEFIT OF THE GENERAL PUBLIC.",True,Small,Dormant,The Advancement Of Health Or Saving Of Lives
142,1051893,WAPPING BANGLADESH ASSOCIATION,"Wapping Youth Club, 1st Floor, 20 Tench Street, London",E1W 2QD,Poplar and Limehouse,0207 481 9835,wappingba@hotmail.com,www.wappingbangladeshassociation.com,31/03/2025,147032.0,146121.0,Other,"Provides Services, Provides Advocacy/advice/information","General Charitable Purposes, Education/training, The Advancement Of Health Or Saving Of Lives, The Prevention Or Relief Of Poverty, Economic/community Development/employment, Recreation","Children/young People, Elderly/old People, People Of A Particular Ethnic Or Racial Origin, The General Public/mankind","Welfare Rights and Debt Information, Advice & Guidance Services
Translation and Interpreting Service
Senior Citizens Lunch Club
Older People services
Mother Tongue and Cultural Educational Classes
Employment and Skills Training Programme
Citizenship & Integration Classes
Healthy Living Programme
Study Support and Supplementary Education Programme","(A)TO PROVIDE ADVICE TO THE BANGLADESHI PEOPLE LIVING IN WAPPING WHICH RELIEVES THEIR POVERTY, ADVANCES THEIR EDUCATION OR PRESERVES AND PROTECTS THEIR HEALTH. (B)TO ADVANCE THE EDUCATION OF BANGLADESHI PEOPLE LIVING IN WAPPING, IN PARTICULAR BY THE PROVISION OF MOTHER TONGUE CLASSES, RELIGIOUS STUDIES AND ENGLISH CLASSES. (C)TO PROVIDE RECREATIONAL FACILITIES IN THE INTEREST OF SOCIAL WELFARE TO THE INHABITANTS OF WAPPING IN PARTICULAR BUT NOT EXCLUSIVELY BANGLADESHI PEOPLE IN THE EFFORT TO IMPROVE THE CONDITIONS OF LIFE OF THE SAID INHABITANTS.",True,Medium,Dormant,Recreation
143,1052043,SPITALFIELDS FESTIVAL LIMITED,"QUEEN MARY UNIVERSITY OF LONDON, 327 MILE END ROAD, LONDON",E1 4NS,Bethnal Green and Stepney,07311622393,info@spitalfieldsmusic.org.uk,www.spitalfieldsmusic.org.uk,31/03/2025,328378.0,476565.0,Charitable company,"Provides Services, Other Charitable Activities","General Charitable Purposes, Education/training, Arts/culture/heritage/science","Children/young People, Elderly/old People, People With Disabilities, The General Public/mankind","We are a creative charity in East London. We use music to bring diverse communities together through high-quality performances, an industry leading artist development programme, and award-winning projects in our community.","TO PROMOTE MAINTAIN IMPROVE AND ADVANCE THE EDUCATION OF THE PUBLIC PARTICULARLY BY THE ENCOURAGEMENT OF THE ARTS INCLUDING THE ARTS OF MUSIC, SINGING, DRAMA, BALLET, LITERATURE, SCULPTURE AND PAINTING.",True,Medium,Dormant,Arts/culture/heritage/science
144,1052102,DOCKLANDS RINGING CENTRE,"62 Dawes House, Orb Street, London",SE17 1RD,Peckham,07714415061,info@docklandsringers.co.uk,http://www.docklandsringers.co.uk,31/12/2024,732.0,638.0,Other,"Makes Grants To Organisations, Provides Advocacy/advice/information, Acts As An Umbrella Or Resource Body","General Charitable Purposes, Education/training, Arts/culture/heritage/science, Amateur Sport, Environment/conservation/heritage",The General Public/mankind,"Increasing public interest in bells and the art of bellringing, providing training opportunities for our members and the public, improving existing rings of bells and providing new rings of bells.","TO PROMOTE THE CHRISTIAN RELIGION BY PROMOTING ALL ASPECTS OF THE ART OF RINGING BELLS, ESPECIALLY THROUGH INCREASING PUBLIC INTEREST IN BELLS AND THE ART OF BELLRINGING AND PROMOTING THE TRAINING OF BELLRINGERS, THE IMPROVEMENT OF EXISTING RINGS OF BELLS AND THE PROVISION OF NEW RINGS OF BELLS.",False,Micro,Dormant,Environment/conservation/heritage
145,1053064,ETERNAL LOVE IN ACTION (UK),"20 Onehouse Way, Onehouse, STOWMARKET, Suffolk",IP14 1FF,Bury St Edmunds and Stowmarket,07826953306,lovemission2000@hotmail.com,www.chcim.net,31/01/2025,1036.0,839.0,Trust,"Makes Grants To Individuals, Makes Grants To Organisations, Provides Human Resources, Provides Services, Provides Advocacy/advice/information, Acts As An Umbrella Or Resource Body, Other Charitable Activities","General Charitable Purposes, Education/training, The Advancement Of Health Or Saving Of Lives, Disability, The Prevention Or Relief Of Poverty, Overseas Aid/famine Relief, Religious Activities, Economic/community Development/employment, Human Rights/religious Or Racial Harmony/equality Or Diversity, Other Charitable Purposes","Children/young People, Elderly/old People, People With Disabilities, Other Charities Or Voluntary Bodies, Other Defined Groups, The General Public/mankind",Preaching the Full Gospel of our Lord Jesus Christ and Reaching out to the poor and needy with the provision of financial and material resources to improve their lot and teaching proven biblical principles for an abundant life.Collection and Provision of items of clothing and toys for poor children in Africa and other parts of the world in collaboration with local charities,THE ADVANCEMENT OF THE CHRISTIAN RELIGION BY THE PREACHING OF THE GOSPEL OF THE LORD JESUS CHRIST AND THE RELIEF OF POVERTY BY THE PROVISION OF SHELTER AND FINANCIAL ASSISTANCE TO THOSE IN NEED,False,Micro,Dormant,Overseas Aid/famine Relief
146,1053586,MEDINA MASJID,"248 Westferry Road, London",E14 3AG,Poplar and Limehouse,02075372906,Not available,Not available,31/03/2025,143617.0,58771.0,Other,"Provides Human Resources, Other Charitable Activities","General Charitable Purposes, Education/training, Religious Activities","Children/young People, Elderly/old People, People With Disabilities","Non-profit, non-political organisation which holds congregational prayers and Islamic religious activities at appropriate times and promotes unity and joint action among Muslims and non-Muslims.","TO ADVANCE THE RELIGION OF ISLAM IN PARTICULAR, IN PARTICULAR, BUT NOT EXCLUSIVELY BY ESTABLISHING A MOSQUE IN THE LONDON BOROUGH OF TOWER HAMLETS.",True,Medium,Dormant,Religious Activities
147,1053735,EAST LONDON DANCE,"East London Dance, Talent House, 3 Sugar House Lane, LONDON",E15 2QS,Stratford and Bow,02082791050,office@eastlondondance.org,www.eastlondondance.org,31/03/2025,565670.0,825200.0,Charitable company,"Provides Services, Provides Advocacy/advice/information, Other Charitable Activities",Arts/culture/heritage/science,"Children/young People, Elderly/old People, People With Disabilities, People Of A Particular Ethnic Or Racial Origin, Other Defined Groups, The General Public/mankind","East London Dance is the leading producer of creative dance experiences for the people of east London and beyond. We produce inspirational projects and events to engage our diverse local communities in dance, and nurture the next generation of artists and professionals.","TO PROMOTE, IMPROVE, DEVELOP AND MAINTAIN PUBLIC EDUCATION IN THE APPRECIATION OF THE ART OF DANCE, IN PARTICULAR BY THE PRESENTATION OF DANCE PRODUCTIONS AND THE PROMOTION OF DANCE WORKSHOPS IN EAST LONDON",False,Medium,Dormant,Arts/culture/heritage/science
148,1055570,AVEBURY PLAYGROUP,"AVEBURY PLAY GROUP, ROBERTA STREET, LONDON",E2 6AW,Bethnal Green and Stepney,02077397053,avebury.play@btconnect.com,Not available,31/03/2025,58237.0,64916.0,Other,Provides Services,Education/training,Children/young People,We provide a playgroup registered with OFSTED for up to 40 children aged between 2 - 5 years old. The sessions run Monday to Friday during school term times between the hours of 0845 - 1145am and 1215 - 1515pm.,TO ENHANCE THE DEVELOPMENT AND EDUCATION OF CHILDREN UNDER STATUTORY SCHOOL AGE BY ENCOURAGING PARENTS TO UNDERSTAND AND PROVIDE FOR THE NEEDS OF THEIR CHILDREN THROUGH COMMUNITY GROUPS.,True,Small,Dormant,Education/training
149,1056985,SPLASH (SOUTH POPLAR AND LIMEHOUSE),"Flat 7, Willis House, Hale Street, London",E14 0BX,Poplar and Limehouse,02079870257,splashcommunity@outlook.com,www.splashe14.com,31/03/2025,188014.0,155440.0,Charitable company,"Provides Human Resources, Provides Services, Provides Advocacy/advice/information, Acts As An Umbrella Or Resource Body","General Charitable Purposes, Education/training, The Prevention Or Relief Of Poverty, Accommodation/housing, Arts/culture/heritage/science, Amateur Sport, Environment/conservation/heritage, Economic/community Development/employment","Children/young People, Elderly/old People, People With Disabilities, People Of A Particular Ethnic Or Racial Origin, The General Public/mankind",The charity is engaged in strengthening & promoting community cohesion & involvement in the Blackwall & Limehouse areas of London Borough of Tower Hamlets.,"(A) TO RELIEVE POVERTY AMONGST PERSONS RESIDENT IN THE SOUTH POPLAR AND LIMEHOUSE AREAS OF THE LONDON BOROUGH OF TOWER HAMLETS PARTICULARLY BY THE PROVISION OF ADVICE AND ASSISTANCE IN REGARD TO HOUSING (B) TO EDUCATE FAMILIES IN THE SAID AREA IN BETTER STANDARDS OF CHILD CARE AND PARENTING (C) TO PROMOTE GOOD RACE RELATIONS IN THE SAID SOUTH POPLAR AND LIMEHOUSE AREA BY ENDEAVOURING TO ELIMINATE DISCRIMINATION ON GROUNDS OF RACE AND ENCOURAGING EQUALITY OF OPPORTUNITY BETWEEN PERSONS OF DIFFERENT RACIAL AND CULTURAL BACKGROUND (D) TO PROMOTE THE EDUCATION OF PERSONS IN THE SAID SOUTH POPLAR AND LIMEHOUSE AREA WHO THROUGH THEIR SOCIAL AND ECONOMIC CIRCUMSTANCES, OR DUE TO LACK OF KNOWLEDGE OF THE ENGLISH LANGUAGE, ARE IN NEED AND UNABLE TO GAIN EMPLOYMENT (E) TO PROVIDE FACILITIES FOR RECREATION OR OTHER LEISURE-TIME OCCUPATION TO PERSONS WHO HAVE NEED OF SUCH FACILITIES BY REASON OF THEIR YOUTH, AGE, INFIRMITY OR DISABLEMENT, POVERTYU OR SOCIAL AND ECONOMIC CIRCUMSTANCES",True,Medium,Dormant,Accommodation/housing
150,1057017,THE SHADWELL GARDENS TENANTS AND RESIDENTS ASSOCIATION,"SHADWELL TRA, 129 SHADWELL GARDENS, LONDON",E1 2QL,Bethnal Green and Stepney,02077913288,Shadwelltra@outlook.com,Not available,30/04/2024,18624.0,16301.0,Other,"Provides Services, Provides Advocacy/advice/information","General Charitable Purposes, Education/training, Amateur Sport","Children/young People, Elderly/old People, People With Disabilities, The General Public/mankind","1. To enhance the education of the community by providing language classes. 2. To provide and maintain facilities for the recreational and other leisure activities for the residents of this neighbourhood. 3. To provide cultural & prayer facilities for the residents. 4. To liaise with local Govt for housing, education & other purposes.","(1) TO ADVANCE THE EDUCATION OF THE PUBLIC BY THE PROVISION OF LANGUAGE CLASSES (20 TO PROVIDE AND MAINTAIN SUCH COMMUNITY MEETING PLACES IN ORDER TO PROVIDE FACILITIES FOR THE RECREATION AND OTHER LEISURE-TIME OCCUPATION OF THE RESIDENTS OF SHADWELL GARDENS AND THE NEIGHBOURHOOD WITH THE OBJECT OF IMPROVING THE CONDITIONS OF LIFE FOR ALL THOSE PERSONS WHO ARE IN NEED OF SUCH FACILITIES BY REASON OF THEIR YOUTH, AGE, INFIRMITY, OR DISABLEMENT, POVERTY OR SOCIAL ECONOMIC CIRCUMSTANCES",True,Small,Dormant,Amateur Sport
151,1057291,THE FAMILY & RELATIONSHIP CENTRE,"Unit 2, Stanton Gate, 49 Mawney Road, ROMFORD",RM7 7HL,Romford,01708447337,enquiries@relatelnee.org.uk,www.relatelnee.org.uk,31/03/2025,764875.0,939309.0,Charitable company,"Provides Services, Provides Advocacy/advice/information","Education/training, The Advancement Of Health Or Saving Of Lives, Economic/community Development/employment","Children/young People, Elderly/old People, People With Disabilities, The General Public/mankind","Relationship counselling, Youth counselling, Family counselling, GP counselling, Homeless Counselling, Sex Therapy,Sex Addiction,  Family Mediation, All Issues Mediation, all types of communication training including bespoke courses for organisations","(A0 TO EDUCATE THE PUBLIC CONCERNING THE INSTITUTION OF MARRIAGE WITH PARTICULAR REFERENCE TO EMOTIONAL, PHYSICAL AND SEXUAL RELATIONSHIPS; AND WITH A VIEW TO DEVELOPING PERSONAL RESPONSIBILITIES AND ENRICHING FAMILY LIFE (B) TO PROMOTE RESEARCH INTO ALL ASPECTS OF MARRIED LIFE AND TO PUBLISH THE RESULTS (C) TO SAFEGUARD AND PROTECT THE GOOD HEALTH BOTH MENTAL AND PHYSICAL OF ADULTS AND CHILDREN AND TO PREVENT POVERTY, HARDSHIP AND DISTRESS CAUSED BY THE BREAK-UP OF THE MARRIAGE",False,Medium,Dormant,The Advancement Of Health Or Saving Of Lives
152,1057627,SHAHPORAN MASJID AND ISLAMIC CENTRE TRUST,"Mosque, 444 Hackney Road, LONDON",E2 6QL,Bethnal Green and Stepney,02075370975,AMUSTAKIM58@HOTMAIL.COM,Not available,31/03/2025,297028.0,199928.0,Charitable company,Provides Buildings/facilities/open Space,"Education/training, Religious Activities","Children/young People, People Of A Particular Ethnic Or Racial Origin",The trust is established to advacnce Islamic religion and education,"TO ADVANCE THE ISLAMIC RELIGION AND TO ADVANCE THE EDUCATION OF THE PUBLIC IN ALL ASPECTS OF ISLAM (FOR FURTHER DETAILS, SEE CLAUSE 3 OF MEMORANDUM)",True,Medium,Dormant,Religious Activities
153,1057717,THE ISLAND SPORTS TRUST,"99 Thomas More Street, LONDON",E1W 1YD,Poplar and Limehouse,01304853465,info@islandsportstrust.co.uk,www.islandsportstrust.co.uk,31/03/2025,2383.0,233922.0,Charitable company,Provides Services,"Education/training, Amateur Sport, Recreation","Children/young People, People With Disabilities, The General Public/mankind",Public benefit within the Isle of Dogs and adjoining by providing facilities for public recreation or other leisure time occupation,THE COMPANY IS ESTABLISHED FOR THE PUBLIC BENEFIT WITHIN THE ISLE OF DOGS IN THE LONDON BOROUGH OF TOWER HAMLETS AND THE ADJACENT NEIGHBOURHOODS WITH THE OBJECT OF PROVIDING FACILITES FOR PUBLIC RECREATION OR OTHE RLEISURE TIME OCCUPATION IN THE INTERESTS OF SOCIAL WELFARE WITH THE OBJECT OF IMPROVING THE CONDITIONS OF LIFE OF THOSE WHO RESIDE AND WORK IN THE SAID AREA PROVIDED THAT IN FURTHERANCE OF ALL OR ANY OF THE ABOVE OBJECTS THE COMPANY SHALL HAVE THE POWER TO PROMOTE PROVIDE OR ASSIST ACTIVITIES OUTSIDE THE AREA REFERRED TO ABOVE WHERE IT IS OF THE OPINION THAT TO DO SO WILL BENEFIT THE INHABITANTS OF THE SAID AREA.,True,Micro,Dormant,Recreation
154,1057869,ISLAND BWO,"Flat 3, Thorne House, Launch Street, LONDON",E14 3LU,Poplar and Limehouse,02075152488,Islandbwo@gmail.com,Not available,31/12/2024,15720.0,19391.0,Other,"Provides Buildings/facilities/open Space, Provides Services, Provides Advocacy/advice/information, Other Charitable Activities","General Charitable Purposes, Education/training, Religious Activities, Arts/culture/heritage/science, Amateur Sport, Economic/community Development/employment, Other Charitable Purposes","Children/young People, Elderly/old People, People With Disabilities, People Of A Particular Ethnic Or Racial Origin, Other Charities Or Voluntary Bodies, The General Public/mankind","Youth Development 
Children Supplementary Classes 
Adult Education  
Summer Programme
Advice and Advocacy 
Prayer Centre 
Health and Fitness  
Cultural Activities 
Interfaith Activities and Dialogue
Football
Drugs Awareness 
Women's Project 
Councillor Surgery 
Housing surgery
Consultation","TO PROMOTE FOR THE BENEFIT OF THE INHABITANTS OF THE AREA OF BENEFIT IN PARTICULAR THE BANGLADESHI COMMUNITY RESIDING IN THE ISLE OF DOGS NEIGHBOURHOOD BY ASSOCIATING TOGETHER THE INHABITANTS AND THE LOCAL AUTHORITIES, VOLUNTARY AND OTHER ORGANISATIONS TO ADVANCE EDUCATION AND THE PROVISION OF FACILITIES IN THE INTERESTS OF SOCIAL WELFARE FOR RECREATION AND LEISURE-TIME OCCUPATION WITH THE OBJECT OF IMPROVING THE CONDITIONS OF LIFE OF LOCAL RESIDENTS.",True,Small,Dormant,Other Charitable Purposes
155,1059773,TOWER HAMLETS PARENTS CENTRE,"Tower Hamlets Parents Centre, 1 Links Yard, London",E1 5LX,Bethnal Green and Stepney,02076508936,parentscentre@yahoo.co.uk,www.thpc.org.uk,31/03/2025,138321.0,126574.0,Charitable company,"Provides Services, Provides Advocacy/advice/information, Sponsors Or Undertakes Research","Education/training, Economic/community Development/employment","Children/young People, People Of A Particular Ethnic Or Racial Origin, The General Public/mankind","ESOL, Literacy and Numeracy Classes,Representing children in admission appeals, disciplinary and exclusion hearings,Parenting Skills Courses, Saturday and Sunday Homework Clubs,Educational Advice and Information,Summer Holiday Programme,Annual Parents+ö+ç+û Conference,Educational Workshops",(A) THE PROVISION OF ADVICE AND INFORMATION WHICH HELPS PARENTS LIVING IN THE LONDON BOROUGH OF TOWER HAMLETS UNDERSTAND THE EDUCATIONAL NEEDS OF THEIR CHILDREN AND THEREBY ADVANCE THEIR EDUCATION  (B) TO ADVANCE THE EDUCATION OF THE PUBLIC BY THE PROVISION OF TRAINING IN PARENTING SKILLS,True,Medium,Dormant,Economic/community Development/employment
156,1060123,ANCHOR OF HOPE CHRISTIAN FELLOWSHIP,"120 OVAL ROAD SOUTH, DAGENHAM",RM10 9DS,Dagenham and Rainham,07956417121,anchorofhope1996@yahoo.co.uk,Not available,31/05/2024,423938.0,188334.0,Trust,"Makes Grants To Individuals, Makes Grants To Organisations, Provides Other Finance, Provides Human Resources, Provides Buildings/facilities/open Space, Provides Services, Provides Advocacy/advice/information, Other Charitable Activities","General Charitable Purposes, Education/training, The Advancement Of Health Or Saving Of Lives, Disability, The Prevention Or Relief Of Poverty, Overseas Aid/famine Relief, Accommodation/housing, Religious Activities, Arts/culture/heritage/science, Economic/community Development/employment, Human Rights/religious Or Racial Harmony/equality Or Diversity, Other Charitable Purposes","Children/young People, Elderly/old People, People With Disabilities, Other Charities Or Voluntary Bodies, The General Public/mankind","Our primary aim is the propagation of the Christian Faith, in all its ramifications. Apart from teaching the Word of God with the aim of building a people who have the fear of God in order to ensure a disciplined citizenry, we also embark on programes aimed at relief of poverty, famine and overseas aid. Beneficiaries of our activities are children/young people, elderly/old people.",TO ADVANCE THE CHRISTIAN RELIGION,False,Medium,Dormant,Accommodation/housing
157,1060395,SSBA COMMUNITY TRUST,"The Business Development Centre, 7-15 Greatorex Street, LONDON",E1 5NF,Bethnal Green and Stepney,02072471892,ssbact@ssba.info,www.ssba.info/ssbact,31/03/2025,154180.0,105201.0,Charitable company,"Provides Services, Provides Advocacy/advice/information, Other Charitable Activities","Education/training, Economic/community Development/employment","People With Disabilities, People Of A Particular Ethnic Or Racial Origin, Other Defined Groups","THE TRUST PROVIDES DEVELOPMENT SUPPORT AND HELP TO SMALL COMMUNITY PROJECTS AND CHARITABLE STATUS THROUGH TWO SPECIFIC TRAINING & ENTERPRISE PROJECTS DEVELOPED BY THE SSBA; POETRY IN WOOD A PROJECT TEACHING WOODWORKING & OTHER SKILLS TO PEOPLE WITH LEARNING DIFFICULTIES & HEBA, A PROJECT TEACHING DISADVANTAGED WOMEN ESOL, SEWING, IT & OTHER LIFE SKILLS.","(A) THE ADVANCEMENT OF THE EDUCATION OF THE PUBLIC; AND (B) THE RELIEF OF FINANCIAL NEED, AND IN PARTICULAR BUT NOT SO AS TO LIMIT THE GENERALITY OF THE FOREGOING (1) THE PROVISION OF EDUCATIONAL, TRAINING AND REHABILITATION FACILITIES FOR PERSONS LIVING OR WORKING IN EAST LONDON AND PARTICULARLY IN THE SPITAFIELDS AREA INCLUDING THOSE WHO ARE MENTALLY OR PHYSICALLY HANDICAPPED OR HAVE LEARNING DIFFICULTIES OF ANY KIND OR THROUGH THEIR SOCIAL OR ECONOMIC CIRCUMSTANCES ARE IN NEED AND ARE UNABLE TO OBTAIN EMPLOYMENT;AND (11) THE EDUCATION AND TRAINING OF WOMEN INCLUDING THOSE IN ETHNIC MINORITY GROUPS IN LANGUAGE AND OTHER SKILLS.",True,Medium,Dormant,Economic/community Development/employment
158,1061626,THE TOWER PROJECT,"TOWER PROJECT, 45-55 WHITE HORSE ROAD, LONDON",E1 0ND,Bethnal Green and Stepney,02077909085,info@towerproject.org.uk,www.towerproject.org.uk,31/03/2025,4388604.0,4264769.0,Charitable company,"Provides Services, Provides Advocacy/advice/information, Other Charitable Activities","General Charitable Purposes, Education/training, Disability, Accommodation/housing",People With Disabilities,"The Charity's object and its principal activity is to provide a range of social and educational programmes and services that provides projects for children, young people and adults with physical disabilities, sensory disabilities, autism and/or learning disabilities.","To promote the welfare of children, young people and adults with disabilities and/or learning difficulties, and/or long-term illness in any manner which now or hereafter may be deemed by law to be charitable within Greater London.",True,Large,Dormant,Accommodation/housing
159,1061671,REAL DPO LTD,"REAL, JACK DASH HOUSE, 2 LAWN HOUSE CLOSE, LONDON",,,020 7001 2170,hello@real.org.uk,www.real.org.uk,31/03/2025,586351.0,538458.0,Charitable company,"Provides Services, Provides Advocacy/advice/information","Education/training, Disability, Economic/community Development/employment, Human Rights/religious Or Racial Harmony/equality Or Diversity","Children/young People, Elderly/old People, People With Disabilities","Real supports disabled people and people with long term health conditions in Tower Hamlets, to live as independently as they chose, and obtain full rights and privileges as citizens, in accordance with the social model of disability and the UN Convention on the Rights of Persons with Disabilities. We deliver advocacy, information and advice, and engagement and community voice projects",FOR THE RELIEF OF DISABLED PEOPLE IN THE LONDON BOROUGH OF TOWER HAMLETS AND THE SURROUNDING BOROUGHS WITHIN GREATER LONDON TO ENABLE THEM TO OBTAIN THEIR FULL RIGHTS AND PRIVILEGES AS CITIZENS AND TO OBTAIN THEIR INHERENT RIGHT TO LIFE ON AN EQUAL BASIS WITH OTHERS IN ACCORDANCE WITH THE SOCIAL MODEL OF DISABILITY AND THE UN CONVENTION FOR DISABLED PEOPLE,False,Medium,Dormant,Human Rights/religious Or Racial Harmony/equality Or Diversity
160,1062565,NEWHAM CONSERVATION VOLUNTEERS,"58 Buxton ROAD, LONDON",E15 1QU,Stratford and Bow,07849964340,LES.RICE06@BTINTERNET.COM,Not available,31/03/2025,0.0,275.0,Other,"Provides Human Resources, Provides Services, Provides Advocacy/advice/information","Education/training, Environment/conservation/heritage","Children/young People, Elderly/old People, People With Disabilities, People Of A Particular Ethnic Or Racial Origin, Other Charities Or Voluntary Bodies, Other Defined Groups, The General Public/mankind","Newham Conservation Volunteers was founded in 1994 and undertakes practical environmental conservation activities to develop, conserve, protect and restore the natural resources, animal and plant life of the land, ponds and waterways in the London Borough of Newham and elsewhere in Greater London.  These activities include conservation, tools training, wildflower meadow creation and tree planting.","TO DEVELOP , CONSERVE, PROTECT AND RESTORE THE NATURAL RESOURCES AND ANIMALS AND PLANT LIFE OF THE LAND AND PONDS IN THE LONDON BOROUGH OF NEWHAM.",False,,Dormant,Environment/conservation/heritage
161,1064145,COMMUNITY ENLIGHTENMENT,"Flat G04, Ellmers Court, 4 Aqua Vista Square, LONDON",E3 4FG,Poplar and Limehouse,07507 569 700,k.hussain2010@hotmail.co.uk,Not available,31/03/2025,0.0,128.0,Other,"Provides Human Resources, Provides Services, Provides Advocacy/advice/information, Other Charitable Activities","Education/training, Arts/culture/heritage/science, Amateur Sport, Economic/community Development/employment","Children/young People, Elderly/old People, People With Disabilities, People Of A Particular Ethnic Or Racial Origin","The COMMUNITY ENLIGHTENMENT is running Mother Tongue, Supplementary Study Support Classes, Youth Activities, Lunch Club for Elder People, Cultural Activities, Advice Session, and other various activities for Women, unemployed, elders and pensioners.","[1]ADVANCE THE EDUCATION IN THE LONDON BOROUGH OF TOWER HAMLETS, PARTICULARLY IN THE POPLAR AREA, AND ELSEWHERE IN THE UNITED KINGDOM AND IN PARTICULAR TO ADVANCE EDUCATION AMONG PEOPLE OF BENGALLI ETHNIC ORIGIN IN THE LONDON BOROUGH OF TOWER HAMLETS, PARTICULARLY IN THE POPLAR AREA, AND ELSEWHERE IN THE UNITED KINGDOM. [2] EDUCATE AND ASSIST YOUNG PEOPLE UNDER THE AGE OF 26 OF BENGALI ETHNIC ORIGIN IN THE LONDON BOROUGH OF TOWER HAMLETS, PARTICULAR, AND ELSEWHERE  IN THE UNITED KINGDOM THROUGH THEIR LEISURE TIME  ACTIVITIES  TO  DEVELOP THEIR  PHYSICAL MENTAL AND SPIRITUAL CAPACITIES THAT THEY  MAY GROW TO FULL  MATURITY AS INDIVIDUALS AND MEMBERS  OF SOCIETY AND THAT THEIR CONDITIONS OF LIFE MAY BE IMPROVED. [3] RELIEVE POVERTY AMONG PEOPLE  OF BENGALI ETHNIC ORIGIN IN THE LONDON BOROUGH OF TOWER HAMLETS, PARTICULARLY IN THE POPAR AREA, AND ELSEWHERE IN THE UNITED KINGDOM IN PARTICULAR BY THE PROVISION OF ADVICE AND COUNSELLING TO DISABLED AND ELDERLY PERSONS OF BENGALI ETHIC ORIGIN. [4] PROMOTE GOOD RACE RELATIONS IN THE LONDON BOROUGH OF TOWER HAMLETS, PARTICULARLY IN THE POPLAR AREA , AND ELSEWHERE IN THE UNITED KINGDOM BY ENDEAVOURING TO ELIMINATE DISCRIMINATION ON THE GROUNDS OF RACE AND BY ENCOURAGING EQUALITY OF OPPORTUNITY BETWEEN PERSONS OF DIFFERENCE ETHNIC AND RACIAL GROUPS. [5] TO DO OTHER THINGS  INCIDENTAL THERETO, PROVIDED  THAT THEY ARE ARE CHARITABLE AT LAW.",True,,Dormant,Amateur Sport
162,1065082,EAST END COMMUNITY SCHOOL,"EAST END COMMUNITY SCHOOL, 33-35 Goulston Street, LONDON",E1 7TP,Bethnal Green and Stepney,07821 000 038,EECS1977@HOTMAIL.COM,Not available,31/03/2023,0.0,338.0,Other,Provides Services,Education/training,Children/young People,"The purpose of the charity is to provide a safe place for services and activities to help 5 to 16 year old children to learn their mother tongue language, bangla, and to give assistance to complete their school work  mainly  English, Mathematics and Science subjects.","A. TO PROMOTE ANY CHARITABLE PURPOSES FOR THE BENEFIT OF THOSE LIVING AND WORKING WITHIN THE SPITALFIELD WARD OF THE LONDON BOROUGH OF TOWER HAMLETS (THE 'AREA OF BENEFIT') AND IN PARTICULAR THE BENGALI COMMUNITY WITHOUT DISTINCTION OF SEX OR OF POLITICAL OR OTHER OPINIONS;B. THE ADVANCEMENT OF EDUCATION AMONG THOSE LIVING OR WORKING WITHIN THE SPITALFIEKDS WARD OF THE LONDON BOROUGH OF TOWER HAMLETS;C, THE PROVISION OF RECREATIONAL FACILITIES FOR THOSE LIVING OR WORKING WITHIN THE AREA OF BENEFIT WHO ARE IN NEED OF SUCH FACILITIES BY REASONS OF THEIR SOCIAL AND ECONOMIC CIRCUMSTANCES AND WITH THE OBJECT OF IMPROVING THEIR CONDITIONS OF LIFE;",True,,Dormant,Education/training
163,1067844,HOLY GHOST TEMPLE OF FAITH,"16 Morrison Road, LONDON",SW9 7EZ,Dulwich and West Norwood,07903027334,lucinderpalmer@tiscali.co.uk,Not available,02/11/2022,0.0,0.0,Other,"Provides Buildings/facilities/open Space, Provides Services","The Prevention Or Relief Of Poverty, Religious Activities","Children/young People, Elderly/old People, The General Public/mankind","Religious activities; Help and support for the young, elderly and mankind in general.",(1) TO ADVANCE THE CHRISTIAN RELIGION IN THE UNITED KINGDOM OR ABROAD (11) TO RELIEVE PERSONS WHO ARE IN CONDITIONS OF NEED HARDSHIP OR DISTRESS OR ARE AGED OR SICK IN THE UNITED  KINGDOM OR ABROAD.,False,,Dormant,Religious Activities
164,1067950,BENGALI WELFARE AND CULTURAL SOCIETY (REDBRIDGE),"Flat 68, Sleaford House, Fern Street, London",E3 3PZ,Poplar and Limehouse,07855681336,mjlondon@hotmail.co.uk,Not available,31/07/2024,150.0,75.0,Charitable company,"Provides Human Resources, Provides Buildings/facilities/open Space, Provides Services, Provides Advocacy/advice/information","General Charitable Purposes, Education/training, Overseas Aid/famine Relief, Arts/culture/heritage/science, Amateur Sport, Economic/community Development/employment","Children/young People, Elderly/old People, People Of A Particular Ethnic Or Racial Origin, The General Public/mankind","CHARITY OPERATES LONDON AREA,MAINLY REDBRIDGE AREA","THE OBJECT FOR THE SOCIETY IS ESTABLISHED ARE PRINCIPALLY , BUT EXCLUSIVELY FOR THE BENEFIT OF ANY BENGALI WHEREVER IN THE WORLD HE OR SHE MAY BE RESIDING WITH PARTICULAR REFERENCES TO THE BENGALIS LIVING AND WORKING WITHIN AND AROUND THE LONDON BOROUGH OF REDBRIDGE, AND OTHER ADJOINING LONDON BOROUGHS FOR THE PURPOSE OF CARRYING OUT SUCH OF THE FOLLOWING PURPOSES AS ARE CHARITABLE :[1] THE RELIEF OF POVERTY, ISOLATION AND DISTRESS.[2] THE ADVANCEMENT OF EDUCATION OF AND PROVISION OF FINANCIAL ASSASSINATE FOR THEIR EDUCATION AND OF THEIR DEPENDANTS.[3] THE RELIEF OF SICKNESS AND THE PROTECTION OF HEALTH.[4] THE PROVISION OF FACILITIES FOR RECREATION AND OTHER LEISURE OCCUPATION IN THE INTERESTS OF SOCIAL WELFARE WITHIN THE MEANING OF THE RECREATIONAL CHARITIES ACT 1958 AND AS LIMITED IN THAT ACT,[5] HELP THE ELDERLY AND DISADVANTAGED THROUGH PROVISIONS OF AVAILABLE COMMUNITY BASED FACILITIES ; E G CARE SERVICES , NURSING FACILITIES, LUNCHEON / RECREATION AND LEISURE  CLUBS, DAY TRIPS AND OUTGOING , ADVICE ON COMMUNITY HEALTH CARE SERVICE INCLUDING DAY CENTRES GEARED TO THE SPECIAL AND SPECIFIC NEEDS OF THE COMMUNITIES, SHELTERED ACCOMMODATION WITH SPECIFIC CULTURE SENSITIVE NEEDS . PLACES OF WORSHIP , NURSING HOMES .HOSPITALS, PENSIONS AND BENEFITS AND ALL OTHER MATTERS THAT MAY IMPROVE THE QUALITY OF LIFE.[5] HELP THE YOUTH BY PROVIDING ADVICE , INFORMATION AND RESOURCES ON EDUCATION, HEALTH, RECREATION AND OTHER FACILITIES.",True,Micro,Dormant,Overseas Aid/famine Relief
165,1068525,FRIENDS OF ALL HALLOWS BY THE TOWER CHURCH,"ALL HALLOWS BY THE TOWER CHURCH, BYWARD STREET, LONDON",EC3R 5BJ,Cities of London and Westminster,02074812928,parish@ahbtt.org.uk,www.friendsofallhallowsbythetowerlondon.org,31/12/2024,220.0,0.0,Other,Makes Grants To Organisations,Religious Activities,"Other Charities Or Voluntary Bodies, Other Defined Groups","CHARITABLE OBJECTS ARE TO MAINTAIN, REPAIR, RESTORE, PRESERVE, IMPROVE, BEAUTIFY AND CONSTRUCT FOR THE BENEFIT OF THE PUBLIC THE FABRIC OF THE CHURCH OF ALL HALLOWS BY THE TOWER ITS MONUMENTS, FIXTURES, FITTINGS, FURNITURE, STAINED GLASS, ORNAMENTS AND OTHER CHATTELS AS WELL AS ITS SURROUNDING GROUNDS","TO MAINTAIN ,REPAIR , RESTORE, PRESERVE, IMPROVE , BEAUTIFY AND CONSTRUCT  FOR THE BENEFIT  OF THE PUBLIC THE FABRIC OF THE CHURCH OF ALL HALLOWS BY THE TOWER ITS MONUMENTS, FIXTURES, FITTINGS, FURNITURE, STAINED GLASS, ORNAMENTS AND OTHER CHATTELS AS WELL AS ITS SURROUNDING GROUNDS.",False,Micro,Dormant,Religious Activities
166,1068852,HISTORIC ROYAL PALACES,"Historic Royal Palaces, Hampton Court Palace, East Molesey",KT8 9AU,Twickenham,0333 320 6000,info@hrp.org.uk,www.hrp.org.uk,31/03/2025,138596000.0,108351000.0,Other,"Provides Buildings/facilities/open Space, Provides Services, Sponsors Or Undertakes Research","Education/training, Arts/culture/heritage/science, Environment/conservation/heritage",The General Public/mankind,"a)to manage, conserve, renovate and repair the Palaces (Hampton Court, Tower of London, Kensington Palace, Kew Palace, Banqueting House, Hillsborough Castle) to a high standard consistent with their status; 
b)to help everyone to learn about the Palaces, the skills required for their conservation and the wider story of how monarchs and people together have shaped society, by all appropriate means","FOR THE BENEFIT OF THE NATION:   (A) TO MANAGE, CONSERVE, RENOVATE, REPAIR, MAINTAIN AND IMPROVE THE PALACES (""THE PALACES"" BEING THE TOWER OF LONDON; HAMPTON COURT PALACE; THE STATE APARTMENTS AND ORANGERY AT KENSINGTON PALACE; THE BANQUETING HOUSE, WHITEHALL;  KEW PALACE WITH QUEEN CHARLOTTE'S COTTAGE; AND OTHER PALACE OR PROPERTY CONSIDERED BY THE TRUSTEES TO BE OF ROYAL ASSOCIATION AND HISTORIC AND/OR ARCHITECTURAL IMPORTANCE AND AGREED BY US AND OUR SECRETARY OF STATE; TOGETHER WITH ANY ASSOCIATED GARDENS, LANDS, BUILDINGS AND CONTENTS OTHER THAN THE COLLECTION OF THE ROYAL ARMOURIES) TO A HIGH STANDARD CONSISTENT WITH THEIR STATUS AS BUILDINGS OF ROYAL ASSOCIATION AND HISTORIC AND/OR ARCHITECTURAL IMPORTANCE;  AND (B) TO HELP EVERYONE TO LEARN ABOUT THE PALACES, THE SKILLS REQUIRED FOR THEIR CONSERVATION AND THE WIDER STORY OF HOW MONARCHS AND PEOPLE TOGETHER HAVE SHAPED SOCIETY BY PROVIDING PUBLIC ACCESS, BY EXHIBITION, BY EVENTS AND EDUCATION PROGRAMMES, BY THE PREPARATION OF RECORDS, BY RESEARCH AND BY PUBLICATION AND BY SUCH OTHER MEANS AS ARE APPROPRIATE.",False,Major,Dormant,Environment/conservation/heritage
167,1069987,ASIAN MUSLIM CULTURAL ASSOCIATION,"145 SHADWELL PLACE, LONDON",E1 2QB,Bethnal Green and Stepney,02032173048,m.a.shahid@hotmail.com,Not available,31/03/2024,102142.0,46880.0,Other,"Provides Human Resources, Provides Buildings/facilities/open Space, Provides Services, Provides Advocacy/advice/information","General Charitable Purposes, Education/training, Religious Activities, Economic/community Development/employment, Human Rights/religious Or Racial Harmony/equality Or Diversity, Other Charitable Purposes","Children/young People, Elderly/old People, People Of A Particular Ethnic Or Racial Origin, The General Public/mankind",To provide educational & cultural facilities to the young and adult Muslims of Shadwell and its surroundings. The charity also provide social welfare and worship facilities to the local public.,"(A) TO ADVANCE THE MUSLIM RELIGION. (B) TO ADVANCE THE EDUCATION OF THE PUBLIC IN THE MANY FACETS OF THE ASIAN MUSLIM CULTURE. (C) THE PROVISION OF FACILITIES FOR THE RECREATION AND OTHER LEISURE TIME OCCUPATION WITH THE OBJECT OF IMPROVING THE CONDITION OF LIFE FOR THOSE PERSONS WHO ARE IN NEED OF SUCH FACILITIES BY REASON OF THEIR YOUTH, AGE, INFIRMITY OR DISABLEMENT, POVERTY OR SOCIAL OR ECONOMIC CIRCUMSTANCES. (D) THE RELIEF OF POVERTY BY THE PROVISION OF ADVICE AND INFORMATION CONCERNING HEALTH, HOUSING, RACE RELATIONS, WELFARE RIGHTS, AND OTHER SUCH MATTERS.",True,Medium,Dormant,Human Rights/religious Or Racial Harmony/equality Or Diversity
168,1070611,CLAREMONT PROJECT (ISLINGTON),"Claremont Project, 24-27 White Lion Street, Islington, LONDON",N1 9PD,Islington South and Finsbury,02076898091,admin@claremont-project.org,www.claremont-project.org,31/03/2025,682812.0,668874.0,Charitable company,"Provides Human Resources, Provides Buildings/facilities/open Space, Provides Services, Provides Advocacy/advice/information, Acts As An Umbrella Or Resource Body","The Advancement Of Health Or Saving Of Lives, The Prevention Or Relief Of Poverty, Arts/culture/heritage/science, Environment/conservation/heritage, Economic/community Development/employment","Children/young People, Elderly/old People, People With Disabilities, Other Charities Or Voluntary Bodies","Claremont is about people having opportunities to shine and live happier, socially connected, and engaged lives. We work with those most vulnerable to the social determinants of health, especially people who are older, who are experiencing psychological difficulties, and people who are lonely, isolated, socially excluded or marginalised.","(A) TO PROMOTE SUCH CHARITABLE PURPOSES AS THE TRUSTEES SHALL THINK FIT, IN PARTICULAR THROUGH NOT LIMITED TO: (B) TO PROMOTE THE WELFARE OF THE INHABITANTS OF THE LONDON BOROUGH OF ISLINGTON AND SURROUNDING AREAS BY BRINGING TOGETHER INHABITANTS AND THE LOCAL AUTHORITIES, VOLUNTARY AND OTHER ORGANISATIONS AND PROVIDING RECREATIONAL FACILITIES; (C) TO ADVANCE EDUCATION, ADVANCE RELIGION, PROTECT AND PRESERVE HEALTH, RELIEVE POVERTY, SICKNESS AND DISTRESS.",False,Medium,Dormant,Environment/conservation/heritage
169,1071141,ROYAL AIR FORCES ASSOCIATION CITY AND CENTRAL LONDON BRANCH,"99 Central Road, MORDEN",SM4 5SQ,Mitcham and Morden,02087306143,annsusanbrown@talktalk.net,Not available,31/12/2024,0.0,9369.0,Other,"Makes Grants To Organisations, Provides Services",General Charitable Purposes,Other Defined Groups,Meetings for members and welfare support for RAF associated people in area,AS PER RAFA (226686),False,,Dormant,General Charitable Purposes
170,1071668,EASTSIDE COMMUNITY HERITAGE,"School 360, 5 Sugar House Lane, LONDON",E15 2QS,Stratford and Bow,02085533116,office@ech.org.uk,www.hidden-histories.org,31/03/2025,173262.0,207818.0,Charitable company,"Provides Human Resources, Sponsors Or Undertakes Research","General Charitable Purposes, Education/training, The Prevention Or Relief Of Poverty, Arts/culture/heritage/science, Environment/conservation/heritage, Economic/community Development/employment","Children/young People, Elderly/old People, People With Disabilities, People Of A Particular Ethnic Or Racial Origin, The General Public/mankind","To record, document and preserve the peoples history of east and south east london, to provide educational activities and community history projects, to provide historical, social and cultural research","(1) TO PROMOTE, MAINTAIN, IMPROVE AND ADVANCE EDUCATION BY ENCOURAGING AND STIMULATING PUBLIC UNDERSTANDING AND APPRECIATION OF THE HISTORY AND CONTEMPORARY DEVELOPMENT OF EAST LONDON AND GENERALLY TO CULTIVATE AND IMPROVE THE STUDY OF EAST LONDON, IN PARTICULAR BUT NOT EXCLUSIVELY THROUGH THE PROVISION OF HERITAGE BASED ACTIVITIES, USING MEDIUMS SUCH AS ART, DRAMA, EXHIBITIONS, PUBLICATIONS, THEATRE LITERATURE, DANCE AND MUSIC; AND (11) TO PROMOTE GOOD RACE RELATIONS BY THE PROVISION OF ADVICE AND PRACTICAL SUPPORT TO INDIVIDUALS AND GROUPS ENGAGED IN ANY OF THE LAST MENTIONED ACTIVITIES.",False,Medium,Dormant,Environment/conservation/heritage
171,1071838,DOCKLANDS OUTREACH COMPANY LIMITED,"DOCKLANDS OUTREACH, ST MATTHIAS CHURCH, 113 POPLAR HIGH STREET, LONDON",E14 0AE,Poplar and Limehouse,02075381601,info@dockout.org.uk,www.dockout.org.uk,31/03/2025,606626.0,424411.0,Charitable company,"Provides Services, Provides Advocacy/advice/information, Sponsors Or Undertakes Research","Education/training, The Advancement Of Health Or Saving Of Lives, The Prevention Or Relief Of Poverty, Accommodation/housing, Economic/community Development/employment","Children/young People, People Of A Particular Ethnic Or Racial Origin, Other Defined Groups","Docklands Outreach is a health and preventative social inclusion agency providing comprehensive services to young people, children and families. We work with those who are affected by  social, mental or physical issues that can lead to risk of harm by providing therapeutic and practical support.","TO ADVANCE EDUCATION AND PRESERVE AND PROTECT THE HEALTH OF PERSONS IN EAST LONDON AND SURROUNDING AREAS BY THE FREE PROVISION OF ADVICE, CARE, COUNSELLING, DELIVERY OF INFORMATION, MEDICAL ASSISTANCE, SERVICES, TRAINING, EDUCATIONAL, PREVENTATIVE AND HARM MINIMISATION PROGRAMMES IN THE FIELDS OF DRUGS AND DRUG MIS-USE, SEXUAL HEALTH (INCLUDING HUMAN IMMUNODEFICIENCY VIRUS (HIV) AND ACQUIRED IMMUNE DEFICIENCY SYNDROME (AIDS) AND OTHER RELATED SOCIAL, MENTAL OR PHYSICAL ISSUES.",True,Medium,Dormant,Accommodation/housing
172,1072335,CANALS IN HACKNEY USERS GROUP,"Mooring 75, 305 Kingsland Road, LONDON",E8 4EG,Hackney South and Shoreditch,07946320150,info@canalsinhackney.org,https://canalsinhackney.org/,30/11/2024,63099.0,47550.0,Charitable company,Provides Human Resources,"Accommodation/housing, Environment/conservation/heritage, Economic/community Development/employment","Other Defined Groups, The General Public/mankind","CHUG promotes the use of the canal for the benefit of the people of Hackney and the surrounding area. Its goals include educating and advocating for the canal and the associated environmental, historical and planning issues. Activities include Kingsland Basin clean up days, planning committee meetings, managing the moorings at Kingsland Basin and social events for basin residents.","(1) TO EDUCATE THE PUBLIC ABOUT INLAND WATERWAYS AND IN PARTICULAR TO ENCOURAGE AND PROMOTE THE USE OF THE CANAL FOR THE BENEFIT OF THE PEOPLE OF HACKNEY AND THE SURROUNDING COMMUNITIES. (B) TO PROVIDE IN THE INTERESTS OF SOCIAL WELFARE FACILITIES FOR RECREATION AND OTHER LEISURE TIME OPPORTUNITIES FOR THE PEOPLE OF HACKNEY AND SURROUNDING COMMUNITIES BEING FACILITIES OF WHICH THOSE PERSONS HAVE NEED BY REASON OF THEIR YOUTH, AGE, INFIRMITY OR DISABLEMENT, POVERTY OR SOCIAL AND ECONOMIC CIRCUMSTANCES  TO IMPROVE THE CONDITIONS OF LIFE FOR SUCH PERSONS BY PROMOTING THEIR PHYSICAL, MENTAL AND SPIRITUAL WELL-BEING.",False,Small,Dormant,Accommodation/housing
173,1072381,VERNON PRE-SCHOOL PLAYGROUP,"St. Stephens Estate Based Office, 29 Vernon Road, LONDON",E3 5HQ,Stratford and Bow,02089817516,vernonplaygroup@btinternet.com,Not available,31/03/2025,215480.0,202860.0,Other,Provides Services,Education/training,Children/young People,We are an ofsted registered playgroup. Providing learning through play for children aged 2 years to 5 years old.,TO ADVANCE THE EDUCATION OF CHILDREN BELOW COMPULSORY SCHOOL AGE IN TOWER HAMLETS.,True,Medium,Dormant,Education/training
174,1072524,HERTFORDSHIRE CONCERT BAND,"42 BLACKMORE, LETCHWORTH GARDEN CITY",SG6 2SZ,North East Hertfordshire,01462673535,contacthcb@gmail.com,www.hertfordshireconcertband.co.uk,31/08/2025,5114.0,4562.0,Other,Other Charitable Activities,Arts/culture/heritage/science,The General Public/mankind,To promote public education in and appreciation of the art of wind band music in all its aspects by the presentation of public wind band concerts and by such other ways as the society through it's committee shall from time to time determine,TO PROMOTE PUBLIC EDUCATION IN AND APPRECIATION OF THE ART OF WIND BAND MUSIC IN ALL ITS ASPECTS BY THE PRESENTATION OF PUBLIC WIND BAND CONCERTS AND BY SUCH OTHER WAYS AS THE SOCIETY THROUGH ITS COMMITTEE SHALL FROM TIME TO TIME DETERMINE.,False,Micro,Dormant,Arts/culture/heritage/science
175,1072567,ABERFELDY MILLENNIUM GREEN TRUST,"ABERFELDY STREET, LONDON",E14 0NU,Poplar and Limehouse,02075156794,Not available,Not available,31/03/2008,0.0,373.0,Other,Provides Buildings/facilities/open Space,"Arts/culture/heritage/science, Amateur Sport, Environment/conservation/heritage",The General Public/mankind,,"THE TRUSTEES SHALL HOLD THE TRUST FUND AND ITS INCOME UPON TRUST TO APPLY THEM TO THE PROVISION OF THE PROPERTY AND SHALL ACCORDINGLY HOLD ANY PROPERTY TO PROVIDE, AND MAINTAIN AN OPEN SPACE TO BE KNOWN AS ""ABERFELDY MILLENNIUM GREEN"" FOR THE BENEFIT OF THE INHABITANTS AND TO BE USED FOREVER AS AN AREA FOR INFORMAL RECREATION PLAY OR OTHER LEISURE TIME OCCUPATIONS A MEETING AREA OR PLACE FOR COMMUNITY EVENTS AND FOR ANY OTHER LAWFUL PURPOSE CONSISTENT WITH THESE TRUSTS AND FOR THE GENERAL BENEFIT OF THE COMMUNITY",True,,Dormant,Environment/conservation/heritage
176,1072655,NEWHAM MONITORING PROJECT,"70 GODWIN ROAD, LONDON",E7 0LG,Stratford and Bow,02085559643,newhammonitoringproject@gmail.com,www.nmp.org.uk,31/03/2025,0.0,284.0,Charitable company,"Provides Human Resources, Provides Buildings/facilities/open Space, Provides Advocacy/advice/information, Acts As An Umbrella Or Resource Body","General Charitable Purposes, Education/training, Economic/community Development/employment","People Of A Particular Ethnic Or Racial Origin, Other Charities Or Voluntary Bodies, The General Public/mankind",NMP exists to promote the education of the public towards improving race relations in the east London area.,"1. TO RELIEVE PERSONS SUFFERING FROM FINANCIAL HARDSHIP, SICKNESS OR DISTRESS AND IN PARTICULAR SUCH PERSONS WHO HAVE SUFFERED RACIAL HARASSMENT, BY PROVIDING AND ASSISTING IN THE PROVISION OF ADVICE, COUNSELLING, SUPPORT AND OTHER ASSISTANCE IN MATTERS CONCERNING THE LAW, IMMIGRATION, EMPLOYMENT, HOUSING, ADVOCACY, WELFARE RIGHTS AND OTHER MATTERS. 2. TO PROMOTE GOOD RELATIONS BY ENDEAVORING (A) TO RAISE LEVELS OF RACIAL TOLERANCE AMONG CHILDREN, YOUNG PEOPLE AND ADULTS AND (B) TO ELIMINATE DISCRIMINATION ON THE GROUNDS OF RACE AND ENCOURAGE EQUALITY OF OPPORTUNITY BETWEEN PERSONS OF DIFFERENT RACIAL GROUPS AND THEREBY TO WORK TOWARDS THE ELIMINATION OF RACISM.",False,,Dormant,Economic/community Development/employment
177,1072697,MAITLANDS FUND CHARITABLE TRUST,"2 STADE STREET, HYTHE",CT21 6BD,Folkestone and Hythe,01303262525,hm1@henrymoorheadandco.co.uk,Not available,31/03/2025,17066.0,8690.0,Other,Makes Grants To Organisations,"Disability, The Prevention Or Relief Of Poverty",Children/young People,Making donations to charities in the Tower Hamlets area of London.,TO OR FOR THE BENEFIT OF DEPRIVED AND HANDICAPPED CHILDREN AND YOUNG PEOPLE LIVING IN THE TOWER HAMLETS AREA OF LONDON IN SUCH MANNER AS THE TRUSTEES SHALL FROM TIME TO TIME IN THEIR ABSOLUTE DISCRETION THINK FIT.,False,Small,Dormant,Disability
178,1075206,BIJOY YOUTH GROUP,"191 Roman Road, LONDON, Bethnal Green",E2 0QY,Bethnal Green and Stepney,07568141002,bijoy-youthgroup@hotmail.com,bijoy-youthgroup@hotmail.com,31/03/2025,37816.0,35873.0,Other,"Provides Services, Provides Advocacy/advice/information","General Charitable Purposes, Education/training, The Advancement Of Health Or Saving Of Lives, Religious Activities, Arts/culture/heritage/science, Amateur Sport, Economic/community Development/employment","Children/young People, Elderly/old People, People With Disabilities, Other Charities Or Voluntary Bodies","supplementary education classess;  occassional community cohesion sessions for local tenants, residents and  users; capacity building training programme for members & volunteers; elderly sessions for local elderly & pensioners; summer & easter paly schemes for local young people, advice and information sessions; counselling sessions for elderly and young alike, job clubs fro local unemployed peopl","3.1 TO PROMOTE THE BENEFIT OF BANGLADESHI PEOPLE RESIDENT IN THE LONDON BOROUGHS OF HACKNEY, NEWHAM AND TOWER HAMLETS BY ASSOCIATING TOGETHER THE INHABITANTS AND THE LOCAL AUTHORITIES, VOLUNTARY AND OTHER ORGANISATIONS TO ADVANCE EDUCATION, AND TO PROVIDE FACILITIES IN THE INTERESTS OF SOCIAL WELFARE FOR RECREATION AND LEISURE TIME OCCUPATION WITH THE OBJECT OF IMPROVING THE CONDITIONS OF LIFE FOR THE INHABITANTS OF THE AREA OF BENEFIT.
3.2 TO ORGANISE CULTURAL, RECREATIONAL AND FAITH BASED RELIGIOUS ACTIVITIES FOR OLD AND YOUNG ALIKE IN THE SAID AREA IN ORDER TO ENHANCE THEIR UNDERSTANDING ON ISSUES SUCH AS COMMUNITY COHESION, RACE RELATION AND MULTI FAITH AND MULTI CULTURAL VISION.",True,Small,Dormant,Amateur Sport
179,1075401,BOW MUSLIM COMMUNITY CENTRE,"515B - 517 ROMAN ROAD, BOW, LONDON",E3 5EL,Stratford and Bow,02089834485,Not available,Not available,31/03/2025,183185.0,55689.0,Other,"Provides Buildings/facilities/open Space, Provides Services, Other Charitable Activities","Education/training, Religious Activities","Children/young People, Elderly/old People, People Of A Particular Ethnic Or Racial Origin","Providing help and assistance, mainly educational and religious, to the local Muslim community to overcome their disadvantages and improve their condition of life","ESTABLISHED FOR THE BENEFITS OF PERSONS IN THE BOW NEIGHBORHOOD OF THE LONDON BOROUGH OF TOWER HAMLETS AND IN PARTICULAR THE MUSLIM COMMUNITY , TO ADVANCE THE MUSLIM RELIGION , ADVANCE EDUCATION , RELIEVE POVERTY , AND PROVIDE OR ASSIST IN THE PROVISION OF FACILITIES FOR RECREATION OR LEISURE-TIME  OCCUPATION WITH THE OBJECT OF IMPROVING THE CONDITIONS OF LIFE OF THE ABOVE-MENTIONED PERSONS.",True,Medium,Dormant,Religious Activities
180,1075458,BURDETT ESTATE PLAYGROUP,"1-2 BUTLER HOUSE, BURDETT ROAD, LONDON",E14 7AB,Poplar and Limehouse,02079876297,kim@matchboxnursery.co.uk,Not available,31/03/2025,152652.0,108427.0,Other,"Provides Human Resources, Provides Buildings/facilities/open Space, Provides Services",Education/training,"Children/young People, People With Disabilities","To advance the education of children below compulsory school age in Tower Hamlets, providing safe and satisfying group play, in which parents have the right to take part.
Encouraging other charitable activities through which parents may help the children.","TO ADVANCE THE EDUCATION OF CHILDREN BELOW COMPULSORY SCHOOL AGE IN TOWER HAMLETSA) PROVIDING SAFE AND SATISFYING GROUP PLAY, IN WHICH PARENTS HAVE THE RIGHT TO TAKE PART:B) ENCOURAGING OTHER CHARITABLE ACTIVITIES THROUGH WHICH PARENTS MAY HELP THE CHILDREN.",True,Medium,Dormant,Education/training
181,1075594,ST PETER'S BENGALI ASSOCIATION,"MINERVA HOUSING CENTRE, 10 MINERVA STREET, LONDON",E2 9EH,Bethnal Green and Stepney,02036052032,stpetersba@live.co.uk,www.stpetersba.com,31/03/2025,26719.0,15762.0,Other,"Provides Human Resources, Provides Services, Provides Advocacy/advice/information","Education/training, The Advancement Of Health Or Saving Of Lives, The Prevention Or Relief Of Poverty, Accommodation/housing, Economic/community Development/employment","Children/young People, Elderly/old People, People Of A Particular Ethnic Or Racial Origin, The General Public/mankind","Supplementary Education and Study Support Class for ChildrenMother Tongue Language ClassesWelfare Advice and Information ServiceYoung Engagement Programme","THE CHARITY IS ESTABLISHED TO ADVANCE THE EDUCATION, INCLUDING THE PHYSICAL DEVELOPMENT, OF CHILDREN (IN PARTICULAR OF BENGALI ORIGIN) IN THE LONDON BOROUGH OF TOWER HAMLETS AND HACKNEY.",True,Small,Dormant,Accommodation/housing
182,1075681,THE INTERNATIONAL SPACE SCHOOL EDUCATIONAL TRUST,"ISSET, CARLTON HOUSE, 5 HERBERT TERRACE, PENARTH, SOUTH GLAMORGAN",CF64 2AH,Cardiff South and Penarth,02920710295,admin@isset.org,www.isset.org,28/02/2025,600.0,600.0,Trust,"Makes Grants To Organisations, Provides Human Resources, Provides Services",Education/training,"Children/young People, People With Disabilities","The advancement of education through the creation. maintenance and development of facilities for the teaching and exchange of information, data, ideas and experiences concerning space travel and the work of astronauts.   The provision of bursaries in the form of assistance with travel, fees and books.   The fostering of educational exchanges by pupils and teachers from the UK and overseas","THE ADVANCEMENT OF EDUCATION GENERALLY AND IN PARTICULAR THROUGH1.  .THE CREATION MAINTENANCE AND DEVELOPMENT OF FACILITIES FOR THE TEACHING AND EXCHANGE OF INFORMATION, IDEAS, DATA AND EXPERIENCES CONCERNING SPACE, SPACE TRAVEL, THE WORK OF ASTRONAUTS AND THE DEVELOPMENT OF LIFE IN SPACE AND2.   THE PROVISION OF BURSARIES IN THE FORM OF FINANCIAL ASSISTANCE WITH TRAVEL, FEES, BOOKS AND OTHER TEACHING RESOURCES FOR SECONDARY SCHOOL PUPILS AND TEACHERS TO STUDY AT RECOGNISED CENTRES OF EXCELLENCE AND TO ATTEND CONFERENCES CONCERNING MATTERS IN 1 ABOVE3.   THE CREATION, MAINTENANCE AND DEVELOPMENT OF AN INTERNET WEB SITE FOR A VIRTUAL LIBRARY OF TEACHING AND LEARNING RESOURCES COVERING ALL SUBJECTS AND THE ESTABLISHMENT OF PUPIL TO PUPIL AND SCHOOL TO SCHOOL COMMUNICATION4.. THE FOSTERING AND ARRANGEMENT OF EDUCATIONAL EXCHANGES BY PUPILS AND TEACHERS FROM THE UNITED KINGDOM AND OVERSEAS.2.2.5. THE ARRANGEMENT OF COMPETITIONS AND THE PROVISION OF PRIZES AND AWARDS FOR PUPILS, TEACHERS AND SCHOOLS IN MATTERS RELATED TO 1  ABOVE.",False,Micro,Dormant,Education/training
183,1075694,THE COLLECTIVE OF SCHOOL GOVERNORS,"44 REPTON STREET, LONDON",E14 7PX,Bethnal Green and Stepney,07534784975,COLLECTIVE.BSG@LIVE.CO.UK,www.cbsg.org.uk,31/03/2025,0.0,0.0,Other,"Provides Advocacy/advice/information, Sponsors Or Undertakes Research","General Charitable Purposes, Education/training, Arts/culture/heritage/science, Economic/community Development/employment, Recreation","Children/young People, People Of A Particular Ethnic Or Racial Origin, Other Charities Or Voluntary Bodies, The General Public/mankind","Works for the promotion,retention and recruitment of governors in the Borough, advice, guidence and supports serving governors in the performance of their duties and responsibilties, educational activities, raise awarenes of parents/governors/prospective governors. Organise workshops, seminars,conferrence for parents, governers, guardians and careers.","TO RAISE THE LEVEL OF ACHIEVEMENTS OF ALL CHILDREN ATTENDING SCHOOLS IN LONDON BY PROMOTING AND TRAINING SCHOOL GOVERNORS
TO EMPOWER SCHOOL GOVERNORS, PARENTS AND MEMBERS OF THE COMMUNITY TO INFLUENCE EDUCATIONAL AND SOCIAL POLICIES AT LOCAL, REGIONAL, NATIONAL LEVELS
TO PROMOTE EDUCATION AND LEARNING AMONGST PARENTS, SCHOOL GOVERNORS, PUPILS AND MEMBERS OF THE COMMUNITY",True,,Dormant,Recreation
184,1075745,MULBERRY SCHOOL (TOWER HAMLETS) TRUST,"Mulberry School for Girls, Mulberry School, Richard Street, LONDON",E1 2JP,Bethnal Green and Stepney,02077906327,spatni@mulberryschoolstrust.org,Not available,25/03/2025,823.0,123712.0,Trust,"Provides Other Finance, Provides Services","Education/training, Arts/culture/heritage/science","Children/young People, Other Defined Groups",Education related,"FOR THE ADVANCEMENT OF EDUCATION AND IN PARTICULAR THE ADVANCEMENT OF EDUCATION OF PUPILS ATTENDING MULBERRY SCHOOL FOR GIRLS BY BY IMPLEMENTING AND ENHANCING THE EDUCATIONAL PROVISION OF THE SCHOOL THEREBY ASSISTING THE DELIVERY OF THE CURRICULUM AT THE SCHOOL PARTICULARLY IN SUBJECTS SUCH AS SPORTS AND THE ARTS THROUGH PROVIDING AND ASSISTING IN THE PROVISION OF ITEMS, FACILITIES AND EQUIPMENT AT THE SCHOOL AND THROUGH SUCH OTHER WAYS AS THE TRUSTEES MAY FROM TIME TO TIME DETERMINE PROVIDED THAT IN SO DOING THE TRUSTEES SHALL NOT RELIEVE THE LOCAL EDUCATION AUTHORITY OR ANY OTHER STATUTORY BODY OF ITS STATUTORY OBLIGATIONS.",True,Micro,Dormant,Arts/culture/heritage/science
185,1076013,"ST PETERS SUPPLEMENTARY SCHOOL, BETHNAL GREEN","28 OAKLEY AVENUE, BARKING",IG11 9JD,Barking,0208 507 9436,fazlurr1948@gmail.com,Not available,31/03/2024,1200.0,1100.0,Other,"Provides Human Resources, Provides Services, Provides Advocacy/advice/information","General Charitable Purposes, Education/training, Arts/culture/heritage/science, Amateur Sport, Economic/community Development/employment, Recreation","Children/young People, The General Public/mankind","Educational Classes for children and young people - homework club, study support programme, mother tongue support.
Recreational and leisure activities for children and families
Family literacy programme
Activities that supports community integration","(A) TO ADVANCE THE EDUCATION OF PERSONS AND RESIDENTS LIVING AT ST. PETERS ESTATES, MINERVA ESTATE, NELSON GARDEN AND HADRAIN  ESTATE OF BETHNAL GREEN IN THE LONDON BOROUGH OF TOWER HAMLETS AND IN PARTICULAR THOSE RESIDENTS AGED BETWEEN 5 TO 16 OF BANGLADESHI ORIGIN. (B) TO PROVIDE AND ASSIST IN THE PROVISION OF RECREATIONAL OR LEISURE TIME FACILITIES FOR THE RESIDENTS IN THE ARERA OF BENEFIT IN THE INTEREST OF SOCIAL WELFARE AND WITH THE OBJECT OF IMPROVING THE CONDITIONS OF LIFE OF SUCH PERSONS; (C) TO PROVIDE ADVICE FOR THE ADVANCEMENT OF EDUCATION, THE PROTECTION OF HEALTH AND THE RELIEF OF POVERTY.",False,Micro,Dormant,Recreation
186,1076672,SOMALI EDUCATION AND CULTURAL PROJECT (EAST LONDON),"waterlily business center, suite 313, 10 Cleveland Way, LONDON",E1 4UF,Bethnal Green and Stepney,07496468464,aidenhassan@gmail.com,www.secp.org.uk,31/03/2022,0.0,0.0,Other,"Makes Grants To Organisations, Provides Human Resources, Provides Buildings/facilities/open Space, Provides Services, Provides Advocacy/advice/information, Acts As An Umbrella Or Resource Body","General Charitable Purposes, Education/training, The Prevention Or Relief Of Poverty, Arts/culture/heritage/science, Amateur Sport, Economic/community Development/employment","Children/young People, Elderly/old People, People With Disabilities, People Of A Particular Ethnic Or Racial Origin, The General Public/mankind","Home Schools liaison project, Mother Tongue, After Schools clases,Youth activities,welfare,employability, school holidays, summer activities and trainings.","THE ASSOCIATION IS ESTABLISHED IN PARTICULAR FOR THE BENEFIT OF SOMALIANS RESIDING IN EAST LONDON TO ADVANCE EDUCATION; RELIEVE POVERTY, SICKNESS OR DISTRESS; AND PROVIDE OR ASSIST IN THE PROVISION OF FACILITIES FOR RECREATION OR LEISURE-TIME OCCUPATION WITH THE OBJECT OF IMPROVING THE CONDITIONS OF LIFE OF SUCH PERSONS.",True,,Dormant,Amateur Sport
187,1076857,ISLAND ADVICE CENTRE,"ISLAND HOUSE, ROSERTON STREET, LONDON",E14 3PG,Poplar and Limehouse,02075380094,admin@island-advice.org.uk,www.island-advice.org.uk,31/03/2025,467465.0,482423.0,Charitable company,Provides Advocacy/advice/information,"Education/training, The Prevention Or Relief Of Poverty","Elderly/old People, People With Disabilities, People Of A Particular Ethnic Or Racial Origin, Other Charities Or Voluntary Bodies, The General Public/mankind","IAC is an independent advice service that provides support and guidance on statutory rights and entitlement to local residents. Areas of advice include; welfare rights, housing, debt. Advice is given from basic level up to specialist casework. In addition the organisation provides training and volunteering opportunities to individuals interested in developing advice skills.",TO RELIEVE POVERTY IN THE AREA  KNOWN AS THE ISLE OF DOGS AND NEARBY AREAS BY THE ADVANCEMENT OF EDUCATION OF THE GENERAL PUBLIC IN THE FIELD OF WELFARE AND INDIVIDUAL RIGHTS.,True,Medium,Dormant,The Prevention Or Relief Of Poverty
188,1076874,POPLAR PENTECOSTAL CHURCH TRUST,"20 NEWBURY ROAD, ILFORD",IG2 7HB,Ilford South,02085975068,Poplar.Pentecostal.Church@outlook.com,Not available,31/03/2025,9927.0,9677.0,Other,Provides Services,Religious Activities,The General Public/mankind,"TO ADVANCE THE CHRISTIAN FAITH IN ACCORDANCE WITH THE STATEMENT OF  BELIEFS APPEARING IN THE SCHEDULE  HERETO IN LONDON AND IN SUCH OTHER PARTS OF THE UK   OR THE WORLD AS THE TRUSTEES MAY FROM TIME TO TIME THINK FIT. TO PROMOTE AND FULFIL SUCH  OTHER  CHARITAB  PURPOSES BENEFICIAL TO THE COMMUNITY IN LONDON AND OTHER PARTS OF THE  UK,  OR THE WORLD AS THE TRUSTEES MAY  FROM TIME TO TIME THINK FIT",(A) TO ADVANCE THE CHRISTIAN FAITH IN ACCORDANCE WITH THE STATEMENT OF BELIEFS APPEARING IN THE SCHEDULE HERETO IN  LONDON AND IN SUCH OTHER PARTS OF THE UNITED KINGDOM OR THE WORLD AS THE TRUSTEES MAY FROM TIME TO TIME THINK FIT (B) TO RELIEVE PERSONS WHO ARE IN CONDITIONS OF NEED OR HARDSHIP OR WHO ARE AGED OR SICK AND TO RELIEVE THE DISTRESS CAUSED THEREBY IN LONDON AND IN SUCH OTHER PARTS OF THE UNITED KINGDOM OR THE WORLD AS THE TRUSTEES MAY FROM TIME TO TIME THINK FIT (C) TO PROMOTE AND FULFIL SUCH  OTHER CHARITABLE PURPOSES BENEFICIAL TO THE COMMUNITY  IN LONDON AND IN SUCH OTHER PARTS OF THE UNITED KINGDOM OR THE WORLD AS THE TRUSTEES MAY FROM TIME TO TIME THINK FIT,False,Micro,Dormant,Religious Activities
189,1077423,MAZAHIRUL ULOOM LONDON,"241-243 Mile End Road, London",E1 4AA,Bethnal Green and Stepney,02077028533,INFO@MUL.ORG.UK,www.mul.org.uk,31/08/2024,507313.0,439159.0,Other,"Provides Human Resources, Provides Buildings/facilities/open Space, Provides Services, Provides Advocacy/advice/information, Other Charitable Activities","Education/training, Religious Activities, Arts/culture/heritage/science, Amateur Sport, Economic/community Development/employment, Human Rights/religious Or Racial Harmony/equality Or Diversity","Children/young People, Elderly/old People, The General Public/mankind","The charity provides facilities for 5 times prayer daily and open for 365 days of the year. It runs educational seminars for adults and youths. The charity also runs evening madrasa for basic Quran teaching in addition to basic Islamic ethics.The charity runs a full time school on Natioanl Carriculum from year 7 to year 11.",FOR THE ADVANCEMENT OF EDUCATION AND RELIGION IN ACCORDANCE WITH THE TENETS AND DOCTRINES OF THE QUR'AN AND HIDATH.,True,Medium,Dormant,Human Rights/religious Or Racial Harmony/equality Or Diversity
190,1077859,"KING GEORGE'S FIELD, MILE END","LONDON BOROUGH OF TOWER HAMLETS, Town Hall, 160 Whitechapel Road, LONDON",E1 1BJ,Bethnal Green and Stepney,020 7364 7914,Catherine.boyd@towerhamlets.gov.uk,Not available,31/03/2023,1181194.0,1408556.0,Other,Provides Buildings/facilities/open Space,"Amateur Sport, Environment/conservation/heritage",The General Public/mankind,"The maintenance of Mile End Park, and the other open spaces within King George's Field, Mile End, for the use and enjoyment of the public.",THE LAND WITHIN THE AREAS SHOWN EDGED RED ON THE PLAN NO. KGF.1 ATTACHED HERETO WHICH HAS BEEN ACQUIRED BY THE COUNCIL OR THE LONDON COUNTY COUNCIL SHALL BE PRESERVED IN PERPETUITY AS A MEMORIAL TO HIS LATE MAJESTY KING GEORGE V UNDER THE PROVISIONS OF THE FOUNDATION,True,Large,Dormant,Environment/conservation/heritage
191,1077889,PUMP AID,"3RD FLOOR, 86-90 PAUL STREET, LONDON",EC2A 4NE,Hackney South and Shoreditch,02081062100,info@pumpaid.org,www.pumpaid.org,31/03/2025,958795.0,793562.0,Charitable company,"Provides Services, Provides Advocacy/advice/information, Sponsors Or Undertakes Research, Other Charitable Activities","The Prevention Or Relief Of Poverty, Overseas Aid/famine Relief","Other Defined Groups, The General Public/mankind","With more than 17 years of experience working in Africa, Pump Aid is committed to achieving lasting positive change in peoples lives by improving the quality, availability and use of water with communities in need.  Pump Aid is currently active in Malawi but has also previously built pumps in Zimbabwe, Liberia and Mozambique.",TO RELIEVE FINANCIAL HARDSHIP IN RURAL AFRICAN COMMUNITIES BY IMPROVING THE AVAILABILITY AND QUALITY OF WATER FOR IRRIGATION AND DOMESTIC NEEDS,False,Medium,Dormant,Overseas Aid/famine Relief
192,1079150,SPEAKER OF TOWER HAMLETS COMMITTEE FOR LOCAL CHARITIES,"LONDON BOROUGH OF TOWER HAMLETS, Town Hall, 160 Whitechapel Road, LONDON",E1 1BJ,Bethnal Green and Stepney,02073645221,danny.warren@towerhamlets.gov.uk,Not available,30/09/2023,33514.0,32513.0,Other,Makes Grants To Organisations,General Charitable Purposes,"Children/young People, Elderly/old People, People With Disabilities, Other Charities Or Voluntary Bodies",Fund raising activities including Speaker's Charity evening and appeals by the Speaker to local businesses.,TO OR FOR THE BENEFIT OF SUCH CHARITABLE PURPOSE OR PURPOSES OR SUCH CHARITABLE INSTITUTION IN PARTICULAR FOR THE BENEFIT OF THE INHABITANTS OF THE LONDON BOROUGH OF TOWER HAMLETS AS THE TRUSTEES SHALL DECIDE,True,Small,Dormant,General Charitable Purposes
193,1079290,ACID SURVIVORS TRUST INTERNATIONAL (ASTI),"Fora Space Ltd, 42-46 Princelet Street, LONDON, LONDON",EC2A 3AY,Hackney South and Shoreditch,02036513933,office@asti.org.uk,www.acidviolence.org,31/12/2024,0.0,0.0,Trust,"Provides Other Finance, Provides Human Resources, Provides Services, Provides Advocacy/advice/information, Acts As An Umbrella Or Resource Body, Other Charitable Activities","Education/training, The Advancement Of Health Or Saving Of Lives, Disability, The Prevention Or Relief Of Poverty, Overseas Aid/famine Relief, Economic/community Development/employment, Human Rights/religious Or Racial Harmony/equality Or Diversity","Children/young People, People With Disabilities, Other Charities Or Voluntary Bodies",To promote and protect the health of acid and burn violence survivors and to advance the education of the general public in all areas relating to such survivors.,TO PROMOTE AND PROTECT THE HEALTH OF ACID AND BURN VIOLENCE SURVIVORS AND TO ADVANCE THE EDUCATION OF THE GENERAL PUBLIC IN ALL AREAS RELATING TO SUCH SURVIVORS,False,,Dormant,Overseas Aid/famine Relief
194,1079316,SARACENS SPORT FOUNDATION,"STONEX STADIUM, GREENLANDS LANE, HENDON, LONDON",NW4 1RL,Hendon,07460020569,richardsymonds@saracens.net,https://www.saracenssportfoundation.org/,30/06/2024,1483868.0,1476170.0,Charitable company,"Provides Services, Provides Advocacy/advice/information","General Charitable Purposes, Education/training, The Advancement Of Health Or Saving Of Lives, Disability, Amateur Sport","Children/young People, Elderly/old People, People With Disabilities, The General Public/mankind","THE SARARCENS SPORT FOUNDATION USES THE SARACENS BRAND, OUR PROFESSIONAL PLAYERS AND HIGH QUALITY STAFF TO INSPIRE AND CHALLENGE OVER 70,000 CHILDREN EVERY YEAR TO LIVE AN ACTIVE AND HEALTHY LIFESTYLE.",TO ADVANCE AND ASSIST IN ADVANCING EDUCATION; TO PROVIDE OR ASSIST IN THE PROVISION OF FACILITIES FOR RECREATION AND OTHER LEISURE TIME OCCUPATION IN THE INTERESTS OF SOCIAL WELFARE AND WITH THE OBJECT OF IMPROVING THE CONDITIONS OF LIFE FOR THOSE FOR WHOM THE FACILITIES ARE PROVIDED; TO RELIEVE SICKNESS AND DISABILITY AND TO PRESERVE AND PROTECT HEALTH; AND TO PROMOTE ANY OTHER  PURPOSE WHICH IS CHARITABLE ACCORDING TO ENGLISH LAW.,False,Large,Dormant,Disability
195,1079423,STEPNEY SHAHJALAL MOSQUE & CULTURAL CENTRE,"81-83 DUCKETT STREET, LONDON",E1 4TD,Bethnal Green and Stepney,07442490694,ssmacc@hotmail.co.uk,www.stepneyshahjalalmosque.org.uk,31/03/2025,573318.0,207526.0,Charitable company,"Provides Buildings/facilities/open Space, Provides Services, Provides Advocacy/advice/information, Other Charitable Activities","Education/training, Religious Activities, Other Charitable Purposes","Children/young People, Elderly/old People, People With Disabilities, People Of A Particular Ethnic Or Racial Origin, The General Public/mankind","To advance religious education among children and adults and to provide facilities for prayer, recreation and leisure activities.","TO ADVANCE THE ISLAMIC RELIGION AMONGST THE RESIDENTS LIVING IN AND PERSONS VISITING THE GEOGRAPHICAL AREA OF OLD ST DUNSTANS WARD IN THE LONDON BOROUGH OF TOWER HAMLETS.
TO ADVANCE THE EDUCATION OF THE PUBLIC IN PARTICULAR CHILDREN IN ACCORDANCE WITH THE TEACHINGS OF ISLAM IN THE AREA OF BENEFIT.
THE PROVISION OF FACILITIES FOR THE RECREATION OR OTHER LEISURE TIME OCCUPATION WITH THE OBJECT OF IMPROVING THE CONDITIONS OF LIFE 0F THOSE PERSONS LIVING IN THE AREA OF BENEFIT AND WHO HAVE NEED OF SUCH FACILITIES BY REASON OF THEIR YOUTH, AGE, INFIRMITY OR DISABLEMENT POVERTY OR SOCIAL AND ECONOMIC CIRCUMSTANCES.
TO PROMOTE GOOD RACE AND COMMUNITY RELATIONS WITH OTHER ETHNIC COMMUNITIES IN THE AREA OF BENEFIT..",True,Medium,Dormant,Other Charitable Purposes
196,1079457,EVANGELICAL CHURCH WINNING ALL (ECWA),"Raines Foundation School, Approach Road, LONDON",E2 9LY,Bethnal Green and Stepney,07429041006,ecwalondon@gmail.com,ecwalondon.org,31/12/2024,36754.0,32460.0,Other,Other Charitable Activities,"General Charitable Purposes, Education/training, The Prevention Or Relief Of Poverty, Overseas Aid/famine Relief, Religious Activities, Human Rights/religious Or Racial Harmony/equality Or Diversity","Children/young People, Elderly/old People, The General Public/mankind",Evangelical Christian Worship Assembly as a charity aims to advance the Christian faith in London and other parts of United Kingdom. We are also committed to relieving persons who are in conditions of need or hardship in United Kingdom and other parts of the world as the trustees may think fit.,(A) TO ADVANCE THE CHRISTIAN FAITH IN ACCORDANCE WITH THE STATEMENT OF BELIEFS APPEARING IN THE SCHEDULE HERETO IN LONDON AND IN SUCH OTHER PARTS  OF THE UNITED KINGDOM OR THE WORLD AS THE TRUSTEES MAY FROM TIME TO TIME THINK FIT (B) TO RELIEVE PERSONS WHO ARE IN CONDITIONS OF NEED OR HARDSHIP OR WHO ARE AGED OR SICK AND TO RELIEVE THE DISTRESS CAUSED THEREBY IN LONDON AND IN SUCH OTHER PART OF THE UNITED KINGDOM OR THE WORLD AS THE TRUSTEES MAY FROM TIME TO TIME THINK FIT (C) TO PROMOTE AND FULFIL SUCH OTHER CHARITABLE PURPOSES BENEFICIAL TO THE COMMUNITY IN LONDON AND IN SUCH OTHER PARTS OF THE UNITED KINGDOM OR THE WORLD AS THE TRUSTEES MAY FROM TIME TO TIME THINK FIT,True,Small,Dormant,Overseas Aid/famine Relief
197,1080256,COMMUNITY OF REFUGEES FROM VIETNAM - EAST LONDON,"Old Poplar Library - Unit 17, 45 Gillender Street, LONDON",E14 6RN,Poplar and Limehouse,02075384986,crveastlondon@aol.com,www.crveastlondon.org,31/03/2025,193999.0,165772.0,Charitable company,"Provides Human Resources, Provides Buildings/facilities/open Space, Provides Services","General Charitable Purposes, Education/training, The Prevention Or Relief Of Poverty, Economic/community Development/employment","Children/young People, Elderly/old People, People With Disabilities, People Of A Particular Ethnic Or Racial Origin","CRV - East London provides following services: 
Vietnamese Elderly Support Services includes Drop in centre, advisory and information on welfare, housing, health, education, training, counselling and home visits. Luncheon club. Social cultural events and outing trips. 
Home care services.","TO PROMOTE THE RELIEF OF PEOPLE IN THE VIETNAMESE COMMUNITY IN EAST LONDON WHO ARE IN NEED, HARDSHIP OR DISTRESS; TO PROVIDE SERVICES THAT WILL IMPROVE THE QUALITY OF LIFE OF THE VIETNAMESE COMMUNITY IN EAST LONDON; TO ASSIST THE COMMUNITY TO INTEGRATE INTO THE LOCAL COMMUNITY AND TO CONTRIBUTE TO THE COMMON GOOD; TO ADVANCE LEARNING IN THE COMMUNITY AND TO INTERACT WITH COMMUNITIES IN THE UK WITH A VIEW TO PROMOTE AND PRESERVE TRADITIONAL VIETNAMESE CULTURE.",True,Medium,Dormant,Economic/community Development/employment
198,1080840,SPORTS NETWORK COUNCIL(SNC),"SPORTS NETWORK COUNCIL, Unit G3, Whitechapel Centre, 85 Myrdle Street, LONDON",E1 1HL,Bethnal Green and Stepney,07930607875,snetcouncil@hotmail.co.uk,www.sportsnetworkcouncil.org.uk,31/03/2024,0.0,0.0,Other,"Provides Human Resources, Provides Services, Provides Advocacy/advice/information, Acts As An Umbrella Or Resource Body","General Charitable Purposes, Education/training, Amateur Sport, Economic/community Development/employment","Children/young People, Elderly/old People, People With Disabilities, People Of A Particular Ethnic Or Racial Origin, Other Charities Or Voluntary Bodies","The Sports Network Council is a consortium of community, voluntary, youth, and sports organisations, schools and statutory bodies that acts as an umbrella organisation to promote the greater participation of socially excluded groups in sports and health activities in Tower Hamlets.","(A) TO ADVANCE THE EDUCATION OF THE GENERAL PUBLIC, PARTICULARLY YOUNG PEOPLE FROM ETHNIC MINORITIES LIVING IN TOWER HAMLETS AND OTHER PARTS OF GREATER LONDON, THROUGH THE PROVISION OF SPORTS ACTIVITIES AND THE PROMOTION OF HEALTH EDUCATION AND LIFESTYLE. (B) TO PROVIDE SPORTS FACILITIES IN THE INTEREST OF SOCIAL WELFARE WITH THE OBJECT OF IMPROVING THE CONDITIONS OF LIFE FOR THOSE IN NED OF SUCH FACILITIES BY REASON OF THEIR AGE, PARTICULARLY THOSE FROM THE ETHNIC MINORITY GROUPS LIVING IN TOWER HAMLETS AND THE SURROUNDING AREAS. THE FACILITIES SHALL INCLUDE PERSONAL DEVELOPMENT ACTIVITIES,, TRAINING ACTIVITIES, AND SEMINARS.",True,,Dormant,Amateur Sport
199,1081515,YOUNG NEWS,"YOUNG NEWS, MONTEFIORE CENTRE, (BETHNAL GREEN TRAINING CENTRE), HANBURY STREET, LONDON",E1 5HZ,Bethnal Green and Stepney,02072474224,ynews@aol.com,www.youngnews.org.uk,31/03/2025,14850.0,9134.0,Charitable company,Provides Services,"General Charitable Purposes, Education/training, Arts/culture/heritage/science, Recreation","Children/young People, People Of A Particular Ethnic Or Racial Origin, The General Public/mankind","Mainly provide training on creative writing and publication for young children and for all ages based on community needs including women and ethnic group.Organise services which benefit families involving children and parents.Motivate on healthier life style in education, safety issues and physical health. Organise cultural show, film show, tour to famous places.",TO ADVANCE THE EDUCATION OF CHILDREN (REGARDLESS OF RACE) IN WRITING AND JOURNALISM SKILLS.,True,Small,Dormant,Recreation
200,1081760,TRINITY BUOY WHARF TRUST,"TRINITY BUOY WHARF TRUST, 64 ORCHARD PLACE, LONDON",E14 0JW,Poplar and Limehouse,01273846328,Not available,Not available,31/12/2024,371892.0,374569.0,Charitable company,Makes Grants To Organisations,Arts/culture/heritage/science,"Other Defined Groups, The General Public/mankind",The Company's objects are for the benfit of any charitable purpose which promotes the arts and the education of the public in the arts in the London Borough of Tower Hamlets and surrounding Boroughs as the Trustees may from time to time determine.,THE COMPANY'S OBJECTS ARE FOR THE BENEFIT OF ANY CHARITABLE PURPOSE WHICH PROMOTES THE ARTS AND THE EDUCATION OF THE PUBLIC IN THE ARTS IN THE LONDON BOROUGH OF TOWER HAMLETS AND SURROUNDING BOROUGHS AS THE TRUSTEES MAY FROM TIME TO TIME DETERMINE,True,Medium,Dormant,Arts/culture/heritage/science
201,1082043,SPITALFIELDS ARTS - FACILITIES AND EDUCATION,"Safe Studio, 12-14 Greatorex Street, London",E1 5NF,Bethnal Green and Stepney,02072471892,safestudios@ssba.info,www.safestudios.co.uk,30/09/2024,76385.0,79391.0,Charitable company,Provides Buildings/facilities/open Space,"Education/training, Arts/culture/heritage/science",The General Public/mankind,Provision of affordable Artists studio space,"1. T0 ADVANCE THE EDUCATION OF THE PUBLIC, IN PARTICULAR CHILDREN AND YOUNG PEOPLE, IN THE ARTS; 2. IN THE INTERESTS OF SOCIAL WELFARE TO PROVIDE OR ASSIST IN THE PROVISION OF FACILITIES FOR RECREATION AND OTHER LEISURE TIME OCCUPATIONS, WITH THE OBJECT OF IMPROVING THE CONDITIONS OF LIFE OF THE PERSONS FOR WHOM SUCH FACILITIES ARE PRIMARILY INTENDED, I.E. PERSONS WHO HAVE NEED OF SUCH FACILITIES BY REASON OF THEIR YOUTH, AGE, INFIRMITY OR DISABILITY, PROPERTY OR SOCIAL OR ECONOMIC CIRCUMSTANCES, PROVIDE THAT NEVERTHELESS SUCH FACILITIES SHALL BE AVAILABLE TO MEMBERS OF THE PUBLIC AT LARGE; 3. THE RELIEF OF POVERTY AMONGST ARTISTS BY THE PROVISION OF SUBSIDISED STUDIO SPACE.",True,Small,Dormant,Arts/culture/heritage/science
202,1082193,EAST END CITIZENS' ADVICE BUREAUX,"300 Mare Street, London",E8 1HE,Hackney South and Shoreditch,02085256350,Not available,www.eastendcab.org.uk,31/03/2025,2182578.0,2068213.0,Charitable company,Provides Advocacy/advice/information,The Prevention Or Relief Of Poverty,The General Public/mankind,"Provision of information, advice and advocacy services.","TO PROMOTE ANY CHARITABLE PURPOSE FOR THE PUBLIC BENEFIT BY THE ADVANCEMENT OF EDUCATION, THE PROTECTION AND PRESERVATION OF HEALTH AND THE RELIEF OF POVERTY, SICKNESS AND DISTRESS IN PARTICULAR, BUT WITHOUT LIMITATION, FOR THE BENEFIT OF THE COMMUNITY IN GREATER LONDON AND SURROUNDING AREAS.",False,Large,Dormant,The Prevention Or Relief Of Poverty
203,1083656,STEPHEN HAWKING SCHOOL TRUST,"STEPHEN HAWKING SCHOOL, 2 BRUNTON PLACE, LONDON",E14 7LL,Bethnal Green and Stepney,02074239848,trust@stephenhawking.towerhamlets.sch.uk,http://www.whooshcharity.org/,31/03/2025,5586.0,70251.0,Other,Provides Services,"Education/training, Disability, The Prevention Or Relief Of Poverty, Amateur Sport","Children/young People, People With Disabilities","The Trust supports children with severe, profound and/or multiple learning difficulties and/or complex medical needs from birth to eleven. It provides funding to support facilities for the daily care, recreation and education of children outside of normal school hours and during school holidays.","A) TO PROVIDE THE NECESSARY FACILITIES FOR THE DAILY CARE, RECREATION AND EDUCATION OF CHILDREN DURING OUT OF SCHOOL HOURS AND SCHOOL HOLIDAYS. B) TO ADVANCE THE EDUCATION AND TRAINING OF THE PERSONS IN THE PROVISION OF SUCH CARE, EDUCATION AND RECREATIONAL FACILITIES.",True,Micro,Dormant,Disability
204,1084061,ETHNIC MINORITIES PARTNERSHIP AGENCY,"10a Royal Parade, Church Street, Dagenham",RM10 9XB,Dagenham and Rainham,02085937402,info@empa.org.uk,www.empa.org.uk,31/03/2025,3500.0,400.0,Other,"Provides Human Resources, Provides Buildings/facilities/open Space, Provides Advocacy/advice/information, Sponsors Or Undertakes Research, Acts As An Umbrella Or Resource Body","General Charitable Purposes, Education/training, The Advancement Of Health Or Saving Of Lives, The Prevention Or Relief Of Poverty, Arts/culture/heritage/science, Economic/community Development/employment","Children/young People, Elderly/old People, People With Disabilities, People Of A Particular Ethnic Or Racial Origin, Other Charities Or Voluntary Bodies, The General Public/mankind","Advocay and representation, Community engagement and involvement, Networking, Training and capacity building, Voice and Champion for the BAME interest","TO ASSOCIATE TOGETHER THE RELEVANT STATUTORY AUTHORITIES, VOLUNTARY ORGANISATIONS AND COMMUNITY GROUPS IN A COMMON EFFORT TO ELIMINATE DISCRIMINATION IN THE PROVISION OF PUBLIC SERVICES ON THE GROUNDS OF RACE, NATIONALITY, OR ETHNIC OR NATIONAL ORIGINS, AND TO ENCOURAGE EQUALITY OF OPPORTUNITY GENERALLY.",False,Micro,Dormant,The Advancement Of Health Or Saving Of Lives
205,1084524,"REDEEMED CHRISTIAN CHURCH OF GOD (""RCCG"") BETHEL PARISH","UNIT 26, SKYLINES BUSINESS VILLAGE, LIME HARBOUR, LONDON",E14 9TS,Poplar and Limehouse,01708 347612,rccgbethel@yahoo.co.uk,http://rccgbethel.church,31/12/2024,64415.0,50925.0,Other,"Makes Grants To Individuals, Makes Grants To Organisations, Provides Services, Provides Advocacy/advice/information","General Charitable Purposes, Education/training, The Prevention Or Relief Of Poverty, Overseas Aid/famine Relief, Religious Activities","Children/young People, Elderly/old People, People With Disabilities, Other Charities Or Voluntary Bodies, The General Public/mankind","Advancement of Christian Faith worldwide and relief of poverty",1. THE ADVANCEMENT OF THE CHRISTIAN FAITH WORLDWIDE IN IN ACCORDANCE WITH THE DOCTRINES SET OUT IN THE STATEMENT OF FAITH CONTAINED IN THE SCHEDULE 2. THE RELIEF OF POVERTY.,True,Small,Dormant,Overseas Aid/famine Relief
206,1084771,REDEEMED CHRISTIAN CHURCH OF GOD ('RCCG') ROYAL CONNECTIONS,"R C C G Royal Connections, 199 Freemasons Road, LONDON",E16 3PG,West Ham and Beckton,0300 111 1111,info@royalconnections.org.uk,www.royalconnections.org.uk,31/12/2024,1228977.0,1085007.0,Other,"Makes Grants To Organisations, Provides Buildings/facilities/open Space","General Charitable Purposes, Education/training, The Prevention Or Relief Of Poverty, Religious Activities","Other Charities Or Voluntary Bodies, The General Public/mankind","The charity's objects are:The advancement of the Christian religion worldwide; andThe relief of poverty worldwide.It pursues these objects by the operation of a centre for Christian worship at its premises in Monier Road,Bow, London, and by a programme of events aimed at reaching out to the un-churched together with arange of community-centred projects.",1. THE ADVANCEMENT OF THE CHRISTIAN FAITH WORLDWIDE IN ACCORDANCE WITH THE DOCTRINES SET OUT IN THE STATEMENT OF FAITH CONTAINED IN THE SCHEDULE. 2. THE RELIEF OF POVERTY.,False,Large,Dormant,Religious Activities
207,1084930,THE CARERS CENTRE,"Carers Centre, 21 Brayford Square, London",E1 0SG,Bethnal Green and Stepney,02077901765,enquiries@ccth.org.uk,www.ccth.org.uk,31/03/2025,877116.0,785284.0,Charitable company,"Provides Services, Provides Advocacy/advice/information","General Charitable Purposes, Education/training, Disability, The Prevention Or Relief Of Poverty","Elderly/old People, People With Disabilities, People Of A Particular Ethnic Or Racial Origin, Other Defined Groups","Provides practical support services, information & advice, welfare benefits service to carers of people with disabilities or long term conditions in LB Tower Hamlets.Carers Independent Advocate service from 1/5/2015","The charity’s objects (‘Objects’) are specifically restricted to: 
(1) advancing education concerning caring amongst carers and the public; and 
(2) alleviating mental and physical distress attributable to caring amongst carers through the provision of practical help, organisation, support, advocacy and information to people caring, or who have cared for, others who are dependent on them due to disability arising from age, physical or mental disability.",True,Medium,Dormant,Disability
208,1084940,RENEW COUNSELLING,"SADLERS HOUSE, 2 LEGG STREET, CHELMSFORD, ESSEX",CM1 1AH,Chelmsford,01245269335,info@renew-us.org,www.renew.org.uk,31/03/2025,907376.0,1067498.0,Charitable company,Provides Services,"Education/training, The Advancement Of Health Or Saving Of Lives, The Prevention Or Relief Of Poverty","Children/young People, People With Disabilities, Other Defined Groups, The General Public/mankind",Renew is established to improve emotional and mental health by providing counselling and psychotherapeutic support.,"FOR THE PUBLIC BENEFIT, TO PROVIDE COUNSELLING AND PSYCHOTHERAPEUTIC SUPPORT TO PERSONS OF SCHOOL AGE AND ABOVE, AND TO COUPLES, IN EAST LONDON AND ESSEX, WITH THE AIM OF IMPROVING THE EMOTIONAL AND MENTAL HEALTH OF SUCH PERSONS.
THIS WILL BE ACHIEVED THROUGH, BUT NOT NECESSARILY RESTRICTED TO:
·         PROVIDING HIGH QUALITY, LOW COST, ACCESSIBLE AND RESPONSIVE COUNSELLING AND PSYCHOTHERAPEUTIC INTERVENTIONS TO SUCH PERSONS
·         TRAINING COUNSELLORS TO A HIGH PROFESSIONAL STANDARD
·         SUPERVISING AND TRAINING OTHER PROFESSIONALS WHO ARE ENGAGED WITH EMOTIONAL AND MENTAL HEALTH ISSUES",False,Medium,Dormant,The Advancement Of Health Or Saving Of Lives
209,1085096,WOMEN AND CHILDREN FIRST UK,"Women and Children First, 483 Green Lanes, LONDON",N13 4BS,Southgate and Wood Green,02077006309,admin@womenandchildrenfirst.org.uk,www.womenandchildrenfirst.org.uk,31/12/2023,503192.0,481523.0,Charitable company,"Makes Grants To Organisations, Provides Services, Provides Advocacy/advice/information","Education/training, The Advancement Of Health Or Saving Of Lives, The Prevention Or Relief Of Poverty, Overseas Aid/famine Relief","Children/young People, Other Defined Groups","Women and Children First is an international development organisation which addresses poor reproductive, maternal, newborn, child and adolescent health. The charity provides technical support and assistance to local partners to deliver a World Health Organisation recommended approach which mobilises communities through women's groups and has a proven impact on maternal and newborn mortality rates.","THE RELIEF OF SICKNESS, DISTRESS AND POVERTY AMONGST WOMEN AND CHILDREN IN POOR COMMUNITIES BY IMPROVING THEIR HEALTH, NUTRITION AND WELFARE.",False,Medium,Dormant,Overseas Aid/famine Relief
210,1088224,LONDON SOMALI ACTION FORUM,"Bethnal Green Training Centre, Hanbury Street, LONDON",E1 5HZ,Bethnal Green and Stepney,0207 423 9917,info@lsaf.co.uk,www.lsaf.co.uk,31/03/2024,17500.0,16500.0,Other,"Provides Human Resources, Provides Services, Provides Advocacy/advice/information, Sponsors Or Undertakes Research","Education/training, The Advancement Of Health Or Saving Of Lives, The Prevention Or Relief Of Poverty, Arts/culture/heritage/science","Children/young People, Elderly/old People, People With Disabilities, People Of A Particular Ethnic Or Racial Origin","THE ORGANIZATION HAD UNDERTAKEN THE FOLLOWING PROJECTS/ ACTIVITIES; 1 -  Adult ESOL Classes. 2 - Study support and homework, 3 - Job search programme for the unemployed people. 4 - Free internet cafefor the community. 5 - One - One based advice on welfare benefits. 6 - creer advice for the youth school leavers. 7 -One - one based advice on Employment 8 - Basic Women's Training","1. THE RELIEF OF NEED, POVERTY AND DISTRESS, PARTICULARLY THROUGH THE PROVISION OF ADVICE CONCERNING BENEFITS AND COUNSELLING AND MEDICAL ADVICE FOR THE VICTIMS OF WAR  2. THE ADVANCEMENT OF EDUCATION, PARTICULARLY THROUGH THE PROVISION OF EXTRA CURRICULAR EDUCATION FOR SCHOOL CHILDREN 3. THE PRESERVATION AND PROTECTION OF PUBLIC HEALTH 4. THE RELIEF OF UNEMPLOYMENT FOR THE BENEFIT OF THE PUBLIC.",True,Small,Dormant,The Advancement Of Health Or Saving Of Lives
211,1088999,KING GEORGE'S FIELD- STEPNEY (TREDEGAR SQUARE BOW),"LONDON BOROUGH OF TOWER HAMLETS, Town Hall, 160 Whitechapel Road, LONDON",E1 1BJ,Bethnal Green and Stepney,020 7364 7901,Stephen.Murray@towerhamlets.gov.uk,Not available,31/03/2025,10200.0,10346.0,Trust,Provides Buildings/facilities/open Space,"Amateur Sport, Environment/conservation/heritage",The General Public/mankind,The maintenance of Tredegar Square Gardens for the use and enjoyment of the public,A RECREATION AND PLAYING FIELD TO BE PRESERVED IN PERPETUITY AS A MEMORIAL TO KING GEORGE V UNDER THE PROVISIONS OF THE KING GEORGE'S FIELDS FOUNDATION.,True,Small,Dormant,Environment/conservation/heritage
212,1089163,RICH MIX CULTURAL FOUNDATION,"35-47 BETHNAL GREEN ROAD, LONDON",E1 6LA,Bethnal Green and Stepney,02076137498,finance@richmix.org.uk,www.richmix.org.uk,31/03/2025,2653201.0,3191013.0,Charitable company,"Provides Human Resources, Provides Buildings/facilities/open Space, Provides Advocacy/advice/information, Sponsors Or Undertakes Research, Acts As An Umbrella Or Resource Body","Education/training, Arts/culture/heritage/science, Environment/conservation/heritage, Economic/community Development/employment","Children/young People, Elderly/old People, People With Disabilities, People Of A Particular Ethnic Or Racial Origin, The General Public/mankind","To advance education of the public in art and culture of all types; to work towards the elimination  of racial discrimination; to promote equality of opportunity and good relations between people of different racial groups, particularly by promoting events and activities to foster intercultural diversity of migrant communities and their contribution to the economic and cultural life of the UK.","A) TO ADVANCE THE EDUCATION OF THE PUBLIC IN THE HISTORY OF CULTURAL DIVERSITY OF MIGRANT COMMUNITIES AND THEIR CONTRIBUTIONS TO ECONOMIC AND CULTURAL LIFE PARTICULARLY BY ESTABLISHING THE RICH MIX CENTRE AS A HOME FOR EXHIBITIONS AND BY COLLECTING PRESERVING AND EXHIBITING ITEMS OF EDUCATIONAL VALUE. B.) TO ADVANCE EDUCATION OF THE PUBLIC IN ART AND CULTURE OF ALL TYPES. C.) TO WORK TOWARDS THE ELIMINATION OF RACIAL DISCRIMINATION AND TO PROMOTE EQUALITY OF OPPORTUNITY AND GOOD RELATIONS BETWEEN PERSONS OF DIFFERENT RACIAL GROUPS PARTICULARLY BY PROMOTING EVENTS AND ACTIVITIES TO FOSTER INTERCULTURAL UNDERSTANDING, INCLUSIVENESS AND TOLERANCE AND TO PROMOTE THE VALUE OF CULTURAL ACTIVITY.",True,Large,Dormant,Environment/conservation/heritage
213,1089321,CITY BANGLADESHI COMMUNITY AND CULTURAL CENTRE TRUST,"2A BUCKFAST STREET, LONDON",E2 6EY,Bethnal Green and Stepney,07949670003,Cbcctrust@gmail.com,Not available,31/03/2025,86873.0,32299.0,Other,"Provides Buildings/facilities/open Space, Provides Services, Provides Advocacy/advice/information","General Charitable Purposes, Education/training, Religious Activities","Children/young People, Elderly/old People, People Of A Particular Ethnic Or Racial Origin, The General Public/mankind","The main activities include the advancement of education and training in particular Islamic education, providing counselling service to the local community, offering Bengali mother tongue classes to children and general services to improve the overall condition of life of local community.","""THE TRUST"" IS ESTABLISHED IN PARTICULAR FOR THE BENEFIT OF BENGALIS LIVING IN GREATER LONDON IN GENERAL AND BETHNAL GREEN AREA IN THE LONDON BOROUGH OF TOWER HAMLETS IN PARTICULAR (THE PRINCIPAL AREA OF BENEFIT) TO :- 1. ADVANCE THE ISLAMIC RELIGION AND EDUCATION OF THE PUBLIC IN ALL ASPECTS OF ISLAM. 11. ADVANCE EDUCATION IN PARTICULAR BY THE PROVISION OF SUPPLEMENTARY AND BENGALI MOTHER CLASSES IN THE PRINCIPAL AREA OF BENEFIT. 111. RELIEVE DISABLED AND ELDERLY PERSONS WHO ARE IN NEED BY THE PROVISION OF A DAY CENTRE AND ADVICE AND INFORMATION IN THE PRINCIPAL AREA OF BENEFIT; AND 1V. PROVIDE OR ASSIST IN THE PROVISION OF FACILITIES FOR RECREATION OR LEISURE-TIME OCCUPATION WITH THE OBJECT OF IMPROVING THE CONDITIONS OF LIFE OF THE CHILDREN AND ELDERLY BENGALIS OF THE PRINCIPAL AREA OF BENEFIT.",True,Small,Dormant,Religious Activities
214,1091712,VICTORIA PARK HARRIERS AND TOWER HAMLETS AC,"Victoria Park Harriers, St Augustine's Hall, Cadogan Terrace, London",E9 5EG,Hackney South and Shoreditch,123456,info@vphthac.org.uk,www.vpthac.org.uk,31/03/2024,105063.0,81047.0,Charitable company,"Provides Human Resources, Provides Buildings/facilities/open Space, Provides Services",Amateur Sport,"Children/young People, The General Public/mankind",Operating community based sports facilities and activities and community development.,THE COMPANY IS ESTABLISHED FOR THE BENEFIT OF THE PUBLIC WITHIN EAST LONDON WITH THE OBJECT OF PROVIDING FACILITIES FOR PUBLIC RECREATION OR OTHER LEISURE-TIME OCCUPATION AND IN PARTICULAR ATHLETICS IN THE INTERESTS OF SOCIAL WELFARE AND WITH THE OBJECT OF IMPROVING THE CONDITIONS OF LIFE OF THOSE WHO RESIDE AND WORK IN THE SAID AREA.,False,Medium,Dormant,Amateur Sport
215,1091925,CHRIST CHURCH SPITALFIELDS FOUNDATION,"2 FOURNIER STREET, LONDON",E1 6QE,Bethnal Green and Stepney,02073772440,foundation@ccspits.org,Not available,31/12/2024,1792.0,20690.0,Other,Makes Grants To Organisations,Environment/conservation/heritage,Other Defined Groups,Charity acts as a sinking fund for large maintenance and repair works on a historic church building,"THE TRUSTEES SHALL HOLD THE TRUST FUND AND ITS INCOME UPON TRUST TO APPLY THEM FOR THE FOLLOWING OBJECTS (""THE OBJECTS"")THE MAINTENANCE UPKEEP AND REPAIR OF CHRIST CHURCH SPITALFIELDS DESIGNED BY NICHOLAS HAWKSMOOR AS ONE OF THE FIFTY NEW CHURCHES BUILT BY ACT OF PARLIAMENT.",True,Micro,Dormant,Environment/conservation/heritage
216,1092931,STREETWISE OPERA,"35-47 BETHNAL GREEN ROAD, LONDON",E1 6LA,Bethnal Green and Stepney,07951059281,info@streetwiseopera.org,www.streetwiseopera.org,31/03/2025,648907.0,702523.0,Charitable company,"Provides Services, Other Charitable Activities","General Charitable Purposes, Education/training, Arts/culture/heritage/science, Other Charitable Purposes","Elderly/old People, People With Disabilities, Other Defined Groups","We use music to help people who have experienced homelessness make positive changes in their lives, to advance the education of the public in the arts in particular but not exclusively in the art of opera. We deliver the following activity in 5 regions of the UK: 
1  Opera Productions
2  Workshop Programme
3 Work Placement Scheme and Progression routes
4. Establishing an international network","THE CHARITY'S OBJECTS (""THE OBJECTS"") ARE:(A) TO ADVANCE THE EDUCATION OF THE PUBLIC IN THE ARTS, IN PARTICULAR BUT NOT EXCLUSIVELY IN THE ART OF OPERA.(B)  THE RELIEF OF NEED OF HOMELESS PEOPLE.",True,Medium,Dormant,Other Charitable Purposes
217,1093094,AJODA COMMUNITY ALLIANCE,"Clockhouse Community Centre, Defiance Walk, Woolwich, LONDON",SE18 5QL,Greenwich and Woolwich,07415346168,ajodacommunityalliancecharity@gmail.com,Not available,31/03/2025,0.0,0.0,Other,"Provides Advocacy/advice/information, Acts As An Umbrella Or Resource Body","General Charitable Purposes, Education/training, The Advancement Of Health Or Saving Of Lives, Arts/culture/heritage/science, Amateur Sport, Human Rights/religious Or Racial Harmony/equality Or Diversity","Elderly/old People, People Of A Particular Ethnic Or Racial Origin","We provide social events for the elderly in the borough of Greenwich and surrounding boroughs which include weekly gentle exercise classes, weekly Luncheon Club, parties and outings. We also engage in community activities including putting on plays with local schools for the public and we also put on and attend culture exhibitions for Black History Month.","THE EDUCATION AND THE RELIEF OF POVERTY OF THE PEOPLE OF THE LONDON BOROUGH OF GREENWICH AND SUCH OTHER PLACES AS THE TRUSTEES SHALL FROM TIME TO TIME DETERMINE (HEREINAFTER CALLED THE AREA OF BENEFIT)
2.2 THE PROTECTION AND PRESERVATION OF HEALTH AND THE RELIEF OF SICKNESS OF AMONGST THOSE LIVING IN THE AREA OF BENEFIT
2.3 THE PROVISION OF FACILITIES FOR RECREATION IN THE AREA OF BENEFIT (PARTICULARLY FOR PEOPLE WHO ARE AGED OR DISABLED) IN THE INTEREST OF SOCIAL WELFARE AND SO THAT THEIR CONDITIONS OF LIFE MAY IMPROVE IN THE AREA OF BENEFIT
2.4 TO PROMOTE COOPERATION AND EXCHANGE OF EXPERTISE AND SKILLS THAT ADVANCES THE ARTS, CULTURE, HERITAGE AND SCIENCE BETWEEN BME ORGANISATIONS INCLUDING
YOUTH GROUPS IN THE AREA OF BENEFIT.
2.5 TO PROMOTE COOPERATION AND EXCHANGE OF EXPERTISE, KNOWLEDGE AND SKILLS BETWEEN WOMEN FROM BME COMMUNITIES THAT ENCOURAGES SELF-HELP AND MUTUAL SUPPORT IN THE AREA OF BENEFIT.
2.6 TO ADVANCE EQUALITY OF OPPORTUNITY AND FOSTER GOOD RELATIONS BETWEEN PEOPLE OF DIFFERENT GROUPS.",False,,Dormant,Human Rights/religious Or Racial Harmony/equality Or Diversity
218,1093239,SKYWAY CHARITY,"Youth Club, 49 Provost Street, LONDON",N1 7NZ,Hackney South and Shoreditch,02077296970,info@skyway.uk.com,www.skyway.uk.com,31/03/2025,613159.0,639666.0,Charitable company,"Provides Services, Other Charitable Activities","Education/training, Amateur Sport, Economic/community Development/employment, Other Charitable Purposes","Children/young People, Other Defined Groups","SkyWay work with Young people, their families and the communities they live in. We offer a wide range of free-to-access opportunities at youth clubs, community venues, parks, estates, schools and on the streets. We provide welcoming, safe spaces for people to learn, develop new skills, recieve support, participate in activities such as sport, art, media, be challenged and have fun.","SkyWay aims to address the individual needs of disadvantaged young people aged 8-25 years old and their local community in London boroughs; enabling them to achieve personal goals, realise their potential and contribute positively to their community.",False,Medium,Dormant,Other Charitable Purposes
219,1093618,CHHATAK JUBO SHONGSTA (UK),"Flat 18, Tylney House, Nelson Street, London",E1 2DU,Bethnal Green and Stepney,07956170094,zoinul@hotmail.com,Not available,31/03/2025,60.0,0.0,Other,"Makes Grants To Organisations, Provides Human Resources","General Charitable Purposes, Education/training, The Prevention Or Relief Of Poverty, Overseas Aid/famine Relief, Arts/culture/heritage/science","Children/young People, People Of A Particular Ethnic Or Racial Origin, The General Public/mankind","Working for the Bangladeshi community and educational development of Bangladeshi children in England, Wales & Bangladesh.","TO ADVANCE THE EDUCATION OF THE PUBLIC IN BANGLADESH AND THE UNITED KINGDOM, IN PARTICULAR BUT NOT EXCLUSIVELY THROUGH THE PROVISION OF FINANCIAL SUPPORT TO SCHOOLS FOR THE PAYMENT OF TEACHERS",True,Micro,Dormant,Overseas Aid/famine Relief
220,1093776,STEPNEY DYNAMIC YOUTH,"128 STEPNEY WAY, LONDON",E1 3BG,Bethnal Green and Stepney,02077913042,SDY.AZIZUR@YAHOO.CO.UK,Not available,31/03/2025,0.0,384.0,Other,Provides Services,Education/training,Children/young People,"Mother Tongue ClassesStudy Support ClassesPeer Education ProjectYouth ClubSummer Playscheme Project","THE CHARITY'S OBJECTS (""THE OBJECTS"") ARE;1.  THE ADVANCEMENT OF EDUCATION OF THE PUBLIC IN PARTICULAR YOUNG BANGLADESHI PEOPLE;2.  TO PROVIDE FACILITIES IN THE INTEREST OF SOCIAL WELFARE FOR RECREATION AND LEISURE TIME OCCUPATION WITH THE OBJECT OF IMPROVING THE CONDITION OF LIFE FOR THE INHABITANTS OF THE BOROUGH OF TOWER HAMLETS, LONDON IN PARTICULAR YOUNG BANGLADESHI PEOPLE.",True,,Dormant,Education/training
221,1093925,BAITUL AMAN MOSQUE AND CULTURAL CENTRE,"101, Braintree Street, London",E2 0FT,Bethnal Green and Stepney,02089833409,Not available,https://baitulaman.org,30/11/2024,288467.0,99909.0,Charitable company,"Provides Buildings/facilities/open Space, Provides Services, Other Charitable Activities","Education/training, Religious Activities","Children/young People, Elderly/old People, Other Defined Groups, The General Public/mankind","THE PRINCIPAL ACTIVITY OF THE COMPANY IS TO PROMOTE ISLAMIC FAITH, EDUCATION, RELIEVE POVERTY, PROMOTE GOOD RACE RELATION AND TO DO SUCH OTHER THINGS PURSUANT THERETO AS ARE CHARITABLE BY LAW OF ENGLAND AND IN ALL CASES FOR THE PUBLIC BENEFIT","THE OBJECTS FOR WHICH THE COMPANY IS ESTABLISHED ARE TO PROMOTE THE ISLAMIC FAITH; EDUCATION, RELIEVE POVERTY, PROMOTE GOOD RACE RELATIONS AND TO DO SUCH OTHER THINGS PURSUANT THERETO AS ARE CHARITABLE BY THE LAW OF ENGLAND AND IN ALL CASES FOR THE PUBLIC BENEFIT.",True,Medium,Dormant,Religious Activities
222,1094419,EAST OF LONDON FAMILY HISTORY SOCIETY,"88 Gelsthorpe Road, Collier Row",RM5 2LX,Romford,07866558045,society.secretary@eolfhs.org.uk,www.eolfhs.org.uk,31/08/2024,17492.0,16428.0,Other,"Sponsors Or Undertakes Research, Other Charitable Activities","Education/training, Environment/conservation/heritage",The General Public/mankind,"To promote and encourage the study of family history amongst those living in or having ancestral links with that area of Greater London north of the Thames extending from the edge of the City of London at Bishopsgate and Aldgate, eastwards through the London Borough of Hackney, Tower Hamlets, Newham, Redbridge and Dagenham, to the edge of Metropolitan Essex at Havering.","1) TO PROMOTE AND ENCOURAGE THE PUBLIC AND PRIVATE STUDY OF FAMILY HISTORY, GENEALOGY, HERALDRY AND LOCAL HISTORY WITH PARTICULAR REFERENCE TO THE EASTERN AREA OF GREATER LONDON2) TO PROMOTE THE PRESERVATION, SECURITY AND ACCESSIBILITY OF ARCHIVAL MATERIAL",False,Small,Dormant,Environment/conservation/heritage
223,1096492,REACHOUT YOUTH,"ReachOut, 8-10 Grosvenor Gardens, LONDON",SW1W 0DH,Cities of London and Westminster,02080871849,info@reachoutuk.org,www.reachoutuk.org,31/08/2025,947424.0,989445.0,Charitable company,"Provides Human Resources, Provides Services","General Charitable Purposes, Education/training, Amateur Sport",Children/young People,"We are a mentoring charity working with children in deprived communities to help them grow in competence and character. We improve self-confidence and develop numeracy, literacy, communication and memory skills, whilst reinforcing our core values of fairness, self-control, good judgement and staying power. We do this through 1 to 1 mentoring with positive role models and team activities.","TO PROMOTE EDUCATIONAL OPPORTUNITY, SOCIAL RESPONSIBILITY AND MULTICULTURAL AWARENESS AMONG CHILDREN AND YOUNG PEOPLE, PRIMARILY IN INNER CITY AREAS AND TO PROVIDE FACILITIES IN THE INTERESTS OF SOCIAL WELFARE FOR RECREATION AND LEISURE TIME OCCUPATION WITH THE OBJECT OF IMPROVING THE CONDITIONS OF LIFE FOR THE SAID CHILDREN AND YOUNG PEOPLE.",False,Medium,Dormant,Amateur Sport
224,1096848,ST. PETER'S CANARY WHARF TRUST,"ST. PETERS BARGE, HERTSMERE ROAD, LONDON",E14 4AL,Poplar and Limehouse,07391296439,info@stpetersbarge.org,www.stpetersbarge.org,31/12/2024,402967.0,388340.0,Charitable company,"Makes Grants To Individuals, Makes Grants To Organisations, Provides Buildings/facilities/open Space, Provides Services",Religious Activities,The General Public/mankind,The provision of Christian meetings and lectures in the Canary Wharf area from and on a barge moored within the Wharf.,"THE ADVANCEMENT OF THE CHRISTIAN FAITH AS DEFINED IN CLAUSE 9.1 OF THE ARTICLES OF ASSOCIATION IN LONDON, ENGLAND AND IN PARTICULARLY IN THE CANARY WHARF ESTATE WITHIN THE LONDON BOROUGH OF TOWER HAMLETS",True,Medium,Dormant,Religious Activities
225,1096912,EAST AFRICAN EDUCATION FOUNDATION,"949 Green Lane, DAGENHAM",RM8 1DJ,Dagenham and Rainham,07931706414,eaefoundation@hotmail.co.uk,Not available,31/03/2025,57959.0,27054.0,Other,"Provides Human Resources, Provides Buildings/facilities/open Space, Provides Services, Provides Advocacy/advice/information, Sponsors Or Undertakes Research, Other Charitable Activities","General Charitable Purposes, Education/training, The Advancement Of Health Or Saving Of Lives, The Prevention Or Relief Of Poverty, Arts/culture/heritage/science, Amateur Sport, Economic/community Development/employment, Recreation, Other Charitable Purposes","Children/young People, Elderly/old People, People With Disabilities, People Of A Particular Ethnic Or Racial Origin","Supporting and providing educational activities for ethnic minorities mainly but not exclusively from East African countries living in the London Boroughs of Newham, Barking & Dagenham, Tower Hamlets and Redbridge.","1.  TO ADVANCE EDUCATION AMONGST PEOPLE OF EAST AFRICAN DESCENT IN PARTICULAR BUT NOT BY WAY OF LIMITATION BY THE PROVISION OF LANGUAGE COURSES, HOMEWORK CLASSES AND ASSISTANCE WITH ASSESSING SOURCES OF EDUCATION AND TRAINING.2.  TO ADVANCE THE EDUCATION OF THE PUBLIC ON EAST AFRICAN CULTURE, INCLUDING ITS LITERATURE, DRAMA AND MUSIC.3.  TO RELIEVE NEED AMONGST PEOPLE OF EAST AFRICAN DESCENT IN PARTICULAR BY ASSISTING IN TRANSLATION AND INTERPRETATION SERVICES; AND4.  TO PRESERVE AND PROTECT HEALTH BY THE PROVISION OF SEMINARS AND CONFERENCES.",False,Small,Dormant,Other Charitable Purposes
226,1097530,SOMALI SENIOR CITIZENS CLUB,"Somali Senior Citizens Club, 37 St. Matthew's Row, LONDON",E2 6DT,Bethnal Green and Stepney,07949244941,sscclub1@gmail.com,Not available,31/03/2025,87170.0,82665.0,Other,"Provides Services, Provides Advocacy/advice/information","General Charitable Purposes, Arts/culture/heritage/science, Amateur Sport","Elderly/old People, People Of A Particular Ethnic Or Racial Origin","Day time lunch served six days a week, Monday to Saturday between 9.30 am to 4 pm
Providing advice and information on social welfare services, networking with Tower Hamlet's law center, Housing Department and citizen's advice bureau.
Health advice and interpretation services.
Provide facilities for social activities and religious studies.","THE ORGANISATION IS  ESTABLISHED FOR ELDERLY PERSONS, PARTICULARLY SOMALIANS, LIVING IN THE LONDON BOROUGH OF TOWER HAMLETS TO ASSIST IN THE RELIEF OF POVERTY SICKNESS AND DISTRESS.",True,Small,Dormant,Amateur Sport
227,1098116,CHICKSAND CITIZENS FORUM LIMITED,"Community Hall, 48 Greatorex Street, LONDON",E1 5NP,Bethnal Green and Stepney,02073772133,iqbal@microbusinesspark.co.uk,www.microbusinesspark.co.uk,31/03/2024,213946.0,151576.0,Charitable company,"Provides Services, Provides Advocacy/advice/information","Education/training, The Prevention Or Relief Of Poverty, Economic/community Development/employment","Children/young People, People Of A Particular Ethnic Or Racial Origin, Other Defined Groups","On site meeting space for local people or for strategic organisations to hire for consultationBusiness units for entrepreneurshipA supplementary School to help local children through Bengali and Arabic language skillsCollaboration with Womens Health and Family Services to provide Somali Language, Education and lunch groupChildrens Summer Tripsand related community services","I) THE RELIEF OF POVERTY PRIMARILY AMONG RESIDENTS OF THE LONDON BOROUGH OF TOWER HAMLETS.II) THE RELIEF OF UNEMPLOYMENT FOR THE PUBLIC BENEFIT IN SUCH WAYS AS MAY BE THOUGHT FIT, INCLUDING THE PROVISION OF LAND AND BUILDINGS AT BELOW MARKET OR SUBSIDISED RENT TO BUSINESSES STARTING UP AND THE PROVISION OF ADVICE AND TRAINING TO UNEMPLOYED INDIVIDUALS RESIDENT IN THE LONDON BOROUGH OF TOWER HAMLETS.III) ENCOURAGE AND PROMOTE GOOD RACE RELATIONS WITHIN THE BOROUGH.",True,Medium,Dormant,Economic/community Development/employment
228,1098227,MULTICULTURAL SHANGSTA UK,"Flat 17, Horwood House, Pott Street, London",E2 0EH,Bethnal Green and Stepney,0208 594 1867,sbsg-123@hotmail.co.uk,Not available,31/03/2025,550.0,490.0,Other,"Provides Services, Provides Advocacy/advice/information","Education/training, Arts/culture/heritage/science, Economic/community Development/employment","Children/young People, Elderly/old People, People Of A Particular Ethnic Or Racial Origin, The General Public/mankind","SBSG is an arts, cultural education and vocational skills and training orientated organisation promoting art, general educational and training programmes to disadvantaged sections of the communities in the UK. SBSG is working actively to promote better community cohesion and integration with the wider community.","FOR THE BENEFIT OF THE BANGLADESHI COMMUNITY LIVING IN THE UNITED KINGDOM TO ADVANCE PUBLIC EDUCATION IN SYLHETI MUSIC;
TO RELIEVE NEED; AND TO PROVIDE OR ASSIST IN THE PROVISION OF FACILITIES FOR RECREATION OR LEISURE TIME OCCUPATION WITH THE OBJECT OF IMPROVING THE CONDITIONS OF LIFE OF SUCH PERSONS.",True,Micro,Dormant,Arts/culture/heritage/science
229,1098873,THE CIRCLE WORKS LIMITED,"33 Chisenhale Road, Bow, London",E3 5QY,Stratford and Bow,07973878924,geoffrey@thecircleworks.org.uk,Not available,31/03/2025,210.0,1022.0,Charitable company,"Provides Human Resources, Provides Services","Education/training, The Prevention Or Relief Of Poverty, Arts/culture/heritage/science","Other Charities Or Voluntary Bodies, Other Defined Groups, The General Public/mankind","The Circle Works is a resource for people who work in the community, offering them hospitality, encouragement, connection with others of like mind, and space to think.  This reflective space largely takes the form of individual work consultations, non-managerial supervision and the sharing of information.","THE ADVANCEMENT OF EDUCATION, AND THE PRESERVATION AND PROTECTION OF MENTAL HEALTH IN TOWER HAMLETS AND THE SURROUNDING AREA, IN PARTICULAR, BUT NOT EXCLUSIVELY, BY THE PRACTICE AND STUDY OF THE ARTS AND REFLECTIVE DIALOGUE AS METHODS OF LEARNING.",True,Micro,Dormant,Arts/culture/heritage/science
230,1099205,THE SHOW CRIB,"18 BALMES ROAD, 1-16 BENYON COURT, DEBEAUVIOUR ESTATE, LONDON",N15TJ,Islington South and Finsbury,02072544732,manager@thecrib.biz,www.thecrib.org.uk,30/06/2024,102557.0,126734.0,Charitable company,"Provides Human Resources, Provides Buildings/facilities/open Space, Provides Services, Provides Advocacy/advice/information, Sponsors Or Undertakes Research","General Charitable Purposes, Education/training, Accommodation/housing, Arts/culture/heritage/science, Amateur Sport, Economic/community Development/employment","Children/young People, Other Charities Or Voluntary Bodies, Other Defined Groups, The General Public/mankind","To offer a supportive environment for young people  parents/carers dealing with youth related issues, e.g. school exclusions and gang activity.  Workshops as follows:Trading Places police young people, knife awareness, Bullying, Relationship, Baby me not, Consequences. Summer programs, Family support   Health, Education, Employment, College,welfare, benefits, counselling, health,  drug advice","TO RELIEVE IN NEED IN CHILDREN AND YOUNG PEOPLE. TO ADVANCE THE EDUCATION OF CHILDREN AND YOUNG PEOPLE IN PARTICULAR BUT NOT EXCLUSIVELY THROUGH LEISURE TIME ACTIVITIES SO AS TO ASSIST THEM IN DEVELOPING THEIR MENTAL, PHYSICAL AND SPIRITUAL CAPACITIES THAT THEY MIGHT GROW TO FULL MATURITY AS INDIVIDUALS AND MEMBERS OF SOCIETY",False,Medium,Dormant,Accommodation/housing
231,1099403,TOWER HAMLETS FRIENDS AND NEIGHBOURS,"ST. MARGARETS HOUSE SETTLEMENT, 21 OLD FORD ROAD, LONDON",E2 9PL,Bethnal Green and Stepney,0203 007 9120,admin@thfn.org.uk,www.thfn.org.uk,31/03/2024,159923.0,189154.0,Charitable company,"Provides Human Resources, Provides Services, Provides Advocacy/advice/information",General Charitable Purposes,Elderly/old People,Advocacy and Befriending service for socially isolated and lonely older people living in the borough of Tower Hamlets,"THE RELIEF OF POVERTY, HARDSHIP AND DISTRESS, AMONG THOSE RESIDENT WITHIN THE BOUNDARIES OF THE FORMER BOROUGH OF STEPNEY AND MORE GENERALLY GREATER LONDON, BY THE PROVISION OF SUCH SUPPORT (IN PARTICULAR TO THE ELDERLY, ISOLATED AND VULNERABLE) AS THE TRUSTEES SHALL FROM TIME TO TIME CONSIDER APPROPRIATE.",True,Medium,Dormant,General Charitable Purposes
232,1099550,AFGHAN HUMAN RIGHTS ORGANISATION,"FLAT 12, 47 HANLLEY ROAD, LONDON",N4 3DU,Islington North,07504975922,rassas22@yahoo.com,Not available,19/12/2024,500.0,500.0,Other,"Provides Services, Provides Advocacy/advice/information, Other Charitable Activities","General Charitable Purposes, Education/training, The Advancement Of Health Or Saving Of Lives, Disability, The Prevention Or Relief Of Poverty, Overseas Aid/famine Relief, Accommodation/housing, Arts/culture/heritage/science, Amateur Sport, Economic/community Development/employment, Human Rights/religious Or Racial Harmony/equality Or Diversity, Other Charitable Purposes","Children/young People, Elderly/old People, The General Public/mankind","1-To promote the enforcement of human rights legislation in individual cases  2- To relieve the poverty, sickness and distress of victims of human rights abuse,3-To advance education about all aspects of human rights and to publish the useful results of such research: 4-To cultivate a public sentiment in favour of human rights and raising awareness of human rights issues .","(1) TO PROMOTE THE ENFORCEMENT OF HUMAN RIGHTS LEGISLATION IN INDIVIDUAL CASES ESPECIALLY AMONGST AFGHAN PEOPLE AND WITHIN AFGHANISTAN, (2) TO RELIEVE THE POVERTY, SICKNESS AND DISTRESS OF VICTIMS OF HUMAN RIGHTS ABUSE, ESPECIALLY WITHIN AFGHANISTAN AND AMONGST AFGHAN PEOPLE, (3) TO ADVANCE EDUCATION ABOUT ALL ASPECTS OF HUMAN RIGHTS AND HUMAN RIGHTS ABUSE AND TO PUBLISH THE USEFUL RESULTS OF SUCH RESEARCH, (4) TO CULTIVATE A PUBLIC SENTIMENT IN FAVOUR OF HUMAN RIGHTS AND RAISING AWARENESS OF HUMAN RIGHTS ISSUES WITHIN AFGHANISTAN AND AMONGST AFGHAN PEOPLE",False,Micro,Dormant,Accommodation/housing
233,1099781,EVANGELICAL GOSPEL MINISTRY OF CHERUBIM AND SERAPHIM CHURCH MOVEMENT LONDON,"34 Marcus Court, Stratford, LONDON",E15 3JU,West Ham and Beckton,07947667487,evangelicalprayerline@hotmail.com,www.evangelicalgospelministry.org,31/12/2024,10583.0,10399.0,Trust,"Makes Grants To Individuals, Makes Grants To Organisations, Provides Other Finance, Provides Human Resources, Provides Services, Sponsors Or Undertakes Research, Other Charitable Activities","General Charitable Purposes, The Prevention Or Relief Of Poverty, Overseas Aid/famine Relief, Religious Activities, Other Charitable Purposes","Children/young People, Elderly/old People, The General Public/mankind","To advance the Christian faith, to relieve persons who are in condition of need, hardship or distress, aged or sick (see deed for further details.Area of Operation: inside and outside England and Wales (National and Worldwide).","1. TO ADVANCE THE CHRISTIAN FAITH 2. TO RELIEVE PERSONS WHO ARE IN CONDITION OF NEED HARDSHIP OR  DISTRESS, AGED OR SICK SEE DEED FOR FURTHER DETAILS",False,Small,Dormant,Overseas Aid/famine Relief
234,1100271,THE SHADWELL COMMUNITY PROJECT,"GLAMIS ADVENTURE PLAYGROUND, 10 GLAMIS ROAD, LONDON",E1W 3EG,Bethnal Green and Stepney,02077028301,info@shadwellcommunityproject.org,www.glamisadventureplayground.org,31/03/2025,117304.0,119931.0,Charitable company,"Provides Human Resources, Provides Buildings/facilities/open Space, Provides Services","General Charitable Purposes, Education/training, The Advancement Of Health Or Saving Of Lives, The Prevention Or Relief Of Poverty, Amateur Sport, Environment/conservation/heritage, Economic/community Development/employment",Children/young People,To provide a safe and stimulating space for young people in East London. To encourage child development by placing children at the centre of what we do. Also to support local families and parents and encourage all parts of our community to come together. This is achieved through the provision of various projects and activities run from our open access adventure playground.,"A) TO ACT AS A RESOURCE FOR YOUNG PEOPLE UP TO THE AGE OF 18 LIVING IN SHADWELL AND ITS ENVIRONS BY PROVIDING ADVICE AND ASSISTANCE AND ORGANISING PROGRAMMES OF PHYSICAL, EDUCATIONAL AND OTHER ACTIVITIES, INCLUDING THE PROVISION OF AN ADVENTURE PLAYGROUND, AS A MEANS OF ADVANCING EDUCATION.

B) IN THE INTEREST OF SOCIAL WELFARE, TO PROMOTE AND PROVIDE FACILITIES AND ACTIVITIES FOR CHILDREN AND YOUNG PEOPLE AND THEIR COMMUNITIES SO THAT THEIR CONDITIONS OF LIFE MAY BE IMPROVED AND THEIR PHYSICAL, MENTAL AND SPIRITUAL WELL-BEING IS PROMOTED.",True,Medium,Dormant,Environment/conservation/heritage
235,1100621,ORGANISATION OF SUPPORT AND ADVICE FOR RELIGION AND CULTURE,"Flat 19, Mayflower House, 19 Westferry Road, LONDON",E14 8GW,Poplar and Limehouse,07427837114,osarc2016@gmail.com,Not available,31/03/2022,9443.0,9120.0,Other,"Provides Services, Provides Advocacy/advice/information","General Charitable Purposes, Education/training, The Advancement Of Health Or Saving Of Lives, Disability, The Prevention Or Relief Of Poverty, Accommodation/housing, Religious Activities, Arts/culture/heritage/science, Amateur Sport, Economic/community Development/employment","Children/young People, Elderly/old People, People With Disabilities, People Of A Particular Ethnic Or Racial Origin, The General Public/mankind","Our activities is to provide education and employment training, advice, information, advocacy, counseling and health matters, sports, interpreting and translating, inter-generation to promote understanding and unity among our service users who are disadvantage and vulnerable BAME people who are living in Tower Hamlets and London in order to improve their confidence to become participative.","1.  THE ADVANCEMENT OF CHRISTIAN FAITH2.  THE RELIEF OF POVERTY.",True,Micro,Dormant,Accommodation/housing
236,1100819,THE DEREK SHUTTLEWORTH EDUCATIONAL TRUST,"Little Manwood Farm, Sparrows Lane, Manwood Green, Matching Green, HARLOW",ESSEX,,01279731322,shuttleworth_trust@hotmail.co.uk,Not available,31/12/2024,43353.0,36008.0,Charitable company,"Makes Grants To Individuals, Makes Grants To Organisations",Education/training,Children/young People,Advancement of Education in the district of Epping Forest and the London Boroughs of Hackney and Tower Hamlets,"TO ADVANCE THE EDUCATION OF YOUNG PEOPLE IN THE DISTRICT OF EPPING FOREST AND IN PARTICULAR THE AREAS OF HIGH, MAGDALEN AND LITTLE LAVER, MORETON, BOBBINGWORTH AND MATCHING GREEN IN THE COUNTY OF ESSEX AND ALSO THE LONDON BOROUGHS OF HACKNEY AND TOWER HAMLETS.",False,Small,Dormant,Education/training
237,1101095,XLP,"X L P, 83 London Wall, London",EC2M 5ND,Cities of London and Westminster,02072566240,info@xlp.org.uk,www.xlp.org.uk,31/08/2024,2469619.0,2834189.0,Charitable company,"Provides Human Resources, Provides Buildings/facilities/open Space, Provides Services, Provides Advocacy/advice/information","Education/training, The Prevention Or Relief Of Poverty, Overseas Aid/famine Relief, Religious Activities, Arts/culture/heritage/science, Amateur Sport, Economic/community Development/employment, Other Charitable Purposes","Children/young People, Other Charities Or Voluntary Bodies, The General Public/mankind","Across 9 boroughs of inner London, XLP provides support for disadvantaged young people aged 10-21 including:In-class support, literacy and numeracy,clubs in schools and PRU's;Support on estates through 3 Community double decker buses, mobile recording studios and sports and fitness programmes ;A Performing Arts programmes for young people;Mentoring and Ready for Work programmes","THE ADVANCEMENT AND PROVISION OF EDUCATION AND TRAINING FOR THE BENEFIT OF THE PUBLIC AND ESPECIALLY FOR THE BENEFIT OF CHILDREN AND YOUNG ADULTS TO INCLUDE:(1) EDUCATION AND TRAINING OF A GENERAL NATURE;(2) EDUCATION AND TRAINING IN THE APPRECIATION AND PRACTICE AND PERFORMANCE OF THE ARTS;(3) EDUCATION AND TRAINING TO PROMOTE CHRISTIAN VALUES; AND(4) PROVISION OF FACILITIES FOR ALL SUCH EDUCATION AND TRAINING.3.2 THE RELIEF OF POVERTY, HARDSHIP, SICKNESS AND DISTRESS AMONG PEOPLES IN ANY PART OF THE WORLD3.3 THE PROMOTION, ADVANCEMENT AND MAINTENANCE OF THE CHRISTIAN FAITH AND THE UPHOLDING OF CHRISTIAN VALUES AMONG PEOPLES IN ANY PART OF THE WORLD. 3.4 THE PROMOTION, ADVANCEMENT AND MAINTENANCE OF CHARITABLE ACTIVITIES FOR THE BENEFIT OF THE PUBLIC, AND ESPECIALLY FOR THE BENEFIT OF CHILDREN AND YOUNG ADULTS, WHICH LEAD TO THE IMPROVEMENT OF LIFE IN URBAN OR RURAL COMMUNITIES TO INCLUDE:(1) THE RELIEF OF POVERTY, SICKNESS AND FINANCIAL AND OTHER HARDSHIP; AND(2) TO PROVIDE OR ASSIST IN THE PROVISION OF FACILITIES FOR RECREATION OR OTHER LEISURE TIME OCCUPATION IN THE INTERESTS OF SOCIAL WELFARE AND OF A CHARITABLE NATURE FOR THE PUBLIC AT LARGE OR THOSE WHO BY REASON OF THEIR YOUTH, AGE, INFIRMITY OR DISABLEMENT, FINANCIAL HARDSHIP OR SOCIAL AND ECONOMIC CIRCUMSTANCES, HAVE NEED OF SUCH FACILITIES.",False,Large,Dormant,Overseas Aid/famine Relief
238,1101143,HARRISON HOUSING,"HARRISON HOUSING, 42-46 ST. JAMES'S GARDENS, LONDON",W11 4RQ,Kensington and Bayswater,02076034332,info@harrisonhousing.org.uk,www.harrisonhousing.org.uk,31/12/2024,1639477.0,1842937.0,Charitable company,"Provides Buildings/facilities/open Space, Provides Services",Accommodation/housing,Elderly/old People,Relief of the aged poor by provision of housing and associated amenities and housing management services provided to other almshouse charities,"(1) THE RELIEF OF THE AGED POOR AND IN PARTICULAR, BUT WITHOUT PREJUDICE TO THE GENERALITY OF THE FORGOING, BY THE PROVISION OF HOUSING AND ASSOCIATED AMENITIES; AND
(2) SUCH OTHER CHARITABLE PURPOSES AS THE TRUSTEES (AS DEFINED IN THE ARTICLES OF ASSOCIATION OF THE COMPANY) SHALL FROM TIME TO TIME DECIDE.",False,Large,Dormant,Accommodation/housing
239,1101712,MONAKKA MONOWAR WELFARE FOUNDATION,"MONTEFIORE CENTRE, HANBURY STREET, LONDON",E1 5HZ,Bethnal Green and Stepney,02073779382,info@mmwf.org,www.mmwf.org,31/12/2016,40433.0,40390.0,Other,"Makes Grants To Organisations, Provides Other Finance, Provides Human Resources, Provides Buildings/facilities/open Space, Provides Services, Provides Advocacy/advice/information, Other Charitable Activities","General Charitable Purposes, Education/training, The Advancement Of Health Or Saving Of Lives, Disability, The Prevention Or Relief Of Poverty, Arts/culture/heritage/science, Amateur Sport, Environment/conservation/heritage, Economic/community Development/employment, Other Charitable Purposes","Children/young People, Elderly/old People, People With Disabilities, People Of A Particular Ethnic Or Racial Origin, Other Defined Groups, The General Public/mankind","TO RELIEVE POVERTY BY THE PROVISION OF ADVICE, INFORMATION AND FINANCIAL ASSISTANCE TO PROVIDE PARTICULARLY UNEMPLOYMENT BY TRAINING SCHEMES, FACILITIES FOR CULTURE, RECREATION/ OUTDOOR OR LEISURE TIME ACTIVITIES AND ADVANCE EDUCATION BY THE  SUPPLEMENTARY CLASSES.TO RELIEVE DISABLED AND ELDERLY PERSONS WHO ARE IN NEED, AND ADVICE AND INFORMATION ON HEALTH RELATED AWARENESS PROGRAMMES","1.  TO ADVANCE THE EDUCATION PRIMARILY BIT NOT EXCLUSIVELY OF ORPHANS AND POOR STUDENTS BY THE PROVISION OF FINANCIAL SUPPORT AND SCHOLARSHIPS ESPECIALLY TO THOSE WHO ARE STUDYING IN SCHOOLS, COLLEGES AND INFORMAL EDUCATIONAL SET UPS.   
2.  THE RELIEF OF POVERTY OF NEEDY PERSONS REGARDLESS OF THEIR ETHNICITY, RELIGIOUS BELIEF IN WHATEVER WAY DEEMED NECESSARY.   
3.  THE RELIEF OF SICKNESS BY THE PROVISION PRIMARILY BUT NOT ECXLUSIVELY.",True,Small,Dormant,Environment/conservation/heritage
240,1101882,IMECE WOMEN'S CENTRE,"2 NEWINGTON GREEN ROAD, LONDON",N1 4RX,Islington North,02073541359,info@imece.org.uk,www.imece.org.uk,31/03/2025,995312.0,981969.0,Charitable company,"Provides Buildings/facilities/open Space, Provides Services, Provides Advocacy/advice/information, Sponsors Or Undertakes Research, Other Charitable Activities","Education/training, The Advancement Of Health Or Saving Of Lives, Disability, The Prevention Or Relief Of Poverty, Accommodation/housing, Arts/culture/heritage/science, Economic/community Development/employment","Children/young People, Elderly/old People, People With Disabilities, People Of A Particular Ethnic Or Racial Origin, Other Charities Or Voluntary Bodies","Advice & Information, Violence against Women and Girls Service, Therapeutic Services, Mental Health and Well Being, Elderly Support, Family Support, Training for Professionals, Domestic Abuse and Harmfull Practices Training. Volunteering. Awareness raising with Communities, Confidence building with Women, Campaign against child abuse, Campaign to end Violence against Women and Girls. NRPF","TO PROMOTE THE BENEFIT OF WOMEN WHO RESIDE OR WORK IN THE BOROUGH OF ISLINGTON AND SURROUNDING AREA IN PARTICULAR TURKISH CYPRIOT/TURKISH/KURDISH/TURKISH SPEAKING WOMEN FROM TURKEY AND LONDON BY ASSOCIATING TOGETHER THE SAID WOMEN AND THE LOCAL AUTHORITIES, VOLUNTARY AND OTHER ORGANISATIONS IN A COMMON EFFORT TO ADVANCE EDUCATION AND TO PROVIDE FACILITIES IN THE INTEREST OF SOCIAL WELFARE FOR RECREATION AND LEISURE TIME OCCUPATION WITH THE OBJECT OF IMPROVING THE CONDITIONS OF LIFE FOR THE SAID WOMEN, AND OTHER CHARITABLE PURPOSES",False,Medium,Dormant,Accommodation/housing
241,1102142,THE NORTON ROSE FULBRIGHT CHARITABLE FOUNDATION,"NORTON ROSE FULBRIGHT LLP, 3 MORE LONDON RIVERSIDE, LONDON",SE1 2AQ,Bermondsey and Old Southwark,02072836000,Not available,nortonrosefulbright.com,31/12/2024,315923.0,159074.0,Charitable company,"Makes Grants To Organisations, Provides Human Resources, Provides Advocacy/advice/information, Sponsors Or Undertakes Research","General Charitable Purposes, Education/training, The Advancement Of Health Or Saving Of Lives, Disability, The Prevention Or Relief Of Poverty, Overseas Aid/famine Relief, Amateur Sport, Animals, Environment/conservation/heritage, Economic/community Development/employment","Children/young People, Elderly/old People, People With Disabilities, Other Charities Or Voluntary Bodies","In selecting charities for support, we seek to identify those which have objectives we wish to support and where our donations can make an identifiable contribution in helping them to achieve their objectives.  The Charity frequently makes donations to charities alongside funding raised by the activities of members of Norton Rose Group staff.","THE OBJECTS FOR WHICH THE COMPANY IS ESTABLISHED (THE ""OBJECTS"") ARE SUCH OBJECTS AND PURPOSES IN ANY PART OF THE WORLD AS ARE EXCLUSIVELY CHARITABLE IN ACCORDANCE WITH THE LAWS OF ENGLAND AND WALES.",False,Medium,Dormant,Animals
242,1102147,BONGOBIR OSMANY TRUST,"MR A K KHAN, UNIT 5, LINKS YARD, 29A SPELLMAN STREET, LONDON",E1 5LX,Bethnal Green and Stepney,02081270407,bongobirosmanytrust@yahoo.co.uk,Not available,31/03/2021,10185.0,13241.0,Other,"Provides Human Resources, Provides Buildings/facilities/open Space, Provides Services, Provides Advocacy/advice/information","General Charitable Purposes, Education/training, The Prevention Or Relief Of Poverty, Arts/culture/heritage/science, Amateur Sport, Economic/community Development/employment","Children/young People, Elderly/old People, People With Disabilities, People Of A Particular Ethnic Or Racial Origin, The General Public/mankind","Cultural and Social EventsEducational ProgrammesTraining and DevelopmentPromoting Community Cohesion","1. TO ADVANCE THE EDUCATION OF THE PUBLIC IN BENGALI CULTURE AND TRADITIONS AND IN PARTICULAR BUT NOT EXCLUSIVELY IN THE LIFE AND ACHIEVEMENTS OF GENERAL  BONGOBIR OSMANY.2. TO PROVIDE FACILITIES IN THE INTERESTS OF SOCIAL WELFARE FOR THE RECREATION AND LEISURE-TIME OCCUPATION WITH THE OBJECT OF IMPROVING THE CONDITIONS OF LIFE FOR THE SAID INHABITANTS.3. THE RELIEF OF UNEMPLOYMENT FOR THE PUBLIC BENEFIT IN SUCH WAYS AS THOUGHT FIT, INCLUDING ASSISTANCE TO FIND EMPLOYMENT.",True,Small,Dormant,Amateur Sport
243,1103578,ST MARY-LE-BOW YOUNG HOMELESS PROJECT,"ST. MARY LE BOW CHURCH, CHEAPSIDE, LONDON",EC2V 6AU,Cities of London and Westminster,02077041093,michaeljk100@outlook.com,www.stmarylebow.co.uk,31/12/2024,83503.0,105870.0,Other,"Provides Human Resources, Provides Services, Provides Advocacy/advice/information","Education/training, The Prevention Or Relief Of Poverty, Accommodation/housing",Children/young People,The Charity takes young homeless people into safe flats rented to us by The Peabody Trust and we help them with support through all stages to work and independence.,THE RELIEF OF HARDSHIP AMONG YOUNG HOMELESS PEOPLE IN NEED LIVING IN LONDON BY PROVIDING SUCH PERSONS WITH TEMPORARY ACCOMMODATION WHICH THEY COULD NOT OTHERWISE AFFORD.,False,Small,Dormant,Accommodation/housing
244,1103724,ALTERNATIVES TRUST EAST LONDON,"St. Edmunds Church, 464 Katherine Road, LONDON",E7 8NP,East Ham,02074768215,alternatives@altel.org.uk,www.altel.org.uk,31/03/2025,311297.0,393797.0,Other,"Provides Services, Provides Advocacy/advice/information, Other Charitable Activities","The Advancement Of Health Or Saving Of Lives, The Prevention Or Relief Of Poverty, Economic/community Development/employment","Other Defined Groups, The General Public/mankind","Alternatives provides mental health and holistic wellbeing support to marginalised women, and by extension their families, living in Newham. We do this by offering free and accessible talking therapy, through advocacy support and community projects and by providing meaningful volunteering and employment opportunities.","A) To provide accessible mental health support for marginalised disadvantaged women within Newham, addressing such issues including domestic abuse, trauma, poverty, parental challenges, pregnancy, miscarriage or child loss. 

B) To relieve the needs of women experiencing destitution including those with asylum-seeker and refugee status, homelessness or insecure housing and with no recourse to public funds or living in poverty; by providing advocacy, community, education and holistic support.

C) To provide vulnerable mothers with holistic support to address intergenerational cycles of trauma for the ongoing benefit of themselves, their families and the wider community. 

D) The relief of unemployment for the benefit of women in such ways as may be thought fit, including assistance to find employment and volunteering opportunities.",False,Medium,Dormant,The Advancement Of Health Or Saving Of Lives
245,1103781,MATCHBOX DAY NURSERY LIMITED,"1-2 BUTLER HOUSE, BURDETT ROAD, LONDON",E14 7AB,Poplar and Limehouse,02079876296,kim@matchboxnursery.co.uk,Not available,31/03/2025,2125844.0,1790808.0,Charitable company,"Provides Human Resources, Provides Buildings/facilities/open Space",Education/training,"Children/young People, People With Disabilities","To advance the education of children under statutory school age, primarily but not exclusively in Poplar, London","TO ADVANCE THE EDUCATION OF CHILDREN UNDER STATUTORY SCHOOL AGE, PRIMARILY BUT NOT EXCLUSIVELY IN POPLAR, LONDON.",True,Large,Dormant,Education/training
246,1104269,ACTION FOR BOW,"C/O Bromley by Bow Centre, St Leonard's Street, Bow, London",E3 3BT,Stratford and Bow,07932651676,act4bow@yahoo.com,Not available,31/03/2025,3244.0,249774.0,Other,"Makes Grants To Organisations, Sponsors Or Undertakes Research, Acts As An Umbrella Or Resource Body","General Charitable Purposes, Education/training, The Advancement Of Health Or Saving Of Lives, Disability, The Prevention Or Relief Of Poverty, Arts/culture/heritage/science, Amateur Sport, Environment/conservation/heritage, Economic/community Development/employment, Recreation","Children/young People, Elderly/old People, People With Disabilities, Other Charities Or Voluntary Bodies, Other Defined Groups, The General Public/mankind","Grants to organisations to provide services in Bow, East London that will promote local social and economic regeneration.
In particular: education and skills training; employment opportunities; recreational and cultural amenities; environmental and quality of life; regeneration and reduction of poverty; health promotion;crime prevention.
Match funding will normally be requested from other bodies","THE OBJECTS ARE BY MEANS OF MAKING GRANTS TO INDIVIDUALS AND ORGANISATIONS OPERATING WITHIN THE AREA OF BENEFIT, DISREGARDING RACE, RELIGION, POLITICAL PERSUASION OR ANY OTHER CHARACTERISTIC:
(A)  TO DEVELOP THE CAPACITY AND SKILLS OF THE MEMBERS OF THE SOCIALLY AND ECONOMICALLY DISADVANTAGED COMMUNITY IN THE AREA OF BENEFIT IN SUCH A WAY THAT THEY ARE BETTER ABLE TO IDENTIFY, AND HELP MEET, THEIR NEEDS AND TO PARTICIPATE MORE FULLY IN SOCIETY;
(B)  THE PROMOTION FOR THE PUBLIC BENEFIT OF URBAN REGENERATION IN THE AREA OF BENEFIT BY ALL OR ANY OF THE FOLLOWING MEANS:
(I)  THE RELIEF OF POVERTY IN SUCH WAYS AS MAY BE THOUGHT FIT;
(II)  THE RELIEF OF UNEMPLOYMENT IN SUCH WAYS AS MAY BE THOUGHT FIT, INCLUDING ASSISTANCE TO FIND EMPLOYMENT;
(III)   THE RELIEF OF UNEMPLOYMENT BY PROVIDING OPPORTUNITIES FOR TRAINING AND EMPLOYMENT;
(IV)  THE MAINTENANCE, IMPROVEMENT OR PROVISION OF PUBLIC AMENITIES;
(V)  THE PROVISION OR ASSISTANCE IN THE PROVISION OF RECREATIONAL FACILITIES FOR THE PUBLIC AT LARGE AND/OR THOSE WHO BY REASONS OF THEIR YOUTH, AGE, INFIRMITY OR DISABLEMENT, POVERTY OR SOCIAL AND ECONOMIC CIRCUMSTANCES, HAVE NEED OF SUCH FACILITIES;
(VII)  THE PROMOTION OF PUBLIC SAFETY AND PREVENTION OF CRIME;
(VIII)  SUCH OTHER MEANS AS MAY FROM TIME TO TIME BE DETERMINED SUBJECT TO THE PRIOR CONSENT OF THE CHARITY COMMISSIONERS FOR ENGLAND AND WALES;
(C)  TO ADVANCE THE EDUCATION OF CHILDREN AND ADULTS LIVING IN THE AREA OF BENEFIT THROUGH THE PROVISION OF FINANCIAL AND MATERIAL ASSISTANCE;
(D)  TO BENEFIT AND IMPROVE THE QUALITY OF LIFE OF PEOPLE LIVING IN THE AREA OF BENEFIT; AND
(E)  SUCH OTHER OBJECTS AND PURPOSES AS ARE EXCLUSIVELY CHARITABLE UNDER THE LAW OF ENGLAND AND WALES.",True,Micro,Dormant,Environment/conservation/heritage
247,1104459,LIMEHOUSE TOWN HALL CONSORTIUM TRUST,"Limehouse Town Hall, 646 Commercial Road, London",E14 7HA,Poplar and Limehouse,020 3422 5463,info@lthct.org.uk,www.lthct.org.uk,31/03/2024,134146.0,123309.0,Charitable company,Acts As An Umbrella Or Resource Body,"Education/training, Arts/culture/heritage/science, Environment/conservation/heritage, Economic/community Development/employment","Children/young People, Elderly/old People, People With Disabilities, People Of A Particular Ethnic Or Racial Origin",Working to repair and conserve Limehouse Town Hall for the benefit of the disadvantaged in Limehouse and the surrounding area. Developing and providing educational programmes for the benefit of disadvantaged people in Limehouse and the surrounding area.,"A.  TO PRESERVE AND RESTORE FOR THE BENEFIT OF THE PUBLIC THE LIMEHOUSE TOWN HALL, BEING OF CONSTRUCTIONAL, ARCHITECTURAL OR HISTORICAL HERITAGE. 
B.  TO ADVANCE EDUCATION AND TO PROVIDE OR ASSIST IN THE PROVISION OF FACILITIES IN THE INTERESTS OF SOCIAL WELFARE FOR RECREATION OR OTHER LEISURE TIME OCCUPATION OF INDIVIDUALS WHO HAVE NEED OF SUCH FACILITIES BY REASON OF THEIR YOUTH, AGE, INFIRMITY OR DISABILITY, FINANCIAL HARDSHIP OR SOCIAL CIRCUMSTANCES WITH THE OBJECT OF IMPROVING THEIR CONDITIONS OF LIFE. 
C.  TO PROMOTE OTHER SUCH CHARITABLE PURPOSES FOR THE GENERAL BENEFIT OF THE PUBLIC RESIDENT IN LIMEHOUSE AND THE SURROUNDING AREA.",True,Medium,Dormant,Environment/conservation/heritage
248,1104770,GLOBE COMMUNITY PROJECT,"St Margaret's House, 17 Old Ford Road, Bethnal Green, London",E2 9PJ,Bethnal Green and Stepney,07419586150,gcp@globecommunityproject.org,www.globecommunityproject.org,30/04/2025,206387.0,176077.0,Charitable company,"Provides Human Resources, Provides Services, Provides Advocacy/advice/information, Sponsors Or Undertakes Research, Acts As An Umbrella Or Resource Body","General Charitable Purposes, Education/training, The Advancement Of Health Or Saving Of Lives, Arts/culture/heritage/science, Amateur Sport, Environment/conservation/heritage, Economic/community Development/employment","Children/young People, Elderly/old People, People With Disabilities, People Of A Particular Ethnic Or Racial Origin, Other Charities Or Voluntary Bodies, The General Public/mankind","The Globe Community Project (GCP) offers a variety of free or affordable activities to the inhabitants of Globe Town and the neighbouring areas. These activities provide a range of educational, cultural and social services that benefit both individuals and the neighbourhood as a whole, reflecting the diversity and complexity of our community.","TO PROMOTE THE BENEFIT OF THE INHABITANTS OF GLOBE TOWN, TOWER HAMLETS, AND SURROUNDING AREAS, BY ASSOCIATING TOGETHER THE SAID INHABITANTS AND SOMETIMES INCLUDING THE LOCAL AUTHORITIES, VOLUNTARY AND OTHER ORGANISATIONS, IN A COMMON EFFORT TO ENHANCE  EDUCATION, AND TO PROVIDE FACILITIES IN THE INTERESTS OF SOCIAL WELFARE FOR RECREATION AND LEISURE OCCUPATION WITH THE OBJECT OF IMPROVING THE CONDITIONS OF LIFE FOR THE SAID INHABITANTS.",True,Medium,Dormant,Environment/conservation/heritage
249,1104972,WADAJIR SOMALI COMMUNITY CENTRE,"156 St. Leonards Road, LONDON",E14 0QZ,Poplar and Limehouse,07508537892,wadajir2003@yahoo.co.uk,www.wadajirsomali.org,31/03/2025,74745.0,60684.0,Charitable company,"Provides Buildings/facilities/open Space, Provides Services, Provides Advocacy/advice/information","General Charitable Purposes, Education/training, The Advancement Of Health Or Saving Of Lives, Disability, The Prevention Or Relief Of Poverty, Accommodation/housing, Arts/culture/heritage/science, Amateur Sport, Economic/community Development/employment",People Of A Particular Ethnic Or Racial Origin,"We carry out the following activities:Home Work Club ProjectWomen's Health Project Elderly Womens Luncheon ClubAdvice Advocacy & Information Youth ProjectsTraining CoursesESOLMother Tongue Classes  We cover different areas within Tower hamlets.","(1) TO DEVELOP THE CAPACITY AND SKILLS OF THE MEMBERS OF THE SOCIALLY AND ECONOMICALLY DISADVANTAGED SOMALI COMMUNITY OF TOWER HAMLETS IN SUCH A WAY THAT THEY ARE BETTER ABLE TO IDENTIFY, AND HELP MEET, THEIR NEEDS AND TO PARTICIPATE MORE FULLY IN SOCIETY
(2)  TO PROMOTE GENERAL CHARITABLE PURPOSES FOR THE BENEFIT OF THE SOMALI COMMUNITY OF TOWER HAMLETS AND THE SURROUNDING AREA, AND TO PROVIDE RELIEF FROM FINANCIAL HARDSHIP AND SOCIAL AND /OR ECONOMIC DISADVANTAGE AND TO ADVANCE THE EDUCATION OF ITS RESIDENTS OF ALL AGES; AND IN PARTICULAR TO PROVIDE OPPORTUNITIES FOR THE AFOREMENTIONED RESIDENTS TO PARTICIPATE FULLY IN THE LIFE OF THEIR COMMUNITY IN WAYS WHICH ADDRESS AND ALLEVIATE SOCIAL AND ECONOMIC DISADVANTAGE
(3)  TO RELIEVE THE PHYSICAL AND MENTAL HEALTH PROBLEMS ARISING FROM CIVIL WAR IN PARTICULAR OF THOSE DISABLED AND ELDERLY SOMALI RESIDENTS OF TOWER HAMLETS AND SURROUNDING AREA
(4)TO PRESERVE AND PROTECT THE PHYSICAL AND MENTAL HEALTH OF THOSE SEEKING AND THOSE GRANTED REFUGEE STATUS AND THEIR DEPENDANTS.",True,Small,Dormant,Accommodation/housing
250,1105305,MAA SHANTI LTD,"Unit 10, St. Marks Studios, 14 Chillingworth Road, LONDON",N7 8QJ,Islington South and Finsbury,07572766726,hafsa.begum@maashanti.org,www.maashanti.org,31/03/2025,196559.0,253454.0,Charitable company,"Provides Buildings/facilities/open Space, Provides Services, Provides Advocacy/advice/information, Other Charitable Activities","General Charitable Purposes, Education/training, The Advancement Of Health Or Saving Of Lives, The Prevention Or Relief Of Poverty, Arts/culture/heritage/science, Economic/community Development/employment, Other Charitable Purposes",People Of A Particular Ethnic Or Racial Origin,"We support Asian mothers who are fleeing domestic abuse. Our services enable women to gain support and understanding within a safe and confidential environment. We provide advocacy, guidance, emotional support, workshops, social activities, referrals and signposting. We currently employ 6 paid members of staff.","TO PROMOTE THE BENEFIT OF ASIAN WOMEN LONE PARENTS AND DEPENDANTS WORKING, LIVING OR STUDYING IN GREATER LONDON, OR UNITED KINGDOM WHERE APPROPRIATE, BY ADVANCING EDUCATION AND EMPLOYMENT, AND PROVIDING FACILITIES IN THE INTERESTS OF SOCIAL WELFARE OR RECREATION.",False,Medium,Dormant,Other Charitable Purposes
251,1105889,THE BOW BRIDGE ENVIRONMENT TRUST,"Flat 15, Prioress House, Bromley High Street, London",E3 3BD,Stratford and Bow,07747666514,mike@mtighe.com,Not available,31/03/2025,0.0,18.0,Other,"Makes Grants To Organisations, Provides Services, Other Charitable Activities","General Charitable Purposes, Education/training, Disability, The Prevention Or Relief Of Poverty, Arts/culture/heritage/science, Amateur Sport, Environment/conservation/heritage, Economic/community Development/employment","Children/young People, Elderly/old People, People With Disabilities, The General Public/mankind",Provide activities which enhance the quality of the environment in Tower Hamlets but particularly within the E3 postcode area.,"THE PROMOTION FOR THE BENEFIT OF THE PUBLIC OF URBAN REGENERATION IN THE LONDON BOROUGH OF TOWER HAMLETS IN AREAS OF SOCIAL AND ECONOMIC DEPRIVATION (AND IN PARTICULAR IN THE BOW BRIDGE HOUSING ESTATE) BY ALL OR ANY OF THE FOLLOWING MEANS:
(A) THE CREATION OF TRAINING AND EMPLOYMENT OPPORTUNITIES BY THE PROVISION OF WORKSPACE, BUILDINGS, AND/OR LAND FOR USE ON FAVOURABLE TERMS:
(B) THE MAINTENANCE, IMPROVEMENT OR PROVISION OF PUBLIC AMENITIES:
(C) THE PROVISION OF RECREATIONAL FACILITIES FOR THE PUBLIC AT LARGE OR THOSE WHO BY REASON OF THEIR YOUTH, AGE, INFIRMITY OR DISABLEMENT, FINANCIAL HARDSHIP OR SOCIAL AND ECONOMIC CIRCUMSTANCES, HAVE NEED OF SUCH FACILITIES:
(D) THE PROTECTION OR CONSERVATION OF THE ENVIRONMENT:
(E) THE PROVISION OF PUBLIC HEALTH FACILITIES AND CHILDCARE:
(F) THE PROMOTION OF PUBLIC SAFETY AND PREVENTION OF CRIME:
(G) SUCH OTHER MEANS AS MAY FROM TIME TO TIME BE DETERMINED SUBJECT TO THE PRIOR WRITTEN CONSENT OF THE CHARITY COMMISSIONERS FOR ENGLAND AND WALES.",True,,Dormant,Environment/conservation/heritage
252,1106236,SHOREDITCH MASJID TRUST AND ISLAMIC CULTURAL EDUCATION CENTRE,"53-55 REDCHURCH STREET, LONDON",E2 7DJ,Bethnal Green and Stepney,02085073640,shoreditchmasjid@gmail.com,Not available,31/03/2023,65669.0,77928.0,Other,"Makes Grants To Individuals, Makes Grants To Organisations","General Charitable Purposes, Education/training, Religious Activities","Children/young People, Elderly/old People","To advance the religion of Islam and to advance the education of the public in the Islamic culture and religion.","1. TO ADVANCE THE RELIGION OF ISLAM.
2. TO ADVANCE THE EDUCATION OF THE PUBLIC IN THE ISLAMIC CULTURE AND RELIGION.",True,Small,Dormant,Religious Activities
253,1107136,THE FRIENDS OF TOWER HAMLETS CEMETERY PARK,"SOANES CENTRE, SOUTHERN GROVE, LONDON",E3 4PX,Poplar and Limehouse,02089831277,contact@fothcp.org,http://www.fothcp.org/,31/03/2025,211747.0,264491.0,Charitable company,"Provides Buildings/facilities/open Space, Provides Services, Other Charitable Activities","Education/training, Arts/culture/heritage/science, Animals, Environment/conservation/heritage",The General Public/mankind,"To protect, preserve and care for Tower Hamlets Cemetery Park and Ackroyd Drive Greenlink as a LNR and Metropolitan SINC within East London. To celebrate and share the unique benefits of this space - ecology, heritage, community - with all in the local area and beyond.","TO PRESERVE, PROTECT AND MAINTAIN THE LANDSCAPE OF THE TOWER HAMLETS CEMETERY PARK AND ACKROYD DRIVE GREENLINK LOCAL NATURE RESERVE (THE ""CEMETERY PARK"") INCLUDING ITS MONUMENTS AND BIODIVERSITY AS A PLACE OF HISTORIC IMPORTANCE AND NATURE RESERVE FOR THE BENEFIT OF THE PUBLIC. 

TO ADVANCE THE EDUCATION OF THE PUBLIC IN PARTICULAR PEOPLE LIVING, WORKING OR STUDYING IN TOWER HAMLETS THROUGH PROJECTS AND ACTIVITIES PROVIDED BY THE CHARITY, AND BY PARTNERING ORGANISATIONS WHOSE AIMS ARE COMPLEMENTARY TO THE OBJECTS OF THE CHARITY",True,Medium,Dormant,Animals
254,1107304,INTERNATIONAL ENVIRONMENTAL LAW RESEARCH CENTRE (UK),"2 MORAVIAN STREET, LONDON",E2 0NJ,Bethnal Green and Stepney,07402813447,info@ielrc.org,Not available,31/12/2024,16430.0,8500.0,Other,"Provides Advocacy/advice/information, Sponsors Or Undertakes Research",Environment/conservation/heritage,The General Public/mankind,Environment and natural resources related research and policy advice at the international level with a focus on North-South relations. Focus countries India and Kenya.,"1.	TO ADVANCE THE EDUCATION OF THE PUBLIC IN THE UK AND ABROAD, IN PARTICULAR BY NOT EXCLUSIVELY IN AFRICA AND INDIA, IN ALL ASPECTS OF SUSTAINABLE DEVELOPMENT, SOCIAL JUSTICE, HUMAN RIGHTS AND THE PRESERVATION, CONSERVATION AND PROTECTION OF THE ENVIRONMENT IN A GLOBAL CONTEXT.
2.	TO PROMOTE RESEARCH INTO ALL ASPECTS OF SUSTAINABLE DEVELOPMENT AND THE PRESERVATION, CONSERVATION AND PROMOTION OF THE ENVIRONMENT AND INTO THE LAW, PRACTICE AND ADMINISTRATION OF JUSTICE IN CONNECTION WITH THE ENVIRONMENT AND MATTERS RELATING THERETO AND TO DISSEMINATE THE USEFUL RESULTS THEREOF TO THE PUBLIC.",True,Small,Dormant,Environment/conservation/heritage
255,1107685,UNITED WORLD FOUNDATION FOR DEPRIVATION & DISABILITIES EMPOWERMENT (UWFFDADE),,,,02085176518,Not available,Not available,31/03/2009,4105.0,3957.0,Other,"Makes Grants To Individuals, Makes Grants To Organisations, Provides Human Resources, Provides Buildings/facilities/open Space, Provides Services, Provides Advocacy/advice/information, Sponsors Or Undertakes Research, Acts As An Umbrella Or Resource Body","General Charitable Purposes, Education/training, The Advancement Of Health Or Saving Of Lives, Disability, The Prevention Or Relief Of Poverty, Overseas Aid/famine Relief, Accommodation/housing, Religious Activities, Arts/culture/heritage/science, Amateur Sport, Animals, Environment/conservation/heritage, Economic/community Development/employment","Children/young People, Elderly/old People, People With Disabilities, People Of A Particular Ethnic Or Racial Origin, Other Charities Or Voluntary Bodies, The General Public/mankind","The objects ""The Objectives"" of the charity shall be to support education and development programmes, arouse awareness, relieve poverty and sickness and promote self esteem and welfare among the deprived: the orphans, widows and the harassed and the disabled in African communities of the United Kingdom and Africa.","1.	THE ADVANCEMENT OF EDUCATION AND TRAINING PEOPLE IN NEED THROUGHOUT THE UNITED KINGDOM AND AFRICA, IN PARTICULAR BUT NOT EXCLUSIVELY, THE DISABLED, ORPHANS AND DISADVANTAGED YOUNG PEOPLE.  
2.	THE RELIEF OF POVERTY, SICKNESS AND DISTRESS BY THE PROVISION OF ADVICE, INFORMATION AND SUPPORT.
3.	TO PROMOTE ANY OTHER CHARITABLE PURPOSES AS THE TRUSTEES FOR TIME TO TIME DETERMINE.",False,Micro,Dormant,Animals
256,1107691,EAST END HOMES LIMITED,"East End Homes Ltd, 3 Resolution Plaza, LONDON",E1 6PS,Bethnal Green and Stepney,02075174700,enquiries@eastendhomes.net,www.eastendhomes.net,31/03/2025,30664000.0,51627000.0,Charitable company,"Provides Human Resources, Provides Buildings/facilities/open Space, Provides Services, Provides Advocacy/advice/information",Accommodation/housing,"Elderly/old People, People With Disabilities, The General Public/mankind","East End Homes is in business to provide its residents of Tower Hamlets with quality homes, sustainable estates, and effective and efficient local housing services. East End Homes' principal activities are to effectively manage, maintain and develop homes, and to improve and regenerate its estates.","THE OBJECTS OF THE COMPANY SHALL BE PRIMARILY IN THE AREA OF TOWER HAMLETS TO: 
3.1 PROVIDE HOUSING SOCIAL HOUSING HOSTELS AND ANY ASSOCIATED AMENITIES FOR PERSONS IN NECESSITOUS CIRCUMSTANCES UPON TERMS APPROPRIATE TO THEIR MEANS;
 3.2 PROVIDE FOR AGED, DISABLED OR CHRONICALLY SICK PERSONS IN NEED THEREOF HOUSING OR HOSTELS AND ANY ASSOCIATED AMENITIES SPECIALLY DESIGNED OR ADAPTED TO MEET THE DISABILITIES AND REQUIREMENTS OF SUCH PERSONS;
 3.3 PROVIDE SERVICES, ADVICE OR ASSISTANCE UPON TERMS APPROPRIATE TO THEIR MEANS TO AGED, DISABLED OR CHRONICALLY SICK PERSONS IN NEED THEREOF AND PROVIDE ANY ASSOCIATED AMENITIES SPECIALLY DESIGNED OR ADAPTED TO MEET THE DISABILITIES AND REQUIREMENTS OF SUCH PERSONS; 
3.4 PROVIDE RECREATION OR OTHER LEISURE FACILITIES IN THE INTEREST OF SOCIAL WELFARE WITH THE OBJECT OF IMPROVING THE CONDITIONS OF LIFE FOR THE RESIDENTS OF THE LOCAL AUTHORITY AREA IN WHICH THE COMPANY OWNS OR MANAGES HOUSING STOCK;
 3.5 RELIEVE FINANCIAL HARDSHIP AMONGST THE RESIDENTS OF THE LOCAL AUTHORITY AREA IN WHICH THE COMPANY OWNS OR MANAGES HOUSING STOCK;
 3.6 ADVANCE EDUCATION, TRAINING OR RETRAINING, PARTICULARLY AMONG UNEMPLOYED PEOPLE AND PROVIDING UNEMPLOYED PEOPLE WITH WORK EXPERIENCE;
 3.7 MAINTAIN, IMPROVE OR PROVIDE PUBLIC AMENITIES FOR THE PUBLIC BENEFIT IN THE INTERESTS OF REGENERATION IN AREAS OF SOCIAL AND ECONOMIC DEPRIVATION IN WHICH THE COMPANY OWNS OR MANAGES HOUSING STOCK;
 3.8 PROMOTE PUBLIC SAFETY AND PREVENT CRIME; 
3.9 ANY OTHER CHARITABLE OBJECTIVE THAT CAN BE CARRIED OUT FROM TIME TO TIME BY A NON-PROFIT REGISTERED PROVIDER OF SOCIAL HOUSING REGISTERED AS SUCH WITH THE REGULATOR.",True,Major,Dormant,Accommodation/housing
257,1108433,BOW MUSLIM CULTURAL CENTRE,"178 WHITECHAPEL ROAD, LONDON",E1 1BJ,Bethnal Green and Stepney,02073778090,bmcc246@gmail.com,http://www.bowcentralmosque.co.uk/,31/12/2024,90671.0,88671.0,Trust,"Provides Services, Provides Advocacy/advice/information","Education/training, Religious Activities","Children/young People, People Of A Particular Ethnic Or Racial Origin","Islamic services to both the males and females together with the provision of mother tongue and Arabic classes for the 6-16 years old children.The Centre provides advisory services to the local community members.","TO SUPPORT THE ETHNIC MINORITY COMMUNITY MAINLY OF BANGLADESHI ORIGIN LIVING IN AND AROUND THE LONDON BOROUGH OF TOWER HAMLETS THROUGH THE PROVISIONS OF SUPPLEMENTARY EDUCATION, TRAINING, ADVICE SESSIONS AND ISLAMIC AND CULTURAL SERVICES TO PROMOTE EQUAL OPPORTUNITY IN EDUCATION, EMPLOYMENT AND IN OTHER SOCIAL ASPECTS OF INDIVIDUAL AND COMMUNITY LIFE FOR ALL. IN PARTICULAR BUT WITHOUT PREJUDICE TO THE GENERALITY OF THE FOREGOING BY THE PROVISION OF A CULTURAL CENTRE AT 246 BOW ROAD, LONDON E3 3AP.",True,Small,Dormant,Religious Activities
258,1108901,THE SUB-SAHARAN AGENDA (TESSA),"107 Tudorleaf Business Centre, 2- 8 Fountayne Road, London",N15 4QL,Tottenham,0208 885 6068,info@tessacharity.org,http://tessacharity.org/,30/05/2024,4000.0,5400.0,Other,"Provides Services, Provides Advocacy/advice/information","General Charitable Purposes, Education/training, The Advancement Of Health Or Saving Of Lives, Disability, The Prevention Or Relief Of Poverty, Amateur Sport, Economic/community Development/employment","Children/young People, Elderly/old People, People With Disabilities, People Of A Particular Ethnic Or Racial Origin","Tessa's work is focused on  maintaining the family unit. Our services are dedicated to ensure that all individuals in our location have access to services. We provide
1.Information and advice through sign posting - immigration solicitors, social services, job centres, welfare, Housing and Education. 
2. Education support for Families and Children   
3. Employment support   
4. Family Services","THE ADVANCEMENT OF EDUCATION, THE RELIEF OF POVERTY, SICKNESS AND DISTRESS, THE PROMOTION OF GOOD HEALTH AND THE PROVISION OF FACILITIES FOR RECREATION AND LEISURE TIME OCCUPATION IN THE INTERESTS OF SOCIAL WELFARE WITH THE OBJECT OF IMPROVING  THE CONDITIONS OF LIFE AMONG THE SUB-SAHARAN COMMUNITY IN THE UK AND WORLD-WIDE.",False,Micro,Dormant,Disability
259,1109103,MISSIONARY SISTERS OF ST COLUMBAN CHARITABLE TRUST,"6/8 Ridgdale Street, LONDON",E3 2TW,Stratford and Bow,02089836366,Not available,www.columbansisters.org,31/12/2024,94757.0,126573.0,Trust,"Provides Human Resources, Provides Services, Provides Advocacy/advice/information","General Charitable Purposes, The Advancement Of Health Or Saving Of Lives, The Prevention Or Relief Of Poverty, Religious Activities, Human Rights/religious Or Racial Harmony/equality Or Diversity","Children/young People, Elderly/old People, Other Charities Or Voluntary Bodies, The General Public/mankind",to advance the religious and other charitable work carried on by the members of the Congregation and to care for those members thoughout their lives with the Congregation.,TO ADVANCE THE RELIGIOUS AND OTHER CHARITABLE WORK FOR THE TIME BEING CARRIED ON PROMOTED OR SUPPORTED BY THE SOCIETY AS THE TRUSTEES SHALL FROM TIME TO TIME WITH THE CONSENT OF THE CONGREGATIONAL LEADER THINK FIT PROVIDED THAT IF AT ANY TIME THE SOCIETY SHALL CEASE TO EXIST OR TO CARRY ON PROMOTE OR SUPPORT ANY CHARITABLE WORKS THE TRUST FUND AND THE INCOME THEREOF SHALL BE HELD FOR SUCH GENERAL CHARITABLE PURPOSES IN CONNECTION WITH THE ROMAN CATHOLIC RELIGION AS THE TRUSTEES SHALL IN THEIR DISCRETION THINK FIT,True,Small,Dormant,Human Rights/religious Or Racial Harmony/equality Or Diversity
260,1109287,ICSS,"ICSS, C/O THE FROUD COMMUNITY CENTRE, 1 TORONTO AVENUE, LONDON",E12 5JF,East Ham,07971479042,admin@icss.org.uk,www.icss.org.uk,01/09/2024,6536.0,6348.0,Other,"Provides Services, Other Charitable Activities","Education/training, The Prevention Or Relief Of Poverty, Overseas Aid/famine Relief, Economic/community Development/employment, Other Charitable Purposes","Children/young People, Elderly/old People, Other Charities Or Voluntary Bodies","A 100% volunteer led charity, ICSS's objectives are the advancement of educational achievements and social development of children aged 7-16 of all faiths and backgrounds. Helping low income and socially disadvantaged families. This includes children who are refugees & affected by domestic violence by providing food parcels, tutoring in the core national curriculum subjects, support and mentoring.","THE CHARITY’S OBJECTS ARE:
THE ADVANCEMENT OF THE EDUCATIONAL ATTAINMENT OF CHILDREN IN ENGLAND THROUGH THE PROVISION OF ADDITIONAL TUTORIAL SUPPORT IN ENGLISH, MATHEMATICS AND SCIENCE (THE “CORE NATIONAL CURRICULUM SUBJECTS”);

THE ADVANCEMENT OF THE EDUCATIONAL ATTAINMENT OF CHILDREN IN ENGLAND THROUGH THE PROVISION OF ADDITIONAL SUPPORT IN ANY SUBJECT OTHER THAT THE CORE NATIONAL CURRICULUM SUBJECTS AS DETERMINED FROM TIME TO TIME COLLECTIVELY BY THE BOARD OF TRUSTEES;

THE IMPROVEMENT OF PERSONAL, SOCIAL AND EMOTIONAL DEVELOPMENT OF CHILDREN IN ENGLAND THROUGH THE PROVISION OF TEAM AND CONFIDENCE BUILDING OPPORTUNITIES; AND

TO PROMOTE SOCIAL INTEGRATION FOR THE PUBLIC BENEFIT BY WORKING WITH MEMBERS OF BOTH THE MUSLIM AND NON-MUSLIM COMMUNITIES TO PROMOTE UNDERSTANDING, RESPECT AND SOCIAL HARMONY BETWEEN THESE GROUPS.",False,Micro,Dormant,Overseas Aid/famine Relief
261,1109297,BOW BENGALI FORUM,"4 MORVILLE STREET, LONDON",E3 2GX,Stratford and Bow,0790456695,bowbengali1@googlemail.com,Not available,31/03/2025,11000.0,9239.0,Other,"Provides Human Resources, Provides Services, Provides Advocacy/advice/information","Education/training, The Prevention Or Relief Of Poverty, Economic/community Development/employment","Children/young People, Elderly/old People, People Of A Particular Ethnic Or Racial Origin","Mother Tongue ClassesHomework SupportSupplementary Education and Study SupportCommunity Development WorkOutreach WorkSummer PlayschemeYouth WorkWomen's ActivitiesCultural and social events and functions","THE CHARITY'S OBJECTS ARE FOR THE BENEFIT OF THE INHABITANTS LIVING IN THE BOW AND SURROUNDING AREAS IN LONDON BOROUGH OF TOWER HAMLETS AND IN PARTICULAR FOR MEMBERS OF THE BANGLADESHI COMMUNITY BUT NOT EXCLUSIVELY. THE OBJECTIVES OF THE FORUM SHALL BE:
- THE RELIEF OF POVERTY, SICKNESS AND DISTRESS BY THE PROVISION OF ADVICE, INFORMATION, SUPPORT, TRANSLATING AND INTERPRETING SERVICES IN MATTERS SUCH AS WELFARE BENEFITS, HEALTH, HOUSING, EDUCATION, EMPLOYMENT AND TRAINING.   
- THE ADVANCEMENT OF EDUCATION IN PARTICULAR THE PROVISION OF LANGUAGE AND OTHER SUBJECT CLASSES.   
- THE PROVISION OF FACILITIES FOR RECREATION AND LEISURE TIME OCCUPATION IN THE INTERESTS OF SOCIAL WELFARE WITH THE OBJECT OF IMPROVING THE CONDITIONS OF LIFE OF THE SAID INHABITANTS HAVING NEED OF FACILITIES BY REASON OF THEIR YOUTH, AGE, INFIRMITY, POVERTY OR SOCIAL AND ECONOMIC CIRCUMSTANCES.",True,Small,Dormant,Economic/community Development/employment
262,1109326,IGLESIA DE DIOS MINISTERIAL DE JESUCRISTO INTERNACIONAL,"Unit 14, Mill Mead Industrial Centre, Mill Mead Road, LONDON",N17 9QU,Tottenham,07931164412,uk@idmji.org,https://idmji.org/en/,30/09/2024,1223940.0,786829.0,Other,Other Charitable Activities,Religious Activities,The General Public/mankind,"The Church opens daily, There are three different type of services: Teaching, Bible Study and Worship. Currently the Charity operates in 9 different sites
U. 14 Mill Mead Industrial  Centre N17 9QU
Bassano Street SE22 8RU. 
Ashley Rd, N17 9LN. 
Lansdowne Road, Croydon CR0 2BX. 
25 Cathnor Rd, W12 9JD. 
Southway, GU2 8DU
31 Palmerston Rd, SO14 1LL
33 Lanrick Rd, E14 0FE
Bristol
Birmigham",TO ADVANCE THE CHRISTIAN RELIGION AMONG THE PEOPLE OF GREAT BRITAIN,False,Large,Dormant,Religious Activities
263,1109983,MALMESBURY PRIMARY SCHOOL PARENTS TEACHERS & FRIENDS ASSOCIATION,"10 Ridgdale Street, LONDON",E3 2TW,Stratford and Bow,07738859140,malmesburyptfa@gmail.com,Not available,31/12/2024,8960.0,4436.0,Other,Acts As An Umbrella Or Resource Body,Education/training,Children/young People,Raising funds to support school activities,"TO ADVANCE THE EDUCATION OF THE PUPILS IN THE SCHOOL IN PARTICULAR BY
2.1  DEVELOPING EFFECTIVE RELATIONSHIPS BETWEEN THE STAFF PARENTS AND OTHERS ASSOCIATED WITH THE SCHOOL;
2.2  ENGAGING IN ACTIVITIES OR PROVIDING FACILITIES OR EQUIPMENT WHICH SUPPORT THE SCHOOL AND ADVANCE THE EDUCATION OF THE PUPILS.",True,Micro,Dormant,Education/training
264,1110043,HORNAFRIK INTEGRATION PROJECTS LTD,"Unit 11, RedBox Business Centre, 43-45 Gillender Street, Poplar, Poplar",,,02074239917,info@hornafrik.org,www.hornafrik.org,31/03/2024,46750.0,44650.0,Other,"Provides Services, Provides Advocacy/advice/information","General Charitable Purposes, Education/training, The Prevention Or Relief Of Poverty, Amateur Sport","Children/young People, The General Public/mankind","Our main Objective is the Advancement of education and Welfare. We operate in London Boroughs of Tower Hamlets and we carry out:
Sporting and Educational Activities
Children's Supplementary Education 
Youth work 
General advice & guidance","1. TO PROMOTE THE PROVISION OF FACILITIES AND ACTIVITIES IN THE INTERESTS OF SOCIAL WELFARE FOR RECREATION OR OTHER LEISURE TIME OCCUPATION OF MEMBERS OF THE PUBLIC WHO ARE REFUGEES FROM ETHNIC MINORITIES IN THE SOUTH EAST LONDON AREA ( PRIMARILY LONDON BOROUGHS OF SOUTHWARK, LEWISHAM, LAMBETH, AND GREENWICH AND OTHER PARTS OF ENGLAND AND WALES BY REASON OF THEIR AGE, STATUS FINANCIAL HARDSHIP OR SOCIAL CIRCUMSTANCES WITH THE OBJECT OF IMPROVING THEIR CONDITIONS OF LIFE. 2. FOR THE RELIEF OF FINANCIAL HARDSHIP AND POVERTY OF REFUGEES AND ASYLUM SEEKERS FROM SOMALIA, SOMALILAND, DJIBOUTI, ETHIOPIA, ERITREA AND OTHER EAST AFRICAN COUNTRIES WHO ARE RESIDENT OR ARE INTENDING TO RESIDE IN THE SOUTH EAST LONDON BOROUGHS BY PROVIDING SUCH PERSONS WITH FREE AND PRACTICAL ADVICE, SUPPORT AND REPRESENTATION IN AREAS SUCH AS ESOL, BASIC SKILLS TO HELP FIND WORK AND ACCESS TO SERVICES THEREBY FACILITATING INTEGRATION AND UNDERSTANDING WITHIN THE WIDER COMMUNITY. 3. FOR THE ADVANCEMENT OF EDUCATION IN BOTH ADULTS AND CHILDREN, AND SUPPORTING OUR BENEFICIARIES TO ENTER INTO FURTHER AND HIGHER EDUCATION THROUGH THE PROVISION OF TRAINING OR RETRAINING AND SUPPORTING OTHER PROGRAMMES OF LIFE-LONG LEARNING..",False,Small,Dormant,Amateur Sport
265,1110092,EARLY YEARS NETWORK TOWER HAMLETS,"Early Years Network Tower Hamlets, 15 Kelsey Street, LONDON",E2 6HD,Bethnal Green and Stepney,02077295074,admin@eynth.org.uk,www.eynth.org.uk,31/03/2024,404686.0,376085.0,Charitable company,"Provides Advocacy/advice/information, Acts As An Umbrella Or Resource Body","General Charitable Purposes, Education/training, Economic/community Development/employment","Children/young People, Other Charities Or Voluntary Bodies",We offer capacity building support to early years groups in the voluntary sector in the London borough of Tower Hamlets. We also run a full day care provision.,"TO ENHANCE THE DEVELOPMENT AND EDUCATION OF CHILDREN AND THE FAMILIES OF CHILDREN UNDER STATUTORY SCHOOL AGE, WITHIN THE LONDON BOROUGH OF TOWER HAMLETS BY ENCOURAGING PARENTS TO UNDERSTAND AND PROVIDE FOR THE NEEDS OF THEIR CHILDREN THROUGH COMMUNITY GROUPS.",True,Medium,Dormant,Economic/community Development/employment
266,1110218,BARKANTINE COMMUNITY NURSERY,"BARKANTINE COMMUNITY NURSERY, 105A MELLISH STREET, LONDON",E14 8PR,Poplar and Limehouse,02075388487,info@barkantinenursery.org,Not available,31/03/2024,853897.0,885761.0,Charitable company,"Provides Services, Provides Advocacy/advice/information","General Charitable Purposes, Education/training, The Prevention Or Relief Of Poverty, Economic/community Development/employment","Children/young People, People With Disabilities","To provide good quality affordable childcare for local parents
To advance the education of children under statutory school age","3. THE CHARITY'S OBJECTS ('THE OBJECTS') ARE:
(A)	TO ADVANCE THE EDUCATION AND DEVELOPMENT OF CHILDREN UNDER THE AGE OF FIVE RESIDENT IN THE LONDON BOROUGH OF TOWER HAMLETS IN PARTICULAR THOSE FROM AND AROUND THE BARKANTINE ESTATE AND MILLWARD WARD (THE 'AREA OF BENEFIT');
(B)	TO ADVANCE THE EDUCATION OF THEIR PARENTS AND CARERS AND TO RELIEVE UNEMPLOYMENT IN PARTICULAR THROUGH THE PROVISION OF QUALITY AFFORDABLE CHILDCARE, TRAINING, LEARNING AND EMPLOYMENT INITIATIVES;
(C)	TO RELIEVE POVERTY AND SICKNESS; 
(D)	TO PROVIDE OR ASSIST IN THE PROVISION OF FACILITIES IN THE INTERESTS OF SOCIAL WELFARE FOR RECREATION OR OTHER LEISURE TIME OCCUPATION OF INDIVIDUALS WHO HAVE NEED OF SUCH FACILITIES BY REASON OF THEIR YOUTH, AGE INFIRMITY OR DISABILITY, FINANCIAL HARDSHIP OR SOCIAL CIRCUMSTANCES WITH THE OBJECT OF IMPROVING THEIR CONDITIONS OF LIFE; AND
(E)	TO FURTHER SUCH OTHER CHARITABLE PURPOSES FOR THE BENEFIT OF THE COMMUNITY IN THE AREA OF BENEFIT AS THE TRUSTEES SEE FIT FROM TIME TO TIME.",True,Medium,Dormant,Economic/community Development/employment
267,1110403,CANAAN PROJECT,"TOWER HAMLETS COMMUNITY CHURCH, 117 RICARDO STREET, LONDON",E14 6EQ,Poplar and Limehouse,07525986708,lianjacobs@canaanproject.co.uk,www.canaanproject.co.uk,31/08/2024,144151.0,141496.0,Charitable company,"Provides Human Resources, Provides Buildings/facilities/open Space, Provides Services","Education/training, Arts/culture/heritage/science, Amateur Sport",Children/young People,The charity provides activities for needy children and young people.,"(A)  TO PROMOTE FOR THE BENEFIT OF THE INHABITANTS OF TOWER HAMLETS AND SUCH PARTS OF THE UNITED KINGDOM AND THE WORLD THE PROVISION OF FACILITIES FOR RECREATION OR OTHER LEISURE TIME OCCUPATION OF INDIVIDUALS WHO HAVE NEED OF SUCH FACILITIES BY REASON OF THEIR YOUTH, AGE, INFIRMITY OR DISABLEMENT, FINANCIAL HARDSHIP OR SOCIAL AND ECONOMIC CIRCUMSTANCES OR FOR THE PUBLIC AT LARGE IN THE INTERESTS OF SOCIAL WELFARE AND WITH THE OBJECT OF IMPROVING THE CONDITION OF LIFE OF THE SAID INHABITANTS;
(B)  TO ADVANCE EDUCATION IN LIFE SKILLS GENERALLY FOR THE BENEFIT OF THE COMMUNITY WITHOUT DISTINCTION OF GENDER, RACE, RELIGIOUS OR POLITICAL BELIEF IN TOWER HAMLETS AND SUCH PARTS OF THE UNITED KINGDOM AND THE WORLD AS THE TRUSTEES MAY FROM TIME TO TIME THINK FIT.",True,Medium,Dormant,Amateur Sport
268,1110461,SPORTING FOUNDATION,"Mile End Stadium, Rhodeswell Road, London",E14 7TW,Poplar and Limehouse,02045397908,info@sportingfoundation.com,www.sportingfoundation.com,31/03/2025,328660.0,326855.0,Other,"Provides Human Resources, Provides Buildings/facilities/open Space, Provides Services, Provides Advocacy/advice/information, Acts As An Umbrella Or Resource Body","General Charitable Purposes, Education/training, The Advancement Of Health Or Saving Of Lives, The Prevention Or Relief Of Poverty, Amateur Sport, Economic/community Development/employment, Recreation","Children/young People, People Of A Particular Ethnic Or Racial Origin, Other Charities Or Voluntary Bodies, The General Public/mankind",The principal activity is the provision in the interest of social welfare facilities for the recreation and leisure time occupation of disadvantaged young people with the objects of improving their lives.,"THE PROVISION IN THE INTERESTS OF SOCIAL WELFARE OF FACILITIES FOR THE RECREATION AND LEISURE TIME OCCUPATION OF YOUNG PEOPLE REGARDLESS OF THEIR SEX, COLOUR OR RACE IN PARTICULAR FOOTBALL WITH THE OBJECTS OF IMPROVING THE CONDITIONS OF LIFE OF THE SAID YOUNG PEOPLE.",True,Medium,Dormant,Recreation
269,1110519,ISLAND HOUSE COMMUNITY CENTRE,"Island House Community Centre, Island House, Roserton Street, LONDON",E14 3PG,Poplar and Limehouse,02075310310,admin@island-house.org,www.island-house.org.uk,31/12/2024,260806.0,251245.0,Other,"Provides Human Resources, Provides Buildings/facilities/open Space, Provides Services, Provides Advocacy/advice/information","General Charitable Purposes, Education/training, The Advancement Of Health Or Saving Of Lives, Religious Activities, Economic/community Development/employment","Other Charities Or Voluntary Bodies, The General Public/mankind",Island House is a community centre providing education classes for adults; youth and family support projects; health promotion activities; and opportunities for inter-faith dialogue.  Meeting rooms and offices are available for local community groups and charities that complement the work of the centre.  A chapel offers Christian worship in the tradition of the United Reformed Church.,"1.2.1  TO PROMOTE THE BENEFIT OF THE INHABITANTS OF THE ISLE OF DOGS AND THE SURROUNDING AREA BY ASSOCIATING TOGETHER THE SAID INHABITANTS AND THE LOCAL AUTHORITIES, VOLUNTARY AND OTHER ORGANIZATIONS IN A COMMON EFFORT TO ADVANCE EDUCATION AND TO PROVIDE FACILITIES IN THE INTERESTS OF SOCIAL WELFARE FOR RECREATION AND LEISURE-TIME OCCUPATION WITH THE OBJECT OF IMPROVING THE CONDITIONS OF LIFE FOR THE SAID INHABITANTS AND
1.2.2  TO ADVANCE THE CHRISTIAN RELIGION IN ACCORDANCE WITH THE PRINCIPLES AND USAGES OF THE UNITED REFORMED CHURCH.",True,Medium,Dormant,The Advancement Of Health Or Saving Of Lives
270,1111264,HORNCHURCH FOOTBALL CLUB (YOUTH),"54 Little Gaynes Lane, UPMINSTER",RM14 2JR,Hornchurch and Upminster,07984000989,rm125er@yahoo.co.uk,https://www.facebook.com/groups/1839463683040579/?ref=bookmarks,02/06/2025,0.0,0.0,Other,Provides Advocacy/advice/information,"Education/training, Amateur Sport","Children/young People, Other Defined Groups",We are a local Football Club,"THE PROMOTION OF COMMUNITY PARTICIPATION IN HEALTHY RECREATION FOR THE BENEFIT OF YOUNG PERSONS, PARTICULARLY BUT NOT EXCLUSIVELY THOSE WHO ARE DISADVANTAGED, RESIDENT IN THE LONDON BOROUGH OF TOWER HAMLETS, BY THE PROVISION OF FACILITIES FOR THE PLAYING, TRAINING AND COACHING OF FOOTBALL AND SUCH OTHER SPORTS AS THE TRUSTEES SHALL FROM TIME TO TIME DETERMINE.",False,,Dormant,Amateur Sport
271,1111302,BROMLEY BY BOW BANGLADESHI FORUM AND MUSLIM CULTURAL CENTRE,"BROMLEY BY BOW BANGLADESHI FORUM, AND MUSLIM CULTURAL CENTRE, GROUND FLOOR, DEVON TENANTS HALL, POWIS ROAD",LONDON,,02089813528,Not available,Not available,31/12/2024,267248.0,133220.0,Other,"Provides Buildings/facilities/open Space, Provides Services, Provides Advocacy/advice/information","General Charitable Purposes, Education/training, The Prevention Or Relief Of Poverty, Religious Activities, Amateur Sport","Children/young People, Elderly/old People, People With Disabilities, People Of A Particular Ethnic Or Racial Origin","To advance the islamic religion education to muslim community and Bengali language education to Bangladishi community. The advancement of the education of general public in many  fields of Islamic faith and culture, and others.","1. TO ADVANCE THE ISLAMIC RELIGION FOR THE BENEFIT OF THE PUBLIC IN ACCORDANCE WITH THE TRUE RELIGIOUS GUIDELINES FROM THE HOLY QURAN AND HADITH (SAYING OF PROPHET PEACE BE UPON HIM).
2. TO ADVANCE THE EDUCATION OF THE PUBLIC, IN PARTICULAR BUT NOT EXCLUSIVELY THE BENGALI AND MUSLIM CHILDREN OF THE AREA IN THE MANY FACTS OF THE ISLAMIC FAITH AND CULTURE AND IN THE BENGALI LANGUAGE.",False,Medium,Dormant,Amateur Sport
272,1111582,THE BRICK LANE JAMME MASJID TRUST (LONDON) LIMITED,"59 BRICK LANE, LONDON",E1 6QL,Bethnal Green and Stepney,02072476052,Not available,Not available,31/12/2024,230564.0,203742.0,Charitable company,"Provides Human Resources, Provides Buildings/facilities/open Space, Provides Services, Provides Advocacy/advice/information","Education/training, Religious Activities","Children/young People, Elderly/old People, People With Disabilities, People Of A Particular Ethnic Or Racial Origin, Other Charities Or Voluntary Bodies, Other Defined Groups","Promotion of the Islamic faith. To faciliate the performance of prayers, Eid congregations, special prayer, Islamic conferences, seminars and running school for Islamic education. General education for Muslim children and youths.","THE CHARITY'S OBJECTS ARE THE PROMOTION OF THE ISLAMIC FAITH AND IN PARTICULAR (BUT WITHOUT IN ANY WAY LIMITING THE GENERALITY OF THE FOREGOING) THE PROMOTION OF THE TEACHING OF THE AHL-E-SUNNATH WAL JAMATH IN THE AREA OF THE GREATER LONDON AUTHORITY.
TO MAINTAIN & MANAGE THE AFFAIRS OF THE FREEHOLD PROPERTY AT 59 BRICK LANE, LONDON E1.
TO FACILITATE PERFORMANCE OF PRAYER FIVE TIMES A DAY, HOLDING OF TWO EID CONGREGATIONS, SPECIAL PRAYERS, ISLAMIC CONFERENCES, SEMINARS, MEETINGS, LECTURES AND RUNNING SCHOOL FOR ISLAMIC EDUCATION. ALONG WITH GENERAL EDUCATION FOR MUSLIM CHILDREN & YOUTHS.",True,Medium,Dormant,Religious Activities
273,1112289,NEWARK YOUTH LONDON LIMITED,"416H SIMS HOUSE, COMMERCIAL ROAD, TOWER HAMLETS, LONDON",E1 1LQ,Bethnal Green and Stepney,02077901451,info@newark.org.uk,www.newark.org.uk,31/03/2025,553782.0,477586.0,Charitable company,"Provides Buildings/facilities/open Space, Provides Services, Provides Advocacy/advice/information","General Charitable Purposes, Education/training, The Advancement Of Health Or Saving Of Lives, Disability, The Prevention Or Relief Of Poverty, Arts/culture/heritage/science, Amateur Sport, Environment/conservation/heritage, Economic/community Development/employment, Human Rights/religious Or Racial Harmony/equality Or Diversity, Recreation, Other Charitable Purposes","Children/young People, People With Disabilities, People Of A Particular Ethnic Or Racial Origin","Newark develops the skills, capacities and capabilities of young people to enable them to participate in society as independent, mature and responsible individuals. To advance education and relieve unemployment. Provides recreational and leisure time activities to improve conditions of life. Also to act as resource and point of contact for young people.","(A)  TO ACT AS A RESOURCE FOR YOUNG PEOPLE LIVING IN THE LONDON BOROUGH OF TOWER HAMLETS AND NEIGHBOURING BOROUGHS BY PROVIDING ADVICE AND ASSISTANCE AND ORGANISING PROGRAMMES OF PHYSICAL, EDUCATIONAL AND OTHER ACTIVITIES AS A MEANS OF: 
(I)  ADVANCING IN LIFE AND HELPING YOUNG PEOPLE BY DEVELOPING THEIR SKILLS, CAPACITIES AND CAPABILITIES TO ENABLE THEM TO PARTICIPATE IN SOCIETY AS INDEPENDENT, MATURE AND RESPONSIBLE INDIVIDUALS;
(II)  ADVANCING EDUCATION;
(III)  RELIEVING UNEMPLOYMENT; AND 
(IV)  PROVIDING RECREATIONAL AND LEISURE-TIME ACTIVITY IN THE INTERESTS OF SOCIAL WELFARE FOR PEOPLE LIVING IN THE AREA OF BENEFIT WHO HAVE NEED BY REASON OF THEIR YOUTH, AGE, INFIRMITY OR DISABILITY, POVERTY OR SOCIAL AND ECONOMIC CIRCUMSTANCES WITH A VIEW TO IMPROVING THEIR CONDITIONS OF LIFE.",True,Medium,Dormant,Human Rights/religious Or Racial Harmony/equality Or Diversity
274,1112678,EAST LONDON ASIAN FAMILY COUNSELLING,"75 HAMPTON ROAD, LONDON",E7 0NX,Stratford and Bow,07960209334,elafc1@yahoo.co.uk,Not available,31/03/2024,0.0,0.0,Charitable company,"Provides Services, Provides Advocacy/advice/information",The Advancement Of Health Or Saving Of Lives,"Children/young People, Elderly/old People, People With Disabilities, People Of A Particular Ethnic Or Racial Origin, The General Public/mankind","ELAFC provides a culturally sensitive counselling service in a safe and confidential environment to Asian women and male and their families in Tower Hamlets. We provide counselling and support in the area of Mental Health, Domestic violence, Couple counselling, Crime and disorder, Advice and Information. Due to the longstanding service in LBTH, local agencies are confidence to work in partnership.","(A) TO RELIEVE DISTRESS AND SUFFERING OF ASIAN WOMEN AND THEIR CHILDREN CAUSED BY MALTREATMENT BY THEIR FAMILIES OR BY PERSONS WITH WHOM THEY ARE OR HAVE BEEN LIVING;
(B) TO ADVANCE EDUCATION AMONG THE INHABITANTS OF EAST LONDON IN PARTICULAR AMONG ASIAN WOMEN;
(C) TO PROMOTE ANY OTHER PURPOSE WHICH IS CHARITABLE ACCORDING TO ENGLISH LAW AND IN PARTICULAR THOSE PURPOSES WHICH WILL BENEFIT THE INHABITANTS OF EAST LONDON.",False,,Dormant,The Advancement Of Health Or Saving Of Lives
275,1112695,OVERCOMERS WORLD OUTREACH INTERNATIONAL MINISTRY,"31 PARK VIEW ROAD, LONDON",NW10 1AJ,Brent East,02084523069,overcomerslondon@yahoo.com,Not available,28/02/2025,1739.0,1464.0,Charitable company,"Provides Services, Other Charitable Activities","The Prevention Or Relief Of Poverty, Religious Activities","Other Charities Or Voluntary Bodies, The General Public/mankind","Propagating and preaching the gospel of our Lord Jesus Christ. Carrying out evangelism world wide to people so as to win souls for Christ. Helping persons who are in need or hardship, aged or sick and to relieve the distress causd thereby","TO ADVANCE THE CHRISTIAN FAITH IN ACCORDANCE WITH THE STATEMENT OF BELIEFS APPEARING IN THE SCHEDULE HERETO IN LONDON AND IN SUCH OTHER PARTS OF THE UNITED KINGDOM OR THE WORLD AS THE DIRECTORS OF THE CHARITY (HEREIN CALLED ""THE TRUSTEES"") MAY FROM TIME TO TIME THINK FIT;
B) TO RELIEVE PERSONS WHO ARE IN CONDITIONS OF NEED OR HARDSHIP OR WHO ARE AGED OR SICK AND RELIEVE THE DISTRESS CAUSED THEREBY IN LONDON AND IN SUCH OTHER PARTS OF THE UNITED KINGDOM  AND THE WORLD AS THE TRUSTEES MAY FROM TIME TO TIME THINK FIT;
C) TO PROMOTE AND FULFIL SUCH OTHER CHARITABLE PURPOSES BENEFICIAL TO THE COMMUNITY IN LONDON AND IN SUCH OTHER PARTS OF THE UNITED KINGDOM OR THE WORLD AS THE TRUSTEES MAY FROM TIME TO TIME THINK FIT.",False,Micro,Dormant,Religious Activities
276,1113112,VALLANCE COMMUNITY TRUST,"Hason Raja Centre, 117 Vallance Road, LONDON",E1 5BW,Bethnal Green and Stepney,02072476957,info@vallancecsa.org.uk,www.vallancecsa.org.uk,30/06/2024,231790.0,231648.0,Charitable company,"Provides Services, Provides Advocacy/advice/information","Education/training, Disability, Amateur Sport, Economic/community Development/employment","Children/young People, People With Disabilities, People Of A Particular Ethnic Or Racial Origin","Football coaching for 8 to 25 year old boys.
After school Multi Sports coaching for boys and girls.
Residential trips.
Estate based Football coaching.
Women & Girls Sports Activities.
Cricket coaching for boys 14 to 24 year old.
Accredited Sports Education Courses/Training.
Disability Sports Coaching.
SEN Health Development programme.
Volunteers Programme 16-25 year old.
Youth Club","THE PROMOTION OF COMMUNITY PARTICIPATION IN HEALTHY RECREATION PARTICULARLY BUT NOT EXCLUSIVELY BY PROVIDING FACILITIES FOR FOOTBALL AND CRICKET;
THE PROVISION OR ASSISTANCE IN THE PROVISION OF FACILITIES FOR EDUCATION, RECREATION OR OTHER LEISURE TIME OCCUPATION IN THE INTERESTS OF SOCIAL WELFARE WITH THE OBJECT OF IMPROVING THE CONDITIONS OF LIFE FOR THE INHABITANTS OF THE AREA OF BENEFIT WITHOUT DISTINCTION OF SEX OR OF POLITICAL, RELIGIOUS AND OTHER OPINIONS",True,Medium,Dormant,Disability
277,1113125,ST JOSEPH'S HOSPICE HACKNEY,"St. Joseph's Hospice, Mare Street, London",E8 4SA,Hackney South and Shoreditch,020 8525 6000,info@stjh.org.uk,www.stjh.org.uk,31/03/2025,16793000.0,16754000.0,Charitable company,"Provides Human Resources, Provides Services","General Charitable Purposes, The Advancement Of Health Or Saving Of Lives, Disability, The Prevention Or Relief Of Poverty","Elderly/old People, People With Disabilities, People Of A Particular Ethnic Or Racial Origin, The General Public/mankind","The Charity provides end of life palliative care, support and advice to all communities in the East and North East of London.","THE RELIEF OF SICKNESS AND DISABILITY IN FURTHERANCE OF THE AIMS, CHARISM AND ETHOS OF THE RELIGIOUS SISTERS OF CHARITY (""THE CONGREGATION"") AND OF ANY MISSION STATEMENT OF ST JOSEPH'S HOSPICE WHICH MAY FROM TIME TO TIME BE APPROVED BY THE MEMBERS, IN PARTICULAR BY:
(1)  THE PROVISION OF PALLIATIVE, NURSING, MEDICAL AND OTHER CARE SERVICES FOR THOSE IN NEED AT ST JOSEPH'S HOSPICE OR AT ANY OTHER FACILITIES OR IN THE HOMES OF PATIENTS;
(2)  THE PROVISION OF PASTORAL CARE SERVICES FOR THE SPIRITUAL WELFARE AND SU[PPORT OF PATIENTS, RELATIVES AND STAFF PARTICULARLY THROUGH THE AGENCY AND ACTIVE WORK OF THE CONGREGATION;
(3)  THE PROVISION OF EDUCATION AND RESEARCH INTO ANY ASPECT OF THE CARE OF SICK OR DISABLED PEOPLE OR OF THE SERVICE PROVIDED BY ST JOSEPH'S HOSPICE OR AT ANY OTHER FACILITIES.",False,Major,Dormant,Disability
278,1113376,"QUEEN MARY, UNIVERSITY OF LONDON FOUNDATION","QUEEN MARY UNIVERSITY OF LONDON, 327 MILE END ROAD, LONDON",E1 4NS,Bethnal Green and Stepney,020 7882 5555,k.tangalova@qmul.ac.uk,Not available,31/07/2024,2216242.0,1945714.0,Charitable company,"Makes Grants To Individuals, Makes Grants To Organisations, Sponsors Or Undertakes Research","General Charitable Purposes, Education/training",The General Public/mankind,"To promote for the public benefit education and scholarship by, in particular, promoting and supporting the provision of education, teaching and research and the publication of the results of such research at Queen Mary University of London and any other charitable bodies that Queen Mary acts in co-operation.","TO PROMOTE FOR THE PUBLIC BENEFIT EDUCATION AND SCHOLARSHIP BY, IN PARTICULAR, PROMOTING AND SUPPORTING THE PROVISION OF EDUCATION TEACHING AND RESEARCH AND THE PUBLICATION OF THE RESULTS OF SUCH RESEARCH AT QUEEN MARY, UNIVERSITY OF LONDON AND ANY OTHER CHARITABLE BODIES WITH WHICH QUEEN MARY ACTS IN CO-OPERATION.",True,Large,Dormant,General Charitable Purposes
279,1113739,ABERTOTS PLAY,"96 Burcham Street, LONDON",E14 0SH,Poplar and Limehouse,07821199202,poplarabertots@yahoo.co.uk,Not available,31/03/2025,129276.0,124218.0,Other,Provides Services,Education/training,Children/young People,"Abertots Playgroup is a weekday sessional provision (8.30-11.30 or 12-3) which runs during term time only. We provide activities for 2-5 year olds in accordance to the Early Years Foundation Stage, which encourages each child to development as an individual and at their own pace.","THE AIM OF THE ASSOCIATION SHALL BE TO ADVANCE THE EDUCATION OF CHILDREN BELOW COMPULSORY SCHOOL AGE IN TOWER HAMLETS.
A) PROVIDING SAFE AND SATISFYING GROUP PLAY, IN WHICH PARENTS HAVE THE RIGHT TO TAKE PART;
B) ENCOURAGING OTHER CHARITABLE ACTIVITIES THROUGH WHICH PARENTS MAY HELP THE CHILDREN.",True,Medium,Dormant,Education/training
280,1113762,VICTORY LIFE DELIVERANCE MINISTRY INTERNATIONAL,"52A BALLANCE ROAD, LONDON",E9 5SR,Hackney South and Shoreditch,02035731495,kboahemaa@aol.com,kboahemaa@aol.com,31/12/2024,8012.0,7938.0,Other,"Makes Grants To Organisations, Provides Other Finance, Provides Buildings/facilities/open Space","General Charitable Purposes, Education/training, The Advancement Of Health Or Saving Of Lives, Disability, The Prevention Or Relief Of Poverty, Overseas Aid/famine Relief, Religious Activities, Other Charitable Purposes","Children/young People, Elderly/old People, People With Disabilities, People Of A Particular Ethnic Or Racial Origin, The General Public/mankind","Evangelism - christian, christian faith seminars & counselling christian values.","TO PROMOTE THE CHRISTIAN RELIGION THROUGH THE PENTECOSTAL TEACHINGS OF OUR LORD JESUS CHRIST BY RELIGIOUS SERVICES AND PROVIDING AID TO THE POOR AND NEEDY IN THE UNITED KINGDOM AND OVERSEAS.
FOR 2.1 TO 2.9 SEE GOVERNING DOCUMENT",False,Micro,Dormant,Overseas Aid/famine Relief
281,1113808,AGELESS INTERNATIONAL FOUNDATION,"AGELESS INTERNATIONAL FOUNDATION, GROUND FLOOR & 1ST FLOOR, 53-63 COTTRELL HOUSE, WEMBLEY HILL ROAD, WEMBLEY",HA9 8DL,Brent West,07501054106,agelessinternational@yahoo.com,Not available,01/12/2024,2200.0,2200.0,Other,"Provides Other Finance, Provides Human Resources, Provides Buildings/facilities/open Space, Provides Services, Provides Advocacy/advice/information","General Charitable Purposes, Education/training, The Advancement Of Health Or Saving Of Lives, Disability, The Prevention Or Relief Of Poverty, Accommodation/housing, Arts/culture/heritage/science, Amateur Sport, Animals, Environment/conservation/heritage, Economic/community Development/employment","Children/young People, Elderly/old People, People With Disabilities, Other Charities Or Voluntary Bodies, The General Public/mankind","TO RELIEVE POVERTY AND SICKNESS, TO ADVANCE EDUCATION AND TO FURTHER SUCH OTHER CHARITABLE PURPOSES AS THE TRUSTEES SEE FIT AMONG VICTIMS OF WAR, NATURAL DISASTERS, TROUBLE OR CATASTROPHE IN THE FORM OF MONEY OR OTHER MEANS DEEMED SUITABLE FOR PERSONS, BODIES, ORGANISATIONS OR COUNTRIES AFFECTED WORLDWIDE.","TO RELIEVE POVERTY AND SICKNESS, TO ADVANCE EDUCATION AND TO FURTHER SUCH OTHER CHARITABLE PURPOSES AS THE TRUSTEES SEE FIT AMONG VICTIMS OF WAR, NATURAL DISASTERS, TROUBLE OR CATASTROPHE IN THE FORM OF MONEY OR OTHER MEANS DEEMED SUITABLE FOR PERSONS, BODIES, ORGANISATIONS OR COUNTRIES AFFECTED WORLDWIDE.",False,Micro,Dormant,Animals
282,1114290,APASEN,"APASEN, 30 COPENHAGEN PLACE, LONDON",E14 7FF,Poplar and Limehouse,02070012266,info@apasen.org.uk,www.apasen.org.uk,31/03/2025,14981024.0,15614040.0,Charitable company,"Provides Services, Provides Advocacy/advice/information",Disability,"Children/young People, Elderly/old People, People With Disabilities, People Of A Particular Ethnic Or Racial Origin","Mainly provides services to people, with learning disabilities and multiple disabilities. and their carers to improve their day to day life, relieve poverty and to improve employemnt opportunites.","1. TO RELIEVE POVERTY, SOCIAL EXCLUSION AND DEPRIVATION FOR PEOPLE WITH LEARNING DIFFICULTIES AND/OR WITH PHYSICAL DISABILITIES OR OTHER CHARITABLE NEEDS.
2. TO PROVIDE ADVICE, SUPPORT, INFORMATION, COUNSELLING AND TRAINING TO THOSE IN NEED.
3. TO ESTABLISH AND MAINTAIN CENTRES FOR HEALTH, EDUCATION AND RECREATION. 
4. TO PROVIDE CARE AND SUPPORT TO THOSE IN CHARITABLE NEED.",True,Major,Dormant,Disability
283,1114589,EAST LONDON DISTRICT SCOUT COUNCIL,"East London Scout District, 65 Copley Street, LONDON",E1 3DF,Bethnal Green and Stepney,07956168068,kevin.bridge@eastlondonscouts.org.uk,http://www.eastlondonscouts.org.uk/,31/12/2023,148409.0,102409.0,Other,"Provides Buildings/facilities/open Space, Provides Services",Education/training,Children/young People,"East London Scouts gives young people skills for life.  We actively engage and support young people in their personal development, empowering them to make a positive contribution to society.  We are open to all young people aged 4 - 24 in the London Boroughs of Hackney and Tower Hamlets.","TO PROMOTE THE DEVELOPMENT OF YOUNG PEOPLE IN ACHIEVING THEIR FULL PHYSICAL, INTELLECTUAL, SOCIAL AND SPIRITUAL POTENTIAL; AS INDIVIDUALS, AS RESPONSIBLE CITIZENS AND AS MEMBERS OF THEIR LOCAL, NATIONAL AND INTERNATIONAL COMMUNITIES",True,Medium,Dormant,Education/training
284,1114726,FRIENDS OF ARNOLD CIRCUS,"C/o Leila's Shop, 17 Calvert Avenue, LONDON",E2 7JP,Bethnal Green and Stepney,07932413598,helloarnoldcircus@gmail.com,www.arnoldcircus.co.uk,31/03/2025,4585.0,7847.0,Other,Other Charitable Activities,"General Charitable Purposes, Education/training, Arts/culture/heritage/science, Amateur Sport, Environment/conservation/heritage",The General Public/mankind,"FOAC promotes for the public benefit, the preservation, care and improvement of Arnold Circus, London E2 as a place of historical and ecological interest. It seeks to provide for the local communities and beyond, in the interests of social welfare and learning, facilities for recreation and leisure time occupation with the object of improving the quality of life for those people.","1. TO PROMOTE FOR THE PUBLIC BENEFIT, THE PRESERVATION, CARE AND IMPROVEMENT OF ARNOLD CIRCUS AS A PLACE OF HISTORICAL AND ECOLOGICAL INTEREST.
2. TO PROVIDE FOR THE LOCAL COMMUNITIES AND BEYOND, IN THE INTERESTS OF SOCIAL WELFARE AND LEARNING, FACILITIES FOR RECREATION AND LEISURE TIME OCCUPATION WITH THE OBJECT OF IMPROVING THE QUALITY OF LIFE FOR THOSE PEOPLE.",True,Micro,Dormant,Environment/conservation/heritage
285,1114817,COMMUNITIES IN PARTNERSHIP,,,,Not available,Not available,www.cominpart.org,31/03/2007,9380.0,9380.0,Other,"Provides Human Resources, Provides Buildings/facilities/open Space, Provides Services, Provides Advocacy/advice/information","General Charitable Purposes, Education/training, The Advancement Of Health Or Saving Of Lives, Disability, The Prevention Or Relief Of Poverty, Overseas Aid/famine Relief, Arts/culture/heritage/science, Economic/community Development/employment","Children/young People, Elderly/old People, People With Disabilities, People Of A Particular Ethnic Or Racial Origin, The General Public/mankind",,"FOR THE BENEFIT OF THE PUBLIC, IN PARTICULAR BUT NOT EXCLUSIVELY PERSONS OF OF BME ORIGIN. 
(A)  TO RELIEVE POVERTY SICKNESS AND DISTRESS
(B)  TO PRESERVE AND PROTECT PUBLIC HEALTH 
(C)  TO ADVANCE PUBLIC EDUCATION
(D)  TO PROVIDE OR ASSIST IN THE PROVISION OF FACILITIES IN THE INTERESTS OF SOCIAL WELFARE FOR RECREATION AND OTHER LEISURE TIME OCCUPATION FOR PERSONS IN NEED OF SUCH FACILITIES BY REASON OF THEIR YOUTH, AGE, HEALTH, SOCIAL OR RELIGIOUS AND ECONOMIC CIRCUMSTANCES WITHOUT DISTINCTION OF SEXUAL, POLITICAL, RELIGIOUS OR OTHER PERSUASIONS BY WORKING WITH LOCAL AUTHORITIES, VOLUNTARY ORGANISATIONS AND INHABITANTS OF THE UNITED KINGDOM  AND OTHER NATIONALS WITH THE OBJECT OF IMPROVING THEIR CONDITIONS OF LIFE.",False,Micro,Dormant,Overseas Aid/famine Relief
286,1114835,NATIONAL ALL STAR SKILLS ACADEMY,"TATE AND LYLE LTD, THAMES REFINERY, FACTORY ROAD, LONDON",E16 2EW,West Ham and Beckton,07947401616,natasha.nassa@gmail.com,www.nassasports.org.uk,30/09/2024,342754.0,339727.0,Charitable company,"Provides Buildings/facilities/open Space, Provides Services, Other Charitable Activities","General Charitable Purposes, Education/training, The Advancement Of Health Or Saving Of Lives, Disability, The Prevention Or Relief Of Poverty, Overseas Aid/famine Relief, Arts/culture/heritage/science, Amateur Sport, Economic/community Development/employment, Recreation","Children/young People, People With Disabilities, The General Public/mankind","National All Star Skills Academy (NASSA) supports young people through skills development, mentoring and pathways into training and employment. It works closely with young people with SEND, as well as women and girls, to promote inclusion. Key initiatives include knife crime prevention through the Carry A Basketball Not A Blade programme, delivered with schools and community partners nationwide.",FOR THE BENEFIT OF THE PUBLIC AND IN THE LONDON BOROUGH OF NEWHAM AND SURROUNDING BOROUGHS BY THE PROMOTION OF COMMUNITY PARTICIPATION IN HEALTHY RECREATION BY PROVIDING FACILITIES FOR PLAYING PARTICULAR SPORTS.,False,Medium,Dormant,Overseas Aid/famine Relief
287,1114921,CITY OF PEACE COMMUNITY CHURCH,"6 BILLSON STREET, LONDON",E14 3DA,Poplar and Limehouse,03003653787,cityofpeacecc@gmail.com,www.cityofpeace.co.uk,31/03/2025,59120.0,48166.0,Other,"Provides Human Resources, Provides Services, Provides Advocacy/advice/information","The Prevention Or Relief Of Poverty, Religious Activities, Arts/culture/heritage/science, Amateur Sport","Children/young People, Elderly/old People, People With Disabilities, The General Public/mankind","Activities include:- A Sunday morning meeting which includes,a Bible talk, singing, prayers and friendship- Weekly Bible studies- Service projects in the community- Youth group for secondary school children- Community outreach","(1)  THE ADVANCEMENT OF THE CHRISTIAN RELIGION AS TAUGHT IN THE BOOKS OF THE OLD AND NEW TESTAMENTS AND AS DESCRIBED IN THE STATEMENT OF FAITH. 
(2)  THE RELIEF OF POVERTY, SICKNESS AND DISTRESS OF THE INHABITANTS OF THE ISLE OF DOGS AND THE SURROUNDING AREAS.",True,Small,Dormant,Amateur Sport
288,1115026,AFRICAN FUTURE DEVELOPMENT,"Unit 320 1st Floor, 415 High Street, LONDON",E15 4QZ,Stratford and Bow,02084780001,africanfuturedevelopment@gmail.com,Not available,31/03/2025,6253.0,6387.0,Charitable company,"Provides Services, Provides Advocacy/advice/information, Other Charitable Activities","General Charitable Purposes, Education/training, The Prevention Or Relief Of Poverty, Economic/community Development/employment","Children/young People, People Of A Particular Ethnic Or Racial Origin, The General Public/mankind","information and guidance on education, training and employment, basic IT/computer skills training, workshops, supplementary school, sports club, volunteering opportunities, referrals to specialised organisations/agencies, international programmes.","(1) TO DEVELOP THE CAPACITY AND SKILLS OF THE SOCIALLY AND ECONOMICALLY DISADVANTAGED MEMBERS OF THE AFRICAN AND OTHER BLACK AND ETHNIC COMMUNITIES PARTICULARLY THOSE WHO ARE REFUGEES OR ASYLUM SEEKERS IN THE UNITED KINGDOM IN ORDER THAT THEY MAY BETTER MEET THEIR OWN NEEDS AND INTEGRATE INTO SOCIETY. 

(2) TO PROMOTE EDUCATION FOR MEMBERS OF THE AFRICAN AND OTHER BLACK AND ETHNIC COMMUNITIES, PARTICULARLY BY FACILITATING ACCESS TO EDUCATION, TRAINING AND EMPLOYMENT OPPORTUNITIES. 

(3) TO RELIEVE POVERTY AND ADVANCE EDUCATION OF PEOPLE IN ECONOMICALLY UNDER-DEVELOPED COMMUNITIES IN AFRICA",False,Micro,Dormant,Economic/community Development/employment
289,1115595,ABILITY BOW,"ST. PAULS CHURCH, ST. STEPHENS ROAD, LONDON",E3 5JL,Stratford and Bow,02089807778,info@abilitybow.org,www.abilitybow.org,31/03/2025,263938.0,263871.0,Charitable company,"Provides Human Resources, Provides Buildings/facilities/open Space, Provides Services","The Advancement Of Health Or Saving Of Lives, Disability, Amateur Sport, Recreation","Elderly/old People, People With Disabilities, The General Public/mankind",By providing specialist disability exercise support in a community gym and neighbouring locations Ability Bow works with people of all abilities to bring about positive change and maximise health and well-being to improve quality of daily life in the communities of East London.,"1) THE PROMOTION OF HEALTH THROUGH THE PURSUIT OF HEALTHY RECREATION
2) THE PROVISION OF A GYM AND FITNESS CLASSES THAT ARE OPEN TO EVERYONE, PARTICULARLY PEOPLE WITH DISABILITIES AND THOSE WHO WOULD NOT OTHERWISE USE OR HAVE ACCESS TO A GYM.",True,Medium,Dormant,Recreation
290,1115709,HEFAZOTHE ISLAM UK,"534 BARKING ROAD, LONDON",E13 8QE,West Ham and Beckton,07878561130,Not available,hefazotheislamuk.org,31/03/2025,642214.0,626816.0,Other,"Makes Grants To Individuals, Provides Other Finance, Provides Human Resources, Provides Buildings/facilities/open Space, Provides Services, Provides Advocacy/advice/information, Other Charitable Activities","General Charitable Purposes, Education/training, The Advancement Of Health Or Saving Of Lives, The Prevention Or Relief Of Poverty, Overseas Aid/famine Relief, Religious Activities, Economic/community Development/employment, Other Charitable Purposes","Children/young People, Elderly/old People, People With Disabilities, People Of A Particular Ethnic Or Racial Origin, The General Public/mankind","To advance Islamic religion, education and training.
To relieve poverty, suffering and distress and to prptect and promote public health.","TO PROMOTE ANY CHARITABLE PURPOSE FOR THE BENEFIT OF THE MUSLIM INHABITANTS OF THE UNITED KINGDOM, AND IN PARTICULAR FOR THOSE INHABITANTS WHO ARE OF MUSLIM BANGLADESHI ORIGIN, AND IN PARTICULAR FOR THE FOLLOWING PURPOSES:
1) TO ADVANCE ISLAMIC RELIGION & EDUCATION AND TRAINING. 
2) THE RELIEF OF FINANCIAL HARDSHIP BY THE THE PROVISION OF INFORMATION AND ADVICE TO THOSE WHO ARE IN NEED OF IT. 
3) TO PROTECT AND PRESERVE PUBLIC HEALTH.",False,Medium,Dormant,Overseas Aid/famine Relief
291,1115968,ASSOCIATES OF COMMUNITY TRUST UK (ACTUK),"Flat 48, Latham House, Chudleigh Street, LONDON",E1 0RB,Bethnal Green and Stepney,07538 786 084,satter@hotmail.co.uk,Not available,31/03/2023,0.0,0.0,Other,"Provides Human Resources, Provides Services, Provides Advocacy/advice/information","Education/training, The Prevention Or Relief Of Poverty","Children/young People, Elderly/old People","Volunteers training programmeSupplementary Education Classes for ChildrenYoung People's Health Awareness and Fitness ClubSports activities for Children","TO PROMOTE FOR THE BENEFIT OF THE GENERAL PUBLIC, IN PARTICULAR PEOPLE OF ASIAN AND OTHER MINORITY ETHNIC COMMUNITIES WITHOUT DISTINCTION OF SEX, OR RACE, OR OF POLITICAL OR OTHER OPINIONS IN PARTICULAR BUT NOT EXCLUSIVELY IN A COMMON EFFORT.
1 THE RELIEF OF POVERTY, SICKNESS AND DISTRESS BY THE PROVISION OF ADVICE, INFORMATION, SUPPORT, TRANSLATING AND INTERPRETING SERVICES IN MATTERS SUCH AS WELFARE BENEFITS, HEALTH, HOUSING, EDUCATION, EMPLOYMENT AND TRAINING.
2 THE ADVANCEMENT OF EDUCATION IN PARTICULAR THE PROVISION OF LANGUAGE AND OTHER SUBJECT CLASSES.
3 TO PROVIDE OR ASSIST IN THE PROVISION OF FACILITIES IN THE INTERESTS OF SOCIAL WELFARE FOR THE RECREATION OR OTHER LEISURE TIME OCCUPATION OF INDIVIDUALS WHO HAVE NEED OF SUCH FACILITIES BY REASON OF THEIR YOUTH, AGE, INFIRMITY OR DISABILITY, FINANCIAL HARDSHIP OR SOCIAL CIRCUMSTANCES WITH THE OBJECT OF IMPROVING THEIR CONDITIONS OF LIFE.",True,,Dormant,The Prevention Or Relief Of Poverty
292,1116360,CALVARY CHARISMATIC BAPTIST CHURCH,"119 EAST INDIA DOCK ROAD, LONDON",E14 6DE,Poplar and Limehouse,02075151616,info@ccbc.org.uk,www.ccbc.org.uk,31/12/2024,854068.0,783983.0,Charitable company,"Provides Buildings/facilities/open Space, Other Charitable Activities","General Charitable Purposes, Education/training, Religious Activities, Other Charitable Purposes",The General Public/mankind,"To provide for and promote the establishment of Church Christian groups bodies, organisations missions and other Christian meetings in the United Kingdom and throughout the world and generally to establish and assist in the establishment of places of Christian prayer, praise and worship.",TO ADVANCE THE PROTESTANT AND EVANGELICAL CHRISTIAN FAITH,True,Medium,Dormant,Other Charitable Purposes
293,1116802,IT'S YOUR LIFE,"IT'S YOUR LIFE, The Glasshouse, 161 Old Ford Road, LONDON",E2 9QB,Bethnal Green and Stepney,020 3952 3164,jackie.barnes@itsyourlife.me.uk,www.itsyourlife.me.uk,31/03/2025,321176.0,351858.0,Charitable company,"Provides Human Resources, Provides Services, Provides Advocacy/advice/information","Education/training, Arts/culture/heritage/science, Amateur Sport","Children/young People, People With Disabilities, People Of A Particular Ethnic Or Racial Origin","The charity is currently carrying out the following activities:
Integrated programme of support to build educational capital and improve the life chances of young people and their families;
Classes in ESOL, ICT, Maths and Textiles for parents;
Curriculum support for pupils with special needs;
Community support in the Arts.","1 DELIVERING INNOVATIVE EDUCATIONAL PROJECTS TO CHILDREN YOUNG PEOPLE AND ADULTS AT RISK OF FAILING TO REACH THEIR FULL POTENTIAL DUE TO LACK OF OPPORTUNITY.
2 DEVELOPING, SUPPORTING AND PROMOTING PARTNERSHIPS BETWEEN ORGANISATIONS AND INDIVIDUALS WITHIN THE COMMUNITY AND MAINSTREAM EDUCATION PROVISION.
3 DEVELOPING INITIATIVES WHICH RAISE EDUCATIONAL ASPIRATION.",True,Medium,Dormant,Amateur Sport
294,1116877,ADEEG COMMUNITY CENTRE LIMITED,"5-7 Assembly Passage, LONDON",E1 4UT,Bethnal Green and Stepney,07985141559,info@adeeg.org,Not available,31/03/2025,9800.0,9000.0,Charitable company,"Provides Human Resources, Provides Services, Provides Advocacy/advice/information","Education/training, Economic/community Development/employment","Children/young People, Elderly/old People, People Of A Particular Ethnic Or Racial Origin","a.Advocacy and interpreting servicesb.Referring clients to appropriate social and community service providersc.Advice and training for citizenship course for Somali communityd.Advice, Information and Guidance to young Somali people on drug misuse, prevention and rehabilitation programmese.Employment and Work opportunityf.Health Awareness Programmesg.Football training for young people","(3.1)  TO PROMOTE, ADVANCE AND PROVIDE OR ARRANGE FOR THE PROVISION OF EDUCATION AND TRAINING FOR EMPLOYMENT AND SELF-EMPLOYMENT FOR THE INHABITANTS OF THE SOMALI COMMUNITY IN BOW AND BETHNAL GREEN.
(3.2)  TO RELIEVE THE CHARITABLE NEEDS OF THE SOMALI PEOPLE, IN PARTICULAR BUT NOT EXCLUSIVELY BY ASSISTING THEM TO CUT ACROSS THE BARRIERS  OF THEIR LANGUAGE, RACE OR CULTURE AND BY PROVIDING SUPPORT AND ADVICE ON ISSUES RELATED TO THEIR YOUTH, CULTURE AND ON SUCH OTHER AREAS WHICH THEY MAY HAVE DIFFICULTY IN ACCESSING.
(3.4)  TO PROMOTE CHARITABLE PURPOSES FOR THE GENERAL BENEFIT AN WELFARE OF THE SOMALI RESIDENT IN BOROUGH OF TOWER HAMLET AS THE THE EXECUTIVE COMMITTEE SHALL THINK FIT AND WORKING WITH LOCAL VOLUNTARY ORGANISATIONS AND LOCAL AUTHORITIES.",True,Micro,Dormant,Economic/community Development/employment
295,1117268,KHIDMAH ACADEMY,"47 VICARAGE LANE, LONDON",E15 4HG,West Ham and Beckton,07973728114,office.sfa.tax@gmail.com,Not available,31/03/2025,127357.0,67826.0,Trust,Provides Services,"General Charitable Purposes, Education/training, The Prevention Or Relief Of Poverty, Arts/culture/heritage/science, Amateur Sport, Environment/conservation/heritage, Economic/community Development/employment, Other Charitable Purposes","Children/young People, Elderly/old People, The General Public/mankind",Providing cultural & religious activities through evening educational classes & other regular religious activities.,"TO PROMOTE FOR THE BENEFIT OF THE ETHNIC MINORITY COMMUNITY IN THE GREATER LONDON AREA BY:
(A) THE ADVANCEMENT OF EDUCATION AND TRAINING INCLUDING EDUCATION IN THE CULTURE AND LANGUAGE OF THE COMMUNITY;
(B) THE RELIEF OF UNEMPLOYMENT FOR THE BENEFIT OF THE PUBLIC;
(C) THE PROMOTION OF GOOD HEALTH; AND
(D) THE PROVISION OF RECREATION FACILITIES IN THE INTERESTS OF SOCIAL WELFARE WITH THE OBJECT OF IMPROVING THEIR CONDITIONS OF LIFE.",False,Medium,Dormant,Environment/conservation/heritage
296,1117801,NEW DOCKLANDS TRUST,"STEAM BATHS, 30A STEPHENSON STREET, LONDON",E16 4SA,West Ham and Beckton,07970838635,new.docklands@btinternet.com,www.new.docklands.co.uk,31/08/2023,10145.0,168720.0,Charitable company,"Makes Grants To Individuals, Makes Grants To Organisations, Provides Buildings/facilities/open Space, Provides Advocacy/advice/information, Acts As An Umbrella Or Resource Body","General Charitable Purposes, Education/training, Arts/culture/heritage/science, Amateur Sport, Economic/community Development/employment","Other Charities Or Voluntary Bodies, The General Public/mankind","Our core activities are the support to the New Docklands Steam Baths, which in turn provides a focus point for the regular users and to the local community for a range of support in various forms such as information resource, empowerment opportunities, social engagement, community projects, job seekers training and specific grant giving considerations","3.1 TO FURTHER SUCH GENERAL CHARITABLE PURPOSES AS THE DIRECTORS FROM TIME TO TIME IN THEIR ABSOLUTE DISCRETION DETERMINE BY THE PROVISION OF GRANTS;
3.2 THE PROMOTION OF COMMUNITY PARTICIPATION IN HEALTHY RECREATION FOR THE BENEFIT OF THE INHABITANTS OF LONDON DOCKLANDS BY THE PROVISION OF FACILITIES FOR PLAYING SPORTS;
3.3 FOR THE BENEFIT OF THE INHABITANTS OF LONDON DOCKLANDS AND THE SURROUNDING AREA TO PROVIDE OR PROMOTE THE PROVISION OF FACILITIES IN THE INTERESTS OF SOCIAL WELFARE FOR RECREATION OR OTHER LEISURE TIME OCCUPATION OF INDIVIDUALS WHO HAVE NEED OF SUCH FACILITIES BY REASON OF THEIR YOUTH, AGE, INFIRMITY OR DISABLEMENT, FINANCIAL HARDSHIP OR SOCIAL AND ECONOMIC CIRCUMSTANCES OR FOR THE PUBLIC AT LARGE IN THE INTERESTS OF SOCIAL WELFARE WITH THE OBJECT OF IMPROVING THEIR CONDITIONS OF LIFE.",False,Small,Dormant,Amateur Sport
297,1118076,VISION CARE FOR HOMELESS PEOPLE,"C/o Crisis Uk, 50-52 Commercial Street, LONDON",E1 6LT,Bethnal Green and Stepney,02032864186,info@vchp.org.uk,www.visioncareforhomelesspeople.org,31/03/2025,469048.0,413117.0,Charitable company,Provides Services,The Advancement Of Health Or Saving Of Lives,Other Defined Groups,"VCHP provide free eyecare services to homeless and other vulnerable people in UK in an accessible and friendly environment in which they feel safe, welcome and comfortable. We aim to preserve, protect and promote the ocular health of homeless and other vulnerable people in the UK and include the provision of spectacles that meets their immediate visual needs.","TO PRESERVE, PROTECT AND PROMOTE THE OCULAR HEALTH OF HOMELESS AND DESTITUTE PEOPLE IN THE UK WHO ARE UNWILLING OR UNABLE TO ACCESS MAINSTREAM SERVICES AVAILABLE THROUGH THE NHS BY PROVIDING AND ASSISTING IN THE PROVISION OF A COMPREHENSIVE HIGH QUALITY AND FREE AT THE POINT OF USE OCULAR HEALTH SERVICE, INCLUDING SCREENING AND THE PROVISION OF SPECTACLES, THAT MEETS THE IMMEDIATE VISUAL NEEDS OF OUR BENEFICIARIES IN A SAFE, ACCESSIBLE, FRIENDLY AND COMFORTABLE ENVIRONMENT.",True,Medium,Dormant,The Advancement Of Health Or Saving Of Lives
298,1118472,THE FRANK HAINES MEMORIAL TRUST,"82b Mortimer Road, LONDON",N1 4LH,Islington South and Finsbury,00447730910155,frankhainestrust@googlegroups.com,www.frankhaines.com,31/03/2025,17000.0,15000.0,Trust,Makes Grants To Organisations,"General Charitable Purposes, Education/training, Amateur Sport, Economic/community Development/employment","Children/young People, Other Charities Or Voluntary Bodies","THE FHMT SUPPOSRTS SEVERAL ORGANISATIONS IN TOWER HAMLETS. PROJECTS SUPPORTED RANGE FROM ENABLING DEPRIVED YOUTHS FROM THE BOROUGH TO GO TALL SHIP SAILING, ATTENDING DRAMA WORKSHOPS, FUNDING A YOUTH GROUP SO IT CAN OPEN LATER IN THE EVENING. TO NAME A FEW.","(1)  THE CHARITABLE OBJECTS MEANS THE PROMOTION OF THE FOLLOWING PURPOSES IN THE LONDON BOROUGH OF TOWER HAMLETS:
(A)  TO PROMOTE, ADVANCE AND SUPPORT EDUCATION GENERALLY;
(B)  TO PROVIDE OR ASSIST IN THE PROVISION OF FACILITIES IN THE INTERESTS OF SOCIAL WELFARE FOR RECREATION OR OTHER LEISURE TIME OCCUPATION OF INDIVIDUALS WHO HAVE NEED OF SUCH FACILITIES BY REASON OF THEIR YOUTH OR SOCIAL CIRCUMSTANCES WITH THE OBJECTIVE OF IMPROVING THEIR CONDITIONS OF LIFE; AND 
(C)  TO DEVELOP THE CAPACITY AND SKILLS OF THE YOUNG MEMBERS OF THE SOCIALLY AND ECONOMICALLY DISADVANTAGED COMMUNITY IN SUCH A WAY THAT THEY ARE BETTER ABLE TO IDENTIFY AND HELP MEET THEIR NEEDS AND TO PARTICIPATE MORE FULLY IN SOCIETY..",False,Small,Dormant,Amateur Sport
299,1118894,AHADA BEREAVEMENT SUPPORT,"19 Hurstcombe, Whitehall Lane, BUCKHURST HILL",IG9 5JD,Chingford and Woodford Green,07758727328,ahadabereavement@hotmail.com,Not available,31/03/2025,0.0,314.0,Other,Provides Services,The Advancement Of Health Or Saving Of Lives,Other Defined Groups,Bereavement counselling and support for those associated with the Jewish community in East London and Essex.,"TO PROVIDE COUNSELLING FOR INDIVIDUALS (INCLUDING CHILDREN AND/OR DEPENDANTS) FROM FAMILIES WHERE ONE OR BOTH OF THE SPOUSES TO THE MARRIAGE (OR PARTNERS IN A RELATIONSHIP AKIN TO MARRIAGE OR CIVIL PARTNERSHIP) WHO PROFESS THE JEWISH FAITH ARE AFFECTED BY SEPARATION AND/OR DIVORCE (""THE AREA OF BENEFIT"")",False,,Dormant,The Advancement Of Health Or Saving Of Lives
300,1119049,HEAR ME OUT MUSIC,"Hear Me Out, Rich Mix Cultural Foundation, 35-47 Bethnal Green Road, LONDON",E1 6LA,Bethnal Green and Stepney,07548558741,hello@hearmeoutmusic.org.uk,www.hearmeoutmusic.org.uk,31/03/2025,371361.0,332661.0,Charitable company,"Provides Services, Provides Advocacy/advice/information","Education/training, The Advancement Of Health Or Saving Of Lives, Arts/culture/heritage/science, Human Rights/religious Or Racial Harmony/equality Or Diversity",Other Defined Groups,"Hear Me Out brings people living in immigration detention centres together with professional musicians and people living in the community, to create and perform powerful artistic work, and convey it to new audiences through live and recorded performance, thereby increasing wellbeing and empathy, and helping change attitudes to migrants.","1 THE PROMOTION AND PROTECTION OF THE PHYSICAL AND MENTAL HEALTH OF IMMIGRANTS AND ASYLUM SEEKERS, WITH PARTICULAR REFERENCE TO THOSE DETAINED UNDER IMMIGRATION LAWS, THROUGH THE PROVISION OF MUSIC AND OTHER ACTIVITIES.
2 THE ADVANCEMENT OF EDUCATION OF THE PUBLIC ABOUT THE POSITION AND EXPERIENCE OF IMMIGRATION DETAINEES,  AND THE PROMOTION OF GOOD COMMUNITY RELATIONS BETWEEN PEOPLE OF DIVERSE BACKGROUNDS, WITH PARTICULAR REFERENCE TO THOSE LIVING IN DISADVANTAGED COMMUNITIES, THROUGH THE PROVISION OF MUSIC AND OTHER ACTIVITIES.
3 THE ADVANCEMENT OF EDUCATION OF THE PUBLIC, IN PARTICULAR BUT NOT EXCLUSIVELY, CURRENT AND FORMER IMMIGRATION DETAINEES, IN THE CREATIVE ARTS.",True,Medium,Dormant,Human Rights/religious Or Racial Harmony/equality Or Diversity
301,1119144,LEOPOLD AREA REGENERATION TEAM,"Flat 30, Perley House, 2 Weatherley Close, London",E3 4BQ,Poplar and Limehouse,02079878645,andrew@leopold.org.uk,www.leopold.org.uk,31/03/2025,0.0,58.0,Other,"Provides Services, Provides Advocacy/advice/information","General Charitable Purposes, Education/training, Arts/culture/heritage/science, Amateur Sport, Environment/conservation/heritage, Economic/community Development/employment","Children/young People, Elderly/old People, People With Disabilities, The General Public/mankind",To improve the quality of life for all residents in the Leopold Area of Tower Hamlets.,"THE PROMOTION FOR THE PUBLIC BENEFIT OF URBAN REGENERATION IN AREAS OF SOCIAL AND ECONOMIC DEPRIVATION AND IN PARTICULAR IN THE LEOPOLD AREA OF EAST LONDON BY ALL OR ANY OF THE FOLLOWING MEANS:
A) THE RELIEF OF UNEMPLOYMENT IN SUCH WAYS AS MAY BE THOUGHT FIT, INCLUDING ASSISTANCE TO FIND EMPLOYMENT;
B) THE ADVANCEMENT OF EDUCATION, TRAINING OR RETRAINING, PARTICULARLY AMONG UNEMPLOYED PEOPLE, AND PROVIDING UNEMPLOYED PEOPLE WITH WORK EXPERIENCE;
C) THE MAINTENANCE, IMPROVEMENT OR PROVISION OF PUBLIC AMENITIES;
D) THE PROVISION OR ASSISTANCE IN THE PROVISION OF RECREATIONAL FACILITIES FOR THE PUBLIC AT LARGE AND/OR THOSE WHO, BY REASONS OF THEIR YOUTH, AGE, INFIRMITY OR DISABLEMENT, POVERTY OR SOCIAL AND ECONOMIC CIRCUMSTANCES, HAVE NEED OF SUCH FACILITIES;
E) THE PROTECTION OR CONSERVATION OF THE ENVIRONMENT;
F) THE PROVISION OF PUBLIC HEALTH FACILITIES AND CHILDCARE;
G) THE PROMOTION OF PUBLIC SAFETY AND PREVENTION OF CRIME;
H) SUCH OTHER MEANS AS MAY FROM TIME TO TIME BE DETERMINED SUBJECT TO THE PRIOR CONSENT OF THE CHARITY COMMISSIONERS FOR ENGLAND AND WALES.",True,,Dormant,Environment/conservation/heritage
302,1119206,FRIENDS SUPPORTING MILLWALL RUGBY FOOTBALL CLUB,"Millwall Rugby Club, 75 Manchester Road, LONDON",E14 3DN,Poplar and Limehouse,07375218977,treasurer@millwallrugby.com,millwallrugbyclub.com.friends,31/03/2025,0.0,0.0,Other,"Makes Grants To Organisations, Provides Human Resources, Provides Buildings/facilities/open Space, Acts As An Umbrella Or Resource Body",Amateur Sport,"Children/young People, Other Charities Or Voluntary Bodies, The General Public/mankind","Supporting rugby in the East part of London in particular, encouraging Youth participation in Rugby","THE PROMOTION OF COMMUNITY PARTICIPATION IN HEALTHY RECREATION, IN PARTICULAR BY THE PROVISION OF FACILITIES FOR THE PLAYING OF RUGBY UNION",True,,Dormant,Amateur Sport
303,1119928,COMMUNITY YOUTH LONDON,"COMMUNITY YOUTH LIMITED, C/O THE DIGITAL HOLDINGS GROUP, UNIT 3A JUNO WAY, ELIZABETH INDUSTRIAL ESTATE, SOUTH BERMONDSEY, LONDON",SE14 5RW,Lewisham North,02086919191,info@cyltd.org,www.cyltd.org,28/02/2025,0.0,0.0,Charitable company,"Provides Buildings/facilities/open Space, Provides Services","Education/training, Arts/culture/heritage/science, Economic/community Development/employment","Children/young People, People Of A Particular Ethnic Or Racial Origin, Other Charities Or Voluntary Bodies",Youth Activities and Services for Young People,"TO ADVANCE IN LIFE AND HELP YOUNG PEOPLE THROUGH:
(A) THE PROVISION OF RECREATIONAL AND LEISURE TIME ACTIVITIES PROVIDED IN THE INTEREST OF SOCIAL WELFARE, DESIGNED TO IMPROVE THEIR CONDITIONS OF LIFE; AND
(B) PROVIDING SUPPORT AND ACTIVITIES WHICH DEVELOP THEIR SKILLS, CAPACITIES AND CAPABILITIES TO ENABLE THEM TO PARTICIPATE IN SOCIETY AS MATURE AND RESPONSIBLE INDIVIDUALS.",False,,Dormant,Arts/culture/heritage/science
304,1120255,THE REDEEMED CHRISTIAN CHURCH OF GOD (SANCTUARY OF POWER),"59 HATFIELD ROAD, DAGENHAM",RM9 6JR,Barking,02085932943,sanctuary_of_power@yahoo.co.uk,Not available,31/03/2025,68139.0,65983.0,Other,"Makes Grants To Individuals, Makes Grants To Organisations, Provides Human Resources, Provides Services, Provides Advocacy/advice/information","General Charitable Purposes, Education/training, The Prevention Or Relief Of Poverty, Overseas Aid/famine Relief, Religious Activities, Amateur Sport, Economic/community Development/employment","Children/young People, Elderly/old People, People With Disabilities, Other Charities Or Voluntary Bodies, The General Public/mankind","Education/training, religious activities, economic/community, development/employment, relief of poverty, sport/recreation.","TO ADVANCE CHRISTIAN RELIGION AND TO PROMULGATE THE TEACHING OF CHRIST, TO EVANGELISE IN THE POWER OF THE HOLY SPIRIT ACCORDING TO THE ARTICLE OF FAITH IN APPENDIX A. OF THE CONSTITUTION.",False,Small,Dormant,Overseas Aid/famine Relief
305,1120471,LOCKSLEY ESTATE CULTURAL ASSOCIATION,"7 Lydbrook Place, LONDON",E14 7TU,Poplar and Limehouse,07508045293,Not available,Not available,31/03/2025,50253.0,43809.0,Trust,"Provides Buildings/facilities/open Space, Provides Services, Provides Advocacy/advice/information","General Charitable Purposes, Education/training, The Prevention Or Relief Of Poverty, Religious Activities","Children/young People, Elderly/old People, The General Public/mankind",1. CONDUCTING RELIGIOUS DIALOGUES AMONG INTERFAITH COMMUNITY. 2. ORGANISE CONFERENCE. 3. FACILITATE SEMINARS AND TRAINING COURSES. 4. ESTABLISH CLOSE RELATIONS WITH OTHER MEMBERS OF THE SOCIETY. 5. PROVISION OF WORSHIP FACILITIES. 6. PROVISION OF FACILITIES FOR THE RECREATION AND OTHER LEISURE TIME ACTIVITIES.,"TO PROMOTE ANY CHARITABLE PURPOSE FOR THE BENEFITS OF THE COMMUNITY OF LOCKSLEY ESTATE, IN PARTICULAR BUT NOT EXCLUSIVELY, BY FACILITATING THE PROVISION OF EDUCATION AND TRAINING PARTICULARLY WHERE LANGUAGE DIFFICULTIES EXIST.",True,Small,Dormant,Religious Activities
306,1121779,WAKEFIELD AND TETLEY TRUST,"MARSHALL HOUSE, 66 NEWCOMEN STREET, LONDON",SE1 1YT,Bermondsey and Old Southwark,07926 927861,enquiries@wakefieldtrust.org.uk,www.wakefieldtrust.org.uk,31/12/2024,434046.0,439020.0,Other,"Makes Grants To Organisations, Provides Buildings/facilities/open Space, Acts As An Umbrella Or Resource Body","General Charitable Purposes, Disability, The Prevention Or Relief Of Poverty, Accommodation/housing, Religious Activities, Arts/culture/heritage/science, Amateur Sport","Elderly/old People, People With Disabilities, Other Charities Or Voluntary Bodies","The Trust's objects are to help inhabitants of the area of benefit (Tower Hamlets, Southwark, City of London) in need through age, financial hardship or sickness, and to support the charitable activities of the parish of All Hallows by the Tower and Toc H.  The Trust gives grants to registered charities and not-for-profit companies for activities and projects which will advance the objects.","1) TO RELIEVE THE INHABITANTS OF THE AREA OF BENEFIT WHO ARE IN NEED BY VIRTUE OF THEIR AGE, FINANCIAL HARDSHIP OR SICKNESS BY THE PROVISION OR SUPPORT OF APPROPRIATE FACILITIES, PROGRAMMES OR OTHER INITIATIVES.
2) ANY OTHER CHARITABLE PURPOSE IN CONNECTION WITH THE PARISH OR TOC H.",False,Medium,Dormant,Accommodation/housing
307,1121781,THE GRACE CHURCH HACKNEY TRUST,"59 Downs Park Road, LONDON",E8 2HY,Hackney North and Stoke Newington,07742391052,Not available,Not available,31/03/2025,150133.0,146662.0,Charitable company,"Makes Grants To Individuals, Makes Grants To Organisations, Provides Human Resources, Acts As An Umbrella Or Resource Body",Religious Activities,The General Public/mankind,"The advancement of the Christian faith; Hackney area and adjacent boroughs; City of London and beyond, in particular but not exclusively by support, deployment and training of Christian ministers and workers committed to the proclamation and teaching of the word of God and testimony of Jesus Christ as set forth in scripture, and the provision of other resources for Christian ministry.",THE ADVANCEMENT OF THE CHRISTIAN FAITH AS DEFINED IN CLAUSE 9.1 OF THE ARTICLES OF ASSOCIATION IN THE HACKNEY AREA AND ADJACENT BOROUGHS INCLUDING THE CITY OF LONDON AND BEYOND IN PARTICULAR BUT NOT EXCLUSIVELY BY SUPPORT DEPLOYMENT AND TRAINING OF CHRISTIAN MINISTERS AND WORKERS COMMITTED TO THE PROCLAMATION AND TEACHING OF THE WORD OF GOD AND TESTIMONY OF JESUS CHRIST AS SET FORTH IN SCRIPTURE AND THE PROVISION OF OTHER RESOURCES FOR CHRISTIAN MINISTRY,False,Medium,Dormant,Religious Activities
308,1121931,SALEM HEALTH PROJECT,"Flat 15, Foster Court, Tarling Road, LONDON",E16 1HW,West Ham and Beckton,07837619949,salemhealthproject@yahoo.co.uk,salemhealthproject.org.uk,31/03/2025,24300.0,18855.0,Charitable company,"Provides Services, Provides Advocacy/advice/information, Sponsors Or Undertakes Research, Other Charitable Activities","General Charitable Purposes, Education/training, The Advancement Of Health Or Saving Of Lives, The Prevention Or Relief Of Poverty, Arts/culture/heritage/science, Amateur Sport, Recreation, Other Charitable Purposes","Children/young People, Elderly/old People, People With Disabilities, People Of A Particular Ethnic Or Racial Origin, The General Public/mankind","Salem Health Project activities aim to promote health and well being, to prevent sickness, to relieve health inequality for Black Africans of all ages. We raise health awareness, advise and inform, educate, campaign, advocate, refer and offer support to some extent.  We run short and long term programs.","A)  TO PREVENT SICKNESS AND PROMOTE THE EDUCATION IN HEALTH MATTERS OF FRENCH SPEAKING AFRICAN IN LONDON, THE UK AND IN AFRICA BY PROVIDING INFORMATION, ADVICE AND SUPPORT IN HEALTH MATTERS IN GENERAL.
B)  TO ADVANCE THE HEALTH OF FRENCH SPEAKING AFRICANS IN LONDON, THE UK AND IN AFRICA BY PROVIDING OR ASSISTING IN THE PROVISION OF SUPPORT SERVICES, FACILITIES OR EQUIPMENT NOT NORMALLY PROVIDED BY THE STATUTORY AUTHORITIES.",False,Small,Dormant,Other Charitable Purposes
309,1122052,GLOBAL DIALOGUE,"WITHERS LLP, 20 OLD BAILEY, LONDON",EC4M 7AN,Cities of London and Westminster,02037525540,info@global-dialogue.org,www.global-dialogue.org,30/04/2024,6084317.0,5186170.0,Charitable company,"Makes Grants To Organisations, Provides Advocacy/advice/information, Other Charitable Activities","General Charitable Purposes, Human Rights/religious Or Racial Harmony/equality Or Diversity, Other Charitable Purposes","Other Charities Or Voluntary Bodies, The General Public/mankind",Global Dialogue is a UK based charity established for the promotion of human rights in the UK and other countries.,"(1) TO PROMOTE HUMAN RIGHTS (AS SET OUT IN THE UNIVERSAL DECLARATION OF HUMAN RIGHTS AND SUBSEQUENT UNITED NATIONS CONVENTIONS AND DECLARATIONS THROUGHOUT THE WORLD BY ALL OR ANY OF THE FOLLOWING MEANS:
(A) RAISING AWARENESS OF HUMAN RIGHTS ISSUES;
(B) RESEARCH INTO HUMAN RIGHTS ISSUES;
(C) COMMENTING ON PROPOSED HUMAN RIGHTS LEGISLATION;
(D) OBTAINING REDRESS FOR VICTIMS OF HUMAN RIGHTS ABUSE;
(E) PROMOTING PUBLIC SUPPORT FOR HUMAN RIGHTS;
(2) TO PROMOTE EQUALITY AND DIVERSITY FOR THE PUBLIC BENEFIT BY:
(A) THE ELIMINATION OF DISCRIMINATION ON GROUNDS OF RACE, GENDER, DISABILITY, SEXUAL ORIENTATION OR RELIGION;
(B) ADVANCING EDUCATION AND RAISING AWARENESS IN EQUALITY AND DIVERSITY;
(C) CULTIVATING A SENTIMENT IN FAVOUR OF EQUALITY AND DIVERSITY;
(3) SUCH PURPOSES AS ARE RECOGNISED AS EXCLUSIVELY CHARITABLE UNDER THE LAW OF ENGLAND AND WALES",False,Large,Dormant,Human Rights/religious Or Racial Harmony/equality Or Diversity
310,1122057,ACTION ON ARMED VIOLENCE,"Action on Armed VIolence, 405 Mile End Road, LONDON",E34PB,Stratford and Bow,07984645145,IOVERTON@AOAV.ORG.UK,www.aoav.org.uk,31/12/2024,192422.0,185085.0,Charitable company,"Provides Advocacy/advice/information, Sponsors Or Undertakes Research, Other Charitable Activities","General Charitable Purposes, Education/training, Disability, Other Charitable Purposes","Children/young People, People With Disabilities, Other Charities Or Voluntary Bodies","AOAV researches the threat and impact of weapons in order to reduce the risks that provoke violence and conflict and to support the recovery of victims. We work with civil society partners and with governments to strengthen international laws on the use of conventional weapons, to build recognition of the rights of victims of armed violence.","1 TO PROMOTE THE PROTECTION OF INDIVIDUALS AND COMMUNITIES FROM THE EFFECTS OF HUMAN CONFLICT, AND IN PARTICULAR BUT WITHOUT LIMITATION FROM LANDMINES AND UNEXPLODED ORDNANCE;
2 TO PROVIDE REHABILITATIVE SUPPORT TO INDIVIDUALS AND COMMUNITIES THAT HAVE BEEN AFFECTED BY HUMAN CONFLICT, AND IN PARTICULAR BUT WITHOUT LIMITATION BY LANDMINES AND UNEXPLODED ORDNANCE;
3 TO EDUCATE THE PUBLIC, DECISION MAKERS, POLICY MAKERS, RESEARCHERS AND THE NATIONAL AND INTERNTIONAL MEDIA ABOUT THE HUMANITARIAN, DEVELOPMENTAL, MEDICAL AND HUMAN RIGHTS IMPACT OF DIFFERENT WEAPON TECHNOLOGIES;
4 TO BUILD THE CAPACITY OF CIVIL SOCIETY AND GOVERNMENTS TO ASSESS, CONTROL AND ALLEVIATE THE EFFECTS OF DIFFERENT WEAPON TECHNOLOGIES; AND
5 TO ENCOURAGE AND SUPPORT THE IMPROVEMENT, UNIVERSALISATION AND FULL IMPLEMENTATION OF NATIONAL AND INTERNTIONAL LEGISLATION TO IMPROVE PROTECTION FOR CIVILIANS FROM THE EFFECTS OF DIFFERENT WEAPON TECHNOLOGIES AND TO FURTHER ENCOURAGE AND SUPPORT THE IMPROVEMENT, UNIVERSALISATION AND FULL IMPLEMENTATION OF ANY LEGISLATION WHICH WOULD OTHERWISE ASSIST IN THE FURTHERANCE OF THESE OBJECTS.",False,Medium,Dormant,Other Charitable Purposes
311,1122397,AL KHALIL EDUCATIONAL AND CULTURAL CENTRE,"AL KHALIL, 534 Barking Road, LONDON",E13 8QE,West Ham and Beckton,02084727526,b.a.hamidi@hotmail.co.uk,https://alkhalil.org.uk,31/10/2024,154491.0,271640.0,Charitable company,"Provides Buildings/facilities/open Space, Provides Services, Other Charitable Activities","General Charitable Purposes, Education/training, Religious Activities, Arts/culture/heritage/science, Amateur Sport","Children/young People, Elderly/old People, The General Public/mankind","To promote for the benefit of the inhabitants in the United Kingdom and Bangladesh without distinction of sex, race or of political, religious or other opinions; in a common effort to advance the education, relief poverty, reduce suffering and to provide facilities in the interests of social welfare with the object of improving the conditions of life of the said inhabitants.","3.1  TO PROMOTE FOR THE BENEFIT OF THE INHABITANTS IN THE LONDON BOROUGH OF CAMDEN, WESTMINSTER AND NEIGHBOURING BOROUGHS WITHOUT DISTINCTION OF SEX, RACE OR OF POLITICAL, RELIGIOUS OR OTHER OPINIONS; BY ASSOCIATING TOGETHER THE SAID INHABITANTS AND THE LOCAL AUTHORITIES, VOLUNTARY AND OTHER ORGANISATIONS IN A COMMON EFFORT TO ADVANCE THE EDUCATION AND TO PROVIDE FACILITIES IN THE INTERESTS OF SOCIAL WELFARE FOR RECREATION AND OTHER LEISURE TIME OCCUPATION WITH THE OBJECT OF IMPROVING THE CONDITIONS OF LIFE OF THE SAID INHABITANTS.
3.2  ESTABLISH, OR SECURE THE ESTABLISHMENT OF A CULTURAL CENTRE AND TO MAINTAIN AND MANAGE THE SAME WHETHER ALONE OR WITH ANY LOCAL AUTHORITY OR OTHER PERSON OR BODY IN FURTHERANCE OF THESE OBJECTIVES:
3.3  PROMOTE SUCH OTHER CHARITABLE PURPOSES, AS MAY FROM TIME TO TIME BE DETERMINED.",False,Medium,Dormant,Amateur Sport
312,1122448,SYLHET DIVISIONAL WELFARE COUNCIL UK,"Unit A, 37 PRINCELET  STREET, LONDON",E1 5LP,Bethnal Green and Stepney,07958 416652,sylhetdivisional@hotmail.co.uk,Not available,31/03/2025,100.0,0.0,Other,"Provides Services, Provides Advocacy/advice/information","General Charitable Purposes, Education/training, The Advancement Of Health Or Saving Of Lives, The Prevention Or Relief Of Poverty, Arts/culture/heritage/science, Amateur Sport, Economic/community Development/employment, Other Charitable Purposes","Children/young People, Elderly/old People, People Of A Particular Ethnic Or Racial Origin","Education/TrainingMedical/Health/SicknessRelief of PovertyArts/cultureSport/recreationEconomic/Community development/Employment","FOR THE BENEFIT OF THE INHABITANTS IN THE UNITED KINGDOM AND IN BANGLADESH AND IN PARTICULAR MEMBERS OF THE BANGLADESHI COMMUNITY WHO ARE IN HARDSHIP AND SDC - UK WILL:
1) RELIEVE PERSONS IN THE UNITED KINGDOM AND IN BANGLADESH WHO ARE IN CONDITIONS OF POVERTY, SICKNESS AND DISTRESS IN SUCH WAYS SDC - UK THROUGH ITS EXECUTIVE COUNCIL MAY FROM TIME TO TIME DECIDE AND WHICH MAY INCLUDE THE PROVISION OF GRANTS OR LOANS AND THE PROVISION OF ADVICE AND INFORMATION CONCERNING SUBJECTS SUCH AS HOUSING, WELFARE BENEFITS, EMPLOYMENT, HEALTH, EDUCATION AND OTHER MATTERS;
2) PROMOTE THE ADVANCEMENT OF EDUCATION AND TRAINING OF DISADVANTAGED PEOPLE IN BOTH THE PRINCIPAL AREA OF BENEFIT AND BANGLADESH WHO THROUGH THEIR SOCIAL AND ECONOMIC CIRCUMSTANCES ARE IN NEED AND UNABLE TO GAIN EMPLOYMENT AND IN PARTICULAR TO PROMOTE AND SUPPORT SCHEMES WHERE SUCH PEOPLE MAY RECEIVE TRAINING FOR EMPLOYMENT;
3) PROVIDE THE PROVISION OF FACILITIES FOR RECREATION AND LEISURE TIME OCCUPATION IN THE INTERESTS OF SOCIAL WELFARE WITH THE OBJECT OF IMPROVING THE CONDITIONS OF LIFE OF THE SAID INHABITANTS IN BOTH THE PRINCIPAL AREA OF BENEFIT AND BANGLADESH HAVING NEED OF FACILITIES BY REASON OF THEIR YOUTH, AGE, INFIRMITY, POVERTY OR SOCIAL AND ECONOMICAL CIRCUMSTANCES.",True,Micro,Dormant,Other Charitable Purposes
313,1122590,LINCOLN AREA REGENERATION GROUP,"Poplar Union, 2 Cotall Street, LONDON",E14 6TL,Poplar and Limehouse,07960895201,info@larg-charity.org,Not available,31/03/2025,396748.0,526635.0,Charitable company,"Provides Human Resources, Provides Services, Provides Advocacy/advice/information, Other Charitable Activities","General Charitable Purposes, Education/training, The Prevention Or Relief Of Poverty, Arts/culture/heritage/science, Environment/conservation/heritage, Economic/community Development/employment","Children/young People, Elderly/old People, People With Disabilities, People Of A Particular Ethnic Or Racial Origin, The General Public/mankind","LARG is a resident-formed organization with focuses on bringing economic, environmental and social prosperity to communities within Tower Hamlets.  In order to achieve this we provide a number of  community led services. We work in patnership with Poplar HARCA & other community partners - Our mission is working to support and develop sustainable communities within deprived areas of Tower Hamlets","A)  THE PROMOTION FOR THE BENEFIT OF THE PUBLIC OF URBAN REGENERATION IN THE LINCOLN AREA OF BOW, EAST LONDON, AN AREA OF SOCIAL AND ECONOMIC DEPRIVATION, BY ALL OR ANY OF THE FOLLOWING MEANS: THE MAINTENANCE, IMPROVEMENT OR PROVISION OF PUBLIC AMENITIES; THE PROVISION OF RECREATIONAL FACILITIES FOR THE PUBLIC AT LARGE OR THOSE WHO BY REASON OF THEIR YOUTH, AGE, INFIRMITY OR DISABLEMENT, FINANCIAL HARDSHIP OR SOCIAL AND ECONOMIC CIRCUMSTANCES, HAVE NEED OF SUCH FACILITIES; SUCH OTHER MEANS AS MAY FROM TIME TO TIME BE DETERMINED SUBJECT TO THE PRIOR WRITTEN CONSENT OF THE CHARITY COMMISSIONERS FOR ENGLAND AND WALES.
B)  TO DEVELOP THE CAPACITY AND SKILLS OF THE MEMBERS OF THE SOCIALLY AND ECONOMICALLY DISADVANTAGED COMMUNITY OF THE LINCOLN AREA OF BOW, EAST LONDON, IN SUCH A WAY THAT THEY ARE BETTER ABLE TO IDENTIFY, AND HELP MEET, THEIR NEEDS AND TO PARTICIPATE MORE FULLY IN SOCIETY.",True,Medium,Dormant,Environment/conservation/heritage
314,1122613,EAST LONDON MOSQUE TRUST,"East London Mosque Trust, 82-92 Whitechapel Road, LONDON",E1 1JQ,Bethnal Green and Stepney,02076503000,info@eastlondonmosque.org.uk,www.eastlondonmosque.org.uk,31/03/2025,6566521.0,5094980.0,Charitable company,"Provides Human Resources, Provides Buildings/facilities/open Space, Provides Services, Provides Advocacy/advice/information","General Charitable Purposes, Education/training, Religious Activities, Economic/community Development/employment, Human Rights/religious Or Racial Harmony/equality Or Diversity","Children/young People, Elderly/old People, Other Charities Or Voluntary Bodies, The General Public/mankind","The East London Mosque Trust provides a range of spiritual and community services that improve the quality of life of beneficiaries visiting or residing in London. Our activities are divided into the following: Religious Services, Education and Training, Social Welfare, Community Cohesion, and Economic Development.","1 ADVANCE THE ISLAMIC FAITH FOR THE BENEFIT OF THE PUBLIC BY MAINTAINING AND MANAGING A COMMUNITY CENTRE AND MOSQUE IN LONDON.
2 ADVANCE EDUCATION AND TO PROVIDE FACILITIES IN THE INTERESTS OF SOCIAL WELFARE FOR RECREATION AND LEISURE TIME OCCUPATION WITH THE OBJECT OF IMPROVING THE CONDITIONS OF LIFE FOR THE GENERAL PUBLIC AND IN PARTICULAR THE MUSLIM COMMUNITY.
3 PROMOTE SUCH OTHER CHARITABLE PURPOSES AS MAY FROM TIME TO TIME BE DETERMINED.",True,Large,Dormant,Human Rights/religious Or Racial Harmony/equality Or Diversity
315,1122872,SUPPORT FOR THE FAMILY FOUNDATION,"3 Columbine Avenue, Beckton, London",E6 5UA,West Ham and Beckton,07895047204,shirley@supportforthefamily.org,www.supportforthefamily.org,31/03/2025,1000.0,800.0,Other,"Makes Grants To Organisations, Provides Human Resources, Provides Buildings/facilities/open Space, Provides Services, Provides Advocacy/advice/information, Sponsors Or Undertakes Research, Acts As An Umbrella Or Resource Body, Other Charitable Activities","General Charitable Purposes, Education/training, The Prevention Or Relief Of Poverty, Overseas Aid/famine Relief, Arts/culture/heritage/science, Amateur Sport, Environment/conservation/heritage, Economic/community Development/employment, Recreation, Other Charitable Purposes","Children/young People, Elderly/old People, People With Disabilities, People Of A Particular Ethnic Or Racial Origin, Other Charities Or Voluntary Bodies, The General Public/mankind","We offer technical training, and lifelong mentorship to families and nonprofit organizations led by ethnic minorities especially black women and young people in the UK.
We also help nonprofit organizations in the UK maximize their impact in Africa.","1)  THE RELIEF OF FINANCIAL HARDSHIP IN BECKTON, LONDON AND WEST AFRICA IN PARTICULARLY BUT NOT EXCLUSIVELY IN GHANA.
2)  TO ADVANCE EDUCATION IN BECKTON, LONDON AND IN WEST AFRICA IN PARTICULARLY BUT NOT EXCLUSIVELY IN GHANA.
3)  THE PRESERVATION AND PROTECTION OF GOOD HEALTH BY THE PROVISION OF ADVICE AND SERVICES IN BECKTON, LONDON AND IN WEST AFRICA IN PARTICULARLY BUT NOT EXCLUSIVELY GHANA.",False,Micro,Dormant,Overseas Aid/famine Relief
316,1123142,SIMPLY A POUND LIMITED,"8 BEACONS CLOSE, LONDON",E6 5TT,West Ham and Beckton,07957201274,info@simplyapound.co.uk,www.simplyapound.co.uk,31/05/2019,64996.0,64954.0,Charitable company,"Makes Grants To Individuals, Makes Grants To Organisations, Provides Other Finance","Education/training, The Advancement Of Health Or Saving Of Lives, The Prevention Or Relief Of Poverty, Overseas Aid/famine Relief, Accommodation/housing",The General Public/mankind,"THE CHARITY'S OBJECTS(THE OBJECTS) ARE TO RELIEVE HARDSHIP OR DISTRESS THROUGHOUT THE WORLD, IN PARTICULAR BUT NOT EXCLUSIVELY, BY:I) PROVIDING FINANCIAL ASSISTANCE TO PERSONS IN NEED FOR THE PURPOSES OF PROVIDING HEALTHCARE, EDUCATION AND HOUSING; ANDII)PROVIDING FINANCIAL AND OTHER ASSISTANCE AT TIMES OF HUMAN MADE OR NATURAL DISASTER","THE CHARITY'S OBJECTS(THE OBJECTS) ARE TO RELIEVE NEED HARDSHIP OR DISTRESS THROUGHOUT THE WORLD, IN PARTICULAR BUT NOT EXCLUSIVELY, BY:
I) PROVIDING FINANCIAL ASSISTANCE TO PERSONS IN NEED FOR THE PURPOSES OF PROVIDING HEALTHCARE, EDUCATION AND HOUSING; AND
II)PROVIDING FINANCIAL AND OTHER ASSISTANCE AT TIMES OF HUMAN MADE OR NATURAL DISASTER",False,Small,Dormant,Accommodation/housing
317,1123353,SHAHJALAL CENTRE,"Shahjalal Centre, 25 Hale Street, Poplar, London",E14 0BF,Poplar and Limehouse,02030921752,poplarshahjalal@gmail.com,Not available,31/03/2025,75357.0,30750.0,Other,Provides Buildings/facilities/open Space,"Education/training, Religious Activities","Children/young People, People Of A Particular Ethnic Or Racial Origin","Daily Muslim Congregational Prayers. Weekday Supplementary Classes for children between 5-7pm. Social Events to Strengthen Community Relations.","A)     TO PROMOTE AND PROVIDE DAILY CONGREGATIONAL PRAYER FACILITY FOR THE SERVICE USERS.
B)     TO PROMOTE, ORGANISE AND TEACH SUPPLEMENTARY LANGUAGE CLASSES AND MAINSTREAM SUBJECTS TO THE RESIDENTS AND USERS OF THE CENTRE.
C)     PROVIDE ADVICE AND COUNSELLING FACILITIES FOR THE SERVICE USERS AND RESIDENTS LIVING IN THE NEIGHBOURHOODS ON ISSUES RANGING FROM MORAL DILEMMAS TO HEALTH ISSUES.
D)     ESTABLISH A CENTRE OF EDUCATION AN KNOWLEDGE.  WILL PROVIDE ACCESS TO TECHNOLOGICAL RESOURCES AND A LIBRARY OF KNOWLEDGE AND EDUCATION FOR ITS USERS AND RESIDENTS.
E)     PROVIDE AND PROMOTE SERVICES FOR THE FEMALE RESIDENTS OF THE LOCALITY.  THE CENTRE WILL CATER ON DIFFERENT ACTIVITIES AND FACILITIES FOR THE FEMALE USERS/COMMUNITY OF THE LOCALITY.
F)     TO UNITE THE COMMUNITY IN ORDER TO INSPIRE THEM TO DEVOTE THEMSELVES WHOLE-HEARTEDLY TO THE SERVICES OF THE COMMUNITY.
G)     ORGANISE SOCIAL EVENTS TO STRENGTHEN THE COMMUNITY RELATIONS.
H)     PROVIDE AND FOSTER GOODWILL AND FRIENDLY RELATION WITH THE LOCAL, OUTER COMMUNITY AND OTHER ORGANISATIONS.
I)     TO SUPPORT RELIGIOUS, EDUCATIONAL AND RECREATIONAL INTEREST OF THE PEOPLE LIVING IN THE AREA.
J)     PROMOTE EQUAL OPPORTUNITY AND HARMONIOUS RELATIONS IN THE SOCIETY AND TO OPPOSE ALL ATTEMPTS TO DIVIDE THE COMMUNITY IN ANY SORT OF DISORDER SUCH AS ANTI SOCIAL BEHAVIOUR.
K)     PROVIDE AN OPPORTUNITY FOR EXCHANGE OF CULTURE BETWEEN THE DIFFERENT FACTIONS OF RESIDENTS/USERS OF THE CENTRE.
L)     PROVIDE ACTIVITIES THROUGH OUT THE YEAR FOR GENERAL USERS/RESIDENTS (I.E. CONFERENCES, OPEN DAYS ETC) IN ORDER TO INTEGRATE THE COMMUNITY.
M)     ESTABLISH EMPLOYMENT OPPORTUNITIES FOR POSTS IN CONJUNCTION TO THE ACTIVITIES AND SERVICES PROVIDED.
N)     IT WILL FOLLOW THE CHARITY RULES AND REGULATION OF UK.
O)     ABIDE BY THE POLITICAL BY-LAWS OF UK",True,Small,Dormant,Religious Activities
318,1123395,TEMPORARYCONTEMPORARY STUDIOS,"UNIT 1 CAMBERWELL TRADING ESTATE, 117-119 DENMARK ROAD, LONDON",SE5 9LB,Vauxhall and Camberwell Green,02070958201,info@tempcontemp.co.uk,www.tempcontemp.co.uk,01/05/2024,0.0,0.0,Charitable company,Provides Buildings/facilities/open Space,"Education/training, Arts/culture/heritage/science",The General Public/mankind,"TO ADVANCE THE EDUCATION THROUGH THE PROMOTION OF THE ARTS, (OF ALL TYPES AND DESCRIPTIONS) FOR THE PUBLIC BENEFIT BY, BUT NOT EXCLUSIVELY BY, PROVIDING AFFORDABLE AND ACCESSIBLE STUDIO SPACE AND EXHIBITION OPPORTUNITIES FOR ARTISTS AND ARTISANS TO COME TOGETHER, SHARE IDEAS AND COMMUNICATE THEIR WORK TO THE GENERAL PUBLIC THROUGH A VARIETY OF MEDIUMS AND MEANS.","TO ADVANCE THE EDUCATION THROUGH THE PROMOTION OF THE ARTS, (OF ALL TYPES AND DESCRIPTIONS) FOR THE PUBLIC BENEFIT BY, BUT NOT EXCLUSIVELY BY, PROVIDING AFFORDABLE AND ACCESSIBLE STUDIO SPACE AND EXHIBITION OPPORTUNITIES FOR ARTISTS AND ARTISANS TO COME TOGETHER, SHARE IDEAS AND COMMUNICATE THEIR WORK TO THE GENERAL PUBLIC THROUGH A
VARIETY OF MEDIUMS AND MEANS.",False,,Dormant,Arts/culture/heritage/science
319,1123480,CHHATAK ISLAMIC SOCIETY,"Flat 14, Oxenholme, Harrington Square, LONDON",NW1 2JN,Holborn and St Pancras,07984491087,lukmanahmed@live.co.uk,Not available,30/09/2024,20689.0,15580.0,Other,"Makes Grants To Individuals, Makes Grants To Organisations, Provides Human Resources, Provides Buildings/facilities/open Space, Provides Services, Sponsors Or Undertakes Research, Other Charitable Activities","Education/training, The Advancement Of Health Or Saving Of Lives, The Prevention Or Relief Of Poverty, Economic/community Development/employment","Children/young People, Elderly/old People, People With Disabilities, People Of A Particular Ethnic Or Racial Origin, The General Public/mankind","We arrange family events, cultural events in the holiday time to build healthy relation and empower our young in Tower Hamlets. We also operate in the impoverished area of Chhatak, Sylhet in Bangladesh. We are helping to run schools and give academic stipend to the disadvantage pupils. We also provide educational materials and facilities to improve the learning environment in the schools.","1.  TO ADVANCE RELIGIOUS EDUCATION IN ACCORDANCE WITH THE DOCTRINES AND PRACTICES OF THE ISLAMIC FAITH.
2.  TO RELIEVE POVERTY AND HARDSHIP AMONGST DESTITUTE PEOPLE LIVING IN BANGLADESH.
3.  THE RELIEF OF FINANCIAL NEED AND SUFFERING AMONG VICTIMS OF NATURAL OR OTHER KINDS OF DISASTER IN THE FORM OF MONEY (OR OTHER MEANS DEEMED SUITABLE) FOR PERSONS, BODIES, ORGANISATIONS AND/OR COUNTRIES AFFECTED.""",False,Small,Dormant,The Advancement Of Health Or Saving Of Lives
320,1123972,HERMITAGE RIVER PROJECTS LIMITED,"HERMITAGE MOORINGS, 16 WAPPING HIGH STREET, LONDON",E1W 1NG,Poplar and Limehouse,07946749540,info@hrprojects.org,www.hrprojects.org,28/02/2025,23889.0,28608.0,Charitable company,"Makes Grants To Individuals, Makes Grants To Organisations, Provides Human Resources, Provides Buildings/facilities/open Space, Provides Services, Sponsors Or Undertakes Research","General Charitable Purposes, Education/training, Arts/culture/heritage/science, Environment/conservation/heritage","Children/young People, Other Charities Or Voluntary Bodies, The General Public/mankind","Hermitage River Projects aims to promote knowledge and understanding of the Thames, its history, its ecology and the communities using it; to undertake educational initiatives that increase understanding of navigational and boat handling skills; to undertake cultural initiatives that promote and celebrate river heritage; and to encourage the use, preservation and restoration of historic vessels.","THE ADVANCEMENT OF EDUCATION IN THE HISTORY OF NAVIGATION ON THE RIVER THAMES BY THE PRESERVATION, MAINTENANCE AND OPERATION OF ALL TYPES OF CRAFT ASSOCIATED WITH THE RIVER, AND OR RELATED ARTEFACTS AND RECORDS OF ANY KIND AND IN ANY FORMAT, FOR THE BENEFIT OF THE PUBLIC BY EXHIBITION IN A MUSEUM OR OTHERWISE AND THROUGH PUBLICATION, LECTURES AND EVENTS. 

(2)	TO PROVIDE PEOPLE IN GREATER LONDON AND SOUTH EASTERN COUNTIES WITH FACILITIES FOR RECREATION INCLUDING BOATING ACTIVITIES AND OTHER LEISURE TIME OCCUPATIONS IN THE INTERESTS OF SOCIAL WELFARE WITH THE OBJECT OF IMPROVING THE CONDITIONS OF LIFE ESPECIALLY OF YOUNG PEOPLE AND PEOPLE WITH DISABILITY AND FOR THE ADVANCEMENT OF EDUCATION, INCLUDING ENVIRONMENTAL EDUCATION RELATING TO THE RIVER THAMES, IN PARTICULAR BY THE HOLDINGS OF MEETINGS, LECTURES AND CLASSES.",True,Small,Dormant,Environment/conservation/heritage
321,1124166,IQRA FOUNDATION UK,"64 THE FAIRWAY, LONDON",N14 4NU,Southgate and Wood Green,07961426270,iqra.foundation.uk@hotmail.co.uk,Not available,30/06/2024,99225.0,63141.0,Other,"Makes Grants To Individuals, Makes Grants To Organisations, Provides Human Resources, Provides Buildings/facilities/open Space","General Charitable Purposes, Disability, The Prevention Or Relief Of Poverty, Accommodation/housing, Arts/culture/heritage/science","Children/young People, Elderly/old People","IQRA FOUNDATION UK CARRIED OUT THE FOLLOWING ACTIVITIES:FUNDED GET TOGETHER SESSIONS WITH THE AIM OF ENGAGING THE ELDERLY OF THE COMMUNITY.SPONSORED ENGLISH LANGUAGE, COMPUTER AND BASIC SKILLS COURSES IN SYLHET, BANGLADESH.","(i) To advance of Islamic education among members of Islamic faith communities within the UK and in Bangladesh by the provision of establishing institution and financial support mainly and including ""Jamia Madaniya Anugua Muhammad Pur""

(ii) The provision in the interest of social welfare of facilities for recreation or other leisure time occupation among members of Islamic Faith communities within the UK & Bangladesh including the students of ""Jamiah Madaniyah Angura"" & their affiliated institution 

(iii) The relief of poverty hardship and distress and the preservation and protection of good health both in UK and Bangladesh especially the serving community of eight villages of "" Jamiah Madaniyah Angura Muhammad Pur"" and their surrounding by such exclusively charitable means as the executive committee shall from time - to -time determine",False,Small,Dormant,Accommodation/housing
322,1124272,SHREE SHREE LOKNATH BHAKTA PORISHAD (UK),"77 CHESTERFORD ROAD, LONDON",E12 6LD,East Ham,07877453697,admin@babalokenath.co.uk,www.babalokenath.co.uk,31/03/2024,5541.0,6122.0,Other,"Provides Services, Other Charitable Activities","Education/training, Overseas Aid/famine Relief, Arts/culture/heritage/science, Economic/community Development/employment, Human Rights/religious Or Racial Harmony/equality Or Diversity, Other Charitable Purposes","Children/young People, The General Public/mankind","To motivate and encourage children, younger's and Adults (men/women) to extend their knowledge, experience and imagination so as to lay the foundation for learning and help them to reach their full potential. instil awareness of and respect for moral values, prepare everybody to become an informed and responsible member of the society, to assist them to develop their talents, achieve goals.",TO PROMOTE HINDU RELIGION AMONG THE HINDU COMMUNITY IN THE GREATER LONDON AREA.,False,Micro,Dormant,Overseas Aid/famine Relief
323,1124449,ORPHAN WELFARE TRUST,"Flat 31, 32 Truman Walk, Bromley by Bow, London",E3 3FE,Poplar and Limehouse,03330119555,INFO@ORPHANWELFARETRUST.ORG,http://www.orphanwelfaretrust.org,30/06/2024,28249.0,44654.0,Other,Other Charitable Activities,"Education/training, The Prevention Or Relief Of Poverty","Children/young People, People With Disabilities","THE ADVANCEMENT OF EDUCATION AND THE PRESERVATION AND PROTECTION OF HEALTH AND THE RELIEF OF FINANCIAL HARDSHIP AMONG POOR AND ORPHANED CHILDREN IN BANGLADESH, PARTICULARLY BUT NOT EXCLUSIVELY BY THE PROVISION OF FACILITIES FOR THEIR CARE AND EDUCATION","THE ADVANCEMENT OF EDUCATION AND THE PRESERVATION AND PROTECTION OF HEALTH AND THE RELIEF OF FINANCIAL HARDSHIP AMONG POOR AND ORPHANED CHILDREN IN BANGLADESH, PARTICULARLY BUT NOT EXCLUSIVELY BY THE PROVISION OF FACILITIES FOR THEIR CARE AND EDUCATION.",True,Small,Dormant,The Prevention Or Relief Of Poverty
324,1124554,COUNCIL OF MOSQUES - TOWER HAMLETS,"CoM-TH, 3rd Floor, 46 Whitechapel Road, London Muslim Centre, London",E1 1JX,Bethnal Green and Stepney,02076503040,info@councilofmosques.com,www.councilofmosques.com,31/03/2025,149716.0,99715.0,Other,Acts As An Umbrella Or Resource Body,General Charitable Purposes,Other Charities Or Voluntary Bodies,"The Council of Mosques works primarily as a conduit of communication between the Muslim community in Tower Hamlets and the Local Authority is central.Currently, the Council of Mosques offers three main areas of service provision: 1.	Capacity building and training programmes for its members and affiliates2.	Consultation and advocacy on local issues3.	Community cohesion activities","THE PROMOTION OF RELIGIOUS AND RACIAL HARMONY FOR THE BENEFIT OF THE PUBLIC BY:
A) EDUCATING THE PUBLIC IN DIFFERENT RELIGIOUS BELIEFS INCLUDING AN AWARENESS OF THEIR DISTINCTIVE FEATURES AND THEIR COMMON GROUND TO PROMOTE GOOD RELATIONS BETWEEN PERSONS OF DIFFERENT FAITHS AND OF DIFFERENT RACIAL GROUPS;
B) PROMOTING KNOWLEDGE AND MUTUAL UNDERSTANDING BETWEEN DIFFERENT RELIGIOUS AND RACIAL GROUPS;
C) PROVIDING A CLOSER NETWORK AND CO-OPERATION BETWEEN THE MOSQUES AND OTHER ISLAMIC ORGANISATIONS WITH SERVICE PROVIDERS AND OTHER FAITH COMMUNITIES;
D) PROVIDING ADVICE ON COMMUNITY ISSUES;
E) BY SUCH OTHER CHARITABLE MEANS AS THE TRUSTEES DEEM FIT.
TO PROMOTE SOCIAL INCLUSION FOR THE PUBLIC BENEFIT BY WORKING WITH INDIVIDUALS IN THE LONDON BOROUGH OF TOWER HAMLETS AND SURROUNDING AREAS WHO ARE SOCIALLY OR ECONOMICALLY DISADVANTAGED ON THE GROUNDS OF THEIR RELIGION, ETHNIC ORIGIN OR CREED (IN PARTICULAR, MEMBERS OF THE MUSLIM COMMUNITY) TO RELIEVE THE NEEDS OF SUCH INDIVIDUALS AND ASSIST THEM TO INTEGRATE INTO BRITISH SOCIETY, IN PARTICULAR BY:
A) WORKING WITH INDIVIDUALS TO ADDRESS ISSUES OF INEQUALITY AND ASSIST THEM TO INTEGRATE INTO BRITISH SOCIETY;
B) WORKING WITH SERVICE PROVIDERS TO ENABLE THEM TO BETTER UNDERSTAND THE NEEDS OF THE MUSLIM COMMUNITY IN ORDER THAT THEY CAN ADAPT SERVICE PROVISION TO BETTER MEET THE NEEDS OF THAT COMMUNITY;
C) UNDERTAKING RESEARCH WITH INDIVIDUALS, ORGANISATIONS AND DIFFERENT COMMUNITIES ON ISSUES PERTINENT TO THE MUSLIM COMMUNITY;
D) RAISING THE CONCERNS OF THE MUSLIM COMMUNITY TO RELEVANT ORGANISATIONS OR AUTHORITIES AS DEEMED APPROPRIATE BY THE TRUSTEES;
E) BUILDING THE CAPACITY OF MOSQUES AND ISLAMIC ORGANISATIONS THROUGH THE PROVISION OF GRANTS, ADVICE & GUIDANCE, TRAINING AND OTHER MEANS SO THAT THEY ARE BETTER EQUIPPED TO DELIVER PROJECTS AND SERVICES THAT ADDRESS ISSUES OF INEQUALITY;
F) BY SUCH OTHER CHARITABLE MEANS AS THE TRUSTEES DEEM FIT.",True,Medium,Dormant,General Charitable Purposes
325,1124839,POLLYANNA TRAINING THEATRE,"Raine House, 16 Raine Street, LONDON",E1W 3RL,Poplar and Limehouse,07949792570,mail@pollyannatheatre.org,www.pollyannatheatre.org,31/03/2025,102726.0,99673.0,Other,Provides Buildings/facilities/open Space,"Education/training, Arts/culture/heritage/science","Children/young People, People With Disabilities",Provision of tuition in drama and performing arts for children and young people,TO ADVANCE THE EDUCATION AND DEVELOPMENT OF CHILDREN AND YOUNG PEOPLE UP TO THE AGE OF EIGHTEEN BY PROVIDING AND ASSISTING IN THE PROVISION OF TUITION IN DRAMA AND PERFORMING ARTS,True,Medium,Dormant,Arts/culture/heritage/science
326,1124917,TEVIOT BRITISH BANGLADESHI ASSOCIATION,"181 Teviot Street, LONDON",E14 6PY,Poplar and Limehouse,07483457315,tbba1818@hotmail.com,Not available,31/12/2024,61619.0,49051.0,Other,"Provides Human Resources, Provides Advocacy/advice/information","Education/training, The Prevention Or Relief Of Poverty, Arts/culture/heritage/science, Amateur Sport, Economic/community Development/employment","Children/young People, Elderly/old People, People Of A Particular Ethnic Or Racial Origin","1. To promote Islamic education to the community with the provision of mother tongue
and Arabic Classes for the age between 06 to 16.
2. To the regular activities, the centre provides advisory services to the local community.
3. To run mosque for daily prayers.","FOR THE BENEFIT OF THE INHABITANTS LIVING IN THE LONDON BOROUGH OF TOWER HAMLETS AND IN PARTICULAR MEMBERS OF THE BANGLADESHI COMMUNITY WHO ARE IN HARDSHIP BY
1 RELIEVING POVERTY, SICKNESS AND DISTRESS THROUGH THE PROVISION OF ADVICE AND INFORMATION TO THE SAID INHABITANTS IN NEED OF SUCH ADVICE THAT MAY INCLUDE WELFARE BENEFITS, HEALTH AND EMPLOYMENT AND
2 ADVANCING EDUCATION IN PARTICULAR THE PROVISION OF LANGUAGE AND OTHER SUBJECT CLASSES
3 THE PROVISION OF FACILITIES FOR RECREATION AND LEISURE TIME OCCUPATION IN THE INTEREST OF SOCIAL WELFARE WITH THE OBJECT OF IMPROVING THE CONDITIONS OF LIFE OF THE SAID INHABITANTS HAVING NEED OF FACILITIES BY REASON OF THEIR YOUTH, AGE, INFIRMITY, POVERTY OR SOCIAL AND ECONOMIC CIRCUMSTANCES",True,Small,Dormant,Amateur Sport
327,1125016,RHYTHMS OF LIFE INTERNATIONAL,"7 Bellsyard, Strand, London",WC2A 2JR,Cities of London and Westminster,02074082220,info@rhythmsoflife.org.uk,WWW.RHYTHMSOFLIFE.ORG.UK,19/07/2024,44454.0,49970.0,Other,"Provides Human Resources, Provides Services, Provides Advocacy/advice/information","General Charitable Purposes, Education/training, The Prevention Or Relief Of Poverty, Accommodation/housing","Elderly/old People, People With Disabilities, Other Defined Groups, The General Public/mankind","We provide food, clothing, toiletries and support to London's homeless. Our volunteers serve meals 365 days a year as well as handing out clean clothes, sleeping bags and personal hygiene products. We also provide a range of classes for the homeless, including IT, life skills, and English as a foreign language, to people to rebuild their confidence and find employment.","THE RELIEF AND ASSISTANCE OF PEOPLE IN ANY PART OF THE WORLD WHO ARE THE VICTIMS OF WAR OR NATURAL DISASTER, TROUBLE, OR CATASTROPHE IN PARTICULAR BY THE SUPPLY OF MEDICAL AID TO SUCH PERSONS.
TO RELIEVE FINANCIAL HARDSHIP AND SICKNESS, TO PROMOTE AND PROTECT GOOD HEALTH AND TO ADVANCE EDUCATION IN PARTICULAR BUT NOT EXCLUSIVELY BY PROVIDING SHELTER, FOOD, WAR FACILITIES AND EDUCATION.",False,Small,Dormant,Accommodation/housing
328,1125118,MADINATUL ULOOM WELFARE TRUST,"Flat 1, Bicknell House, Ellen Street, London",E1 1NA,Bethnal Green and Stepney,07949872154,shamsul1977@hotmail.co.uk,Not available,03/01/2025,5890.0,4500.0,Other,"Makes Grants To Individuals, Makes Grants To Organisations, Provides Buildings/facilities/open Space","General Charitable Purposes, Education/training, The Prevention Or Relief Of Poverty, Religious Activities",Elderly/old People,"Run adult religious education classes for the local communitiesRaise funds for the good causes of the trut -","TO PROMOTE SUCH CHARITABLE PURPOSES AS SHALL BE RECOGNISED AS CHARITABLE UNDER THE LAWS OF ENGLAND AND WALES FOR THE BENEFIT OF THE PUBLIC WHO ARE OF BANGLADESHI ORIGIN AND LIVING IN ENGLAND OR BANGLADESH IN PARTICULAR FOR THE FOLLOWING PURPOSE;
THE ADVANCEMENT OF EDUCATION
THE ADVANCEMENT OF ISLAMIC FAITH.",True,Micro,Dormant,Religious Activities
329,1125340,MYHEALTHNET LIMITED,"8 LARCH ROAD, DARTFORD",DA1 2LE,Dartford,08454301904,info@myhealthnet.org.uk,www.myhealthnet.co.uk,30/04/2024,3854.0,3894.0,Charitable company,"Provides Other Finance, Provides Human Resources, Provides Buildings/facilities/open Space, Provides Services, Provides Advocacy/advice/information, Sponsors Or Undertakes Research, Acts As An Umbrella Or Resource Body, Other Charitable Activities","General Charitable Purposes, Education/training, The Advancement Of Health Or Saving Of Lives, Disability, The Prevention Or Relief Of Poverty, Economic/community Development/employment, Other Charitable Purposes","Children/young People, People With Disabilities, People Of A Particular Ethnic Or Racial Origin, Other Charities Or Voluntary Bodies, Other Defined Groups, The General Public/mankind","Young People Sexual Health ServiceTraining & Education ProgrammesService Summary:Sexual/Reproductive/Assualt/Psychosexual adviceTesting/Partner notificationCounsellingWorkshops & SeminarHealth promotionCondoms distributionSupport & supervisionVolunteeringPartnershipContact:secretary@myhealthnet.org.ukT: 08454301904Counsellor: 07947557567E: auntclara@myhealthnet.org.uk","TO PROMOTE AND PROTECT GOOD HEALTH, IN PARTICULAR BUT NOT EXCLUSIVELY RELATING TO SEXUAL AND REPRODUCTIVE HEALTH EDUCATION.",False,Micro,Dormant,Other Charitable Purposes
330,1125429,POWER AND MERCY OUTREACH INTERNATIONAL MINISTRIES,"140 LLANOVER ROAD, LONDON",SE18 3SU,Greenwich and Woolwich,07983690990,info@powerandmercy.org,www.powerandmercy.org,31/12/2024,2100.0,35516.0,Charitable company,"Provides Human Resources, Provides Buildings/facilities/open Space, Provides Services, Provides Advocacy/advice/information","General Charitable Purposes, Education/training, The Prevention Or Relief Of Poverty, Religious Activities, Economic/community Development/employment","Children/young People, Elderly/old People, People With Disabilities, People Of A Particular Ethnic Or Racial Origin, Other Charities Or Voluntary Bodies, The General Public/mankind","General charitable purposes, education and taining, medical health and sickness,relief of poverty, disability,overseas aid and famine relief, religious activities, sports and recreation, arts and culture, economic, community development and employment other or none of these","TO ADVANCE THE CHRISTIAN FAITH IN LONDON AND IN SUCH OTHER PARTS OF THE UNITED KINGDOM OR THE WORLD AS THE TRUSTEES MAY FROM TIME TO TIME THINK FIT AND SUCH OTHER PURPOSES WHICH ARE EXCLUSIVELY CHARITABLE ACCORDING TO THE LAW OF ENGLAND AND WALES AND ARE CONNECTED TO THE CHARITABLE WORK OF THE CHARITY.

TO FURTHER CHRISTIAN EDUCATION INCLUDING BY MEANS OF ESTABLISHING AND OPERATING ANY EDUCATIONAL ESTABLISHMENT OR ESTABLISHMENTS IN SUCH PARTS OF LONDON AND IN SUCH PARTS OF THE UNITED KINGDOM AND THE WORLD AS THE TRUSTEES MAY FROM TIME TO TIME THINK FIT.

TO RELIEVE PERSONS WHO ARE IN CONDITIONS OF NEED OR HARDSHIP OR WHO ARE AGED OR SICK AND TO RELIEVE THE DISTRESS CAUSED THEREBY  IN SUCH PARTS OF LONDON AND IN SUCH PARTS OF THE UNITED KINGDOM AND THE WORLD AS THE TRUSTEES MAY FROM TIME TO TIME THINK FIT.

TO PROVIDE OR ASSIST IN THE PROVISION OF FACILITIES IN THE INTERESTS OF SOCIAL WELFARE FOR RECREATION OR OTHER LEISURE TIME OCCUPATION OR INDIVIDUALS WHO HAVE NEED OF SUCH FACILITIES BY REASON OF THEIR YOUTH, AGE, INFIRMITY OR DISABILITY, FINANCIAL HARDSHIP OR SOCIAL CIRCUMSTANCES WITH THE OBJECT OF IMPROVING THEIR CONDITIONS OF LIFE.",False,Micro,Dormant,Religious Activities
331,1125577,TANZEEMUS SUNNAH FOUNDATION,"Flat 4, Lister House, Lomas Street, London",E1 5BG,Bethnal Green and Stepney,07930142376,Not available,www.tanzeemussunnah.org,31/03/2024,7653.0,6971.0,Trust,"Makes Grants To Individuals, Provides Other Finance, Provides Advocacy/advice/information","General Charitable Purposes, Education/training, The Advancement Of Health Or Saving Of Lives, Disability, The Prevention Or Relief Of Poverty, Religious Activities","Children/young People, Elderly/old People, People With Disabilities, The General Public/mankind",Providing general education within Bangladeshi community in the UK and Bangladesh.,"TO WORK FOR BETTER PROVISION OF EDUCATION TO THE DISADVANTAGED PEOPLE OF BANGLADESH AND PROVIDE THE MOTHER TONGUE AND CULTURAL EDUCATION TO THE CHILDREN IN THE UNITED KINGDOM.
A TO RELIEVE FINANCIAL HARDSHIP, SICKNESS AND POOR HEALTH AMONGST BANGLADESHI ELDERLY PEOPLE.
B THE RELIEF OF SICKNESS AND THE PRESERVATION OF HEALTH AMONG CITIZENS OF BANGLADESH.
C TO WORK FOR THE ERADICATION  OF POVERTY  THROUGH INTERNATIONAL ASSISTED PROGRAMMERS.",True,Micro,Dormant,Disability
332,1126191,HOME SWEET HOME TRUST,"19 Geoff Cade Way, LONDON",E3 4GJ,Poplar and Limehouse,07816688621,syedhussain1964@hotmail.com,Not available,31/03/2025,31771.0,17743.0,Other,"Makes Grants To Individuals, Provides Other Finance, Provides Advocacy/advice/information","General Charitable Purposes, Education/training, The Prevention Or Relief Of Poverty, Overseas Aid/famine Relief, Religious Activities, Economic/community Development/employment","Children/young People, Elderly/old People, The General Public/mankind","To relieve poverty, sickness and distress amongst the poor people and young children including education . Also provide financial help to the poor and needy people specially orphans, widows and disabled.","A)  TO RELIEVE FINANCIAL HARDSHIP, SICKNESS AND POOR HEALTH AMONGST BANGLADESHI CITIZENS.
B)  TO WORK FOR THE ERADICATION OF POVERTY THROUGH INTERNATIONAL ASSISTED PROGRAMMERS.",True,Small,Dormant,Overseas Aid/famine Relief
333,1126482,THE DEBORAH DAY THEATRE SCHOOL TRUST,"22 Mead Field Drive, Great Hallingbury, BISHOP'S STORTFORD, Hertfordshire",CM22 7FJ,Harlow,07957398501,ddstrust@yahoo.com,www.ddtst.com,31/12/2024,243820.0,241482.0,Charitable company,"Makes Grants To Individuals, Provides Human Resources, Provides Services","Education/training, Arts/culture/heritage/science, Amateur Sport",Children/young People,To promote the arts of dance music (including singing) and drama.,"TO PROMOTE THE ARTS OF DANCE, MUSIC (INCLUDING SINGING) AND DRAMA AND IN PARTICULAR TO ENCOURAGE AND ASSIST CHILDREN AND YOUNG PEOPLE IN THE LONDON BOROUGH OF NEWHAM AND THE SURROUNDING BOROUGHS TO DEVELOP IN THOSE ARTS THROUGH THE PROVISION OF TUITION AND SUPPORT.",False,Medium,Dormant,Amateur Sport
334,1126521,GRAMEEN WELFARE SMILE CHARITY,"21 CHIDDINGFOLD, LONDON",N12 7EX,Chipping Barnet,004407984407035,akmaghani@yahoo.com,http://gwscharity.webs.com,31/08/2025,24500.0,24300.0,Trust,"Makes Grants To Individuals, Makes Grants To Organisations, Provides Other Finance, Provides Human Resources, Provides Buildings/facilities/open Space, Provides Services, Sponsors Or Undertakes Research","General Charitable Purposes, Education/training, The Advancement Of Health Or Saving Of Lives, The Prevention Or Relief Of Poverty, Accommodation/housing, Religious Activities","Children/young People, Elderly/old People, People With Disabilities, The General Public/mankind","Setting up deep tube wells in Bangladesh- on going.
Providing warm clothes to poor.
Mumtazennesa Memorial High School  has already been built. 
3rd &amp; 4th floors have been built during 2017-2020 for Intermediate College section.
Planned to start College  this year. 
 Govt. has given permission to start college.
College section has been started for higher secondary education 3 years ago.","A) TO HELP THE POOR, NEEDY AND UNDERPRIVILEGED IN THE POOR AND DEVELOPING COUNTRIES NAMELY BANGLADESH.
B) THE RELIEF OF SUFFERING DURING MAJOR DISASTERS AND TREATMENT OF ILLNESSES OF THE POOR PEOPLE.",False,Small,Dormant,Accommodation/housing
335,1126629,THE PARACHUTE REGIMENTAL ASSOCIATION ILFORD 84 BRANCH,"Parachute Regimental Association, The Royal Air Forces Association, 18 Carlton Road, ROMFORD",RM2 5AA,Romford,07484793187,m.young144@btinternet.com,Not available,30/09/2025,8136.0,5217.0,Other,"Makes Grants To Individuals, Makes Grants To Organisations, Provides Human Resources, Other Charitable Activities","General Charitable Purposes, The Prevention Or Relief Of Poverty, Other Charitable Purposes","Elderly/old People, People With Disabilities, Other Charities Or Voluntary Bodies, Other Defined Groups","The Branch promotes comradeship and contact between serving,former and war veteran members
of the Parachute and Airborne forces regiments, and widows of ex-members, to provide aid and
assistance, and to organise social events and outings.",PLEASE REFER TO THE PARACHUTE REGIMENTAL ASSOCIATION (REGISTERED CHARITY NUMBER 214015),False,Micro,Dormant,Other Charitable Purposes
336,1126823,FAIR AND SHARE,"73 Holland Road, East Ham, London",E6 2EP,East Ham,020 8472 3722,info@fairandshare.org,www.fairandshare.org,31/03/2025,8610.0,7260.0,Other,"Provides Services, Provides Advocacy/advice/information","General Charitable Purposes, The Prevention Or Relief Of Poverty, Arts/culture/heritage/science, Economic/community Development/employment","People With Disabilities, People Of A Particular Ethnic Or Racial Origin","FAIR and SHARE Provides welfare advice, information and support including translation and interpreting services. organise a programme of events and workshops to promote the healthy needs of the Asian community.Carry out outreach work, networking and liaising with asian families.Organise social events for women on weekly basis.Organise Yoga and other keep fit sessions for Asian Women.","TO PROVIDE OR ASSIST IN THE PROVISION OF FACILITIES IN THE INTERESTS OF SOCIAL
WELFARE FOR RECREATION OR OTHER LEISURE TIME OCCUPATION OF WOMEN OF ASIAN
DESCENT LIVING IN THE LONDON BOROUGH OF NEWHAM AND WHO HAVE NEED OF SUCH
FACILITIES BY REASON OF THEIR YOUTH, AGE, INFIRMITY OR DISABILITY, FINANCIAL HARDSHIP
OR SOCIAL CIRCUMSTANCES WITH THE OBJECTS OF IMPROVING THEIR CONDITIONS OF LIFE.",False,Micro,Dormant,Arts/culture/heritage/science
337,1127062,CHILDREN EDUCATION GROUP,"HARKNESS HOUSE COMMUNITY CENTRE, 101 CHRISTIAN STREET, LONDON",E1 1RX,Bethnal Green and Stepney,07904954838,ceg3@btinternet.com,www.childreneducationgroup.business.site,31/03/2025,16105.0,7489.0,Other,"Provides Human Resources, Provides Buildings/facilities/open Space, Provides Services, Provides Advocacy/advice/information, Other Charitable Activities","General Charitable Purposes, Education/training, The Prevention Or Relief Of Poverty, Arts/culture/heritage/science, Amateur Sport, Economic/community Development/employment","Children/young People, Elderly/old People, People With Disabilities, People Of A Particular Ethnic Or Racial Origin, The General Public/mankind","To advance the education and to relieve the financial hardship for the elderly people and provide general welfare services such as Lunch Club, Day Trips, Sports, Study Support, Social functions and community work in the London Borough of Tower Hamlets","= TO ADVANCE THE EDUCATION OF THE PUBLIC LIVING IN WHITECHAPEL WARD, BERNER ESTATE AND THE
SURROUNDING AREAS IN THE LONDON BOROUGH OF TOWER HAMLETS (THE AREA OF BENEFIT), IN PARTICULAR
BUT NOT EXCLUSIVELY THROUGH THE PROVISION OF LANGUAGE CLASSES AND OTHER COMMUNITY EDUCATION
CLASSES.
O TO RELIEVE THE FINANCIAL HARDSHIP, EITHER GENERALLY OR INDIVIDUALLY, OF PERSONS LIVING IN THE AREA
OF BENEFIT, IN PARTICULAR BUT NOT EXCLUSIVELY THROUGH THE PROVISION OF ADVICE ON HEALTH, SOCIAL
SECURITY, HOUSING ISSUES AND OTHER WELFARE ISSUES.
O TO RELIEVE ELDERLY PEOPLE RESIDENT IN THE AREA OF BENEFIT WHO ARE IN NEED, BY PROVIDING ITEMS,
SERVICES OR FACILITIES CALCULATED TO RELIEVE THE NEEDS OF SUCH PERSONS.
O TO FURTHER OR BENEFIT THE RESIDENTS OF WHITECHAPEL WARD, BERNER ESTATE AND THE SURROUNDING
AREAS IN THE LONDON BOROUGH OF TOWER HAMLETS, WITHOUT DISTINCTION OF SEX, SEXUAL ORIENTATION,
RACE OR OF POLITICAL, RELIGIOUS OR OTHER OPINIONS BY ASSOCIATING TOGETHER THE SAID RESIDENTS AND
THE LOCAL AUTHORITIES, VOLUNTARY AND OTHER ORGANISATIONS IN A COMMON EFFORT TO ADVANCE
EDUCATION AND TO PROVIDE FACILITIES IN THE INTERESTS OF SOCIAL WELFARE FOR RECREATION LEISURE TIME
OCCUPATION WITH THE OBJECTIVE OF IMPROVING THE CONDITIONS OF LIFE FOR THE RESIDENTS.
= IN FURTHERANCE OF THESE OBJECTS BUT NOT OTHERWISE, THE TRUSTEES SHALL HAVE POWER:
TO ESTABLISH OR SECURE THE ESTABLISHMENT OF A COMMUNITY CENTRE AND TO MAINTAIN OR MANAGE
OR CO-OPERATE WITH ANY STATUTORY AUTHORITY IN THE MAINTENANCE AND MANAGEMENT OF SUCH A
CENTRE FOR ACTIVITIES PROMOTED BY THE CHARITY IN FURTHERANCE OF THE ABOVE OBJECTS.",True,Small,Dormant,Amateur Sport
338,1127300,VOLUNTEER CENTRE TOWER HAMLETS,"NORVIN HOUSE, 45-55 COMMERCIAL STREET, LONDON",E1 6BD,Bethnal Green and Stepney,07595 219603,info@vcth.org.uk,www.vcth.org.uk,30/09/2024,213517.0,186500.0,Charitable company,"Provides Human Resources, Provides Services, Provides Advocacy/advice/information, Acts As An Umbrella Or Resource Body","Education/training, The Prevention Or Relief Of Poverty, Economic/community Development/employment, Other Charitable Purposes","Children/young People, Elderly/old People, People With Disabilities, People Of A Particular Ethnic Or Racial Origin, Other Charities Or Voluntary Bodies, Other Defined Groups, The General Public/mankind","Volunteer Centre Tower Hamlets (VCTH) is the Volunteer Infrastructure Organisation for the London Borough of Tower Hamlets.  Our mission is to provide a comprehensive volunteering infrastructure service to non-profit groups and communities in Tower Hamlets, so that we increase the quality, quantity and impact of volunteering in the borough.","1)  THE PROMOTION OF ANY CHARITABLE PURPOSE FOR THE BENEFIT OF THE COMMUNITY OF TOWER HAMLETS, GREATER LONDON, IN PARTICULAR THE RELIEF OF THOSE IN NEED BY REASON OF YOUTH, AGE, ILL-HEALTH, DISABILITY OR OTHER SOCIAL OR ECONOMIC DISADVANTAGE.
2)  THE PROMOTION AND ADVANCEMENT OF VOLUNTARY WORK FOR CHARITABLE PURPOSES FOR THE BENEFIT OF THE COMMUNITY, PREDOMINANTLY IN THE LONDON BOROUGH OF TOWER HAMLETS BUT ADDITIONALLY PROMOTION AND ADVANCEMENT OF VOLUNTARY WORK SUB-REGIONALLY AND NATIONALLY.",True,Medium,Dormant,Other Charitable Purposes
339,1127466,ISLAND HEALTH TRUST,"UHY HACKER YOUNG, THAMES HOUSE, ROMAN SQUARE, SITTINGBOURNE",ME10 4BJ,Sittingbourne and Sheppey,01795 475363,info@islandhealthtrust.org,www.islandhealthtrust.org,31/03/2025,363455.0,114723.0,Charitable company,"Makes Grants To Individuals, Makes Grants To Organisations, Provides Buildings/facilities/open Space, Sponsors Or Undertakes Research",The Advancement Of Health Or Saving Of Lives,"Other Charities Or Voluntary Bodies, The General Public/mankind","The Trust's object is to promote the provision of primary health care in any manner which is deemed by law to be charitable.  Power to establish centres for providing primary health care within the London Boroughs of Tower Hamlets and Newham, and to give grants to local organisations and individuals who provide health related education and facilities.",TO PROMOTE THE PROVISION OF PRIMARY HEALTH CARE IN ANY MANNER WHICH IS DEEMED BY LAW TO BE CHARITABLE.,False,Medium,Dormant,The Advancement Of Health Or Saving Of Lives
340,1127652,THE PAROCHIAL CHURCH COUNCIL OF THE ECCLESIASTICAL PARISH OF CHRIST CHURCH WITH ALL SAINTS SPITALFIELDS,"Christ Church Spitalfields, Fournier Street, LONDON",E1 6QE,Bethnal Green and Stepney,02073772440,hello@ccspits.org,www.ccspits.org,31/12/2024,534856.0,526735.0,Previously excepted,"Makes Grants To Organisations, Provides Buildings/facilities/open Space, Provides Services",Religious Activities,The General Public/mankind,"Regular public worship open to all. The provision of a sacred space for personal prayer and contemplation. pastoral work, including visiting the sick and the bereaved. Teaching of Christianity through sermons, courses and small groups. taking of religious assemblies in Christ Church School. The provision of youth and community work with a Christian ethos. Promotion of Christianity.",Promoting in the ecclesiastical parish the whole mission of the Church.,True,Medium,Dormant,Religious Activities
341,1128266,EAST LONDON TABERNACLE BAPTIST CHURCH,"75 Durham Road, LONDON",E12 5AY,East Ham,02089806125,admin@eltbaptistchurch.org,www.eltbaptistchurch.org,31/12/2024,477282.0,393926.0,Previously excepted,"Makes Grants To Individuals, Makes Grants To Organisations, Provides Human Resources, Provides Buildings/facilities/open Space, Provides Services",Religious Activities,"Children/young People, People Of A Particular Ethnic Or Racial Origin, Other Charities Or Voluntary Bodies, Other Defined Groups, The General Public/mankind","ELT Baptist Church's primary objective is the advancement of the Christian faith both in the United Kingdom and overseas by teaching the Bible and promoting prayer and fellowship amongst believers.  It also seeks the advancement for public benefit of religious education and the care of the aged, poor, sick and disabled.","THE ADVANCEMENT OF THE CHRISTIAN FAITH IN ACCORDANCE WITH THE BASIS OF FAITH PRIMARILY BUT NOT EXCLUSIVELY WITHIN EAST LONDON AND THE SURROUNDING NEIGHBOURHOOD: AND
SUCH OTHER CHARITABLE PURPOSES AS SHALL, IN THE OPINION OF THE MANAGING TRUSTEES FURTHER THE WORK OF THE CHURCH.",False,Medium,Dormant,Religious Activities
342,1128311,JUST HOMES CHARITY,"34 Norwich Road, London",E7 9JH,Stratford and Bow,02085191454,info@justhomes.org.uk,www.justhomes.org.uk,31/03/2025,1928894.0,1568476.0,Charitable company,"Provides Buildings/facilities/open Space, Provides Services, Provides Advocacy/advice/information, Sponsors Or Undertakes Research","Education/training, The Prevention Or Relief Of Poverty, Accommodation/housing, Religious Activities, Economic/community Development/employment","Children/young People, Elderly/old People, People With Disabilities, People Of A Particular Ethnic Or Racial Origin, The General Public/mankind","The relief of poverty through provision of housing, accommodation and assistance to help house people in needy circumstances and associated facilities and amenities. The advancement of education including developing skills for coping with life and employment and providing advice to people in ineedy circumstances and providing training and advice to other porviders of housing and accommodation.","3.1 THE ADVANCEMENT OF THE CHRISTIAN FAITH IN SERVICE TO OTHERS, IN DEMONSTRATION OF THE CHURCH'S MISSION IN THE WORLD,
3.2 THE RELIEF OF POVERTY INCLUDING THE PROVISION OF HOUSING, ACCOMMODATION AND ASSISTANCE TO HELP HOUSE PEOPLE IN NEEDY CIRCUMSTANCES AND ASSOCIATED FACILITIES AND AMENITIES,
3.3 THE ADVANCEMENT OF EDUCATION INCLUDING DEVELOPING SKILLS FOR COPING WITH LIFE AND
EMPLOYMENT AND PROVIDING HOUSING ADVICE TO PEOPLE IN NEEDY CIRCUMSTANCES AND PROVIDING TRAINING AND ADVICE TO OTHER PROVIDERS OF HOUSING AND ACCOMMODATION.",False,Large,Dormant,Accommodation/housing
343,1128579,BANGLADESHI MENTAL HEALTH FORUM,"Unit S-7, The Whitechapel Centre, 85 Myrdle Street",E1 1HL,Bethnal Green and Stepney,07716078840,info@bangladeshimentalhealth.org,www.bangladeshimentalhealth.org,31/03/2025,14400.0,12005.0,Charitable company,"Provides Advocacy/advice/information, Acts As An Umbrella Or Resource Body","General Charitable Purposes, Education/training, The Advancement Of Health Or Saving Of Lives, Economic/community Development/employment",People Of A Particular Ethnic Or Racial Origin,"The BMHF prides itself on being a grassroots organisation that aims to raise awareness of mental health and support people on a local level. Our current work involves organising local mental health awareness raising event/workshops, supporting people by organising local activities (social/educational) and one to one support.","3.1 THE RELIEF OF SICKNESS AND THE PRESERVATION AND PROTECTION OF GOOD HEALTH OF
BANGLADESHI PEOPLE LIVING IN LONDON WHO HAVE MENTAL HEALTH PROBLEMS, THEIR CARERS
AND FAMILIES, IN PARTICULAR BUT NOT EXCLUSIVELY, BY THE PROVISION OF ADVOCACY,
WORKING IN PARTNERSHIP WITH SERVICE PROVIDERS, GROUPS, PERSONS, LOCALLY AND
INTERNATIONALLY AND BY ORGANISING SEMINARS, CONFERENCES, RESEARCH AND THE
PUBLICATION AND CIRCULATION OF INFORMATION.
3.2 THE ADVANCEMENT OF EDUCATION OF BANGLADESHI MENTAL HEALTH WORKERS AND
OTHER MENTAL HEALTH WORKERS WHO PROVIDE A SERVICE TO THE BANGLADESHI COMMUNITY.",True,Small,Dormant,The Advancement Of Health Or Saving Of Lives
344,1129273,ST LUCIA DIABETES PROJECT (UK),"223 BOW ROAD, LONDON",E3 2SJ,Stratford and Bow,02086794192,stldiabetes@aol.co.uk,www.stluciadiabetes.org,28/04/2024,2292.0,4117.0,Other,"Makes Grants To Individuals, Makes Grants To Organisations, Provides Services, Acts As An Umbrella Or Resource Body, Other Charitable Activities","General Charitable Purposes, Education/training, The Advancement Of Health Or Saving Of Lives, Other Charitable Purposes","Children/young People, Elderly/old People, People With Disabilities, People Of A Particular Ethnic Or Racial Origin, Other Charities Or Voluntary Bodies, The General Public/mankind","Run training sessions and conferences for  health care professionals in St Lucia Hold diabetes, leg ulcer and foot clinics .Hold public workshops Distribute to institutions in St. Lucia instruments and medical supplies.  Apply for Commonwealth Scholarships for St Lucian doctors and nurses to study in the UK..","TO PROMOTE THE HEALTH AND WELL-BEING OF DIABETES SUFFERERS AND THEIR FAMILIES IN ST LUCIA AND THE WIDER CARIBBEAN.

TO PROMOTE HEALTH EDUCATION AND IMPROVED UNDERSTANDING OF INTERNATIONAL HEALTH ISSUES AMONG THE GENERAL PUBLIC AND LUCIANS AND THEIR DESCENDANTS LIVING IN THE UK.",True,Micro,Dormant,Other Charitable Purposes
345,1129282,OSMANI TRUST,"58 Underwood Road, LONDON",E1 5AW,Bethnal Green and Stepney,02072478080,finance@osmanitrust.org,www.osmanitrust.org,31/03/2025,1901302.0,1689980.0,Charitable company,"Makes Grants To Organisations, Provides Buildings/facilities/open Space, Provides Services, Provides Advocacy/advice/information","General Charitable Purposes, Education/training, The Advancement Of Health Or Saving Of Lives, The Prevention Or Relief Of Poverty, Arts/culture/heritage/science, Amateur Sport, Economic/community Development/employment","Children/young People, Elderly/old People, People With Disabilities, People Of A Particular Ethnic Or Racial Origin","The Osmani Trust is a youth and community organisation operating in the East of London. It offers a range of services for young people and the community at large. These can be grouped into the following themes: education, training and employment; gang mediation, conflict resolution and community safety; health and sports; and generic youth club and holiday provisions.","THE CHARITY'S OBJECTS (""THE OBJECTS) ARE;

A. TO ESTABLISH A MULTI-USE YOUTH AND COMMUNITY CENTRE THAT PROVIDES OR ASSISTS IN THE PROVISION OF FACILITIES IN THE INTEREST OF SOCIAL WELFARE FOR RECREATION OR OTHER LEISURE TIME OCCUPATION FOR INDIVIDUALS WHO HAVE NEED OF SUCH FACILITIES BY REASON OF THEIR YOUTH, AGE, INFIRMITY OR DISABILITY AND FINANCIAL CIRCUMSTANCES WITH THE OBJECT OF IMPROVING THEIR CONDITION OF LIFE.

B. TO ADVANCE FURTHER COMMUNITY DEVELOPMENT INITIATIVES BY PROVIDING FOR THE ERECTION AND MAINTENANCE IN TOWER HAMLETS A FITTING YOUTH AND COMMUNITY CENTRE TO BE USED BY COMMUNITIES OF LONDON AND FROM ANY OTHER PART OF THE WORLD.",True,Large,Dormant,Amateur Sport
346,1129336,ALONGSIDE YOU,"PO BOX 50521, LONDON",E16 1XF,West Ham and Beckton,02074735050,info@alongsideyou.org.uk,Not available,31/03/2025,20430.0,18425.0,Charitable company,"Provides Human Resources, Provides Services","The Advancement Of Health Or Saving Of Lives, The Prevention Or Relief Of Poverty","Children/young People, Other Defined Groups","A free and confidential service of home-based childcare, outings and supportive relationships for children and families living with HIV in East London, provided through trained volunteers.  Service options; regular visits, school holiday group outings, youth programme.  Services for children aged 0-18 years. We provide training and teaching for groups on the impact of HIV on children in the UK.","TO PROVIDE RELIEF FOR CHILDREN THEIR FAMILIES AND CARERS, LIVING WITH HUMAN IMMUNODEFICIENCY VIRUS (HIV) OR ANY ASSOCIATED CONDITION, AND TO ADVANCE THE CHRISTIAN FAITH, BY THE PROVISION OF;
(A) SUPPORT SERVICES
(B) RECREATIONAL AND LEISURE TIME ACTIVITY IN THE INTERESTS OF SOCIAL WELFARE WITH A VIEW TO IMPROVING THE CONDITIONS OF LIFE FOR SUCH PERSONS
(C) SMALL GRANTS FOR THE RELIEF OF FINANCIAL HARDSHIP
(D) EDUCATION AND RESEARCH ABOUT HIV",False,Small,Dormant,The Advancement Of Health Or Saving Of Lives
347,1129378,OCEAN YOUTH CONNEXIONS,"Ocean Youth Connexions, Tower Hamlets Community Transport, 27 Newell Street, LONDON",E14 7HP,Poplar and Limehouse,07445143918,oceanyc@hotmail.co.uk,https://oceanyc.org/,30/09/2024,281393.0,193371.0,Charitable company,"Provides Services, Provides Advocacy/advice/information","General Charitable Purposes, Education/training, The Prevention Or Relief Of Poverty, Amateur Sport, Economic/community Development/employment, Recreation, Other Charitable Purposes","Children/young People, Elderly/old People, The General Public/mankind","Ocean Youth Connexions has been providing various youth and community activities since 2002, within the London Borough of Tower Hamlets. These have range from youth club sessions, parents and children's evenings, football training, Taekwando, homework clubs, cycle proficiency training and employment support workshops. The organisation also delivers various holiday programmes targeting families.","TO ACT AS A RESOURCE FOR YOUNG PEOPLE UP TO THE AGE OF 25 LIVING IN TOWER HAMLETS BY PROVIDING ADVICE AND ASSISTANCE AND ORGANISING PROGRAMMES OF PHYSICAL, EDUCATIONAL AND OTHER ACTIVITIES AS A MEANS OF:
A) ADVANCING IN LIFE AND HELPING YOUNG PEOPLE BY DEVELOPING THEIR SKILLS, CAPACITIES AND CAPABILITIES TO ENABLE THEM TO PARTICIPATE IN SOCIETY AS INDEPENDENT, MATURE AND RESPONSIBLE INDIVIDUALS:
B) ADVANCING EDUCATION:
C) RELIEVING UNEMPLOYMENT:
D) PROVIDING RECREATIONAL AND LEISURE TIME ACTIVITY IN THE INTERESTS OF SOCIAL WELFARE FOR PEOPLE LIVING IN THE AREA OF BENEFIT WHO HAVE NEED BY REASON OF THEIR YOUTH, AGE, INFIRMITY OR DISABILITY, POVERTY OR SOCIAL AND ECONOMIC CIRCUMSTANCES WITH A VIEW TO IMPROVING THE CONDITIONS OF LIFE OF SUCH PERSONS.",True,Medium,Dormant,Other Charitable Purposes
348,1129486,GLOBE BENGALI MOHILA SHAMITY,"ST. MARGARETS HOUSE, 21 OLD FORD ROAD, LONDON",E2 9PL,Bethnal Green and Stepney,02089833527,aysha-gbms@live.com,www.globebengalimohila.com,31/03/2022,0.0,0.0,Other,"Provides Buildings/facilities/open Space, Provides Services, Provides Advocacy/advice/information","General Charitable Purposes, Education/training, The Advancement Of Health Or Saving Of Lives, The Prevention Or Relief Of Poverty, Religious Activities, Arts/culture/heritage/science, Amateur Sport, Economic/community Development/employment",People Of A Particular Ethnic Or Racial Origin,"It aims to meet the needs and aspirations of local Bangladeshi and BAME women, providing advice, information and guidance on health, education, housing, translation service, ESOL and a range of other challenges that many Bangladeshi families currently faces.  It also aims to prevent isolation and social exclusion by targeting its services at particularly hard to reach groups.",THE RELIEF OF NEED AND THE ADVANCEMENT OF EDUCATION OF BANGLADESHI AND OTHER MINORITY ETHNIC WOMEN LIVING IN THE GLOBE TOWN AND BETHNAL GREEN AREAS OF LONDON BOROUGH OF TOWER HAMLETS WITHOUT ANY DISTINCTION OF RACE OR COLOUR OR OF RELIGIOUS OR POLITICAL OPINIONS.,True,,Dormant,Amateur Sport
349,1129652,RUHUL ULUM NOORI TRUST,"10 Batty Street, LONDON",E1 1RH,Bethnal Green and Stepney,07483895219,noorihasan49@gmail.com,Not available,30/09/2024,0.0,0.0,Trust,"Provides Human Resources, Other Charitable Activities","General Charitable Purposes, Education/training, The Advancement Of Health Or Saving Of Lives, The Prevention Or Relief Of Poverty, Religious Activities",The General Public/mankind,"Ruhul Ulum Noori Trust provide advice, guidance and information to disadvantages family or individuals in Tower  Hamlet and Hackney Borough. its provides training and ESOL to BAME community(specially  disadvantages bangladeshi people). The charity also provide financial support to poor and disadvantage families in Bangladesh by organising food and shelter programme during various natural disaster.","I   TO ADVANCE EDUCATION
II  TO PROMOTE AND PROTECT GOOD HEALTH; AND
III TO RELIEVE FINANCIAL HARDSHIP",True,,Dormant,The Advancement Of Health Or Saving Of Lives
350,1130260,POPLAR CENTRAL MOSQUE,"POPLAR CENTRAL MOSQUE, 253 EAST INDIA DOCK ROAD, LONDON",E14 0EG,Poplar and Limehouse,02075360726,INFO@RAHMANANDCO.COM,Not available,31/03/2025,115798.0,84657.0,Other,"Provides Buildings/facilities/open Space, Provides Services, Provides Advocacy/advice/information","Education/training, Religious Activities, Economic/community Development/employment","Children/young People, People Of A Particular Ethnic Or Racial Origin, The General Public/mankind","The premise is used as a place of worship, education and social welfare aims and objectives in accordance with the planning permission granted by the local authority.","TO ADVANCE THE ISLAMIC FAITH, IN PARTICULAR BY PROVIDING A MOSQUE FOR WORSHIP
AND EDUCATION ACTIVITIES.",True,Medium,Dormant,Religious Activities
351,1130764,"THE PAROCHIAL CHURCH COUNCIL OF THE ECCLESIASTICAL PARISH OF CHRIST AND ST JOHN WITH ST LUKE, ISLE OF DOGS","CHRIST CHURCH VICARAGE, MANCHESTER ROAD, LONDON",E14 3BN,Poplar and Limehouse,02075381766,tom.pyke@parishiod.org.uk,www.parishiod.org.uk,31/12/2024,164572.0,151698.0,Previously excepted,"Makes Grants To Organisations, Provides Buildings/facilities/open Space, Provides Services",Religious Activities,The General Public/mankind,"Regular public worship open to all.Pastoral work, including visiting the sick and bereaved.Taking of religious assemblies in schools.",Promoting in the ecclesiastical parish the whole mission of the Church.,True,Medium,Dormant,Religious Activities
352,1130883,MSH GOREEB TRUST,"25 MONTHOPE ROAD, LONDON",E1 5LL,Bethnal Green and Stepney,07931318114,somshulhoque@yahoo.com,Not available,31/08/2024,0.0,0.0,Other,"Makes Grants To Individuals, Makes Grants To Organisations, Other Charitable Activities","The Advancement Of Health Or Saving Of Lives, The Prevention Or Relief Of Poverty, Economic/community Development/employment, Other Charitable Purposes","Children/young People, Elderly/old People, People Of A Particular Ethnic Or Racial Origin, The General Public/mankind",A completion of survey in 2009. Fund-raising events held in the UK. Trip to Bangladesh in Nov 2010. Helped those in need the most from the information on our survey. Built 48 tin roofs providing shelter. 20 water pumps for sanitation and basic living. 3 sewing machine for financial self support. Medication for 50 people for their basic health needs. All this has helped towards a successful year.,"TO PROMOTE THE BENEFIT OF PEOPLE OF BANGLADESHI ORIGIN HAILING FROM BUDARIBAZAR UNION IN GOLAPGONG SUB DISTRICT OF BANGLADESH IN THE UK AND PEOPLE OF BUDBARIBAZAR UNION IN BANGLADESH BY
A THE ADVANCEMENT OF EDUCATION AND TRAINING
B THE RELIEF OF POVERTY, SICKNESS AND DISTRESS
C THE PROMOTION OF GOOD HEALTH
D THE PROVISION OF RECREATIONAL FACILITIES IN THE INTERESTS OF SOCIAL WELFARE WITH THE OBJECT OF IMPROVING THEIR CONDITIONS OF LIFE",True,,Dormant,Other Charitable Purposes
353,1130902,"THE PAROCHIAL CHURCH COUNCIL OF THE ECCLESIASTICAL PARISH OF ST MARY AND HOLY TRINITY, BOW (WITH BROMLEY SAINT LEONARD)","St. Marys &amp; Holy Trinity Church, 230 Bow Road, LONDON",E3 3AH,Stratford and Bow,07908 416 052,hello@bow.church,https://www.bow.church/,31/12/2024,138196.0,182299.0,Previously excepted,Provides Buildings/facilities/open Space,Religious Activities,The General Public/mankind,"Our primary objective is the promotion of the Gospel of our Lord Jesus Christ according to the doctrines and practices of the Church of England. We work to promote the whole mission of the Church: pastoral; evangelistic; social and ecumenical. Our historic church building, which has been a landmark in Bow for 700 years, is a sign of the central place of Christian faith in the community.",Promoting in the ecclesiastical parish the whole mission of the Church.,True,Medium,Dormant,Religious Activities
354,1131128,GATEHOUSE PARENTS ASSOCIATION,"Gatehouse Parents Association, Gatehouse School, Sewardstone Road, LONDON",E2 9JG,Bethnal Green and Stepney,07825395123,gpagpaGT@gmail.com,www.gatehouseschool.co.uk,01/09/2022,16271.0,5637.0,Other,Provides Other Finance,"General Charitable Purposes, Education/training, Amateur Sport",Children/young People,"Organise fundraising activities including a Summer fair and various other activities during the year for the benefit of the parents and pupils at the school.Apply funds raised for the purchase of items that benefit children at the school but which the school is unable to provide.","To advance the education of pupils in the School in particular by:Developing effective relationships between the staff parents and others associated with the school;Engaging in activities or providing facilities or equipment which support the School and advance the education of the pupils.",True,Small,Dormant,Amateur Sport
355,1131175,SOYTTEN SEN SCHOOL OF PERFORMING ARTS,"Flat 85, James Hammett House, Ravenscroft Street, London",E2 7QJ,Bethnal Green and Stepney,07956994611,harun.sspa@hotmail.co.uk,Not available,31/03/2024,33.0,3132.0,Other,"Provides Services, Provides Advocacy/advice/information, Other Charitable Activities","Education/training, The Advancement Of Health Or Saving Of Lives, Arts/culture/heritage/science, Environment/conservation/heritage, Economic/community Development/employment, Recreation","Children/young People, Elderly/old People, People Of A Particular Ethnic Or Racial Origin, The General Public/mankind","TO PROVIDE MUSIC SINGING LESSONS TO ORGANISE AND DELIVER ARTS AND CULTURAL ACTIVITIES TO THE COMMUNITYTO PROMOTE COMMUNITY COHESION THROUGH BETTER UNDERSTANDING OF COMMUNITIESTO BETTER HEALTH OF THE LOCAL COMMUNITYTO DELIVER EDUCATIONAL PROGRAMMES THAT PROMOTES ACADEMIC ACHIEVEMENT, SOCIAL DEVELOPMENT OF PEOPLE OF ALL AGES. THAT HELPS TO PROMOTE BETTER INTEGRATION.","OBJECTS
1. TO PROMOTE FOR THE BENEFIT OF THE BENGALI COMMUNITY IN THE UK BY :
( A ) THE ADVANCEMENT OF EDUCATION AND TRAINING,
( B ) THE RELIEF OF POVERTY , SICKNESS AND DISTRESS,
( C ) THE PROMOTION OF GOOD HEALTH AND
( D ) THE PROVISION OF RECREATIONAL FACILITIES IN THE INTERESTS OF SOCIAL WELFARE WITH THE
2. TO ADVANCE EDUCATION OF THE PUBLIC ON ALL ASPECTS OF BENGALI HISTORY, ART AND CULTURE.",True,Micro,Dormant,Environment/conservation/heritage
356,1131215,BECONTREE HEATH ISLAMIC SOCIETY (DAGENHAM CENTRAL MOSQUE) LIMITED,"83 Warrington Road, DAGENHAM, Essex",RM8 3JL,Dagenham and Rainham,07939496888,bhis@live.co.uk,www.dcmasjid.org,31/12/2024,101447.0,107447.0,Charitable company,"Provides Human Resources, Provides Buildings/facilities/open Space, Provides Services, Provides Advocacy/advice/information","General Charitable Purposes, Education/training, The Advancement Of Health Or Saving Of Lives, Overseas Aid/famine Relief, Religious Activities, Arts/culture/heritage/science, Amateur Sport, Economic/community Development/employment","Children/young People, Elderly/old People, Other Charities Or Voluntary Bodies, The General Public/mankind","THE MASJID PROVIDES A RANGE OF SPIRITUAL AND COMMUNITY SERVICES THAT IMPROVE THE QUALITY OF LIFE OF BENEFICIARIES VISITING OR RESIDING IN LONDON. OUR ACTIVITIES ARE DIVIDED INTO THE FOLLOWING: RELIGIOUS SERVICES, EDUCATION AND TRAINING, SOCIAL WELFARE AND ECONOMIC DEVEPT.ALSO TO PROVIDE A RANGE OF HOLY, CULTURAL SENSITIVE SERVICES FOR THE COMMUNITY OF B&D WITH A VIEW TO IMPROVE QUALITY OF LIFE.","TO ADVANCE THE ISLAMIC RELIGION FOR THE BENEFIT OF THE PUBLIC, AND IN PARTICULAR BY:
PROVIDING PLACES FOR MUSLIMS TO PERFORM THEIR WORSHIP AND PERFORM OTHER RELIGIOUS RITES.
PROMOTING KNOWLEDGE, UNDERSTANDING, COMMUNICATION AND PRACTICE OF ISLAM AND FULFILLING OF ALL OTHER ISLAMIC DUTIES BY ESTABLISHING, MAINTAINING AND DEVELOPING NECESSARY AND SUITABLE INSTITUTIONS AND FACILITIES.
ADVANCING THE EDUCATION OF THE PUBLIC IN PARTICULAR BY:
DISSEMINATING TRUE AND COMPREHENSIVE KNOWLEDGE AND UNDERSTANDING OF ISLAM AMONG MUSLIMS AND NON-MUSLIMS ACCORDING TO THE QUR’AN AND SUNNAH; PROMOTING DAWAH (CALL TO THE RELIGION OF ISLAM) IN ORDER TO DISSEMINATE A TRUE AND BETTER UNDERSTANDING OF ISLAM AMONGST THE NON-MUSLIM COMMUNITY; AND ADVANCING THE EDUCATION OF MUSLIM CHILDREN AND ADULTS, IN EACH CASE, WITH THE OBJECT OF PROMOTING, SUSTAINING AND INCREASING INDIVIDUAL AND COLLECTIVE KNOWLEDGE.
ESTABLISHING ISLAMIC EDUCATION SERVICES TO PROVIDE HIGH STANDARDS OF ISLAMIC EDUCATION FOR TEACHING ISLAMIC, QUR’ANIC AND ARABIC STUDIES INCLUDING CULTURAL AND ETHNIC MOTHER TONGUE CLASSES AT EVENINGS AND WEEKENDS, AS WELL AS FULL TIME ISLAMIC EDUCATION SERVICES AND INSTITUTIONS, IN EACH CASE, WITH THE OBJECT OF PROMOTING, SUSTAINING AND INCREASING INDIVIDUAL AND COLLECTIVE KNOWLEDGE.
FOSTERING BETTER RELATIONS BETWEEN NEIGHBOURING MUSLIM AND NON-MUSLIM COMMUNITIES; AND LOCAL AND CENTRAL GOVERNMENT BODIES AND INSTITUTIONS, INCLUDING BY ORGANISING AND ENCOURAGING PARTICIPATION OF BOTH MUSLIMS AND NON-MUSLIMS IN THE COMMUNITY IN BOTH CULTURAL AND RELIGIOUS ACTIVITIES AND EVENTS IN ORDER TO RAISE SOCIAL AND CULTURAL AWARENESS IN ISLAM.",False,Medium,Dormant,Overseas Aid/famine Relief
357,1131928,UNITY WELFARE FOUNDATION,"9 WHITWELL RD, PLAISTOW, LONDON",E13 8BP,West Ham and Beckton,07852966357,unitywf@gmail.com,www.uwf.org.uk,31/03/2025,295813.0,141521.0,Other,"Makes Grants To Individuals, Provides Human Resources","Education/training, The Advancement Of Health Or Saving Of Lives, The Prevention Or Relief Of Poverty, Overseas Aid/famine Relief","Children/young People, People Of A Particular Ethnic Or Racial Origin, The General Public/mankind","UWF strives to help the poor, especially women, to overcome the suffering and lack of life's basic necessities and skills. Currently it has the following projects in Bangladesh:Grants for Income generation products such as rickshaw, cow, sewing machine veg stall etc. Provide sustainable livelihoods for widows who have no support.UWF is aiming to provide soup kitchen and help to homeless.","1)  THE PREVENTION OR RELIEF OF POVERTY (OR FINANCIAL HARDSHIP) ANYWHERE IN THE WORLD BY PROVIDING OR ASSISTING IN THE PROVISION OF EDUCATION, TRAINING, HEALTHCARE PROJECTS AND ALL THE NECESSARY SUPPORT DESIGNED TO ENABLE INDIVIDUALS TO GENERATE A SUSTAINABLE INCOME AND BE SELF-SUFFICIENT.
2)  THE RELIEF OF FINANCIAL NEED AND SUFFERING AMONG VICTIMS OF NATURAL OR OTHER KINDS OF DISASTER IN THE FORM OF MONEY (OR OTHER MEANS DEEMED SUITABLE) FOR PERSONS, BODIES, ORGANISATIONS AND/OR COUNTRIES AFFECTED (INCLUDING THE PROVISION OF MEDICAL AID).",False,Medium,Dormant,Overseas Aid/famine Relief
358,1132126,SHOREDITCH TABERNACLE BAPTIST CHURCH,"THE TAB CENTRE, 3 GODFREY PLACE, LONDON",E2 7NT,Bethnal Green and Stepney,02077393076,admin@tabcentre.com,www.tabcentre.com,31/12/2024,319333.0,295908.0,Previously excepted,"Provides Human Resources, Provides Buildings/facilities/open Space, Provides Services","General Charitable Purposes, Religious Activities, Other Charitable Purposes","Children/young People, Elderly/old People, Other Charities Or Voluntary Bodies, Other Defined Groups, The General Public/mankind","The Church is a meeting place where people from many cultures and backgrounds come together in a spirit of
friendship and acceptance of all people's backgrounds. We seek to be of service through the Church charitable projects based
in the Tab Centre complex. These projects seek to be socially inclusive for all people, providing services that target
'poverty, and discrimination.",The principal purpose of the Church is the advancement of the Christian faith according to the principles of the Baptist denomination.  The Church may also advance education and carry out other charitable purposes in the United Kingdom and/or other parts of the world.,True,Medium,Dormant,Other Charitable Purposes
359,1132150,THE PAROCHIAL CHURCH COUNCIL OF THE ECCLESIASTICAL PARISH OF SAINT JOHN ON BETHNAL GREEN,"The Crypt  - St. John On Bethnal Green Church, 200 Cambridge Heath Road, LONDON",E2 9PA,Bethnal Green and Stepney,020 8880 6743,hello@stjohnonbethnalgreen.church,http://www.stjohnonbethnalgreen.church,31/12/2024,99918.0,133589.0,Previously excepted,"Provides Buildings/facilities/open Space, Provides Services, Other Charitable Activities","Religious Activities, Arts/culture/heritage/science",The General Public/mankind,"Promoting in the ecclesiastical parish the whole mission of the church, pastoral, evangelistic, social and ecumenical.",Promoting in the ecclesiastical parish the whole mission of the Church.,True,Small,Dormant,Religious Activities
360,1132717,BAJUNI WOMENS ADVOCACY GROUP,"Flat 10, Burgess Court, 2a Watson Avenue, London",E6 2DA,East Ham,07946089074,bwags06@hotmail.com,Not available,31/03/2025,1000.0,4804.0,Other,Provides Advocacy/advice/information,"General Charitable Purposes, Arts/culture/heritage/science, Environment/conservation/heritage","Elderly/old People, People With Disabilities, People Of A Particular Ethnic Or Racial Origin","The object of the BWAG is to relieve poverty, sickness and distress and to protect the health of the people from East Africa and the Horn of Africa living in Borough of Newham and the surrounding areas, through the provision of advice, assistance, representation, counselling and translation and interpretation services in matters including health, housing and welfare benefit.","THE OBJECT OF THE BAJUNI WOMEN'S ADVOCACY GROUP IS TO RELIEVE POVERTY,
SICKNESS AND DISTRESS AND TO PROTECT THE HEALTH OF THE PEOPLE FROM EAST AFRICA
AND THE HORN OF AFRICA LIVING IN THE LONDON BOROUGH OF NEWHAM AND THE
SURROUNDING AREAS, IN PARTICULAR BUT NOT EXCLUSIVELY, THROUGH THE PROVISION OF
ADVICE, ASSISTANCE, REPRESENTATION, COUNSELLING AND TRANSLATION AND
INTERPRETATION SERVICES IN MATTERS INCLUDING HEALTH, HOUSING AND WELFARE
BENEFIT",False,Micro,Dormant,Environment/conservation/heritage
361,1132937,NEWHAM NEW DEAL PARTNERSHIP,"UNIT 9, ST. LUKES COMMUNITY CENTRE, 89 Tarling Road, LONDON",E16 1HN,West Ham and Beckton,02073666343,Not available,www.newhamndp.org.uk,31/03/2025,201759.0,202966.0,Charitable company,"Provides Services, Provides Advocacy/advice/information, Sponsors Or Undertakes Research, Other Charitable Activities","Education/training, Disability, The Prevention Or Relief Of Poverty, Arts/culture/heritage/science, Economic/community Development/employment","Elderly/old People, People With Disabilities, Other Charities Or Voluntary Bodies, Other Defined Groups, The General Public/mankind","Community development and regeneration agent across London Borough of Newham and East London.  Services include arts and heritage projects, digital inclusion projects and an accredited Good Neighbours home visiting scheme.","THE OBJECTS OF THE COMPANY ARE THE PROMOTION FOR THE BENEFIT OF THE PUBLIC OF URBAN OR RURAL REGENERATION IN AREAS OF SOCIAL AND ECONOMIC DEPRIVATION (AND IN PARTICULAR IN NEWHAM AND SURROUNDING AREAS) BY ALL OR ANY OF THE FOLLOWING MEANS:
(A) THE RELIEF OF FINANCIAL HARDSHIP;
(B) THE RELIEF OF UNEMPLOYMENT;
(C) THE ADVANCEMENT OF EDUCATION, TRAINING OR RETRAINING, PARTICULARLY AMONG
UNEMPLOYED PEOPLE, AND PROVIDING UNEMPLOYED PEOPLE WITH WORK EXPERIENCE;
(D) THE PROVISION OF FINANCIAL ASSISTANCE, TECHNICAL ASSISTANCE OR BUSINESS ADVICE OR
CONSULTANCY IN ORDER TO PROVIDE TRAINING AND EMPLOYMENT OPPORTUNITIES FOR
UNEMPLOYED PEOPLE IN CASES OF FINANCIAL OR OTHER CHARITABLE NEED THROUGH HELP;
(I) IN SETTING UP THEIR OWN BUSINESS, OR
(II) TO EXISTING BUSINESSES;
(E) THE CREATION OF TRAINING AND EMPLOYMENT OPPORTUNITIES BY THE PROVISION OF
WORKSPACE, BUILDINGS, AND/OR LAND FOR USE ON FAVOURABLE TERMS;
(F) THE PROVISION OF HOUSING FOR THOSE WHO ARE IN CONDITIONS OF NEED AND THE
IMPROVEMENT OF HOUSING IN THE PUBLIC SECTOR OR IN CHARITABLE OWNERSHIP;
(G) THE MAINTENANCE, IMPROVEMENT OR PROVISION OF PUBLIC AMENITIES;
(H) THE PRESERVATION OF BUILDINGS OR SITES OF HISTORIC OR ARCHITECTURAL IMPORTANCE;
(I) THE PROVISION OF RECREATIONAL FACILITIES FOR THE PUBLIC AT LARGE OR THOSE WHO BY
REASON OF THEIR YOUTH, AGE, INFIRMITY OR DISABLEMENT, FINANCIAL HARDSHIP OR SOCIAL
AND ECONOMIC CIRCUMSTANCES, HAVE NEED OF SUCH FACILITIES;
(J) THE PROTECTION OR CONSERVATION OF THE ENVIRONMENT;
(K) THE PROVISION OF PUBLIC HEALTH FACILITIES AND CHILDCARE;
(L) THE PROMOTION OF PUBLIC SAFETY AND PREVENTION OF CRIME;
(M) SUCH OTHER MEANS AS MAY FROM TIME TO TIME BE DETERMINED SUBJECT TO THE PRIOR
WRITTEN CONSENT OF THE CHARITY COMMISSIONERS FOR ENGLAND AND WALES",False,Medium,Dormant,Disability
362,1133029,ROTARY CLUB OF CANARY WHARF TRUST FUND,"CW Surveyors Ltd, 363 Hither Green Lane, LONDON",SE13 6TJ,Lewisham East,020 8695 1500,JONLWILSON51@GMAIL.COM,Not available,30/06/2024,558.0,781.0,Trust,"Makes Grants To Individuals, Makes Grants To Organisations",General Charitable Purposes,"Children/young People, Elderly/old People, People With Disabilities, Other Charities Or Voluntary Bodies, The General Public/mankind","Rotary Club.  Fundraising through activities locally, including sponsoring runners in the London Marathon.  Supporting local, Rotary and International charities through donations.","1. THE TRUSTEES HEREBY DECLARE THAT THE TRUSTEES SHALL HOLD AND APPLY THE TRUST FUND AND ALL OTHER MONIES WHICH MAY FROM TIME TO TIME BE RECEIVED, BY THE TRUSTEES (WHETHER SUCH MONIES SHALL ARISE FROM DONATIONS BEQUESTS DEEDS OF COVENANT OR FROM ANY OTHER SOURCE) AND ALSO THE INVESTMENTS FOR THE TIME BEING REPRESENTING THE SAME (ALL OF WHICH ARE HEREINAFTER INCLUDED IN THE EXPRESSION ""THE TRUST FUND"") UPON TRUST TO APPLY BOTH THE CAPITAL AND INCOME THEREOF TO OR FOR THE RELIEF OF THE POOR AND NEEDY OR SUCH OTHER CHARITABLE PURPOSES AS THE CLUB SHALL IN DULY CONSTITUTED MEETING FROM TIME TO TIME DIRECT",False,Micro,Dormant,General Charitable Purposes
363,1133248,NORTH EAST LONDON GYMNASTICS CLUB LTD,"46 MILTON GROVE, LONDON",N16 8QY,Hackney North and Stoke Newington,07458305903,gymnastics@nelgc.org,www.nelgc.org,31/12/2024,304116.0,271642.0,Charitable company,"Provides Human Resources, Provides Buildings/facilities/open Space, Provides Services, Other Charitable Activities","Education/training, The Advancement Of Health Or Saving Of Lives, Disability, Amateur Sport, Recreation","Children/young People, People With Disabilities, The General Public/mankind","Provision of gymnastics and dance club and coaching for children, young people and adults. The Club operates from a designated facility in Hackney and also provides gymnastics coaching in a number of schools in Hackney and Islington.","3.1.1 TO THE PROMOTION OF COMMUNITY PARTICIPATION IN HEALTHY RECREATION IN PARTICULAR BY THE PROVISION OF FACILITIES FOR THE PARTICIPATION IN GYMNASTICS;
3.1.2 THE PROVISION OF FACILITIES FOR RECREATION; AND
3.1.3. THE ADVANCEMENT OF EDUCATION.",False,Medium,Dormant,Recreation
364,1133322,"THE PAROCHIAL CHURCH COUNCIL OF THE ECCLESIASTICAL PARISH OF ST DUNSTAN AND ALL SAINTS, STEPNEY","ST DUNSTAN'S RECTORY, RECTORY SQUARE, STEPNEY, LONDON",E1 3NQ,Bethnal Green and Stepney,02077028685,stdunstanstepney@gmail.com,www.stdunstanstepney.com,31/12/2024,178087.0,144034.0,Previously excepted,"Makes Grants To Organisations, Provides Buildings/facilities/open Space",Religious Activities,The General Public/mankind,"Promoting in the ecclesiastical parish the whole mission of the Church, pastoral, evangelistic, social and ecumenical",Promoting in the ecclesiastical parish the whole mission of the Church.,True,Medium,Dormant,Religious Activities
365,1133328,LEYTONSTONE MUSLIM COMMUNITY CENTRE,"L M C C CENTRE, CROSBY HOUSE, 2A CARLTON ROAD, LONDON",E11 3AQ,Leyton and Wanstead,02085397125,info@leytonstonemuslim.com,www.leytonstonemuslim.com,31/07/2024,30998.0,31005.0,Other,"Provides Buildings/facilities/open Space, Provides Services, Provides Advocacy/advice/information","Education/training, The Advancement Of Health Or Saving Of Lives, Disability, The Prevention Or Relief Of Poverty, Religious Activities, Amateur Sport, Economic/community Development/employment","Children/young People, Elderly/old People, People With Disabilities, People Of A Particular Ethnic Or Racial Origin","The aim of the Leytonstone Muslim Community Centre is to run projects in conjunction withthe local government for enhancing community cohesion and to help young children developprofessional skills and understand true lslamic culture and values.","A. TO RELIEVE POVERTY AND ADVANCE EDUCATION IN PARTICULAR BUT NOT EXCLUSIVELY FOR THOSE WHO ARE SOCIALLY OR ECONOMICALLY DISADVANTAGED.
B TO PROMOTE EQUALITY AND DIVERSITY IN PARTICULAR BUT NOT EXCLUSIVELY BY PROMOTING THE INCLUSION OF THE MUSLIM COMMUNITY IN THE WIDER COMMUNITY AND RAISING AWARENESS OF DIFFERENT CULTURAL ISSUES ACROSS SCHOOLS, STATUTORY BODIES AND THE WIDER PUBLIC. 
C THE PROMOTION OF RELIGIOUS HARMONY FOR THE BENEFIT OF THE PUBLIC IN PARTICULAR BY PROVIDING EDUCATION AND INFORMATION ON ISLAM AND SOCIAL ISSUES FOR BOTH MUSLIMS AND NON-MUSLIMS.
D TO ADVANCE IN LIFE AND HELP YOUNG PEOPLE THROUGH;
1 THE PROVISION OF RECREATIONAL AND LEISURE TIME ACTIVITIES PROVIDED IN THE INTEREST OF SOCIAL WELFARE, DESIGNED TO IMPROVE THEIR CONDITIONS OF LIFE.
2 PROVIDING EDUCATION, SUPPORT AND ACTIVITIES WHICH DEVELOP THEIR SKILLS, CAPACITIES AND CAPABILITIES TO ENABLE THEM TO PARTICIPATE IN SOCIETY AS MATURE AND RESPONSIBLE INDIVIDUALS. 
E THE PROVISION OF FACILITIES FOR RECREATION OR OTHER LEISURE TIME OCCUPATION OF INDIVIDUALS WHO HAVE NEED OF SUCH FACILITIES BY REASON OF THEIR YOUTH, AGE, INFIRMITY OR DISABLEMENT, FINANCIAL HARDSHIP OR SOCIAL AND ECONOMIC CIRCUMSTANCES OR FOR THE PUBLIC AT LARGE IN THE INTERESTS OF SOCIAL WELFARE AND WITH THE OBJECT OF IMPROVING THE CONDITION OF LIFE OF THE SAID INHABITANTS. 
F TO PROMOTE SUCH OTHER PURPOSES THAT ARE CHARITABLE UNDER THE LAWS OF ENGLAND AND WALES AS THE TRUSTEES FROM TIME TO TIME DETERMINE.",False,Small,Dormant,Disability
366,1133725,OCEAN WOMEN'S ASSOCIATION,"Ocean Women's Association, Unit A3, Gateway Tower, 32 Western Gate, London",E16 1YL,West Ham and Beckton,07940556053,oceanwomensassociation@yahoo.co.uk,Not available,31/03/2025,55979.0,61169.0,Charitable company,"Provides Services, Provides Advocacy/advice/information, Other Charitable Activities","General Charitable Purposes, Education/training, Disability, The Prevention Or Relief Of Poverty, Other Charitable Purposes","Children/young People, Elderly/old People, People With Disabilities, People Of A Particular Ethnic Or Racial Origin","The activities of the charity:
- a referral service assessing,signposting and supporting women to access the advice and guidence they need to benifits,immigration and housing;
- drop-in sessions where women from diverse ethnic backgrounds;
-A range of tergetted services e.g A food co-op,ESOL classes,cycling,swimming,mental health services.","(A) TO TO PROMOTE FOR THE BENEFIT OF WOMEN LIVING ON THE OCEAN
ESTATE IN TOWER HAMLETS, LONDON (""THE WOMEN"") BY ASSOCIATING
TOGETHER THE INHABITANTS AND THE LOCAL AUTHORITIES, VOLUNTARY AND
OTHER ORGANISATIONS TO ADVANCE EDUCATION AND TO PROVIDE FACILITIES
FOR RECREATION IN THE INTERESTS OF SOCIAL WELFARE WITH THE OBJECTS OF
IMPROVING THEIR CONDITIONS OF LIFE;
(B) TO ESTABLISH AND MAINTAIN A COMMUNITY CENTRE FOR THE WOMEN;
(C) TO RELIEVE POVERTY, SICKNESS AND UNEMPLOYMENT AMONGST THE WOMEN.
(D) TO PROMOTE AND PRESERVE GOOD HEALTH AMONGST WOMEN",False,Small,Dormant,Other Charitable Purposes
367,1133761,THE PAROCHIAL CHURCH COUNCIL OF THE ECCLESIASTICAL PARISH OF ST. GEORGE-IN-THE-EAST WITH ST. PAUL,"THE PARISH OFFICE, ST GEORGE-IN-THE-EAST CHURCH, 14 CANNON STREET ROAD, LONDON",E1 0BH,Bethnal Green and Stepney,07957 695993,office@stgeorgeintheeast.org,stgeorgeintheeast.org,31/12/2024,289924.0,507609.0,Previously excepted,"Makes Grants To Organisations, Provides Buildings/facilities/open Space",Religious Activities,The General Public/mankind,Place of Worship,Promoting in the ecclesiastical parish the whole mission of the Church.,True,Medium,Dormant,Religious Activities
368,1133963,"THE PAROCHIAL CHURCH COUNCIL OF THE ECCLESIASTICAL PARISH OF ST PAUL AND ST MARK, OLD FORD","St Paul Old Ford, St Stephen's Road, London",E3 5JL,Stratford and Bow,02089814655,hello@stpauloldford.com,www.stpauloldford.com,31/12/2024,276916.0,278228.0,Previously excepted,"Provides Buildings/facilities/open Space, Provides Services, Other Charitable Activities",Religious Activities,The General Public/mankind,"Provides an opportunity for people to be involved in Christian worship, prayer and religious teaching. The charity also carries out youth work and arranges social and spiritual activities as a practical expression of its faith-based beliefs.",Promoting in the ecclesiastical parish the whole mission of the Church.,True,Medium,Dormant,Religious Activities
369,1134007,SEND A LITTLE HOPE,"282 Leigh Road, LEIGH-ON-SEA, Essex",SS9 1BW,Southend West and Leigh,07900066607,info@littlehope.org.uk,https://littlehope.org.uk/,31/03/2025,48230.0,37133.0,Trust,"Provides Buildings/facilities/open Space, Other Charitable Activities","Education/training, The Advancement Of Health Or Saving Of Lives, The Prevention Or Relief Of Poverty, Overseas Aid/famine Relief","Children/young People, Other Defined Groups","Education/TrainingMedical/Health/SicknessRelief of PovertyOverseas aid/Famine relief","A) THE ADVANCEMENT OF EDUCATION (INCLUDING SOCIAL AND PHYSICAL TRAINING} PRIMARILY OF CHILDREN WHO ARE ORPHANS IN ANY PART OF THE WORLD, BY PROVIDING THEM WITH TEACHING, EDUCATIONAL ITEMS AND FACILITIES FOR TEACHING WHICH MIGHT NOT OTHERWISE BE AVAILABLE IN THEIR OWN COUNTRY
B) THE RELIEF OF POVERTY AND SICKNESS (WHETHER PHYSICAL OR MENIAL) AND DISTRESS PRIMARILY AMONGST CHILDREN WHO ARE ORPHANS IN ANY PART OF THE WORLD BY PROVIDING THEM WITH AID THAT MIGHT NOT OTHERWISE BE AVAILABLE IN THEIR OWN COUNTRY BY WAY OF THE PROVISION OF BASIC NECESSITIES SUCH AS FOOD AND SHELTER",False,Small,Dormant,Overseas Aid/famine Relief
370,1134843,"THE PAROCHIAL CHURCH COUNCIL OF THE ECCLESIASTICAL PARISH OF ST PAUL'S, SHADWELL","St. Pauls Shadwell Church, 302 The Highway, LONDON",E1W 3DH,Poplar and Limehouse,07756508636,admin@sps.church,sps.church,31/12/2024,618920.0,650358.0,Previously excepted,"Makes Grants To Individuals, Provides Buildings/facilities/open Space, Provides Services",Religious Activities,The General Public/mankind,"Promoting in the ecclesiastical parish, and beyond, the whole mission of the Church.",Promoting in the ecclesiastical parish the whole mission of the Church.,True,Medium,Dormant,Religious Activities
371,1134888,METHODIST CHURCH IN TOWER HAMLETS,"Bow Road Methodist Church, 1 Merchant Street, LONDON",E3 4LY,Stratford and Bow,02088807301,admin@mcth.org.uk,www.mcth.org.uk,31/08/2024,605695.0,731813.0,Previously excepted,"Provides Services, Acts As An Umbrella Or Resource Body",Religious Activities,The General Public/mankind,The provision of sacred space (buildings) for prayer and contemplation.  Supporting other charities in the UK and overseas financially and with prayer.,"THE PURPOSES OF THE METHODIST CHURCH ARE AND SHALL BE DEEMED TO HAVE BEEN SINCE THE DATE OF UNION THE ADVANCEMENT OF -
(A) THE CHRISTIAN FAITH IN ACCORDANCE WITH THE DOCTRINAL STANDARDS AND THE DISCIPLINE OF THE METHODIST CHURCH;
(B) ANY CHARITABLE PURPOSE FOR THE TIME BEING OF ANY CONNEXIONAL, DISTRICT, CIRCUIT, LOCAL OR OTHER ORGANISATION OF THE METHODIST CHURCH;
(C) ANY CHARITABLE PURPOSE FOR THE TIME BEING OF ANY SOCIETY OR INSTITUTION SUBSIDUARY OR ANCILLARY TO THE METHODIST CHURCH;
(D) ANY PURPOSE FOR THE TIME BEING OF ANY CHARITY BEING A CHARITY SUBSIDIARY OR ANCILLARY TO THE METHODIST CHURCH.",True,Medium,Dormant,Religious Activities
372,1134962,THE PAROCHIAL CHURCH COUNCIL OF THE ECCLESIASTICAL PARISH OF POPLAR (ALL SAINTS AND ST NICHOLAS),"2M Dee Street, LONDON",E14 0PT,Poplar and Limehouse,02075389198,allsaints.poplar@tiscali.co.uk,www.parishofpoplar.org,31/12/2022,183742.0,171910.0,Previously excepted,"Makes Grants To Organisations, Provides Buildings/facilities/open Space, Provides Services",Religious Activities,The General Public/mankind,"The PCC of All Saints & St. Nicholas has the responsibility of co-operating & planning with the Team Rector, Team Vicar & clergy in promoting our pastoral, evangelistic, educational, social & ecumenical mission in the whole Parish.
The charitable objectives of the Parish of Poplar are to serve the spiritual, pastoral & social needs of those who live in the Parish or who worship in our Churches.",Promoting in the ecclesiastical parish the whole mission of the Church.,True,Medium,Dormant,Religious Activities
373,1134967,UPPER ROOM FIRE CHRISTIAN CENTRE,"6 WHERNSIDE CLOSE, LONDON",SE28 8HB,Erith and Thamesmead,02083122725,Not available,ufcc-ministries.org,31/03/2025,149951.0,149590.0,Trust,"Makes Grants To Individuals, Makes Grants To Organisations, Provides Services, Provides Advocacy/advice/information, Acts As An Umbrella Or Resource Body","General Charitable Purposes, Education/training, The Prevention Or Relief Of Poverty, Religious Activities","Other Defined Groups, The General Public/mankind","Promotion of Christian activities within the local community for all ages of the public through the preaching Christ love. Providing material and or financial welfare for members, communities and organisations faced with hardship or suffering lack.Promotion of education by establishing academic, bible and nursery facilities for members of the public.","THE OBJECTS OF THE TRUST (""THE OBJECTS"") ARE: 
1.THE ADVANCEMENT OF CHRISTIAN FAITH IN UNITED KINGDOM AND WORLDWIDE IN ACCORDANCE
WITH THE DOCTRINES SET OUT IN THE STATEMENT OF FAITH CONTAINED IN THE SCHEDULE.
2. THE RELIEF OF POVERTY AND FINANCIAL HARDSHIP BY PROVISION OF FUND, GOODS AND SERVICES OF ALL KIND, INCLUDING PROVISION OF COUNSELLING AND SUPPORT.
3. THE ADVANCEMENT OF EDUCATION IN UNITED KINGDOM AND WORLDWIDE IN ACCORDANCE WITH
WITH THE DOCTRINES SET OUT IN OUR STATEMENT OF FAITH CONTAINED IN THE SCHEDULE.",False,Medium,Dormant,Religious Activities
374,1135333,JAMIAT-E-ULAMA-E ISLAM EUROPE,"33 Portia Way, LONDON",E3 4JG,Poplar and Limehouse,07947275860,jamiat-uie@hotmail.com,Not available,05/03/2025,5655.0,4197.0,Trust,Makes Grants To Individuals,"General Charitable Purposes, Education/training, The Advancement Of Health Or Saving Of Lives, The Prevention Or Relief Of Poverty, Overseas Aid/famine Relief, Religious Activities, Amateur Sport",People Of A Particular Ethnic Or Racial Origin,The charity was set up to advance education and to promote and protect good health and  to relieve financial hardship of the beneficiaries.,"A TO ADVANCE EDUCATION
B TO PROMOTE AND PROTECT GOOD HEALTH; AND
C TO RELIEVE FINANCIAL HARDSHIP",True,Micro,Dormant,Overseas Aid/famine Relief
375,1135344,EDUCATION AID BANGLADESH,"Flat 48, Crane House, Pelican Estate, LONDON",SE15 5NG,Peckham,07825738899,Not available,Not available,30/04/2024,3876.0,3625.0,Other,"Provides Other Finance, Provides Buildings/facilities/open Space","Education/training, The Prevention Or Relief Of Poverty","Children/young People, The General Public/mankind",Providing financial support to promote education and training.,"1 THE ADVANCEMENT OF ISLAMIC RELIGIOUS EDUCATION AND EDUCATION GENERALLY, IN PARTICULAR BUT NOT EXCLUSIVELY THROUGH THE PROVISION OF GRANTS TO SCHOOLS IN BANGLADESH.
2 THE PREVENTION OR RELIEF OF FINANCIAL HARDSHIP AMONG PEOPLE LIVING IN BANGLADESH BY PROVIDING OR ASSISTING IN THE PROVISION OF EDUCATION, TRAINING AND ALL THE NECESSARY SUPPORT DESIGNED TO ENABLE INDIVIDUALS TO GENERATE A SUSTAINABLE INCOME AND BE SELF SUFFICIENT.",False,Micro,Dormant,The Prevention Or Relief Of Poverty
376,1136072,VOICE FOR THE VULNERABLE UK,"8 PARK WAY, EDGWARE",HA8 5EZ,Harrow East,Not available,vovinuk@googlemail.com,Not available,31/07/2012,166.0,1535.0,Other,"Makes Grants To Individuals, Makes Grants To Organisations, Provides Human Resources, Provides Buildings/facilities/open Space, Provides Services, Provides Advocacy/advice/information, Sponsors Or Undertakes Research","Education/training, The Advancement Of Health Or Saving Of Lives, Disability, The Prevention Or Relief Of Poverty, Overseas Aid/famine Relief, Accommodation/housing, Arts/culture/heritage/science, Amateur Sport, Environment/conservation/heritage, Economic/community Development/employment","Children/young People, Elderly/old People, People With Disabilities, People Of A Particular Ethnic Or Racial Origin, Other Defined Groups","Supporting street children of Dhaka, Bangladesh for improvement of their health and education. Provided medical assistance to poor and needy children.","1 TO ADVANCE THE EDUCATION OF CHILDREN IN THE UK AND OTHER PARTS OF THE WORLD
2 THE PREVENTION OR RELIEF OF POVERTY OR FINANCIAL HARDSHIP ANYWHERE IN THE WORLD BY PROVIDING OR ASSISTING IN THE PROVISION OF EDUCATION, TRAINING, HEALTHCARE PROJECTS AND ALL THE NECESSARY SUPPORT DESIGNED TO ENABLE INDIVIDUALS TO GENERATE A SUSTAINABLE INCOME AND BE SELF-SUFFICIENT",False,Micro,Dormant,Accommodation/housing
377,1136303,SHADWELL YOUTH ORGANISATION,"99 SHADWELL GARDENS, LONDON",E1 2QJ,Bethnal Green and Stepney,07429324869,shadwellfc@live.co.uk,www.shadwellcommunitytrust.org,31/03/2025,11757.0,4343.0,Other,"Provides Services, Provides Advocacy/advice/information","Education/training, Amateur Sport, Other Charitable Purposes",Children/young People,"The Shadwell Youth Organisation is a youth and community group that act???s to promote the greater participation of socially excluded groups in education, sports and health activities within the wards of Shadwell, St Katherines and Wapping in Tower Hamlets.","THE CHARITY'S OBJECTS (THE OBJECTS) ARE:
A)	TO PROVIDE FACILITIES FOR RECREATION AND OTHER LEISURE TIME OCCUPATION IN THE INTERESTS OF SOCIAL WELFARE FOR PERSONS WHO HAVE NEED OF SUCH LEISURE FACILITIES PARTICULARLY, BUT NOT BY WAY OF LIMITATION, BY REASON OF THEIR YOUTH, POVERTY OR SOCIAL AND ECONOMIC CIRCUMSTANCES WITH THE OBJECT OF IMPROVING THE CONDITIONS OF LIFE FOR SUCH PERSONS.
B)	TO ADVANCE THE EDUCATION OF SUCH PERSONS PARTICULARLY BUT NOT EXCLUSIVELY THROUGH THEIR LEISURE TIME ACTIVITIES SO THAT THEY DEVELOP THEIR PHYSICAL, MENTAL AND SPIRITUAL CAPACITIES AND GROW TO FULL MATURITY AS INDIVIDUALS AND MEMBERS OF SOCIETY AND THAT THEIR CONDITIONS OF LIFE MIGHT BE IMPROVED.",True,Small,Dormant,Other Charitable Purposes
378,1136448,STEPNEY CITY FARM,"STEPNEY CITY FARM, STEPNEY WAY, LONDON",E1 3DG,Bethnal Green and Stepney,0207 7908204,info@stepneycityfarm.org,www.stepneycityfarm.org,31/03/2025,394932.0,464338.0,Charitable company,"Provides Buildings/facilities/open Space, Provides Services, Provides Advocacy/advice/information","General Charitable Purposes, Education/training, The Advancement Of Health Or Saving Of Lives, Disability, Amateur Sport, Animals, Environment/conservation/heritage","Children/young People, Elderly/old People, People With Disabilities, The General Public/mankind","City farm in the heart of London's East End, providing a range of educational and recreational activities to give social benefit to our surrounding community.","TO PROMOTE, FOR THE BENEFIT OF THE INHABITANTS OF STEPNEY AND THE SURROUNDING
AREA, THE PROVISION OF FACILITIES FOR RECREATION OR OTHER LEISURE TIME
OCCUPATION, OF INDIVIDUALS WHO HAVE NEED OF SUCH FACILITIES BY REASON OF THEIR
YOUTH, AGE, INFIRMITY OR DISABILITY, FMANCIAL HARDSHIP OR SOCIAL AND ECONOMIC
CIRCUMSTANCE OR FOR THE PUBLIC AT LARGE IN THE INTERESTS OF SOCIAL WELFARE AND
WITH THE OBJECT OF IMPROVING THE CONDITIONS OF LIVES OF THE SAID INHABITANTS.
TO PROVIDE OR ASSIST IN THE PROVISION OF FACILITIES IN THE INTERESTS OF SOCIAL
WELFARE FOR RECREATION OR OTHER LEISURE TIME OCCUPATION OF INDIVIDUALS WHO
HAVE NEED OF SUCH FACILITIES BY REASON OF THEIR YOUTH, AGE, INFIRMITY,
DISABILITY, FINANCIAL HARDSHIP OR SOCIAL CIRCUMSTANCES WITH THE OBJECT OF
IMPROVING THE CONDITIONS OF THE LIVES OF THE SAID INHABITANTS.
ADVANCE THE EDUCATION OF THE PUBLIC AT LARGE, IN AGRICULTURE, HORTICULTURE, CRAFTS,
COUNTRY LIFE, PROTECTION AND IMPROVEMENT OF THE NATURAL ENVIRONMENT THROUGH BEST
ENVIRONMENTAL PRACTICES ESPECIALLY BY ENCOURAGING REDUCTION, RE-USE AND
RECYCLING, AND RELATED SUBJECTS.""",True,Medium,Dormant,Animals
379,1136453,SANDYS ROW SYNAGOGUE SPITALFIELDS LIMITED,"c/o BALFOUR HOUSE, SUITE 206, 741 HIGH ROAD, NORTH FINCHLEY, LONDON",N12 0BP,Finchley and Golders Green,02084464242,Not available,www.sandysrowsynagogue.org,31/12/2024,147899.0,146893.0,Charitable company,"Makes Grants To Individuals, Provides Services, Provides Advocacy/advice/information","Education/training, The Prevention Or Relief Of Poverty, Religious Activities, Environment/conservation/heritage","People Of A Particular Ethnic Or Racial Origin, The General Public/mankind","ADVANCEMENT OF JEWISH FAITH BY ESTABLISHING CENTRE AT SANDYS ROW SYNAGOGUE FOR RELIGIOUS WORSHIP, EDUCATION AND GENERATION OF PUBLIC KNOWLEDGE OF THE JEWISH RELIGION AND ITS HERITAGE TOGETHER WITH THE KNOWLEDGE OF OTHER FAITHS IN EAST LONDON AREA.  MAINTAINING SYNAGOGUE, TO FOSTER/MAINTAIN GOOD RELATIONS AMONG OTHER FAITHS, PROVIDE, PROMOTE, SUPPORT PROJECTS, RELIEVE POVERTY IN EAST LONDON AREA.","THE CHARITABLE PURPOSES OF THE COMPANY ARE THE ADVANCEMENT OF THE JEWISH FAITH BY
(A) THE ESTABLISHMENT AND OPERATION OF A CENTRE AT SANDYS ROW SYNAGOGUE (""THE
SYNAGOGUE"") FOR RELIGIOUS WORSHIP, EDUCATION AND THE GENERATION OF PUBLIC
KNOWLEDGE BOTH OF THE JEWISH RELIGION AND ITS HERITAGE TOGETHER WITH THE
KNOWLEDGE OF OTHER FAITHS IN THE EAST LONDON AREA,
(B) TO ENSURE THE MAINTENANCE AND UPKEEP OF THE SYNAGOGUE FOR THE BENEFIT OF ALL
THE INHABITANTS OF THE EAST LONDON AREA,
(C)
TO FOSTER AND MAINTAIN GOOD AND WELL-INFORMED RELATIONS AMONG OTHER FAITHS IN
THE EAST LONDON AREA,
(D) TO PROVIDE AND PROMOTE SUPPORT PROJECTS TO ENHANCE GOOD RELATIONS AMONG THE
DIVERSE PEOPLE OF THE EAST LONDON AREA, AND
(E) TO RELIEVE POVERTY AMONG BOTH THE MEMBERS OF THE CONGREGATION OF THE
SYNAGOGUE AND OTHER NEEDY PEOPLE IN THE EAST LONDON AREA
THESE ARE ITS CHARITABLE PURPOSES FOR THE PURPOSES OF THE 2006 ACT FOR AS LONG AS THE
COMPANY IS A CHARITY, ITS PURPOSES MAY ONLY BE ALTERED WITH THE PRIOR CONSENT OF THE
CHARITY COMMISSION AND IN ACCORDANCE WITH ANY CONDITIONS ATTACHED TO SUCH CONSENT",False,Medium,Dormant,Environment/conservation/heritage
380,1136509,POPLAR MOSQUE AND COMMUNITY CENTRE LIMITED,"Poplar Mosque & Community Centre, 6 Webber Path, LONDON",E14 0FZ,Poplar and Limehouse,020 7515 5680,sabbr2019@gmail.com,https://my-kiosk.online/poplarmosqueandcc/,31/03/2025,199939.0,57999.0,Charitable company,"Provides Buildings/facilities/open Space, Provides Services, Provides Advocacy/advice/information","General Charitable Purposes, Education/training, The Prevention Or Relief Of Poverty, Religious Activities","Children/young People, Elderly/old People, People Of A Particular Ethnic Or Racial Origin, The General Public/mankind","To provide facilities for the religious, spiritual and educational needs of the local Muslim community of Blackwell Reach and the neighbouring areas. To improve social and educational health and economic condition of the local community regardless of their background. Co-operate and collaborate with other communities and organisations to work for the common good and to enhance community cohesion.","OBJECTS:A). TO PROMOTE THE ADVANCEMENT OF RELIGIONB). TO ORGANISE AND PROMOTE THE ADVANCEMENT OF EDUCATIONC). TO PROMOTE THE RELIEF OF POVERTYD). TO PROVIDE FACILITIES FOR RECREATION AND OTHER LEISURE ACTIVITIES WITH THE AIM OF IMPROVING THE QUALITY OF LIFE OF THE LOCAL COMMUNITY.",True,Medium,Dormant,Religious Activities
381,1137143,TOWER HAMLETS COUNCIL FOR VOLUNTARY SERVICE,"ST. HILDAS EAST COMMUNITY CENTRE, 18 CLUB ROW, LONDON",E2 7EY,Bethnal Green and Stepney,02035596696,info@thcvs.org.uk,www.thcvs.org.uk,31/03/2025,991857.0,848052.0,Charitable company,"Provides Services, Provides Advocacy/advice/information, Sponsors Or Undertakes Research, Acts As An Umbrella Or Resource Body","General Charitable Purposes, Education/training, Economic/community Development/employment",Other Charities Or Voluntary Bodies,"The activities of Tower Hamlets Council forVoluntary Service include:One to one development work; training; information sharing; dissemination of best practice; policy briefings and responses to consultation; developing strategic partnerships; supporting partnerships and consortia; events and seminars; supporting forums and networks;advocacy, voice and representation.","4.1 TO PROMOTE ANY CHARITABLE PURPOSES FOR THE BENEFIT OF THE PUBLIC, PRINCIPALLY BUT NOT EXCLUSIVELY IN THE LOCAL GOVERNMENT AREA OF THE LONDON BOROUGH OF TOWER HAMLETS AND ITS ENVIRONS (HEREINAFTER CALLED THE AREA OF BENEFIT) AND, IN PARTICULAR, BUILD THE CAPACITY OF THIRD SECTOR ORGANISATIONS AND PROVIDE THEM WITH THE NECESSARY SUPPORT, INFORMATION AND SERVICES TO ENABLE THEM TO PURSUE OR CONTRIBUTE TO ANY CHARITABLE PURPOSE.

4.2 TO PROMOTE, ORGANISE AND FACILITATE CO-OPERATION AND PARTNERSHIP WORKING BETWEEN THIRD SECTOR, STATUTORY AND OTHER RELEVANT BODIES IN THE ACHIEVEMENT OF THE ABOVE PURPOSES WITHIN THE AREA OF BENEFIT.",True,Medium,Dormant,Economic/community Development/employment
382,1137228,BISHOPSWAY COMMUNITY CENTRE (UK),"73 BISHOPS WAY, LONDON",E2 9HF,Bethnal Green and Stepney,07723622204,musthak216@gmail.com,Not available,31/10/2024,69760.0,57323.0,Charitable company,"Provides Human Resources, Provides Buildings/facilities/open Space, Provides Services, Provides Advocacy/advice/information","Education/training, The Advancement Of Health Or Saving Of Lives, The Prevention Or Relief Of Poverty, Amateur Sport","Children/young People, Elderly/old People, People Of A Particular Ethnic Or Racial Origin, The General Public/mankind",PROMOTE THE ADVANCEMENT OF EDUCATION AND TRAINING OF DISADVANTAGED PEOPLE IN BOTH THE PRINCIPAL AREA OF BENEFIT WHO THROUGH THEIR SOCIAL AND ECONOMIC CIRCUMSTANCES ARE IN NEED AND UNABLE TO GAIN EMPLOYMENT AND IN PARTICULAR TO PROMOTE AND SUPPORT SCHEMES WHERE SUCH PEOPLE MAY RECEIVE TRAINING FOR EMPLOYMENT,"FOR THE BENEFIT OF THE INHABITANTS IN THEY UNITED KINGDOM AND IN PARTICULAR MEMBERS OF THE BANGLADESHI AND OTHER MINORITY ETHNIC COMMUNITIES BUT NOT EXCLUSIVELY WHO ARE IN HARDSHIP AND THE ASSOCIATION WILL:
* RELIEVE POVERTY, SICKNESS AND DISTRESS THROUGH THE PROVISION OF ADVICE AND INFORMATION TO THE SAID INHABITANTS IN NEED OF SUCH ADVICE THAT MAY INCLUDE WELFARE BENEFITS, HEALTH AND EMPLOYMENT
* PROMOTE THE ADVANCEMENT OF EDUCATION AND TRAINING OF DISADVANTAGED PEOPLE IN BOTH THE PRINCIPAL AREA OF BENEFIT WHO THROUGH THEIR SOCIAL AND ECONOMIC CIRCUMSTANCES ARE IN NEED AND UNABLE TO GAIN EMPLOYMENT AND IN PARTICULAR TO PROMOTE AND SUPPORT SCHEMES WHERE SUCH PEOPLE MAY RECEIVE TRAINING FOR EMPLOYMENT
* PRESERVATION AND PROTECTION OF HEALTH OF THE LOCAL COMMUNITY IN THE BETHNAL GREEN NORTH AREA
* PROVIDE THE PROVISIONS OF FACILITIES FOR RECREATION AND LEISURE TIME OCCUPATION IN THE INTERESTS OF SOCIAL WELFARE WITH THE OBJECT OF IMPROVING THE CONDITIONS OF LIFE OF THE SAID INHABITANTS HAVING NEED OF FACILITIES BY REASON OF THEIR YOUTH, AGE, INFIRMITY, POVERTY OR SOCIAL AND ECONOMIC CIRCUMSTANCES",True,Small,Dormant,Amateur Sport
383,1137305,KINGDOM OF GOD MINISTRIES INTERNATIONAL AND MOUNT CARMEL PRAYER ACADEMY,"KGM Ministries, Unit 9,  Tudor Leaf Business Centre, Fountayne Road, London",N15 4QL,Tottenham,07564313975,kingdomofgodmins@yahoo.co.uk,Not available,31/12/2022,74400.0,72840.0,Other,"Makes Grants To Individuals, Provides Other Finance, Provides Human Resources, Provides Buildings/facilities/open Space, Provides Services, Provides Advocacy/advice/information","General Charitable Purposes, Education/training, The Advancement Of Health Or Saving Of Lives, Disability, The Prevention Or Relief Of Poverty, Overseas Aid/famine Relief, Accommodation/housing, Religious Activities, Arts/culture/heritage/science, Economic/community Development/employment, Human Rights/religious Or Racial Harmony/equality Or Diversity, Recreation, Other Charitable Purposes","Children/young People, Elderly/old People, People With Disabilities, The General Public/mankind","We provide a number of activities to help build our local community. Social inclusion is key to our work in our efforts to build social cohesion. We work with families, youth , elderly the unemployed, the homeless individuals refugees and the BAME communities to effect changes in their situation.   We work through one to one sessions and group session to ensure change is on going.",TO ADVANCE THE CHRISTIAN RELIGION FOR THE BENEFIT OF THE PUBLIC IN ACCORDANCE WITH THE ATTACHED STATEMENT OF BELIEF,False,Small,Dormant,Accommodation/housing
384,1137657,MERCY,"24 Clements Avenue, LONDON",E16 3AA,West Ham and Beckton,07956684697,admin@havemercy.org.uk,WWW.HAVEMERCY.ORG.UK,31/07/2021,0.0,0.0,Trust,"Makes Grants To Individuals, Makes Grants To Organisations, Provides Human Resources, Provides Buildings/facilities/open Space, Provides Services, Provides Advocacy/advice/information, Sponsors Or Undertakes Research, Acts As An Umbrella Or Resource Body","General Charitable Purposes, Education/training, The Advancement Of Health Or Saving Of Lives, Disability, The Prevention Or Relief Of Poverty, Overseas Aid/famine Relief, Accommodation/housing, Religious Activities, Amateur Sport, Environment/conservation/heritage, Economic/community Development/employment","Elderly/old People, People With Disabilities, People Of A Particular Ethnic Or Racial Origin, Other Charities Or Voluntary Bodies, The General Public/mankind","Mercy and its members are please with the Group's achievements over the last 12 months :Supported orphans institution in Bangladesh  Provided education support to children and young people.Provided advice and information to disadvantaged people on employment. Supported people suffer from domestic violence and family problems.Helped poor people for medication and shelter.","THE TRUSTEE MUST APPLY THE INCOME OF THE CHARITY IN FURTHERING THE FOLLOWING OBJECTS (""THE OBJECTS"")
A) FOR THE PUBLIC BENEFIT TO PROMOTE THE EDUCATION OF PEOPLE IN THE UK AND BANGLADESH,
ANY ANYWHERE ELSE IN THE WORLD, BY PROVIDING TEACHERS, CLASSES, ACADEMIC RESOURCES
AND EQUIPMENT, AWARDING SPONSORSHIP AND SCHOLARSHIPS, MAINTENANCE ALLOWANCE.
B) THE RELIEF OF POVERTY AND SICKNESS, IN PARTICULARLY BUT NOT EXCLUSIVELY IN BANGLADESH, BY
PROVIDING GRANTS, ITEMS AND SERVICES TO INDIVIDUALS IN NEED AND/OR CHARITIES, OR OTHER
ORGANISATIONS WORKING TO PREVENT OR RELIEVE POVERTY.",False,,Dormant,Accommodation/housing
385,1138270,GLOBE TOWN MOSQUE AND CULTURAL CENTRE LTD,"Globe Town Mosque, 100 Roman Road, London",E2 0RN,Bethnal Green and Stepney,0798029826,shabbirchowdhury@btinternet.com,Not available,31/01/2025,89125.0,75320.0,Charitable company,"Provides Services, Provides Advocacy/advice/information","General Charitable Purposes, Education/training, The Advancement Of Health Or Saving Of Lives, Religious Activities, Economic/community Development/employment","Children/young People, Elderly/old People, People With Disabilities, People Of A Particular Ethnic Or Racial Origin, The General Public/mankind",Globe Town Mosque and Cultural Centre (GTMCC) offers daily prayer facilities for the local community as well other community based activities and services.,"(1) TO ADVANCE THE ISLAMIC RELIGION TO THE BENEFIT OF THE GENERAL PUBLIC THROUGH THE
HOLDING OF PRAYER MEETINGS AND LECTURES.
(2) TO ADVANCE EDUCATION, IN PARTICULAR BY THE PROVISION OF SUPPLEMENTARY EDUCATION
CLASSES FOR ALL AGE GROUPS AND IN ALL SUBJECTS INCLUDING MOTHER TONGUE CLASSES.
(3) TO ADVANCE EDUCATION, INCLUDING EDUCATION IN THE ISLAMIC RELIGION AND SUCH OTHER
COURSES FOR THE BENEFIT OF THE COMMUNITY AS THE TRUSTEES SHALL THINK FIT.
(4) TO PROMOTE SUCH OTHER CHARITABLE PURPOSES AS MAY FROM TIME TO TIME BE DETERMINED.",True,Small,Dormant,The Advancement Of Health Or Saving Of Lives
386,1138553,THE MINISTRY OF STORIES,"159 HOXTON STREET, LONDON",N1 6PJ,Hackney South and Shoreditch,02077294159,hello@ministryofstories.org,www.ministryofstories.org,31/03/2025,474374.0,510122.0,Charitable company,"Provides Buildings/facilities/open Space, Provides Services","Education/training, Arts/culture/heritage/science",Children/young People,"The Ministry of Stories is a creative writing and mentoring centre for young people in east London. We use storytelling to inspire young people aged 8-18, in the belief that writing unleashes their imaginations and builds confidence, self-respect and communication.","4 (1) TO ADVANCE EDUCATION FOR THE PUBLIC BENEFIT IN WRITING AND READING IN ALL
ITS FORMS;
4 (2) TO ACT AS A RESOURCE FOR YOUNG PEOPLE UP TO THE AGE OF 18 BY PROVIDING
ADVICE AND ASSISTANCE, ORGANISING PROGRAMMES OF EDUCATION AND OTHER
ACTIVITIES AS A MEANS OF:
(A) ADVANCING IN LIFE AND HELPING YOUNG PEOPLE BY DEVELOPING THEIR
SKILLS, CAPACITIES AND CAPABILITIES TO ENABLE THEM TO PARTICIPATE IN
SOCIETY AS INDEPENDENT, MATURE AND RESPONSIBLE INDIVIDUALS;
(B) ADVANCING EDUCATION;
(C) RELIEVING UNEMPLOYMENT; AND
4(3) TO PROMOTE SOCIAL INCLUSION FOR THE PUBLIC BENEFIT BY PREVENTING PEOPLE
FROM BECOMING SOCIALLY EXCLUDED, RELIEVING THE NEEDS OF THOSE PEOPLE
WHO ARE SOCIALLY EXCLUDED AND ASSISTING THEM TO INTEGRATE INTO SOCIETY.
FOR THE PURPOSE OF THIS ARTICLE 'SOCIALLY EXCLUDED' MEANS BEING EXCLUDED FROM
SOCIETY, OR PARTS OF SOCIETY, AS A RESULT OF ONE OF MORE OF THE FOLLOWING FACTORS:
UNEMPLOYMENT; FINANCIAL HARDSHIP; YOUTH OR OLD AGE; ILL HEALTH (PHYSICAL OR
MENTAL); SUBSTANCE ABUSE OR DEPENDENCY INCLUDING ALCOHOL AND DRUGS;
DISCRIMINATION ON THE GROUNDS OF SEX, RACE, DISABILITY, ETHNIC ORIGIN, RELIGION,
BELIEF, CREED, SEXUAL ORIENTATION OR GENDER RE-ASSIGNMENT; POOR EDUCATIONAL OR
SKILLS ATTAINMENT; RELATIONSHIP AND FAMILY BREAKDOWN; POOR HOUSING (THAT IS
HOUSING THAT DOES NOT MEET BASIC HABITABLE STANDARDS; CRIME (EITHER AS A
VICTIM OF CRIME OR AS AN OFFENDER REHABILITATING INTO SOCIETY).",False,Medium,Dormant,Arts/culture/heritage/science
387,1138644,ABLE FOUNDATION,"Suite 5 Room 2, Excelsior House, 3 - 5 Balfour Road, Ilford",IG1 4HP,Ilford South,02036239967,ABLE.FOUNDATION@YAHOO.CO.UK,www.ablefoundation.org.uk,03/09/2024,5037.0,5030.0,Previously excepted,"Provides Human Resources, Provides Buildings/facilities/open Space, Provides Services, Provides Advocacy/advice/information","Education/training, The Advancement Of Health Or Saving Of Lives, Disability, The Prevention Or Relief Of Poverty, Accommodation/housing, Amateur Sport, Economic/community Development/employment","Elderly/old People, People With Disabilities, People Of A Particular Ethnic Or Racial Origin","Provision of support for those in need by reason of Disability, Age, Youth. By the provision of welfare and support, health and social care, housing, employment and enterprise support.",1 THE RELIEF OF NEED FOR PEOPLE WITH LEARNING DISABILITIES ('THE BENEFICIARIES') WITH A VIEW TO HELPING THEM DEVELOP THEIR OWN CAPACITIES SO THAT THEY MAY BETTER MEET THEIR OWN NEEDS,False,Micro,Dormant,Accommodation/housing
388,1138653,KAHAILA LTD,"17 Dover Road, LONDON",E12 5DZ,Leyton and Wanstead,07779643160,info@kahaila.com,www.kahaila.com,31/12/2024,502969.0,475127.0,Charitable company,Provides Services,"Education/training, Accommodation/housing, Religious Activities",The General Public/mankind,"Kahaila is a Christian charity, church & cafe on Brick Lane. Kahaila builds community, offering church services, supper clubs, arts events, and more. Kahaila is committed to making a positive social impact. Kahaila's Women's Projects provide accommodation for survivors of sex trafficking, training & employment and life skills courses in a woman's prison & the community.","THE OBJECTS OF THE CHURCH ARE, FOR THE BENEFIT OF THE PUBLIC,:-
1.) TO ADVANCE THE CHRISTIAN FAITH (IN ACCORDANCE WITH THE STATEMENT OF BELIEFS) IN SUCH WAYS AND IN SUCH PARTS OF THE UNITED KINGDOM OR THE WORLD AS THE TRUSTEES FROM TIME TO TIME MAY THINK FIT;
2.) TO RELIEVE SICKNESS AND FINANCIAL HARDSHIP AND TO PROMOTE AND PRESERVE GOOD HEALTH BY THE PROVISION OF FUNDS, GOODS OR SERVICES OF ANY KIND, INCLUDING THROUGH THE PROVISION OF COUNSELLING AND SUPPORT IN SUCH PARTS OF THE UNITED KINGDOM OR THE WORLD AS THE TRUSTEES FROM TIME TO TIME MAY THINK FIT; AND
3.) TO ADVANCE EDUCATION IN SUCH WAYS AND IN SUCH PARTS OF THE UNITED KINGDOM OR THE WORLD AS THE TRUSTEES FROM TIME TO TIME MAY THINK FIT.
THE TRUSTEES MUST USE THE INCOME AND MAY USE THE CAPITAL OF THE CHURCH IN PROMOTING THE OBJECTS.",False,Medium,Dormant,Accommodation/housing
389,1139125,SOMALI ACTION ON YOUTH CRIME,"Unit 40 Design Works, Park Parade, London",NW10 4UT,Queen's Park and Maida Vale,02072862072,info@sayc.org.uk,sayc.org.uk,31/03/2022,4090.0,3840.0,Other,"Provides Services, Provides Advocacy/advice/information","General Charitable Purposes, Education/training, Arts/culture/heritage/science, Amateur Sport, Economic/community Development/employment","Children/young People, People Of A Particular Ethnic Or Racial Origin","Employability ProjectsAfter school clubSports","TO ACT AS A RESOURCE FOR YOUNG PEOPLE UP LIVING IN LONDON BOROUGH OF TOWER
HAMLETS, NEWHAM, HACKNEY AND ISLINGTON BY PROVIDING ADVICE AND ASSISTANCE AND
ORGANISING PROGRAMMES OF PHYSICAL, EDUCATIONAL AND OTHER ACTIVITIES AS A MEANS OF:
A) ADVANCING IN LIFE AND HELPING YOUNG PEOPLE BY DEVELOPING THEIR SKILLS, CAPACITIES
AND CAPABILITIES TO ENABLE THEM TO PARTICIPATE IN SOCIETY AS INDEPENDENT, MATURE
AND RESPONSIBLE INDIVIDUALS;
B) ADVANCING EDUCATION;
C) RELIEVING UNEMPLOYMENT;
D) PROVIDING RECREATIONAL AND LEISURE TIME ACTIVITY IN THE INTERESTS OF SOCIAL WELFARE
FOR PEOPLE LIVING IN THE AREA OF BENEFIT WHO HAVE NEED BY REASON OF THEIR YOUTH,
AGE, INFIRMITY OR DISABILITY, POVERTY OR SOCIAL AND ECONOMIC CIRCUMSTANCES WITH A
VIEW TO IMPROVING THE CONDITIONS OF LIFE OF SUCH PERSONS.",False,Micro,Dormant,Amateur Sport
390,1139287,AFRICAN CULTURAL AND EDUCATIONAL CENTRE,"134D KINGSLAND ROAD, LONDON",E2 8DY,Hackney South and Shoreditch,02077298220,african.cult.centre@talk21.com,Not available,28/02/2022,10615.0,9885.0,Other,"Provides Buildings/facilities/open Space, Provides Services, Provides Advocacy/advice/information","Education/training, Arts/culture/heritage/science","Children/young People, Elderly/old People, The General Public/mankind","Enlightening the Africansd and European about African Culture.
Provision of tools of trade to prospective African businesses
Seeking schorlaship for African Students","1) TO ENHANCE THE DEVELOPMENT AND EDUCATION OF CHILDREN UNDER STATUTORY
SCHOOL AGE BY THE PROVISION OF A NURSERY SERVICE
2) THE RELIEF OF POVERTY TO THE PUBLIC IN BY PROVIDING ACCESS TO ADVICE,
ASSISTANCE, REPRESENTATION, COUNSELLING, TRANSLATING AND INTERPRETING
SERVICES IN SUCH MATTERS AS ASYLUM, IMMIGRATION, MONEY, DEBTS, HOUSING,
WELFARE BENEFITS AND HEALTH
3) TO PROMOTE FOR THE BENEFIT OF THE INHABITANTS OF LONDON THE PROVISION OF
FACILITIES FOR RECREATION OR OTHER LEISURE TIME OCCUPATION OF INDIVIDUALS
WHO HAVE NEED OF SUCH FACILITIES BY REASON OF THEIR YOUTH, AGE INFIRMITY OR
DISABLEMENT, FINANCIAL HARDSHIP OR SOCIAL AND ECONOMIC CIRCUMSTANCES OR
FOR THE PUBLIC AT LARGE IN THE INTERESTS OF SOCIAL WELFARE AND WITH THE
OBJECT OF IMPROVING THE CONDITION OF LIFE OF THE SAID INHABITANTS.",True,Small,Dormant,Arts/culture/heritage/science
391,1139410,PINKNEY BATHURST DEVELOPMENT ASSOCIATION (PBDA) UK,"62 MILTON COURT ROAD, LONDON",SE14 6JJ,Lewisham North,02086949154,Not available,Not available,31/12/2024,146.0,60.0,Other,"Makes Grants To Individuals, Makes Grants To Organisations, Provides Other Finance, Provides Buildings/facilities/open Space, Provides Services, Provides Advocacy/advice/information, Sponsors Or Undertakes Research, Acts As An Umbrella Or Resource Body","General Charitable Purposes, Education/training, The Advancement Of Health Or Saving Of Lives, The Prevention Or Relief Of Poverty, Overseas Aid/famine Relief, Religious Activities, Arts/culture/heritage/science, Amateur Sport, Environment/conservation/heritage, Economic/community Development/employment","Children/young People, Elderly/old People, People Of A Particular Ethnic Or Racial Origin, Other Charities Or Voluntary Bodies, The General Public/mankind",PDBA exist to provide support to the Bathurst Village Community namely in Freetown and the Bathurst Diaspora Community outside; by engaging in projects and programmes to alleviate poverty; advance education and promoting good health for development and better standard of living.,"FOR THE BENEFIT OF THE PUBLIC AND IN PARTICULAR THE BENEFIT OF THE BATHURST VILLAGE COMMUNITY IN SIERRA LEONE, AND THOSE MEMBERS OF THE PUBLIC FROM BATHURST LIVING IN THE UNITED KINGDOM, THE TRUSTEES WILL FURTHER THE FOLLOWING CHARITABLE PURPOSES:

(A)	THE PREVENTION OR RELIEF OF POVERTY;

(B)	THE ADVANCEMENT OF EDUCATION;

(C)	THE ADVANCEMENT OF HEALTH OR THE SAVING OF LIVES

(D)	THE RELIEF OF THOSE IN NEED, BY REASON OF YOUTH, AGE, FINANCIAL HARDSHIP OR OTHER DISADVANTAGES;	

(E)	THE ADVANCEMENT OF COMMUNITY DEVELOPMENT BY SUCH CHARITABLE PURPOSES AS THE TRUSTEES SEE FIT; AND

(F)	TO FURTHER SUCH OTHER PURPOSES THAT ARE RECOGNISED AS CHARITABLE UNDER THE EXISTING LAWS OF ENGLAND AND WALES AND TO ANY NEW PURPOSES WHICH ARE SUBSEQUENTLY RECOGNISED AS EXCLUSIVELY CHARITABLE UNDER ENGLISH LAW.",False,Micro,Dormant,Overseas Aid/famine Relief
392,1139530,START PERFORMING COMMUNITY ORGANISATION (SPCO),"277A VICTORIA PARK ROAD, LONDON",E9 5DY,Hackney South and Shoreditch,02035566470,INFO@SPCO.ORG.UK,www.spco.org.uk,05/04/2025,2450.0,2400.0,Other,"Provides Buildings/facilities/open Space, Provides Services, Provides Advocacy/advice/information",Arts/culture/heritage/science,The General Public/mankind,"School twinning program between London schools and Black Johnson School of Excellence and Leadership, Sierra Leone focusing on the arts as a method of engagement and education.Cultural exchange through music, food, presentations, pen-pal schemes and entertainment.On line dialogue, ideas art and toy exchange.","TO PROMOTE FOR THE PUBLIC BENEFIT PUBLIC APPRECIATION OF THE PERFORMING ARTS;
TO ADVANCE FOR THE PUBLIC BENEFIT THE EDUCATION OF THE PUBLIC IN THE
PERFORMING ARTS;
TO PROMOTE FOR THE PUBLIC BENEFIT EQUALITY AND DIVERSITY BY PROMOTING
ACTIVITIES TO FOSTER UNDERSTANDING BETWEEN PEOPLE FROM DIVERSE BACKGROUNDS
AND BY CULTIVATING A SENTIMENT IN FAVOUR OF EQUALITY AND DIVERSITY;
SUCH OTHER PURPOSES AS ARE EXCLUSIVELY CHARITABLE IN ACCORDANCE WITH THE
LAW OF ENGLAND AND WALES AS THE TRUSTEES MAY FROM TIME TO TIME DETERMINE
IN THIS CLAUSE REFERENCE TO ""THE PUBLIC"" MEANS THE RESIDENTS OF AND VISITORS TO THE LONDON
BOROUGHS OF HACKNEY, WALTHAM FOREST, TOWER HAMLETS, NEWHAM AND GREENWICH
(HEREINAFTER REFERRED TO AS THE ""OLYMPIC BOROUGHS')",False,Micro,Dormant,Arts/culture/heritage/science
393,1139673,THE PAROCHIAL CHURCH COUNCIL OF THE ECCLESIASTICAL PARISH OF ST LEONARD SHOREDITCH,"Church House, 1 Spiller House, Prodigal Square, LONDON",E8 1FX,Hackney South and Shoreditch,07989565739,mark@saint.church,www.shoreditchchurch.org.uk,31/12/2024,312528.0,370737.0,Other,"Makes Grants To Organisations, Provides Buildings/facilities/open Space, Provides Services",Religious Activities,The General Public/mankind,Parish Church of St Leonard Shoreditch in the London Borough of Hackney,Promoting in the ecclesiastical parish the whole mission of the Church.,False,Medium,Dormant,Religious Activities
394,1139703,THE CLAYPOOL TRUST,"30 South Green, SOUTHWOLD",IP18 6HB,Suffolk Coastal,01502726130,mcfoster5@btinternet.com,Not available,31/12/2024,10736.0,12500.0,Trust,Makes Grants To Organisations,"General Charitable Purposes, Education/training, The Advancement Of Health Or Saving Of Lives, Overseas Aid/famine Relief, Armed Forces/emergency Service Efficiency",Other Charities Or Voluntary Bodies,"A grant making charity supporting 1. overseas charitable work meeting educational needs of the poor2.Cancer and cancer-related charities, Hospices and cottage hospitals in the United Kingdom, small UK based charities with low overheads and UK charities assisting disabled servicemen and 3. charities dealing with victims of natural disasters, war & famine","2.2 THE OBJECTS OF THE TRUST ARE2.2.1  TO SUPPORT CHARITABLE WORK OVERSEAS WHICH AIMS TO MEET THE EDUCATIONAL NEEDS OF AND PROVIDE EDUCATIONAL FACILITIES FOR SOME OF THE POOREST PEOPLE IN SOME OF THE LESS ADVANTAGED PARTS OF THE WORLD2.2.2  IN THE UNITED KINGDOM, TO SUPPORT HOSPICES AND COTTAGE HOSPITALS IN NORFOLK, SMALL UK BASED CHARITES WITH LIMITED FUND-RAISING ABILITIES AND OVERHEADS AND CHARITIES DEDICATED TO ASSISTING DISABLED SERVICEMEN OR EX-SERVICEMEN2.2.3  ANYWHERE IN THE WORLD, TO HELP THE VICTIMS OF NATURAL DISASTERS, WAR AND FAMINE",False,Small,Dormant,Armed Forces/emergency Service Efficiency
395,1140130,SHADWELL TRUST,"63 Martha Street, London",E1 2PA,Bethnal Green and Stepney,02074239146,info@therootedforum.org,www.therootedforum.org,31/03/2025,84761.0,95991.0,Charitable company,"Provides Services, Provides Advocacy/advice/information, Other Charitable Activities","Education/training, The Advancement Of Health Or Saving Of Lives, Arts/culture/heritage/science, Amateur Sport, Economic/community Development/employment, Recreation, Other Charitable Purposes","Children/young People, Elderly/old People, People Of A Particular Ethnic Or Racial Origin","The Rooted Forum (TRF) is a charitable organisation which provides pioneering services to the local community in Tower Hamlets and other neighbouring boroughs. TRF offers a wide range of initiatives tailored to the needs of the community.It aims to provide a holistic service, which helps people, particularly those living in disadvantaged urban communities.","TO PROMOTE FOR THE BENEFIT OF THE INHABITANTS OF TOWER HAMLETS AND THE SURROUNDING AREA THE PROVISION OF FACILITIES FOR RECREATION OR OTHER LEISURE TIME OCCUPATION OF INDIVIDUALS WHO HAVE NEED OF SUCH FACILITIES BY REASON
OF THEIR YOUTH, AGE, INFIRMITY OR DISABLEMENT, FINANCIAL HARDSHIP OR SOCIAL AND ECONOMIC CIRCUMSTANCES OR FOR THE PUBLIC AT LARGE IN THE INTERESTS OF SOCIAL WELFARE AND WITH THE OBJECT OF IMPROVING THE CONDITION OF LIFE OF THE SAID INHABITANTS",True,Small,Dormant,Other Charitable Purposes
396,1140192,PROVIDENCE ROW,"PROVIDENCE ROW, DELLOW CENTRE, 82 WENTWORTH STREET, LONDON",E1 7SA,Bethnal Green and Stepney,02074226386,info@providencerow.org.uk,www.providencerow.org.uk,31/03/2025,3899360.0,3540818.0,Charitable company,"Provides Buildings/facilities/open Space, Provides Services, Provides Advocacy/advice/information","Education/training, The Advancement Of Health Or Saving Of Lives, The Prevention Or Relief Of Poverty, Economic/community Development/employment",Other Defined Groups,"WE PROVIDE: A RESOURCE CENTRE FOR PEOPLE WHO ARE ROUGH SLEEPING, WITH BREAKFAST, SHOWERS AND COMPUTER ACCESS; ADVICE AND SUPPORT FOR HOMELESS PEOPLE OR THOSE AT RISK OF HOMELESSNESS; RECOVERY AND PROGRESSION SERVICES FOR PEOPLE WITH MENTAL HEALTH AND SUBSTANCE MISUSE ISSUES; DRUG AND ALCOHOL OUTREACH AND REFERRAL; AND TRAINEE SCHEMES TO HELP PEOPLE MOVE INTO REGULAR LEARNING, VOLUNTEERING OR WORK.","""2. OBJECTSTHE OBJECT OF THE CHARITY IS THE RELIEF OF PERSONS WHO ARE IN NEED, HARDSHIP OR DISTRESSBY:2.1 MAKING GRANTS OF MONEY TO THEM; OR2.2 PROVIDING OR PAYING FOR GOODS OR SERVICES OR FACILITIES FOR THEM; OR2.3 MAKING GRANTS OF MONEY TO OTHER PERSONS OR BODIES WHO PROVIDE GOODS, SERVICES OR FACILITIES TO THOSE IN NEED.""",True,Large,Dormant,The Advancement Of Health Or Saving Of Lives
397,1140526,REDCOAT COMMUNITY CENTRE AND MOSQUE,"256 STEPNEY WAY, LONDON",E1 3DW,Bethnal Green and Stepney,02077908577,REDCOATCOMMUNITYCENTRE@GOOGLEMAIL.COM,Not available,31/03/2025,330926.0,117440.0,Other,"Provides Human Resources, Provides Buildings/facilities/open Space, Provides Services","Education/training, The Prevention Or Relief Of Poverty, Religious Activities, Arts/culture/heritage/science","Children/young People, Elderly/old People, People Of A Particular Ethnic Or Racial Origin, The General Public/mankind","EDUCATION: PROVIDING EDUCATIONAL FACILITIES FOR CHILDREN AGED 6-16 SUCH AS ADDITIONAL ENGLISH, MATHS, SCIENCE, ICT  AND LANGUAGE (INCLUDING ARABIC AND BENGALI) CLASSES PROVIDING A MEANS OF ADVANCING ISLAMIC RELIGION AND PROMOTING GOOD RELATIONS WITH PEOPLE OF DIFFERENT FAITHS THROUGH ORGANISING; SEMINARS AND WORKSHOPS FOR BOTH MALES AND FEMALES. ACTIVITIES FOR THE YOUNG & HEALTHY LIVING, SOCIALISE","FOR THE PUBLIC BENEFIT IN LONDON BOROUGH OF TOWER HAMLETS AND SURROUNDING AREA AND IN PARTICULAR FOR THE BENEFIT OF THOSE MEMBERS OF THE PUBLIC WHO ARE MUSLIMS BUT NOT EXCLUSIVELY;
(1) BY RELIEVING PERSONS WHO ARE IN NEED BY REASON OF POVERTY, AGE, OR INFIRMITY.
(2) BY ADVANCING EDUCATION IN BENGALI, ARABIC AND OTHER SUBJECTS IN THE NATIONAL CURRICULUM INCLUDING THE MODERN FOREIGN LANGUAGES.
(3) BY ADVANCING THE ISLAMIC RELIGION AND PROMOTING GOOD RELATIONS BETWEEN PERSONS OF DIFFERENT RELIGIOUS FAITHS.
(4) TO PROVIDE OR ASSIST IN THE PROVISION OF FACILITIES IN THE INTERESTS OF SOCIAL WELFARE FOR RECREATION OR OTHER LEISURE TIME OCCUPATION OF INDIVIDUAL WHO HAVE NEED OF SUCH FACILITIES BY REASON OF THEIR YOUTH, AGE INFIRMITY OR DISABILITY, FINANCIAL HARDSHIP OR SOCIAL CIRCUMSTANCES WITH THE OBJECT OF IMPROVING THEIR CONDITION OF LIFE.",True,Medium,Dormant,Religious Activities
398,1140743,COMMUNITY SOLUTIONS,"Flat 57, Leeward Court, Asher Way, London",E1W 2JZ,Poplar and Limehouse,07891138950,communitysolutions1st@gmail.com,www.community-solutions.org,05/12/2023,17439.0,17511.0,Other,"Makes Grants To Individuals, Makes Grants To Organisations, Provides Human Resources, Provides Services, Provides Advocacy/advice/information, Acts As An Umbrella Or Resource Body, Other Charitable Activities","General Charitable Purposes, Education/training, The Advancement Of Health Or Saving Of Lives, Arts/culture/heritage/science, Amateur Sport, Environment/conservation/heritage, Economic/community Development/employment, Human Rights/religious Or Racial Harmony/equality Or Diversity, Other Charitable Purposes","Children/young People, Elderly/old People, People With Disabilities, People Of A Particular Ethnic Or Racial Origin, Other Charities Or Voluntary Bodies, Other Defined Groups, The General Public/mankind","We aim to empower communities to respond to the needs of their local areas. We do this by mobilising the resources of the local community to deliver solutions. We provide ideas, raise money, run campaigns and market plus deliver projects & services. Events include Mini Marathon and Christmas Fair.","1) TO PROMOTE FOR THE BENEFIT OF THE PUBLIC IN THE AREA OF EAST LONDON THE CONSERVATION, PROTECTION AND IMPROVEMENT OF THE PHYSICAL AND NATURAL ENVIRONMENT;
2) TO PROVIDE OR ASSIST IN THE PROVISION OF FACILITIES IN THE INTERESTS OF SOCIAL WELFARE FOR RECREATION OR OTHER LEISURE TIME OCCUPATION OR INDIVIDUALS WHO HAVE NEED OF SUCH FACILITIES BY REASON OF THEIR YOUTH, AGE, INFIRMITY OR DISABILITY, FINANCIAL HARDSHIP OR SOCIAL CIRCUMSTANCES WITH THE OBJECT OF IMPROVING THEIR CONDITIONS OF LIFE",True,Small,Dormant,Human Rights/religious Or Racial Harmony/equality Or Diversity
399,1140869,WESTWARD INNER-CITY SPORT & EDUCATION (WISE) YOUTH TRUST,"MINERVA COMMUNITY CENTRE, 10 MINERVA STREET, LONDON",E2 9EH,Bethnal Green and Stepney,02089803330,admin@wiseyouthtrust.com,www.wiseyouthtrust.org.uk,31/12/2024,277957.0,262901.0,Other,"Provides Human Resources, Provides Services, Provides Advocacy/advice/information, Acts As An Umbrella Or Resource Body, Other Charitable Activities","General Charitable Purposes, Education/training, Arts/culture/heritage/science, Amateur Sport, Economic/community Development/employment, Other Charitable Purposes","Children/young People, People Of A Particular Ethnic Or Racial Origin","Our activities include Sport, health & well being; Creative & Digital Media; Music & Fashion;,ABA Boxing 
Awards ,ASDAN accredited Awards and Employment Training all designed to be outcome based, achieved 
through vocational industry-led employment pathways and delivered within an educational framework","TO ACT AS A RESOURCE FOR YOUNG PEOPLE UP TO THE AGE OF 18 LIVING IN TOWER HAMLETS, HACKNEY, NEWHAM AND ISLINGTON AND THE SURROUNDING AREA BY PROVIDING ADVICE AND ASSISTANCE AND ORGANISAED PROGRAMMES OF PHYSICAL, EDUCATIONAL AND OTHER ACTIVITIES AS A MEANS OF:
A) ADVANCING IN LIFE AND HELPING YOUNG PEOPLE BY DEVELOPING THEIR SKILLS, CAPACITIES AND CAPABILITIES TO ENABLE THEM TO PARTICIPATE IN SOCIETY AS INDEPENDENT, MATURE AND RESPONSIBLE INDIVIDUALS;
B) ADVANCING EDUCATION;
C) PROVIDING RECREATIONAL AND LEISURE TIME ACTIVITY IN THE INTEREST OF SOCIAL WELFARE FOR PEOPLE LIVING IN THE AREA OF BENEFIT WHO HAVE NEED BY REASON OF THEIR YOUTH, AGE, INFIRMITY OR DISABILITY, POVERTY OR SOCIAL AND ECONOMIC CIRCUMSTANCES WITH A VIEW TO IMPROVING THE CONDITIONS OF LIFE OF SUCH PERSONS.",True,Medium,Dormant,Other Charitable Purposes
400,1141440,GLOBAL CITIZENS,"GLOBAL CITIZENS UK, 102 MILE END ROAD, IST FLOOR ELITE ACCOUNTANCY OFFICE, LONDON",E1 4UN,Bethnal Green and Stepney,07855681336,mjlondon@hotmail.co.uk,Not available,31/12/2024,3700.0,650.0,Trust,"Makes Grants To Individuals, Makes Grants To Organisations, Provides Other Finance, Provides Buildings/facilities/open Space, Provides Services","General Charitable Purposes, Education/training, The Prevention Or Relief Of Poverty, Economic/community Development/employment","Children/young People, Elderly/old People, People With Disabilities, People Of A Particular Ethnic Or Racial Origin, Other Charities Or Voluntary Bodies, The General Public/mankind","(I)PROMOTE HEALTH AND WELL-BEING IN BANGLADESH AND AMONGST THE BANGLADESHI LIVING ABROAD ESPECIALLY IN THE UK. (II) INITIATIVES TO PROMOTE EDUCATION IN BANGLADESH AND AMONG THE BANGLADESHI PEOPLE LIVING ABROAD ESPECIALLY IN THE UK.(III) PROJECTS THAT RELIEVE POVERTY, DISTRESS OR FINANCIAL HARDSHIP IN BANGLADESH OR TO BENEFIT PEOPLE OF BANGLADESHI ORIGIN LIVING ABROAD PARTICULARLY IN THE UK.","THE PREVENTION OR RELIEF OF POVERTY OR FINANCIAL HARDSHIP IN THE UK AND ANYWHERE ELSE IN THE WORLD BY PROVIDING OR ASSISTING IN THE PROVISION OF EDUCATION, TRAINING, HEALTHCARE PROJECTS AND ALL THE NECESSARY SUPPORT DESIGNED TO ENABLE INDIVIDUALS TO GENERATE A SUSTAINABLE INCOME AND BE SELF SUFFICIENT.",True,Micro,Dormant,Economic/community Development/employment
401,1141523,GASWORKS DOCK PARTNERSHIP,"CODY DOCK, 11C SOUTH CRESCENT, CODY ROAD, CANNING TOWN, LONDON",E16 4TL,West Ham and Beckton,02074730429,contact@codydock.org.uk,www.codydock.org.uk,31/01/2025,1304621.0,809331.0,Charitable company,"Provides Buildings/facilities/open Space, Provides Services, Acts As An Umbrella Or Resource Body","Arts/culture/heritage/science, Environment/conservation/heritage, Economic/community Development/employment",The General Public/mankind,"GDP was set up as a community led regeneration vehicle for Cody Dock and provides: Facilities for schools, universities, charities, community groups for education/training about the LLVs ecology, heritage and waterways. Providing amenities that promote greater use of the Lea. Promotes arts and crafts ,Community gardens,  Docklands Community Boat ,Moorings and studio spaces","THE PROMOTION FOR THE PUBLIC BENEFIT OF THE REGENERATION OF THE LONDON BOROUGH OF NEWHAM, THE LOWER LEA VALLEY AND THE THAMES GATEWAY BY ALL OR ANY OF THE FOLLOWING MEANS:
1 THE ADVANCEMENT OF EDUCATION, TRAINING OR RETRAINING, PARTICULARLY AMONG UNEMPLOYED PEOPLE, AND PROVIDING UNEMPLOYED PEOPLE WITH WORK EXPERIENCE
2 THE CREATION OF TRAINING AND EMPLOYMENT OPPORTUNITIES BY THE PROVISION OF WORKSPACE, BUILDINGS AND/OR LAND FOR USE ON FAVOURABLE TERMS
3 THE MAINTENANCE, IMPROVEMENT OR PROVISION OF PUBLIC AMENITIES
4 THE EDUCATION OF THE PUBLIC ABOUT THE HISTORY OF THE AREA BY THE CREATION OF AN INDUSTRIAL HERITAGE ARCHIVE AND MUSEUM
5 THE PROVISION OR ASSISTANCE IN THE PROVISION OF RECREATIONAL FACILITIES FOR THE PUBLIC AT LARGE AND/OR THOSE WHO, BY REASONS OF THEIR YOUTH, AGE, INFIRMITY OR DISABLEMENT, POVERTY OR SOCIAL AND ECONOMIC CIRCUMSTANCES, HAVE NEED OF SUCH FACILITIES
6 THE PROMOTION OF THE ARTS AND OF CRAFTS AND CRAFTSMANSHIP AND THE ADVANCEMENT OF EDUCATION
7 SUCH OTHER MEANS AS MAY FROM TIME TO TIME BE DETERMINED AND WHICH ARE EXCLUSIVELY CHARITABLE
8. THE EDUCATION OF THE PUBLIC ABOUT ECOLOGY, CONSERVATION, ENVIRONMENTAL STUDIES AND SUSTAINABLE DEVELOPMENT, PARTICULARLY BUT NOT EXCLUSIVELY IN RESPECT OF THE NATION?S WATERWAYS AND THE ECOLOGY OF THE LOCAL AREA SURROUNDING CODY DOCK AND TO PROMOTE THE STUDY AND RESEARCH IN SUCH SUBJECTS PROVIDED THAT USEFUL RESULTS THEREOF ARE PUBLISHED. 
9. THE PROMOTION OF THE CONSERVATION, PROTECTION AND ENHANCEMENT OF THE PHYSICAL AND NATURAL ENVIRONMENT, PARTICULARLY BUT NOT EXCLUSIVELY IN WAYS THAT FURTHER SUSTAINABLE DEVELOPMENT.",False,Large,Dormant,Environment/conservation/heritage
402,1141967,SWANLEA PARENT TEACHER ASSOCIATION,"SWANLEA SECONDARY SCHOOL, 31 BRADY STREET, LONDON",E1 5DJ,Bethnal Green and Stepney,02073753267,officeadmin@swanlea.co.uk,Not available,05/04/2025,0.0,0.0,Other,Makes Grants To Organisations,Education/training,Children/young People,"TO ADVANCE THE EDUCATION OF PUPILS IN THE SCHOOL IN PARTICULAR BY:DEVELOPING EFFECTIVE RELATIONSHIPS BETWEEN THE STAFF PARENTS AND OTHERS ASSOCIATED WITH THE SCHOOL;ENGAGING IN ACTIVITIES OR PROVIDING FACILITIES OR EQUIPMENT WHICH SUPPORT THE SCHOOL AND ADVANCE THE EDUCATION OF THE PUPILS.","TO ADVANCE THE EDUCATION OF PUPILS IN THE SCHOOL IN PARTICULAR BY:
DEVELOPING EFFECTIVE RELATIONSHIPS BETWEEN THE STAFF PARENTS AND OTHERS ASSOCIATED WITH THE SCHOOL;
ENGAGING IN ACTIVITIES OR PROVIDING FACILITIES OR EQUIPMENT WHICH SUPPORT THE SCHOOL AND ADVANCE THE EDUCATION OF THE PUPILS.",True,,Dormant,Education/training
403,1142142,WHITECHAPEL GALLERY ESTATES TRUST,"WHITECHAPEL GALLERY, 77-82 WHITECHAPEL HIGH STREET, LONDON",E1 7QX,Bethnal Green and Stepney,02075393320,info@whitechapelgallery.org,www.whitechapelgallery.org,31/03/2025,4750.0,143.0,Charitable company,Provides Buildings/facilities/open Space,"Education/training, Arts/culture/heritage/science",The General Public/mankind,The company exists for the provision and maintenance of an art gallery for exhibition to the public of Modern and historical fine art; Modern and historical design and applied art; Work done by school children or students or by persons resident in the neighbourhood of the art gallery; and to promote and encourage the education of the public in the arts.,"THE OBJECTS OF THE CHARITY ARE:
2.1 THE PROVISION AND MAINTENANCE OF AN ART GALLERY FOR EXHIBITION TO THE PUBLIC OF:
2.1.1 MODERN AND HISTORICAL FINE ART;
2.1.2 MODERN AND HISTORICAL DESIGN AND APPLIED ART;
2.1.3 WORK DONE BY SCHOOL CHILDREN OR STUDENTS OR BY PERSONS RESIDENT IN THE
NEIGHBOURHOOD OF THE ART GALLERY; AND
2.2 TO PROMOTE AND ENCOURAGE THE EDUCATION OF THE PUBLIC IN THE ARTS, BOTH IN THE
WHITECHAPEL GALLERY BUILDING AND ELSEWHERE.",True,Micro,Dormant,Arts/culture/heritage/science
404,1142178,TOWER HAMLETS MENCAP SOCIETY,"84 LESLIE ROAD, LONDON",E11 4HG,Leyton and Wanstead,07590985109,jackyhajiyiannis@btinternet.com,Not available,31/03/2025,25734.0,106239.0,Charitable company,"Provides Buildings/facilities/open Space, Provides Advocacy/advice/information",Disability,People With Disabilities,"Promote the care, treatment and education of children and adults with learning disabilities.","A) THE RELIEF OF PEOPLE WITH A LEARNING DISABILITY IN PARTICULAR BY THE PROVISION OF HELP AND SUPPORT FOR THEM AND FOR THEIR FAMILIES, DEPENDANTS AND CARERS, AND TO PREVENT LEARNING DISABILITIES FOR THE PUBLIC BENEFIT AND TO ADVANCE RELIGION AMONGST PERSONS WITH A LEARNING DISABILITY; AND
B) TO PROVIDE OR ASSIST IN THE PROVISION OF FACILITIES FOR THE RECREATION OR OTHER LEISURE TIME OCCUPATION FOR PEOPLE WHO HAVE NEED THEREOF BY REASON OF LEARNING DISABILITY WITH THE OBJECT OF IMPROVING THEIR CONDITIONS OF LIFE.",False,Small,Dormant,Disability
405,1142413,THE BADUR FOUNDATION,"Badur House, 40-44 Newman Street, London",W1T 1QD,Cities of London and Westminster,02073175385,Not available,www.badurfoundation.org,30/06/2024,3167186.0,819750.0,Charitable company,Makes Grants To Organisations,"General Charitable Purposes, Education/training, The Prevention Or Relief Of Poverty, Environment/conservation/heritage","Other Charities Or Voluntary Bodies, The General Public/mankind","The Foundation's primary aim is to tackle poverty and inequality, along with addressing environmental challenges for a fairer future. It supports grassroots organisations that help those who are marginalised or disadvantaged in society, in order to improve their future prospects and those of their communities. It also assists charities and social enterprises trying to overcome social exclusion.",THE OBJECTS OF THE CHARITY ARE ANY PURPOSES WHICH ARE CHARITABLE UNDER THE LAWS OF ENGLAND AND WALES FROM TIME TO TIME.,False,Large,Dormant,Environment/conservation/heritage
406,1142528,ASMA NOOR WELFARE FOUNDATION,"Burley Rooad, Walter Terrace, London",E1 0RG,Bethnal Green and Stepney,02035813455,Asma-noorwelfarefoundation@hotmail.co.uk,Not available,05/04/2024,12230.0,12590.0,Other,"Makes Grants To Organisations, Provides Other Finance, Provides Human Resources, Provides Buildings/facilities/open Space","Education/training, The Advancement Of Health Or Saving Of Lives, Disability, The Prevention Or Relief Of Poverty, Accommodation/housing","Children/young People, Elderly/old People, People With Disabilities, People Of A Particular Ethnic Or Racial Origin",Employment support,"I)TO PROMOTE FOR THE BENEFIT OF THE INHABITANTS OF SOUTH SURMA WITHOUT DISTINCTION OF SEX, SEXUAL ORIENTATION, RACE OR OF POLITICAL, RELIGIOUS OR OTHER OPINIONS, BY ASSOCIATING TOGETHER THE SAID INHABITANTS AND THE LOCAL AUTHORITIES, VOLUNTARY AND OTHER ORGANISATIONS IN A COMMON EFFORT TO ADVANCE EDUCATION AND TO PROVIDE FACILITIES IN THE INTERESTS OF SOCIAL WELFARE FOR RECREATION AND OTHER LEISURE TIME OCCUPATIONS WITH THE OBJECTS OF IMPROVING THE CONDITIONS OF LIFE OF THE SAID INHABITANTS;(II) TO ESTABLISH OR SECURE THE ESTABLISHMENT OF A COMMUNITY CENTRE (HEREINAFTER CALLED 'THE CENTRE') AND TO MAINTAIN AND MANAGE THE SAME (WHETHER ALONE OR IN CO-OPERATION WITH ANY LOCAL AUTHORITY OR PERSON OR BODY) IN FURTHERANCE OF THESE OBJECTS; AND III) TO SUPPORT SUCH OTHER GENERAL CHARITABLE PURPOSES AS THE TRUSTEES MAY FROM TIME TO TIME DEEM FIT.",True,Small,Dormant,Accommodation/housing
407,1142532,POSITIVE VIEW FOUNDATION,"29 PARK AVENUE, DOVER",CT16 1ES,Dover and Deal,02033271272,info@positiveview.org.uk,www.positiveview.org.uk,31/12/2023,127372.0,172424.0,Charitable company,Other Charitable Activities,"Education/training, Arts/culture/heritage/science, Economic/community Development/employment",Children/young People,"TRANSFORMING THE LIVES OF THE UK's MOST DISADVANTAGED 16-24 YEAR OLDS LIVING ON LONDON'S MOST DEPRIVED ESTATES - AND IN SE KENT (FOLKESTONE & DOVER).
DELIVERING UNIQUE AND INSPIRATIONAL 10-WEEK PHOTOGRAPHY AND FILM COURSES THAT EMPOWER THESE HIGHLY VULNERABLE YOUNG PEOPLE  - SUPPORTING EACH TO ACHIEVE THE MOTIVATION, SKILLS AND EDUCATION TO MOVE ON TO FURTHER EDUCATION, TRAINING AND EMPLOYMENT.","THE OBJECTS OF THE CHARITY ARE 
(A) TO RELIEVE PEOPLE WHO ARE IN NEED, BY REASON OF YOUTH, AGE, ILL-HEALTH, FINANCIAL HARDSHIP OR OTHER DISADVANTAGE BY SUPPORTING THEIR TRAINING AND EDUCATION IN THE PHOTOGRAPHIC ARTS, WITH THE INTENTION OF:
(1) DEVELOPING THEIR SELF CONFIDENCE, SELF ESTEEM, SKILLS, CAPACITIES AND CAPABILITIES TO ENABLE THEM TO PARTICIPATE IN SOCIETY AS INDEPENDENT, MATURE AND RESPONSIBLE INDIVIDUALS; 
(2) ADVANCING EDUCATION; AND
(3) RELIEVING UNEMPLOYMENT; AND
(B) THE ADVANCEMENT OF ART, CULTURE AND HERITAGE THROUGH THE PRODUCTION AND DISPLAY OF THE PHOTOGRAPHIC ARTS.",False,Medium,Dormant,Arts/culture/heritage/science
408,1142626,QUANTUM MEDITATION LTD,"66 Hanbury Street, London, LONDON",E1 5JL,Bethnal Green and Stepney,02034322672,info@QUANTUMLONDON.ORG.UK,www.quantumlondon.org.uk,31/03/2025,1874.0,2857.0,Charitable company,"Provides Services, Provides Advocacy/advice/information, Other Charitable Activities","General Charitable Purposes, The Prevention Or Relief Of Poverty, Overseas Aid/famine Relief",The General Public/mankind,"Weekly meditation, discussion programmes and seminars have been arranged on issues such as anger/stress management and how to improve general health. Blood donation motivation seminar and blood donation sessions have been arranged with NHS in London. Supporting programmes in Bangladesh include drug rehabilitation programme, income generating activities for poor, mother care & primary education.","1.TO RELIEVE THOSE IN NEED, THOSE EXPERIENCING FINANCIAL OR OTHER HARDSHIP OR DISTRESS IN ANY PART OF THE WORLD;
2.TO PROMOTE GOOD HEALTH FOR THE PUBLIC BENEFIT IN PARTICULAR THROUGH THE USE OF MEDITATION AND MEDITATION TECHNIQUES;
3.TO RELIEVE THE SICK AND THOSE IN POOR HEALTH IN PARTICULAR BUT NOT EXCLUSIVELY BY PROMOTING BLOOD DONATION AND THE USE OF MEDITATION AND MEDITATION TECHNIQUES;
4.TO ADVANCE THE EDUCATION OF THE PUBLIC AND TO CONDUCT RESEARCH FOR THE PUBLIC BENEFIT (PUBLISHING THE USEFUL RESULTS OF ANY SUCH RESEARCH);
5.TO PROMOTE RACIAL AND RELIGIOUS HARMONY FOR THE PUBLIC BENEFIT; AND
6.TO PROMOTE GOOD CITIZENSHIP, ADVANCE THOSE PEOPLE IN NEED OF ADVANCEMENT IN LIFE AND HELP, IN PARTICULAR YOUNG PEOPLE, DEVELOP THEIR CAPABILITIES THAT THEY MAY GROW TO FULL MATURITY AS INDIVIDUALS AND MEMBERS OF SOCIETY.",True,Micro,Dormant,Overseas Aid/famine Relief
409,1142797,SOMALI DISABLE SUPPORT PROJECT,"102 MILE END ROAD, LONDON",E1 4UN,Bethnal Green and Stepney,07946548540,info@somalidisablesupport.com,www.somalidisablesupport.com,31/03/2025,8500.0,8500.0,Other,"Provides Services, Provides Advocacy/advice/information","General Charitable Purposes, Education/training, Disability, The Prevention Or Relief Of Poverty, Economic/community Development/employment",People With Disabilities,"- Provision of advice, support, information and advocacy to non exclusively disabled people from Somali community- Provision of social, cultural and sport activities for disabled people","1) FOR THE PUBLIC BENEFIT, TO RELIEVE THE NEEDS OF DISABLED PEOPLE LIVING IN THE LONDON BOROUGH OF TOWER HAMLETS AND EAST LONDON, IN PARTICULAR BUT NOT EXCLUSIVELY MEMBERS OF THE SOMALI COMMUNITY, BY THE PROVISION OF ADVICE, ADVOCACY AND INFORMATION.
2) TO PROVIDE OR ASSIST IN THE PROVISION OF FACILITIES IN THE INTERESTS OF SOCIAL WELFARE FOR RECREATION OR OTHER LEISURE TIME OCCUPATION OF INDIVIDUALS WHO HAVE NEED OF SUCH FACILITIES BY REASON OF THEIR YOUTH, AGE INFIRMITY OR DISABILITY, FINANCIAL HARDSHIP OR SOCIAL CIRCUMSTANCES WITH THE OBJECT OF IMPROVING THEIR CONDITIONS OF LIFE.
3) TO ADVANCE THE EDUCATION OF THE PUBLIC BY THE PROVISION OF EDUCATIONAL TRAINING AND ACTIVITIES.",True,Micro,Dormant,Disability
410,1143126,STREETS OF GROWTH,"6 Middlesex Street, London",E1 7EX,Bethnal Green and Stepney,02075157356,mail@streetsofgrowth.org,www.streetsofgrowth.org,31/08/2024,687005.0,685242.0,Charitable company,"Provides Services, Provides Advocacy/advice/information, Other Charitable Activities","General Charitable Purposes, Education/training, The Prevention Or Relief Of Poverty, Arts/culture/heritage/science, Economic/community Development/employment, Other Charitable Purposes","Children/young People, Other Defined Groups, The General Public/mankind","Streets of Growth are community-led organisation, based in Tower Hamlets, specialising in youth leadership development and sustained neighbourhood transformation. We design and deliver high impacting  leadership programmes with  high-risk young people (15-25 yrs) coaching, and enabling them to move out of social, economic, educational disaffection, violence and poverty.","I.TO HELP AND SUPPORT YOUNG PEOPLE LIVING WITHIN, BUT NOT EXCLUSIVELY WITHIN, THE LONDON BOROUGH OF TOWER HAMLETS (LBTH) AND THE SURROUNDING AREAS: 
A.TO DEVELOP THE KNOWLEDGE, SKILLS AND COMPETENCIES THEY REQUIRE TO IDENTIFY AND MEET THEIR NEEDS AND TO MOVE OUT OF POVERTY AND HARM’S WAY. 
B.TO DEVELOP THE KNOWLEDGE, SKILLS, COMPETENCIES AND CAPACITIES THEY REQUIRE TO FULLY PARTICIPATE IN THEIR COMMUNITIES, TO LEAD IN THE DEVELOPMENT OF THEIR COMMUNITIES AND TO BECOME POSITIVELY ENGAGED MEMBERS OF THE LOCAL AND GLOBAL SOCIETY. 
C.BY PROMOTING THE SOCIAL INCLUSION OF SUCH YOUNG PEOPLE, INCLUDING BY IDENTIFYING AND ADDRESSING THE CAUSES AND EFFECTS OF SOCIAL EXCLUSION AND SUPPORTING PARTICIPATION AND RE-INTEGRATION OF THOSE EXPERIENCING SOCIAL EXCLUSION. 
D.BY PROMOTING AND DEVELOPING THE CAPACITY OF INSTITUTIONS AND COMMUNITIES TO MEET THE NEEDS OF SUCH YOUNG PEOPLE. 
II.TO FURTHER SUCH OTHER CHARITABLE PURPOSES FOR THE BENEFIT OF THE COMMUNITY AS THE TRUSTEES SHALL DETERMINE FROM TIME TO TIME.",True,Medium,Dormant,Other Charitable Purposes
411,1143254,HOLY GHOST CHRISTIAN CENTRE,"The Elevation Point, Charlton, London",SE7 8NJ,Greenwich and Woolwich,02074732222,PASTOROLUMIDE@HGCC.ORG.UK,www.hgcc.org.uk,31/03/2025,384454.0,380357.0,Charitable company,"Provides Human Resources, Provides Buildings/facilities/open Space, Provides Services, Provides Advocacy/advice/information","General Charitable Purposes, Education/training, The Advancement Of Health Or Saving Of Lives, Disability, The Prevention Or Relief Of Poverty, Accommodation/housing, Religious Activities, Arts/culture/heritage/science, Economic/community Development/employment, Recreation","Children/young People, Elderly/old People, People With Disabilities, The General Public/mankind","The principal activities of the charity include the provision of religious activities, church services, counselling, seminars and other community based services,","THE CHARITY IS ESTABLISHED FOR THE ADVANCEMENT OF THE CHRISTIAN FAITH FOR THE BENEFIT OF THE PUBLIC WHILE PROVIDING SERVICES THE TRUSTEES CONSIDER TO BE APPROPRIATE IN A COMMON EFFORT TO RELIEVE POVERTY, SUFFERING AND SICKNESS, WITH THE OBJECT OF IMPROVING THE CONDITION OF LIFE FOR ALL.",False,Medium,Dormant,Accommodation/housing
412,1143418,TOWER HAMLETS STREET PASTORS,"32 CLAIRE PLACE, LONDON",E14 8NJ,Poplar and Limehouse,07786244496,towerhamlets@streetpastors.org.uk,http://towerhamlets.streetpastors.org,31/03/2024,0.0,0.0,Other,Provides Services,"The Advancement Of Health Or Saving Of Lives, The Prevention Or Relief Of Poverty, Religious Activities, Economic/community Development/employment, Human Rights/religious Or Racial Harmony/equality Or Diversity, Other Charitable Purposes",The General Public/mankind,"Tower Hamlets Street Pastors is a community response to urban problems. Volunteers from local churches patrol the streets of our area at night in places where the nightlife is at its most 'edgy'. They endeavour to care for, listen to and help all those they meet.","2.1	TO ADVANCE EDUCATION IN ACCORDANCE WITH CHRISTIAN PRINCIPLES BY SUCH MEANS AS THE MANAGEMENT COMMITTEE MAY CONSIDER APPROPRIATE IN THE LONDON BOROUGH OF TOWER HAMLETS AND IN SUCH OTHER PARTS OF THE UNITED KINGDOM OR THE WORLD AS THE MANAGEMENT COMMITTEE MAY FROM TIME TO TIME THINK FIT AND TO FULFILL SUCH OTHER PURPOSES WHICH ARE EXCLUSIVELY CHARITABLE ACCORDING TO THE LAW OF ENGLAND AND WALES AND ARE CONNECTED WITH THE CHARITABLE WORK OF THE CHARITY. 

2.2	TO RELIEVE SICKNESS AND FINANCIAL HARDSHIP AND TO PROMOTE AND PRESERVE GOOD HEALTH BY THE PROVISION OF FUNDS, GOODS OR SERVICES OF ANY KIND INCLUDING THROUGH THE PROVISION OF COUNSELLING AND SUPPORT IN THE LONDON BOROUGH OF TOWER HAMLETS AND IN SUCH OTHER PARTS OF THE UNITED KINGDOM OR THE WORLD AS THE MANAGEMENT COMMITTEE MAY FROM TIME TO TIME THINK FIT.

2.3	TO ADVANCE THE CHRISTIAN FAITH IN ACCORDANCE WITH THE LICENCE AGREEMENT EXECUTED WITH ASCENSION TRUST AND THE CORE VALUES AND MISSION STATEMENT APPEARING IN THE SCHEDULE HERETO IN THE LONDON BOROUGH OF TOWER HAMLETS AND IN SUCH OTHER PARTS OF THE UNITED KINGDOM OR THE WORLD AS THE MANAGEMENT COMMITTEE MAY FROM TIME TO TIME THINK FIT PARTICULARLY BUT NOT EXCLUSIVELY BY MEANS OF CARING, LISTENING AND HELPING PEOPLE ON THE STREETS AND AT VARIOUS VENUES DAY AND NIGHT.",True,,Dormant,Human Rights/religious Or Racial Harmony/equality Or Diversity
413,1143428,GIFT FOUNDATION,"Gift Foundation, 46E Micro Business Park, Greatorex Street, London",E1 5NP,Bethnal Green and Stepney,02086161240,admin@giftfoundation.org.uk,www.giftfoundation.org.uk,31/12/2024,275800.0,380453.0,Trust,"Makes Grants To Individuals, Provides Services, Provides Advocacy/advice/information","Education/training, Economic/community Development/employment",Other Defined Groups,Supporting the seekers of knowledge,"TO PROMOTE EDUCATION IN SUCH WAYS AS THE TRUSTEES THINK FIT IN PARTICULAR BUT NOT EXCLUSIVELY BY:
* AWARDING SCHOLARSHIPS OR GRANTS TO PEOPLE OVER THE AGE OF 21 YEARS IN THE UNITED KINGDOM AND DEVELOPING COUNTRIES TO ATTEND ANY UNIVERSITY, COLLEGE OR INSTITUTE OF HIGHER OR FURTHER EDUCATION; 
* TO PROMOTE NUMERACY AND LITERACY AMONGST CHILDREN IN DEVELOPING COUNTRIES.",True,Medium,Dormant,Economic/community Development/employment
414,1143432,AUGUSTINIANS OF THE ASSUMPTION,"Azets Holdings Ltd, River House, 1 Maidstone Road, SIDCUP, Kent",DA14 5RH,Old Bexley and Sidcup,02089801968,ASSUMPTIONISTS.GB@GMAIL.COM,www.assumptionist.org.uk/,31/12/2024,3267994.0,363177.0,Charitable company,"Makes Grants To Organisations, Provides Human Resources, Provides Services","Education/training, The Prevention Or Relief Of Poverty, Religious Activities","Elderly/old People, Other Charities Or Voluntary Bodies, Other Defined Groups, The General Public/mankind",The objects of the Charity are the advancement of the public benefit anywhere in the world of the religious and other charitable work of the Congregation of Roman Catholic Priests and Brothers known as the Augustinians of the Assumption as the Trustees with the approval of the Superior General of the Congregation shall from time to time think fit.,THE OBJECTS OF THE CHARITY ARE THE ADVANCEMENT FOR THE PUBLIC BENEFIT ANYWHERE IN THE WORLD OF THE RELIGIOUS AND OTHER CHARITABLE WORK OF THE CONGREGATION OF ROMAN CATHOLIC PRIESTS AND BROTHERS KNOWN AS THE AUGUSTINIANS OF THE ASSUMPTION AS THE TRUSTEES WITH THE APPROVAL OF THE SUPERIOR GENERAL OF THE CONGREGATION SHALL FROM TIME TO TIME THINK FIT.,False,Large,Dormant,Religious Activities
415,1143477,GLORIOUS MINISTRIES FOR ALL NATIONS,"Flat 22, Fleetfield, Birkenhead Street, LONDON",WC1H 8BP,Holborn and St Pancras,07402806962,Not available,gloriousministriesforallnations.org.uk,31/12/2024,28665.0,23925.0,Other,"Provides Services, Provides Advocacy/advice/information","General Charitable Purposes, Recreation",Children/young People,"To help young people advance in life and assist young people through:
*provision of recreational and leisure time activities;
*advancing in life and helping young people to develope their skills, capacities and capabilities to enable them participate in the society as independent, mature and responsible individuals
*advancing education through after school club and mentorship.","TO ADVANCE IN LIFE AND ASSIST YOUNG PEOPLE THROUGH:
I.THE PROVISION OF RECREATIONAL AND LEISURE TIME ACTIVITIES PROVIDED IN THE INTEREST OF SOCIAL WELFARE, DESIGNED TO IMPROVE THEIR CONDITIONS OF LIFE
II PROVIDING SUPPORT AND ACTIVITIES WHICH DEVELOP THEIR SKILLS, CAPACITIES AND CAPABILITIES TO ENABLE THEM TO PARTICIPATE IN SOCIETY AS MATURE AND RESPONSIBLE INDIVIDUALS
TO ACT AS A RESOURCE FOR YOUNG PEOPLE UP TO THE AGE OF 19YEARS OLD, IN 
LONDON AREA BY PROVIDING ADVICE AND ASSISTANCE AND ORGANISING 
PROGRAMMES OF PHYSICAL EDUCATION AND OTHER ACTIVITIES AS A MEANS OF:
I.ADVANCING IN LIFE AND HELPING YOUNG PEOPLE BY DEVELOPING THEIR SKILLS, CAPACITIES AND CAPABILITIES TO ENABLE THEM TO PARTICIPATE IN THE SOCIETY AS INDEPENDENT, MATURE AND RESPONSIBLE INDIVIDUALS
II.ADVANCING EDUCATION THROUGH AFTER SCHOOL CLUB, AND MENTORSHIP
III.RELIEVING UNEMPLOYMENT, BY CONTACTING AGENCIES ON THEIR BEHALF TO SEEK FOR OPPORTUNITY OF EMPLOYMENT",False,Small,Dormant,Recreation
416,1143837,ST KATHARINE'S TRUST,"Unit 3, The Crown and Leek, 11 Deal Street, London",,,08454974787,info@stkatharinestrust.org,www.stkatharinestrust.org,31/03/2025,40922.0,31037.0,Other,"Provides Services, Provides Advocacy/advice/information","Education/training, The Advancement Of Health Or Saving Of Lives, Amateur Sport, Recreation","Children/young People, Elderly/old People","SKT delivers projects for all including those with physical or sensory disabilities to- Educate and encourage the improvement of health, fitness physical well being and nutrition- Provide essential skills and awareness for the improvement and attainment of employment opportunities such as IT and soft skills- Encourage greater citizenship, participation in society and in group contexts.","TO ESTABLISH FOR PUBLIC BENEFIT A COMMUNITY BASED ORGANISATION TO PROVIDE OR PROCURE THE PROVISION OF SPORTING AND EDUCATIONAL FACILITIES IN THE INTEREST OF RECREATION,EDUCATION AND SOCIAL WELFARE FOR INDIVIDUALS WHO HAVE NEED OF SUCH FACILITIES BY REASON OF THEIR YOUTH,AGE,INFIRMITY,DISABILITY OR OTHER SOCIAL OR ECONOMIC CIRCUMSTANCES WITH THE OBJECT OF THE ADVANCEMENT OF-
(I) AMATEUR SPORT;
(II)HEALTH AND EDUCATION;AND
(III) LIFE CHANCES.",False,Small,Dormant,Recreation
417,1144138,LATIMER CONGREGATIONAL CHURCH,"THE MANSE, LATIMER CHURCH, ERNEST STREET, LONDON",E1 4LS,Bethnal Green and Stepney,02077908796,admin@latimerstepney.com,www.latimerstepney.com,31/12/2024,162969.0,219318.0,Trust,"Provides Buildings/facilities/open Space, Other Charitable Activities","Accommodation/housing, Religious Activities","Other Charities Or Voluntary Bodies, The General Public/mankind","Latimer Congregational Church continues to worship as an inclusive fellowship, showing God's love by living as Christ's ambassadors within our local community, doing, helping and providing as much as we can offer in His name, as individuals and as a congregation. One of the ways we meet this is by the provision of excellent facilities for other Christian charities and organisations.","THE PRINCIPAL PURPOSE OF THE CHURCH IS THE ADVANCEMENT OF THE CHRISTIAN FAITH ACCORDING TO THE PRINCIPLES AND USAGES FOR THE TIME BEING OF CONGREGATIONALISM AND IN ACCORDANCE WITH ANY SPECIFIC REQUIREMENTS IN THE FOUNDATION TRUSTS. THE CHURCH MAY ALSO ADVANCE EDUCATION RELIEVE NEED AND CARRY OUT OTHER CHARITABLE PURPOSES IN THE UNITED KINGDOM AND OTHER PARTS OF THE WORLD.",True,Medium,Dormant,Accommodation/housing
418,1144365,RURAL DEVELOPMENT FOUNDATION GLOBAL LTD,"160-162, MILE END ROAD, LONDON",E1 4LJ,Bethnal Green and Stepney,07931169280,info@rdfglobal.org,www.rdfglobal.org,31/03/2025,104798.0,85830.0,Charitable company,"Makes Grants To Individuals, Provides Buildings/facilities/open Space, Provides Services, Provides Advocacy/advice/information","General Charitable Purposes, Education/training, The Advancement Of Health Or Saving Of Lives, The Prevention Or Relief Of Poverty","Children/young People, People Of A Particular Ethnic Or Racial Origin, Other Defined Groups","The main activities of the charity are as follows:Health care support  & advice for mother and childrenEducational lectures on healthcareYouth training and team buildingNetworking and communication experience","THE CHARITY'S OBJECTS (""OBJECTS"") ARE SPECIFICALLY RESTRICTED TO THE FOLLOWING:
1. TO ADVANCE THE EDUCATION OF YOUNG PERSONS IN BANGLADESH.
2. THE PROMOTION OF RELIGIOUS HARMONY FOR THE BENEFIT OF THE PUBLIC BY EDUCATING THE PUBLIC IN DIFFERENT RELIGIOUS BELIEFS INCLUDING AN AWARENESS OF THEIR DISTINCTIVE FEATURES AND THEIR COMMON GROUND TO PROMOTE GOOD RELATIONS BETWEEN PERSONS OF DIFFERENT FAITHS.
3. THE RELIEF OF POVERTY, HARDSHIPS AND DISTRESS OF THE PUBLIC WHO ARE OF BANGLADESHI ORIGIN LIVING IN THE UK AND BANGLADESH.
4. THE PRESERVATION AND PROTECTION OF GOOD HEALTH OF THE PUBLIC WHO ARE OF BANGLADESHI ORIGIN LIVING IN THE UK AND BANGLADESH.
POWERSTHE PRESERVATION AND PROTECTION OF GOOD HEALTH OF THE PUBLIC WHO ARE OF BANGLADESHI ORIGIN LIVING IN THE UK AND BANGLADESH.",True,Medium,Dormant,The Advancement Of Health Or Saving Of Lives
419,1144395,THE PHOENIX SCHOOL FOR AUTISM CHARITABLE TRUST,"PHOENIX SPECIAL SCHOOL, 49 BOW ROAD, LONDON",E3 2AD,Stratford and Bow,02089804740,admin@phoenix.towerhamlets.sch.uk,www.phoenix.towerhamlets.sch.uk,31/03/2025,68258.0,57423.0,Trust,"Makes Grants To Individuals, Makes Grants To Organisations, Provides Buildings/facilities/open Space, Provides Services","Education/training, Disability","Children/young People, People With Disabilities","TO ADVANCE THE EDUCATION OF PEOPLE WITH AUTISM AND/OR LANGUAGE, COMMUNICATION OR INTERACTION DIFFICULTIES, PARTICULARLY THOSE CURRENTLY OR PREVIOUSLY ATTENDING, OR SUPPORTED BY PHOENIX PRIMARY AND SECONDARY  SCHOOL.  TO SUPPORT INTERNATIONAL WORK WITH LINK ORGANISATIONS WORKING WITH PEOPLE WITH AUTISM AND COMMUNICATION DIFFICULTIES.","TO ADVANCE THE EDUCATION OF PEOPLE WITH AUTISM AND/OR LANGUAGE, COMMUNICATION OR INTERACTION DIFFICULTIES, IN THE UK AND OVERSEAS,PARTICULARLY THOSE CURRENTLY OR PREVIOUSLY ATTENDING OR SUPPORTED BY PHOENIX PRIMARY AND SECONDARY SCHOOL (THE ORGANISATION), BY:

A) DEVELOPING EFFECTIVE RELATIONSHIPS BETWEEN THE STAFF, PARENTS AND OTHERS ASSOCIATED WITH THE ORGANISATION;

B) ENGAGING IN ACTIVITIES OR PROVIDING FACILITIES OR EQUIPMENT WHICH SUPPORT THE ORGANISATION AND ADVANCE THE EDUCATION OF PEOPLE WITH AUTISM AND/OR LANGUAGE, COMMUNICATION OR INTERACTION DIFFICULTIES.

C) ENGAGING IN PARTNERSHIPS PROMOTING TRAINING, DEVELOPMENT AND PRACTICAL SUPPORT.

THESE ACTIVITIES WILL TAKE PLACE IN THE UK AND OVERSEAS.",True,Small,Dormant,Disability
420,1144397,REDEEMED CHRISTIAN CHURCH OF GOD GENESIS CHAPEL,"RCCG Genesis Chapel, 5 Brayford Square, LONDON",E1 0SG,Bethnal Green and Stepney,07908765674,admin@genesischapel.com,www.genesischapel.com,30/09/2025,46621.0,43908.0,Trust,"Makes Grants To Individuals, Makes Grants To Organisations, Provides Services, Provides Advocacy/advice/information","The Prevention Or Relief Of Poverty, Religious Activities",The General Public/mankind,RCCG Genesis Chapel is a charity that holds religious activities.,"THE ADVANCEMENT OF THE CHRISTIAN FAITH WORLDWIDE IN ACCORDANCE WITH THE DOCTRINES SET OUT IN THE STATEMENT OF FAITH CONTAINED IN THE SCHEDULE.
THE RELIEF OF POVERTY.",True,Small,Dormant,Religious Activities
421,1144535,AGE UK EAST LONDON,"Age UK, 82 Russia Lane, London",E2 9LU,Bethnal Green and Stepney,02089817124,info@ageukeastlondon.org.uk,www.ageuk.org.uk/eastlondon,31/03/2025,3611044.0,3652310.0,Charitable company,"Provides Services, Provides Advocacy/advice/information","Education/training, The Advancement Of Health Or Saving Of Lives, Disability, The Prevention Or Relief Of Poverty, Human Rights/religious Or Racial Harmony/equality Or Diversity",Elderly/old People,Projects and services for older people and their carers in East London,"THE OBJECTS FOR WHICH THE CHARITY (THE OBJECTS) IS ESTABLISHED AND TO WHICH IT IS SPECIFICALLY RESTRICTED ARE TO PROMOTE THE FOLLOWING PURPOSES FOR THE BENEFIT OF THE PUBLIC AND/OR OLDER PEOPLE IN AND AROUND EAST LONDON, NAMELY CITY, HACKEY, TOWER HAMLETS, NEWHAM, WALTHAM FOREST, HAVERING, REDBRIDGE AND BARKING AND DAGENHAM (THE AREA OF BENEFIT):1.ADVANCING EDUCATION;2. PREVENTING OR RELIEVING SICKNESS, DISEASE OR SUFFERING IN OLDER PEOPLE (WHETHER EMOTIONAL, MENTAL OR PHYSICAL);3.PROMOTING EQUALITY AND DIVERSITY;4. ASSISTING OLDER PEOPLE IN NEED BY REASON OF ILL-HEALTH, DISABILITY, FINANCIAL HARDSHIP, SOCIAL EXCLUSION OR OTHER DISADVANTAGE; AND5.SUCH OTHER CHARITABLE PURPOSES FOR THE BENEFIT OF OLDER PEOPLE AS THE TRUSTEES MAY FROM TIME TO TIME DECIDE;",True,Large,Dormant,Human Rights/religious Or Racial Harmony/equality Or Diversity
422,1144694,MALMESBURY COMMUNITY PROJECTS,"36 GUERIN SQUARE, LONDON",E3 2DP,Stratford and Bow,02088807032,MALMESBURYMCP@GMAIL.COM,www.malmesburycommunityprojects.org,31/01/2025,13686.0,11476.0,Other,"Provides Services, Provides Advocacy/advice/information","Education/training, Amateur Sport, Economic/community Development/employment, Recreation","Children/young People, Elderly/old People, Other Defined Groups","To Promote for the benefit of the inhabitants of the LB of Tower Hamlets and the surrounding areathe provision of facilities for recreation or other leisure time occupation of individual who have needof such facilitiesTo advance the education for the public benefits , To help young people especially but not exclusively through leisure time activities.","THE CHARITY'S OBJECTS (""THE OBJECTS"") ARE:
(1) TO PROMOTE FOR THE BENEFIT OF THE INHABITANTS OF THE LONDON BOROUGH OF TOWER HAMLETS AND THE SURROUNDING AREA THE PROVISION OF FACILITIES FOR RECREATION OR OTHER LEISURE TIME OCCUPATION OF INDIVIDUALS WHO HAVE NEED OF SUCH FACILITIES BY REASON OF THEIR YOUTH, AGE, INFIRMITY OR DISABLEMENT, FINANCIAL HARDSHIP OR SOCIAL AND ECONOMIC CIRCUMSTANCES OR FOR THE PUBLIC AT LARGE IN THE INTERESTS OF SOCIAL WELFARE AND WITH THE OBJECT OF IMPROVING THE CONDITION OF LIFE OF THE SAID INHABITANTS.
(2) TO ADVANCE THE EDUCATION FOR THE PUBLIC BENEFIT, IN PARTICULAR BY THE PROVISION OF TRAINING OPPORTUNITIES TO FACILITATE SOCIAL INCLUSION AND INTEGRATION INTO THE WIDER SOCIETY AND THE PROVISION OF INFORMATION AND ADVICE.
(3) TO HELP YOUNG PEOPLE, ESPECIALLY BUT NOT EXCLUSIVELY THROUGH LEISURE TIME ACTIVITIES, SO AS TO DEVELOP THEIR CAPABILITIES THAT THEY MAY GROW TO FULL MATURITY AS INDIVIDUALS AND MEMBERS OF SOCIETY.",True,Small,Dormant,Recreation
423,1144944,BEANI BAZAR WELFARE TRUST UK,"13 SENRAB STREET, LONDON",E1 0QE,Bethnal Green and Stepney,07949249660,bbwtuk@gmail.com,Not available,30/06/2023,12037.0,47809.0,Charitable company,"Makes Grants To Individuals, Makes Grants To Organisations","General Charitable Purposes, The Advancement Of Health Or Saving Of Lives, The Prevention Or Relief Of Poverty, Accommodation/housing",People Of A Particular Ethnic Or Racial Origin,"BEANI BAZAR WELFARE TRUST UK ARE TO ESTABLISH PUBLIC BENEFIT OF THE PEOPLE IN THE UNITED KINGDOM AND OTHER DEPRIVED PARTS OF THE WORLD IN PARTICULAR BUT NOT EXCLUSIVELY FOR THE BENEFIT OF THE PEOPLE FROM BEANI BAZAR IN BANGLADESH. MAIN ACTIVITIES INVOLVED ARE IN TO- RELIEVE POVERTY, ADVANCE EDUCATION, RELIEVE SICKNESS AND TO PROMOTE AND PROTECT GOOD HEALTH.","THE FOLLOWING OBJECTS ARE ESTABLISHED FOR THE PUBLIC BENEFIT OF PEOPLE IN THE UK AND OTHER DEPRIVED PARTS OF THE WORLD, IN PARTICULAR BUT NOT EXCLUSIVELY FOR THE BENEFIT OF PEOPLE FROM BEANI BAZRA BANGLADESH:- 1)TO RELIEVE POVERTY;2)TO ADVANCE EDUCATION;3)TO RELIEVE SICKNESS AND TO PROMOTE AND PROTECT GOOD HEALTH;AND 4)TO PROVIDE OR ASSIST IN THE PROVISION OF FACILITIES IN THE INTERESTS OF SOCIAL WELFARE FOR RECREATION OR OTHER LEISURE TIME OCCUPATION OF INDIVIDUALS WHO HAVE NEED OF SUCH FACILITIES BY REASON OF THEIR YOUTH, AGE INFIRMITY OR DISABILITY, FINANCIAL HARDSHIP OR SOCIAL CIRCUMSTANCES WITH THE OBJECT OF IMPROVING THEIR CONDITIONS OF LIFE.",True,Small,Dormant,Accommodation/housing
424,1145055,REPTON BOXING CLUB,"2-10 EZRA STREET, LONDON",E2 7RH,Bethnal Green and Stepney,02077398567,info@reptonboxingclub.org,www.reptonboxingclub.com,30/06/2024,94337.0,106295.0,Other,Provides Services,Amateur Sport,Children/young People,Boys Boxing Club,THE PROMOTION OF COMMUNITY PARTICIPATION IN HEALTHY RECREATION FOR THE BENEFIT OF THE INHABITANTS OF THE LONDON BOROUGH OF TOWER HAMLETS AND THE PUBLIC GENERALLY BY THE PROVISION OF FACILITIES AND OPPORTUNITIES FOR BOXING.,True,Small,Dormant,Amateur Sport
425,1145150,ST JOHNS (ISLE OF DOGS) COMMUNITY ASSOCIATION,"Friends Of Island History Trust, 37-43 Glengall Grove, LONDON",E14 3NE,Poplar and Limehouse,02079874030,georgepye@btconnect.com,none.known,31/12/2024,17204.0,12724.0,Charitable company,"Provides Human Resources, Provides Buildings/facilities/open Space, Provides Services, Provides Advocacy/advice/information, Acts As An Umbrella Or Resource Body","General Charitable Purposes, Education/training, The Advancement Of Health Or Saving Of Lives, Disability, The Prevention Or Relief Of Poverty, Overseas Aid/famine Relief, Religious Activities, Amateur Sport, Economic/community Development/employment, Human Rights/religious Or Racial Harmony/equality Or Diversity, Recreation","Children/young People, Elderly/old People, People With Disabilities, People Of A Particular Ethnic Or Racial Origin, The General Public/mankind",Running St John's community hall on the isle of Dogs,"TO FURTHER OR BENEFIT THE RESIDENTS OF THE ISLE OF DOGS AND THE NEIGHBOURHOOD, WITHOUT DISTINCTION OF SEX, SEXUAL ORIENTATION, RACE OR OF POLITICAL, RELIGIOUS OR OTHER OPINIONS BY ASSOCIATING TOGETHER THE SAID RESIDENTS AND THE LOCAL AUTHORITIES, VOLUNTARY AND OTHER ORGANISATIONS IN A COMMON EFFORT TO ADVANCE EDUCATION AND TO PROVIDE FACILITIES IN THE INTERESTS OF SOCIAL WELFARE FOR RECREATION LEISURE TIME OCCUPATION WITH THE OBJECTIVE OF IMPROVING THE CONDITIONS OF LIFE FOR THE RESIDENTS. IN FURTHERANCE OF THESE OBJECTS BUT NOT OTHERWISE, THE TRUSTEES SHALL HAVE POWER: TO ESTABLISH OR SECURE THE ESTABLISHMENT OF A COMMUNITY CENTRE AND TO MAINTAIN OR MANAGE OR CO-OPERATE WITH ANY STATUTORY AUTHORITY IN THE MAINTENANCE AND MANAGEMENT OF SUCH A CENTRE FOR ACTIVITIES PROMOTED BY THE CHARITY IN FURTHERANCE OF THE ABOVE OBJECTS.",True,Small,Dormant,Overseas Aid/famine Relief
426,1145513,THE POPLAR PARTNERSHIP,"BYGROVE PRIMARY SCHOOL, BYGROVE STREET, LONDON",E14 6DN,Poplar and Limehouse,02075384925,STEVEN@UNITYSCHOOLSERVICES.CO.UK,www.thepoplarpartnership.org.uk,31/10/2024,199097.0,5443.0,Charitable company,"Makes Grants To Organisations, Acts As An Umbrella Or Resource Body","General Charitable Purposes, Education/training, The Advancement Of Health Or Saving Of Lives",Children/young People,"Tower Hamlets has the highest rate of child poverty in London. It is the second most deprived borough in London and is the third most deprived borough nationally. 
Poplar is the most deprived ward within Tower Hamlets.
The Poplar Partnership is small charity set up to try and tackle these problems at their root, by helping fund and support early intervention projects within our community.","TO FURTHER SUCH CHARITABLE PURPOSES FOR THE BENEFIT OF THE PUBLIC IN TOWER HAMLETS AS THE TRUSTEES SEE FIT FROM TIME TO TIME IN PARTICULAR BUT NOT LIMITED TO: (A)ADVANCING EDUCATION AND TRAINING;(B)PROMOTING CIVIC RESPONSIBILITY AND GOOD CITIZENSHIP;(C)ADVANCING COMMUNITY PARTICIPATION IN HEALTHY RECREATION; (D)   PROMOTING RACIAL HARMONY; (E)PROMOTING AND PRESERVING GOOD HEALTH;(F)PROVIDING OR ASSISTING IN THE PROVISION OF FACILITIES IN THE INTERESTS OF SOCIAL WELFARE FOR RECREATION OR OTHER LEISURE TIME OCCUPATION OF INDIVIDUALS WHO HAVE NEED OF SUCH FACILITIES BY REASON OF THEIR YOUTH, AGE INFIRMITY OR DISABILITY, FINANCIAL HARDSHIP OR SOCIAL CIRCUMSTANCES WITH THE OBJECT OF IMPROVING THEIR CONDITIONS OF LIFE; (G)ADVANCING IN LIFE AND RELIEVING THE NEEDS OF YOUNG PEOPLE THROUGH THE PROVISION OF SUPPORT AND ACTIVITIES WHICH DEVELOP THEIR SKILLS, CAPACITIES AND CAPABILITIES TO ENABLE THEM TO PARTICIPATE IN SOCIETY AS MATURE AND RESPONSIBLE INDIVIDUALS; AND BY (H)PROMOTING THE SOCIAL INCLUSION OF CHILDREN AND YOUNG PEOPLE BY PREVENTING THEM FROM BECOMING SOCIALLY EXCLUDED FROM SOCIETY, OR PART OF SOCIETY, AS A RESULT OF THEIR YOUTH AND/OR BEING A MEMBER OF A SOCIALLY AND ECONOMICALLY DEPRIVED COMMUNITY.",True,Medium,Dormant,The Advancement Of Health Or Saving Of Lives
427,1145770,MUHAMMADIYAH HOUSE OF WISDOM,"Montgomery House, 81 Bark Street, Bolton",BL1 2AX,Bolton North East,07956 840838,info@mhow.org,www.mhow.org,31/12/2024,1069981.0,738009.0,Trust,"Provides Buildings/facilities/open Space, Provides Services, Provides Advocacy/advice/information, Other Charitable Activities","General Charitable Purposes, Education/training, Religious Activities, Amateur Sport, Recreation, Other Charitable Purposes","Children/young People, Elderly/old People, People With Disabilities, People Of A Particular Ethnic Or Racial Origin, The General Public/mankind","The charity is committed to making a profound impact nationally and globally, passionately advocating for the causes that go beyond that of physical welfare; the underlying causes of depleting mental health and breakdown of relationships and societies. We recognise the multifaceted challenges people face so we specialise in providing comprehensive support, techniques and tools in overcoming these.","A) TO PROVIDE AND PROMOTE A CENTRE FOR THE PROVISION OF FACILITIES FOR RECREATION AND OTHER LEISURE TIME OCCUPATION, AS MAY FROM TIME TO TIME BE DETERMINED, IN THE INTERESTS OF SOCIAL WELFARE WITH THE OBJECT OF IMPROVING THE LIFE OF THE INHABITANTS OF THE AREA OF BENEFIT, IN PARTICULAR THOSE OF THE MUSLIM COMMUNITY WHO ARE IN NEED THEREOF BY REASON OF THEIR YOUTH, AGE, INFIRMITY, POVERTY, SOCIAL OR ECONOMIC CIRCUMSTANCES;
(B) TO ADVANCE THE ISLAMIC RELIGION MAINLY, BUT NOT EXCLUSIVELY, BY MEANS OF BROADCASTING ISLAMIC MESSAGES OF A TEACHING NATURE.
(C) TO ADVANCE THE EDUCATION AND UNDERSTANDING OF THE PUBLIC IN THE MUSLIM CULTURE AND HERITAGE.
(D) SUCH CHARITABLE PURPOSES FOR THE PUBLIC BENEFIT AS ARE EXCLUSIVELY CHARITABLE ACCORDING TO THE LAWS OF ENGLAND AND WALES AS THE TRUSTEES MAY FROM TIME TO TIME DETERMINE.",False,Large,Dormant,Other Charitable Purposes
428,1146033,MILLWALL COMMUNITY ASSOCIATION,"4 TOPMAST POINT, THE QUARTERDECK, LONDON",E14 8SL,Poplar and Limehouse,07852919149,millwallmba@yahoo.com,Not available,31/03/2025,15493.0,9577.0,Other,Provides Services,"Arts/culture/heritage/science, Other Charitable Purposes","Children/young People, Elderly/old People, People Of A Particular Ethnic Or Racial Origin","Youth activities: discussions, sports, recreational activities, etc. women's activities: discussions, social gatherings, etc.supplementary classes: There are regular supplementary classes for local children. spiritual/cultural activities: MCA trustees arrange spiritual/cultural activities for the local people on a regular basis.","1) TO PROVIDE OR ASSIST IN THE PROVISION OF FACILITIES IN THE INTERESTS OF SOCIAL WELFARE FOR RECREATION OR OTHER LEISURE TIME OCCUPATION OF INDIVIDUALS LIVING IN MILLWALL IN THE LONDON BOROUGH OF TOWER HAMLETS WHO HAVE NEED OF SUCH FACILITIES BY REASON OF THEIR YOUTH, AGE INFIRMITY OR DISABILITY, FINANCIAL HARDSHIP OR SOCIAL CIRCUMSTANCES WITH THE OBJECT OF IMPROVING THEIR CONDITIONS OF LIFE.

2) TO ADVANCE THE EDUCATION OF CHILDREN AND YOUNG PEOPLE LIVING IN MILLWALL THROUGH THE PROVISION OF SUPPLEMENTARY EDUCATIONAL CLASSES.

3) TO ADVANCE IN LIFE AND RELIEVE NEEDS OF YOUNG PEOPLE THROUGH: 
(A) THE PROVISION OF RECREATIONAL AND LEISURE TIME ACTIVITIES PROVIDED IN THE INTEREST OF SOCIAL WELFARE, DESIGNED TO IMPROVE THEIR CONDITIONS OF LIFE; 

(B) PROVIDING SUPPORT AND ACTIVITIES WHICH DEVELOP THEIR SKILLS, CAPACITIES AND CAPABILITIES TO ENABLE THEM TO PARTICIPATE IN SOCIETY AS MATURE AND RESPONSIBLE INDIVIDUALS.

4) TO ADVANCE THE EDUCATION OF THE PUBLIC IN THE BANGLADESHI CULTURE BY SUCH MEANS AS THE TRUSTEES MAY DETERMINE.",True,Small,Dormant,Other Charitable Purposes
429,1146240,BOW ROAD METHODIST CHURCH,"Bow Road Methodist Church, 1 Merchant Street, LONDON",E3 4LY,Stratford and Bow,02088807301,admin@mcth.org.uk,www.mcth.org.uk,31/08/2024,0.0,0.0,Previously excepted,Provides Buildings/facilities/open Space,Religious Activities,The General Public/mankind,Religious Worship,"THE PURPOSES OF THE METHODIST CHURCH ARE AND SHALL BE DEEMED TO HAVE BEEN SINCE THE DATE OF UNION THE ADVANCEMENT OF -
(A) THE CHRISTIAN FAITH IN ACCORDANCE WITH THE DOCTRINAL STANDARDS AND THE DISCIPLINE OF THE METHODIST CHURCH;
(B) ANY CHARITABLE PURPOSE FOR THE TIME BEING OF ANY CONNEXIONAL, DISTRICT, CIRCUIT, LOCAL OR OTHER ORGANISATION OF THE METHODIST CHURCH;
(C) ANY CHARITABLE PURPOSE FOR THE TIME BEING OF ANY SOCIETY OR INSTITUTION SUBSIDUARY OR ANCILLARY TO THE METHODIST CHURCH;
(D) ANY PURPOSE FOR THE TIME BEING OF ANY CHARITY BEING A CHARITY SUBSIDIARY OR ANCILLARY TO THE METHODIST CHURCH.",True,,Dormant,Religious Activities
430,1146382,ZURIEL FOUNDATION,"65 Harts Lane, Barking",IG11 8LL,Barking,02082526153,info@zurielfoundation.org,www.zurielfoundation.org,10/11/2021,70.0,0.0,Other,Provides Services,"General Charitable Purposes, Education/training, The Advancement Of Health Or Saving Of Lives, The Prevention Or Relief Of Poverty, Economic/community Development/employment, Recreation","Children/young People, Other Defined Groups, The General Public/mankind","Youths in needChildren in needFamily support","THE CHARITY'S OBJECTS (""THE OBJECTS"") ARE:

(A) THE RELIEF OF SICKNESS AND FINANCIAL HARDSHIP, EITHER GENERALLY OR INDIVIDUALLY, OF PEOPLE LIVING IN THE UK AND OVERSEAS BY PROVIDING SUCH PERSONS WITH GOODS/SERVICES WHICH THEY COULD NOT OTHERWISE AFFORD THROUGH LACK OF MEANS.

(B) TO PROVIDE OR ASSIST IN THE PROVISION OF FACILITIES IN THE INTERESTS OF SOCIAL WELFARE FOR RECREATION OR OTHER LEISURE TIME OCCUPATION OF INDIVIDUALS WHO HAVE NEED OF SUCH FACILITIES BY REASON OF THEIR YOUTH, AGE INFIRMITY OR DISABILITY, FINANCIAL HARDSHIP OR SOCIAL CIRCUMSTANCES WITH THE OBJECT OF IMPROVING THEIR CONDITIONS OF LIFE.

(C) TO HELP YOUNG PEOPLE, ESPECIALLY BUT NOT EXCLUSIVELY THROUGH LEISURE TIME ACTIVITIES, SO AS TO DEVELOP THEIR CAPABILITIES THAT THEY MAY GROW TO FULL MATURITY AS INDIVIDUALS AND MEMBERS OF SOCIETY.

(D) SUCH OTHER CHARITABLE PURPOSES FOR THE PUBLIC BENEFIT AS ARE EXCLUSIVELY CHARITABLE ACCORDING TO THE LAWS OF ENGLAND AND WALES AS THE TRUSTEES MAY FROM TIME TO TIME DETERMINE.",False,Micro,Dormant,Recreation
431,1146557,VICTORIA PARK BAPTIST CHURCH,"186 Grove Road, BOW, LONDON",E3 5TG,Stratford and Bow,02089810735,admin@vpbc.org.uk,http://www.vpbc.org.uk/,31/03/2025,118685.0,99314.0,Other,"Makes Grants To Individuals, Makes Grants To Organisations, Provides Human Resources, Provides Buildings/facilities/open Space, Provides Services",Religious Activities,"Children/young People, Elderly/old People, People With Disabilities, Other Charities Or Voluntary Bodies, The General Public/mankind",Advancement of Christian faith according to the principles of the Baptist denomination.  The Church may also advance education and carry out other charitable purposes in UK and or other parts of world.,THE PRINCIPAL PURPOSE OF THE CHURCH IS THE ADVANCEMENT OF THE CHRISTIAN FAITH ACCORDING TO THE PRINCIPLES OF THE BAPTIST DENOMINATION. THE CHURCH MAY ALSO ADVANCE EDUCATION AND CARRY OUT OTHER CHARITABLE PURPOSES IN THE UNITED KINGDOM AND/OR OTHER PARTS OF THE WORLD.,True,Medium,Dormant,Religious Activities
432,1146574,THE FEAST YOUTH PROJECT,"c/o Christ Church Sparkbrook, 32 Farm Road, Sparkbrook, Birmingham",B11 1LS,Birmingham Hall Green and Moseley,0753 5922 935,contact@thefeast.org.uk,www.thefeast.org.uk,31/03/2025,218544.0,225478.0,Charitable company,"Provides Human Resources, Provides Services, Provides Advocacy/advice/information, Acts As An Umbrella Or Resource Body","Religious Activities, Human Rights/religious Or Racial Harmony/equality Or Diversity","Children/young People, People Of A Particular Ethnic Or Racial Origin","The Feast runs a variety of events bringing together young people from different faith, belief, ethnic and social backgrounds.  This includes schools work, residentials, youth encounters and work with church youth groups. Our National Office is located in Sparkbrook, Birmingham and our activities are mainly in Birmingham, Luton and Tower Hamlets in London.","1) THE COMPANY'S OBJECTS ARE TO PROMOTE GOOD CITIZENSHIP FOR THE PUBLIC BENEFIT AMONGST YOUNG PEOPLE IN THE UNITED KINGDOM OR THE OTHER PARTS OF THE WORLD AS THE TRUSTEES MAY FROM TIME TO TIME THINK FIT IN PARTICULAR AMONGST CHRISTIAN AND MUSLIM YOUNG PEOPLE BY:-
A) PROMOTING RELIGIOUS HARMONY CONSISTENT WITH CHRISTIAN PRINCIPLES THROUGH THE RAISING OF AWARENESS OF DISTINCTIVE FEATURES AND COMMON GROUND PRESENT IN RELIGIOUS BELIEFS HELD AMONGST SUCH YOUNG PEOPLE OF DIFFERENT FAITHS; 
B) PROMOTING KNOWLEDGE AND MUTUAL UNDERSTANDING AND RESPECT OF THE BELIEFS AND PRACTICES OF DIFFERENT RELIGIOUS FAITHS THROUGH FACILITATING FORMAL AND INFORMAL EDUCATIONAL OPPORTUNITIES AMONGST SUCH YOUNG PEOPLE OF DIFFERENT FAITHS, IN PARTICULAR WITHIN SECONDARY SCHOOLS; AND
C) PROVIDING SUPPORT AND TRAINING TO THOSE WHO WORK WITH AND AMONGST SUCH YOUNG PEOPLE, IN PARTICULAR, BUT NOT EXCLUSIVELY, TO BETTER ENABLE THEM TO PROMOTE COHESION AND MUTUAL RESPECT AMONGST SUCH YOUNG PEOPLE.",False,Medium,Dormant,Human Rights/religious Or Racial Harmony/equality Or Diversity
433,1147041,SHAH BAQUIBILLAH ORPHANAGE TRUST,"Flat 601, Balboa Court, 5 Pechora Way, LONDON",E14 7UN,Bethnal Green and Stepney,07903106037,info@sborphanagetrust.co.uk,https://sborphanagetrust.co.uk/,28/04/2025,72500.0,83489.0,Other,"Makes Grants To Individuals, Other Charitable Activities","General Charitable Purposes, Education/training, The Prevention Or Relief Of Poverty, Other Charitable Purposes","Children/young People, Elderly/old People, The General Public/mankind","The relief of the poor, the aged, children and the needy in any part of the world, primarily when arising from public calamity and in particular but without prejudice to the generality to the foregoing, for the purpose  of providing grants, food, clothing, shelter, medical aid and supplies.","1.TO ADVANCE THE EDUCATION OF CHILDREN AND YOUNG PEOPLE IN BANGLADESH BY SUCH MEANS AS THE TRUSTEES MAY FROM TIME TO TIME DETERMINE.2.TO PREVENT OR RELIEVE POVERTY IN BANGLADESH BY PROVIDING GRANTS OF FINANCIAL ASSISTANCE, ITEMS AND SERVICES TO INDIVIDUALS IN NEED.3.TO RELIEVE SICKNESS AND PRESERVE AND PROTECT GOOD HEALTH AMONG PEOPLE LIVING IN BANGLADESH BY SUCH MEANS AS THE TRUSTEES MAY FROM TIME TO TIME DETERMINE.4.SUCH OTHER CHARITABLE PURPOSES FOR THE PUBLIC BENEFIT AS ARE EXCLUSIVELY CHARITABLE ACCORDING TO THE LAWS OF ENGLAND AND WALES AS THE TRUSTEES MAY FROM TIME TO TIME DETERMINE.",True,Small,Dormant,Other Charitable Purposes
434,1147086,WEAVERS COMMUNITY FORUM,"Weavers Community Centre, 10 Shacklewell Street, Bethnal Green, London",E2 7EG,Bethnal Green and Stepney,02077398568,info@weaversforum.org,www.weaversforum.org,31/03/2025,81056.0,69384.0,Other,"Provides Buildings/facilities/open Space, Provides Services, Provides Advocacy/advice/information, Sponsors Or Undertakes Research, Acts As An Umbrella Or Resource Body, Other Charitable Activities","General Charitable Purposes, Education/training, The Advancement Of Health Or Saving Of Lives, Disability, The Prevention Or Relief Of Poverty, Arts/culture/heritage/science, Economic/community Development/employment, Human Rights/religious Or Racial Harmony/equality Or Diversity, Recreation, Other Charitable Purposes","Children/young People, Elderly/old People, People With Disabilities, People Of A Particular Ethnic Or Racial Origin, The General Public/mankind","WEAVERS COMMUNITY FORUM IS A GRASSROOTS YOUTH AND COMMUNITY ORGANISATION CONDUCTING ACTIVITIES IN THE EAST OF LONDON. IT OFFERS A WIDE RANGE OF SERVICES FOR YOUNG PEOPLE AND THE COMMUNITY AT LARGE. THESE CAN BE GROUPED INTO THE FOLLOWING THEMES: EDUCATION, TRAINING AND EMPLOYMENT: HEALTH AND WELL-BEING: SPORTS AND RECREATIONAL ACTIVITIES: COMMUNITY EVENTS:  AND GENERIC YOUTH CLUB ACTIVITIES.",ARE TO PROMOTE THE BENEFIT OF THE INHABITANTS OF THE LONDON BOROUGH OF TOWER HAMLETS AND SURROUNDING LONDON BOROUGH'S,True,Small,Dormant,Human Rights/religious Or Racial Harmony/equality Or Diversity
435,1147201,TAIBA COMMUNITY CENTRE,"30 WILLOUGHBY ROAD, LONDON",N8 0JG,Hornsey and Friern Barnet,02083411680,Not available,www.TAIBAMOSQUECOMPLEX.COM,31/12/2023,51946.0,41061.0,Other,"Provides Services, Provides Advocacy/advice/information",Religious Activities,"Children/young People, Elderly/old People, People Of A Particular Ethnic Or Racial Origin, Other Charities Or Voluntary Bodies",religious education etc,"THE OBJECTIVES FOR WHICH THE ORGANISATION IS ESTABLISHED ARE:
(1) TO ADVANCE THE RELIGIONS OF ISLAM AND UNDERSTANDING OTHER FAITHS.
(2) TO ADVANCE THE EDUCATION OF CHILDREN AND ADULTS IN ACCORDANCE WITH THE TENETS AND DOCTRINES OF ISLAM.",False,Small,Dormant,Religious Activities
436,1147781,DOCKLANDS SINFONIA,"7 Kearton Close, Kenley",CR8 5EN,Croydon South,07931387101,info@docklandssinfonia.co.uk,http://www.docklandssinfonia.co.uk,31/08/2024,67204.0,66609.0,Other,Other Charitable Activities,Arts/culture/heritage/science,"Children/young People, The General Public/mankind","Docklands Sinfonia:
An orchestral family which has become a major cultural force in the Docklands and beyond - bringing high quality music to the area, staging ground-breaking concerts and creating a lasting legacy by inspiring generations of young people.","THE OBJECTS OF THE SOCIETY SHALL BE: 1. TO ADVANCE, IMPROVE, DEVELOP AND MAINTAIN PUBLIC EDUCATION IN, AND APPRECIATION OF, THE ART AND SCIENCE OF ORCHESTRAL MUSIC IN ALL ITS ASPECTS AND BY ANY MEANS THE TRUSTEES SEE FIT, INCLUDING THROUGH THE PRESENTATION OF PUBLIC CONCERTS AND RECITALS. 2. TO FURTHER SUCH CHARITABLE PURPOSE OR PURPOSES AS THE TRUSTEES IN THEIR ABSOLUTE DISCRETION SHALL THINK FIT BUT IN PARTICULAR THROUGH THE MAKING OF GRANTS AND DONATIONS.",False,Small,Dormant,Arts/culture/heritage/science
437,1147786,QUEEN MARY UNIVERSITY OF LONDON STUDENTS' UNION LIMITED,"Students' Union Hub, 329 Mile End Road, London",E1 4NT,Bethnal Green and Stepney,02078828045,su-qmsu.reception@qmul.ac.uk,www.qmsu.org,31/07/2024,7860914.0,7855389.0,Charitable company,"Provides Buildings/facilities/open Space, Provides Services, Provides Advocacy/advice/information","Education/training, Amateur Sport, Recreation","Other Defined Groups, The General Public/mankind",The provision of support and services to students at Queen Mary University of London,"THE OBJECTS OF THE UNION ARE THE ADVANCEMENT OF EDUCATION OF STUDENTS AT QUEEN MARY, UNIVERSITY OF LONDON FOR THE PUBLIC BENEFIT BY:
4.1	PROMOTING THE INTERESTS AND WELFARE OF STUDENTS AT QUEEN MARY, UNIVERSITY OF LONDON DURING THEIR COURSE OF STUDY AND REPRESENTING, SUPPORTING AND ADVISING STUDENTS;
4.2	BEING THE RECOGNISED REPRESENTATIVE CHANNEL BETWEEN STUDENTS AND QUEEN MARY, UNIVERSITY OF LONDON AND ANY OTHER EXTERNAL BODIES; AND
4.3	PROVIDING SOCIAL, CULTURAL, SPORTING AND RECREATIONAL ACTIVITIES AND FORUMS FOR DISCUSSIONS AND DEBATE FOR THE PERSONAL DEVELOPMENT OF ITS STUDENTS.",True,Large,Dormant,Recreation
438,1147789,EAST END COMMUNITY FOUNDATION,"JACK DASH HOUSE, 2 LAWN HOUSE CLOSE, LONDON",E14 9YQ,Poplar and Limehouse,02073454444,admin@eastendcf.org,www.eastendcf.org,31/03/2025,2889889.0,2017075.0,Charitable company,"Makes Grants To Organisations, Provides Services, Provides Advocacy/advice/information","General Charitable Purposes, Education/training, The Prevention Or Relief Of Poverty, Economic/community Development/employment","Children/young People, Elderly/old People, Other Charities Or Voluntary Bodies, The General Public/mankind","A grant making charity working to relieve poverty in four boroughs of East London; Tower Hamlets, Hackney, Newham and the City of London","THE PROMOTION OF THE RELIEF OF POVERTY AND SICKNESS OF PERSONS IN THE BENEFIT AREA;THE PROVISION OF OR ASSISTANCE IN THE PROVISION OF FACILITIES FOR RECREATION OR OTHER LEISURE-TIME OCCUPATION FOR INHABITANTS WITHIN THE BENEFIT AREA IN THE INTERESTS OF SOCIAL WELFARE AND WITH THE OBJECT OF IMPROVING THEIR CONDITION IN LIFE;THE PROMOTION OF THE ADVANCEMENT OF EDUCATION AND LEARNING (INCLUDING TRAINING IN EMPLOYMENT SKILLS) FOR THE BENEFIT OF INHABITANTS WITHIN THE BENEFIT AREA; THE ADVANCEMENT OF PUBLIC EDUCATION IN THE ARTS;THE PROMOTION OF ANY OTHER CHARITABLE PURPOSES FOR THE BENEFIT OF THE COMMUNITY OR OF AN APPRECIABLY IMPORTANT CLASS OF THE COMMUNITY CONSISTING OF THE INHABITANTS WITHIN THE BENEFIT AREA; THE RELIEF OF UNEMPLOYMENT FOR THE PUBLIC BENEFIT IN THE BENEFIT AREA IN SUCH WAYS AS MAY BE THOUGHT FIT, INCLUDING ASSISTANCE TO FIND EMPLOYMENT;THE PROMOTION FOR THE PUBLIC BENEFIT OF URBAN REGENERATION IN AREAS OF SOCIAL AND ECONOMIC DEPRIVATION IN THE BENEFIT AREA BY ALL OR ANY OF THE FOLLOWING MEANS:(A)	THE PRESERVATION OF BUILDINGS OR SITES OF HISTORIC OR ARCHITECTURAL IMPORTANCE;(B)	THE PROTECTION OR CONSERVATION OF THE ENVIRONMENT;(C)	THE PROVISION OF PUBLIC HEALTH FACILITIES AND CHILDCARE; AND(D)	THE PROMOTION OF PUBLIC SAFETY AND PREVENTION OF CRIME;TO MAKE CONTRIBUTIONS TO ANY CHARITABLE TRUSTS, ASSOCIATIONS, BODIES OR CORPORATIONS FROM TIME TO TIME IN EXISTENCE HAVING AS, OR AMONG, THEIR OBJECTS ANY SIMILAR OBJECTS TO THE COMPANY; ANDTO DO ALL SUCH OTHER ACTS AND THINGS AS THE BOARD MAY (SUBJECT TO THE ARTICLES) CONSIDER NECESSARY OR DESIRABLE IN CONNECTION WITH THE DEVELOPMENT OR PROMOTION OF THE OBJECTS OF THE COMPANY SET OUT IN ARTICLE 3.1;PROVIDED THAT NONE OF THE OBJECTS MAY BE EXERCISED IN SUCH A WAY AS TO ACHIEVE OR PROMOTE AIMS AND/OR OBJECTIVES OF A PARTY POLITICAL NATURE; ANDPROVIDED THAT IN FURTHERANCE OF ALL OR ANY OF THE OBJECTS THE COMPANY SHALL HAVE POWER TO PROMOTE ANY OF THE OBJECTS AND TO PROVIDE OR ASSIST CHARITABLE ACTIVITIES IN AREAS AND/OR PLACES OUTSIDE THE BENEFIT AREA WHERE IT IS OF THE OPINION THAT TO DO SO WILL BENEFIT THE INHABITANTS OF THE BENEFIT AREA.",True,Large,Dormant,Economic/community Development/employment
439,1147901,APPLE PIE ENTERPRISES LTD.,"39 Broadway, LONDON",E15 4BQ,Stratford and Bow,02035732174,TREVOR@APE-MEDIA.COM,www.ape-media.co.uk,31/03/2025,83053.0,69691.0,Charitable company,"Provides Human Resources, Provides Buildings/facilities/open Space, Provides Services, Provides Advocacy/advice/information","Education/training, Arts/culture/heritage/science","Children/young People, People With Disabilities, People Of A Particular Ethnic Or Racial Origin","Mission:To enable social change by providing a point of entry to the media and creative industries for individuals from disadvantaged communities. APE MEDIA delivers training, events and production opportunities in the following sectors of the creative industry; TV & Film Production, Radio Broadcast & Production,Music Construction & Production; as well as fashion and performing arts (Dance).","FOR THE PUBLIC BENEFIT, TO ACT AS A COMMUNITY MEDIA AND YOUTH ARTS PROJECT RESOURCE FOR YOUNG PEOPLE FROM THE AGE OF 14 YEARS FROM DISADVANTAGED COMMUNITIES IN EAST LONDON BY PROVIDING ADVICE AND ASSISTANCE AND ORGANISING PROGRAMMES OF PHYSICAL, EDUCATIONAL AND OTHER ACTIVITIES BY MEANS OF: A) ADVANCING IN LIFE AND HELPING YOUNG PEOPLE BY DEVELOPING THEIR SKILLS, CAPACITIES AND CAPABILITIES TO ENABLE THEM TO PARTICIPATE IN SOCIETY AS INDEPENDENT, MATURE AND RESPONSIBLE INDIVIDUALS; B) ADVANCING COMMUNITY EDUCATION AND TRAINING IN THE MEDIA AND YOUTH ARTS FIELDS; C) BRINGING TOGETHER YOUNG PEOPLE FROM DISADVANTAGED COMMUNITIES TO DEVELOP THEIR SKILLS IN THE MEDIA AND CREATIVE FIELDS; D) PROVIDING RECREATIONAL AND LEISURE TIME ACTIVITY IN THE MEDIA AND CREATIVE FIELDS IN THE INTERESTS OF SOCIAL WELFARE FOR PEOPLE LIVING IN THE AREA OF BENEFIT WHO MAY HAVE NEEDS BY REASON OF THEIR YOUTH, AGE, POVERTY OR SOCIAL AND ECONOMIC CIRCUMSTANCES WITH A VIEW TO IMPROVING THE CONDITIONS OF LIFE OF SUCH PERSONS.",False,Small,Dormant,Arts/culture/heritage/science
440,1148212,UNIVERSITY OF SUNDERLAND STUDENTS' UNION,"Ground Floor, Edinburgh Building, University of Sunderland, Chester Road, SUNDERLAND",TYNE & W,,01915153030,ussu@sunderland.ac.uk,www.sunderlandsu.co.uk,31/07/2025,1333930.0,1222583.0,Charitable company,"Provides Services, Provides Advocacy/advice/information, Acts As An Umbrella Or Resource Body","Education/training, The Prevention Or Relief Of Poverty, Arts/culture/heritage/science, Human Rights/religious Or Racial Harmony/equality Or Diversity, Recreation","Children/young People, Other Defined Groups","Educational Support Activities, Fundraising, activitites of member organisations, management of entertainment venue, retail of food, beverages, stationery, sundry items.","THE OBJECTS OF THE UNION ARE THE ADVANCEMENT OF EDUCATION OF STUDENTS AT THE UNIVERSITY OF SUNDERLAND FOR THE PUBLIC BENEFIT BY: 
 1. PROMOTING THE INTERESTS AND WELFARE OF STUDENTS AT THE UNIVERSITY OF SUNDERLAND DURING THEIR COURSE OF STUDY AND REPRESENTING, SUPPORTING AND ADVISING STUDENTS; 
 2. BEING THE RECOGNISED REPRESENTATIVE CHANNEL BETWEEN STUDENTS AND THE UNIVERSITY OF SUNDERLAND AND ANY OTHER EXTERNAL BODIES; AND 
 3. PROVIDING SOCIAL, CULTURAL, SPORTING AND RECREATIONAL ACTIVITIES AND FORUMS FOR DISCUSSIONS AND DEBATE FOR THE PERSONAL DEVELOPMENT OF ITS STUDENTS.",False,Large,Dormant,Human Rights/religious Or Racial Harmony/equality Or Diversity
441,1148272,THE PAROCHIAL CHURCH COUNCIL OF THE ECCLESIASTICAL PARISH OF SAINT MATTHEW WITH SAINT JAMES THE GREAT BETHNAL GREEN,"ST MATTHEW'S RECTORY, HEREFORD STREET, LONDON",E2 6EX,Bethnal Green and Stepney,02077397586,admin@st-matthews.org.uk,http://www.st-matthews.org.uk,31/12/2024,137443.0,149325.0,Previously excepted,"Makes Grants To Organisations, Provides Buildings/facilities/open Space, Provides Services","Religious Activities, Arts/culture/heritage/science",The General Public/mankind,"St Matthew's PCC is constituted to co-operate with the Priest in promoting in the parish of St Matthew with St James the Great, Bethnal Green, the whole mission of the church, pastoral, evangelistic, social and ecumenical.  It has responsibilities for a number of properties - the church, a two storey Parish Hall, The Parish Room and The Watch House.",PROMOTING IN THE ECCLESIASTICAL PARISH THE WHOLE MISSION OF THE CHURCH.,True,Medium,Dormant,Religious Activities
442,1148354,BURDETT BANGLADESHI CULTURAL ASSOCIATION (BBCA),"MASJID LANE, OFF WALLWOOD STREET, LONDON",E14 7BW,Poplar and Limehouse,02075362572,BBCA.Masjid@hotmail.co.uk,Not available,31/07/2024,409900.0,270394.0,Other,"Provides Buildings/facilities/open Space, Provides Services, Provides Advocacy/advice/information, Other Charitable Activities","General Charitable Purposes, Education/training, The Advancement Of Health Or Saving Of Lives, Disability, The Prevention Or Relief Of Poverty, Religious Activities, Arts/culture/heritage/science, Economic/community Development/employment, Human Rights/religious Or Racial Harmony/equality Or Diversity, Recreation, Other Charitable Purposes","Children/young People, Elderly/old People, People With Disabilities, People Of A Particular Ethnic Or Racial Origin, Other Charities Or Voluntary Bodies, Other Defined Groups, The General Public/mankind","a)?Relieving poverty, sickness and distress by through the provision of  advice and information  
b)Advancing education in particular the provision of language and other subject classes 
c)Providing or assisting in the provision of facilities for the recreation and the leisure time occupation in the interests of social welfare and the object of improving their conditions of life.","1. THE PROMOTION OF THE ISLAMIC FAITH FOR THE BENEFIT OF THE PUBLIC BY PROVIDING FACILITIES FOR WORSHIP, PRAYER, CELEBRATION AND ISLAMIC OBSERVANCE;
2. THE ADVANCEMENT OF EDUCATION INCLUDING THE ADVANCEMENT OF ISLAMIC RELIGIOUS EDUCATION;
3. TO PROMOTE FOR THE BENEFIT OF THE INHABITANTS OF THE BURDETT ESTATE IN LONDON AND THE SURROUNDING AREA THE PROVISION OF FACILITIES FOR RECREATION OR OTHER LEISURE TIME OCCUPATION OF INDIVIDUALS WHO HAVE NEED OF SUCH FACILITIES BY REASON OF THEIR YOUTH, AGE, INFIRMITY OR DISABLEMENT, FINANCIAL HARDSHIP OR SOCIAL AND ECONOMIC CIRCUMSTANCES OR FOR THE PUBLIC AT LARGE IN THE INTERESTS OF SOCIAL WELFARE AND WITH THE OBJECT OF IMPROVING THE CONDITION OF LIFE OF THE SAID INHABITANTS.
THE FIRST TWO OBJECTS ABOVE WILL BE UNDERTAKEN WITH PARTICULAR SENSITIVITY TO THE NEEDS OF THE MUSLIM COMMUNITY BUT ARE NOT RESTRICTED TO THE MUSLIM COMMUNITY",True,Medium,Dormant,Human Rights/religious Or Racial Harmony/equality Or Diversity
443,1148483,NIAMATIA AIDS AND INTERNATIONAL (UK),"FLAT 607, 11 CASSILIS ROAD, LONDON",E14 9BJ,Poplar and Limehouse,07550083749,niamatia.int@gmail.com,Not available,30/04/2025,6130.0,5273.0,Other,"Makes Grants To Individuals, Makes Grants To Organisations, Provides Other Finance, Provides Buildings/facilities/open Space","General Charitable Purposes, Education/training, Disability, The Prevention Or Relief Of Poverty, Overseas Aid/famine Relief, Accommodation/housing","Children/young People, Elderly/old People, People With Disabilities, Other Charities Or Voluntary Bodies, The General Public/mankind","THE PREVENTION OR RELIEF OF POVERTY IN SYLHET, BANGLADESH BY PROVIDING: GRANTS, ITEMS AND SERVICES TO INDIVIDUALS IN NEED AND/OR CHARITIES. TO ALSO PROMOTE GOOD HEALTH, AND IMPROVE ACCESS TO EDUCATIONAL RESOURCES AND THE RELIEF OF UNEMPLOYMENT BY SUPPORTING SCHEMES AND OTHER ORGANISATIONS WORKING TO PREVENT OR RELIEVE POVERTY.","THE PREVENTION OR RELIEF OF POVERTY IN SYLHET, BANGLADESH BY PROVIDING: GRANTS, ITEMS AND SERVICES TO INDIVIDUALS IN NEED AND/OR CHARITIES. TO ALSO PROMOTE GOOD HEALTH, AND IMPROVE ACCESS TO EDUCATIONAL RESOURCES AND THE RELIEF OF UNEMPLOYMENT BY SUPPORTING SCHEMES AND OTHER ORGANISATIONS WORKING TO PREVENT OR RELIEVE POVERTY.",True,Micro,Dormant,Accommodation/housing
444,1148504,THE REDEEMED CHRISTIAN CHURCH OF GOD JUBILEE HALL,"21 Eastham Crescent, BRENTWOOD, Essex",CM13 2BN,Brentwood and Ongar,07969130306,COKWORU@AOL.COM,www.rccgjubileehall.org,31/12/2024,23449.0,23936.0,Other,Other Charitable Activities,"Education/training, The Advancement Of Health Or Saving Of Lives, The Prevention Or Relief Of Poverty, Religious Activities",The General Public/mankind,"To promote the Gospel of Jesus by preaching, teaching and running seminars and crusades
To organise marriage seminar, youth clubs
To share foods and cloths to the needy
To pray for the communities and the nation
To promote good behaviour in the community","1. TO ADVANCE THE CHRISTIAN FAITH IN SUCH WAYS AND IN SUCH PARTS OF THE UNITED KINGDOM OR THE WORLD AS THE TRUSTEES FROM TIME TO TIME MAY THINK FIT.2. TO RELIEVE SICKNESS AND FINANCIAL HARDSHIP AND TO PROMOTE AND PRESERVE GOOD HEALTH BY THE PROVISION OF FUNDS, GOODS OR SERVICES OF ANY KIND, INCLUDING THROUGH THE PROVISION OF COUNSELLING AND SUPPORT IN SUCH PARTS OF THE UNITED KINGDOM OR THE WORLD AS THE TRUSTEES FROM TIME TO TIME MAY THINK FIT.",False,Small,Dormant,The Advancement Of Health Or Saving Of Lives
445,1148565,GLAMIS RESIDENTS' ASSOCIATION,"464 CABLE STREET, LONDON",E1W 3DR,Bethnal Green and Stepney,07496995835,DARYL_STAFFORD@ICLOUD.COM,Not available,01/04/2025,18246.0,11330.0,Other,"Makes Grants To Organisations, Provides Other Finance, Provides Buildings/facilities/open Space, Other Charitable Activities","General Charitable Purposes, Environment/conservation/heritage, Other Charitable Purposes","Elderly/old People, Other Charities Or Voluntary Bodies, Other Defined Groups, The General Public/mankind","Resident meetings, consultations, social events, clubs, bingo, councillor surgeries, parties, fund raising, resident assistance etc.","THE OBJECTS OF THE ASSOCIATION ARE TO:
(A) PROMOTE THE BENEFIT OF THE INHABITANTS ON THE GLAMIS ESTATE, TOWER HAMLETS AND THE NEIGHBOURHOOD (HEREINAFTER CALLED ""THE AREA OF BENEFIT"") WITHOUT DISTINCTION OF SEX, SEXUAL ORIENTATION, NATIONALITY, AGE, DISABILITY, RACE OR OF POLITICAL, RELIGIOUS OR OTHER OPINIONS, BY ASSOCIATING TOGETHER THE SAID INHABITANTS AND THE STATUTORY AUTHORITIES, VOLUNTARY AND OTHER ORGANISATIONS IN A COMMON EFFORT TO ADVANCE EDUCATION AND TO PROVIDE FACILITIES IN THE INTERESTS OF SOCIAL WELFARE FOR RECREATION AND LEISURE-TIME OCCUPATION WITH THE OBJECT OF IMPROVING THE CONDITIONS OF LIFE FOR THE SAID INHABITANTS;
(B) ESTABLISH, OR SECURE THE ESTABLISHMENT, OF A COMMUNITY-BASED CENTRE (HEREINAFTER CALLED ""THE GLAMIS RESIDENTS’ HALL"") AND TO MAINTAIN AND MANAGE THE SAME (WHETHER ALONE OR IN CO-OPERATION WITH ANY LOCAL AUTHORITY OR OTHER PERSON OR BODY) IN FURTHERANCE OF THESE OBJECTS;
(C) PROMOTE SUCH OTHER CHARITABLE PURPOSES AS MAY FROM TIME TO TIME BE DETERMINED.
THE ASSOCIATION SHALL BE NON-PARTY IN POLITICS AND NON-SECTARIAN IN RELIGION.",True,Small,Dormant,Environment/conservation/heritage
446,1148697,EACH ONE TEACH ONE TRUST,"Gelfand Rennert &amp; Feldman, Northumberland House, 303-306 High Holborn, LONDON",WC1V 7JZ,Holborn and St Pancras,07760783846,j.armani@mac.com,www.eoto.org.uk,31/03/2024,10183.0,3045.0,Trust,"Provides Services, Provides Advocacy/advice/information","General Charitable Purposes, Education/training",Children/young People,"We create innovative opportunities for young people through funding and support individuals and small organisations to delivery primarily skills based projects, programmes and training courses with young people aged 14-25. We currently focus on the 4 east London boroughs of: Hackney, Newham, Tower Hamlets & Waltham Forest.","TO ADVANCE IN LIFE AND HELP YOUNG PEOPLE BY DEVELOPING THEIR SKILLS, CAPACITIES AND CAPABILITIES TO ENABLE THEM TO PARTICIPATE IN SOCIETY AS INDEPENDENT, MATURE AND RESPONSIBLE INDIVIDUALS",False,Small,Dormant,General Charitable Purposes
447,1148832,ST MARGARET'S HOUSE,"ST. MARGARETS HOUSE, 21 OLD FORD ROAD, LONDON",E2 9PL,Bethnal Green and Stepney,02089802092,office@stmargaretshouse.org.uk,www.stmargaretshouse.org.uk,31/03/2025,1264032.0,1315739.0,Charitable company,"Provides Buildings/facilities/open Space, Provides Services, Acts As An Umbrella Or Resource Body","General Charitable Purposes, Education/training, The Advancement Of Health Or Saving Of Lives, Religious Activities, Arts/culture/heritage/science, Economic/community Development/employment, Human Rights/religious Or Racial Harmony/equality Or Diversity, Recreation",The General Public/mankind,Multi-purpose community centre,"1)	TO PROVIDE A CENTRE OR CENTRES CONDUCTED ACCORDING TO CHRISTIAN PRINCIPLES FOR THE ADVANCEMENT OF THE CHRISTIAN RELIGION FOR THE ADVANCEMENT OF EDUCATION THE RELIEF OF NEED HARDSHIP OR DISTRESS AND OTHER CHARITABLE PURPOSES FOR THE GENERAL BENEFIT OF THE INHABITANTS OF THE NEIGHBOURHOOD OF THE BOROUGH OF TOWER HAMLETS AND FOR THOSE PURPOSES (AND WITHOUT PREJUDICE TO THE GENERALITY OF THE FOREGOING) THE CHARITY MAY PROVIDE RESIDENTIAL ACCOMMODATION FOR ANY PERSON SHARING IN THAT WORK,
2)	TO DEVELOP THE CAPACITY AND SKILLS OF THE MEMBERS OF THE SOCIALLY DISADVANTAGED COMMUNITY IN SUCH A WAY THAT THEY ARE BETTER ABLE TO IDENTIFY, AND HELP MEET, THEIR NEEDS AND TO PARTICIPATE MORE FULLY IN SOCIETY, AND
3)	SUCH OTHER CHARITABLE PURPOSES AS DETERMINED BY THE BOARD FROM TIME TO TIME",True,Large,Dormant,Human Rights/religious Or Racial Harmony/equality Or Diversity
448,1149234,HIDAYYAH TRUST,"Hidayyah Trust, 260 Poplar High Street, LONDON",E14 0BB,Poplar and Limehouse,0207 538 1264,info@hidayyahtrust.com,www.hidayyahtrust.com,31/03/2025,79344.0,70953.0,Trust,Provides Services,"Education/training, Religious Activities","Children/young People, The General Public/mankind",The center provides facilities for prayers and other activities associated with the Muslim faith. During the year under review we offer a range of religious services and activities. This is available for the community as a whole.,"1.TO ADVANCE THE ISLAMIC FAITH FOR THE BENEFIT OF THE PUBLIC.
2.TO FURTHER OR BENEFIT THE RESIDENTS OF POPLAR AND THE NEIGHBOURHOOD, WITHOUT DISTINCTION OF SEX, SEXUAL ORIENTATION, RACE OR OF POLITICAL, RELIGIOUS OR OTHER OPINIONS BY ASSOCIATING TOGETHER THE SAID RESIDENTS AND THE LOCAL AUTHORITIES, VOLUNTARY AND OTHER ORGANISATIONS IN A COMMON EFFORT TO ADVANCE EDUCATION AND TO PROVIDE FACILITIES IN THE INTERESTS OF SOCIAL WELFARE FOR RECREATION LEISURE TIME OCCUPATION WITH THE OBJECTIVE OF IMPROVING THE CONDITIONS OF LIFE FOR THE RESIDENTS.
IN FURTHERANCE OF THESE OBJECTS BUT NOT OTHERWISE, THE TRUSTEES SHALL HAVE POWER:
TO ESTABLISH OR SECURE THE ESTABLISHMENT OF A COMMUNITY CENTRE AND TO MAINTAIN OR MANAGE OR CO-OPERATE WITH ANY STATUTORY AUTHORITY IN THE MAINTENANCE AND MANAGEMENT OF SUCH A CENTRE FOR ACTIVITIES PROMOTED BY THE CHARITY IN FURTHERANCE OF THE ABOVE OBJECTS.
3.THE PROMOTION OF RELIGIOUS HARMONY FOR THE PUBLIC BENEFIT BY:
(A) PROMOTING KNOWLEDGE AND MUTUAL UNDERSTANDING BETWEEN DIFFERENT RELIGIOUS GROUPS;
(B) ADVANCING EDUCATION AND RAISING AWARENESS ABOUT DIFFERENT RELIGIOUS GROUPS TO PROMOTE GOOD RELATIONS BETWEEN PERSONS OF DIFFERENT RACIAL GROUPS;
(C) WORKING TOWARDS THE ELIMINATION OF DISCRIMINATION ON THE GROUNDS OF RELIGION.",True,Small,Dormant,Religious Activities
449,1149345,WESTFERRY COMMUNITY ORGANISATION LIMITED,"2 THE QUARTERDECK, LONDON",E14 8SJ,Poplar and Limehouse,02073750598,westferryco@yahoo.co.uk,www.westferryco.co.uk,31/12/2024,110277.0,109612.0,Charitable company,"Provides Buildings/facilities/open Space, Provides Services, Provides Advocacy/advice/information","General Charitable Purposes, Education/training, Religious Activities","Children/young People, Elderly/old People, The General Public/mankind","Community Projects Cultural Projects Youth Engagement Women Activities Elderly Activities Luncheon Club Advice Surgery Supplementary Classes","1. TO ADVANCE THE EDUCATION ON QUR'AN AND ISLAMIC STUDIES FOR THE PUBLIC IN WEST FERRY AND SURROUNDING AREA PARTICULARLY, BUT NOT EXCLUSIVELY IN THE ISLAMIC FAITH.
2. TO ADVANCE THE ISLAMIC FAITH FOR THE BENEFIT OF THE PUBLIC THROUGH THE HOLDING OF PRAYER ROOMS, LECTURES, PUBLIC CELEBRATION OF RELIGIOUS FESTIVALS, PRODUCING AND DISTRIBUTING LITERATURE ON THE ISLAMIC FAITH AND TO ENLIGHTEN OTHERS ABOUT ISLAM. 
3. TO PROVIDE ADVICE ON HEALTH AND SOCIAL ISSUES IN ORDER TO IMPROVE THE CONDITIONS OF LIFE OF COMMUNITY IN WEST FERRY, AND THE SURROUNDING AREA,",True,Medium,Dormant,Religious Activities
450,1149460,LEARNING REVOLUTION TRUST,"NEWHAM COLLEGE OF FURTHER EDUCATION, EAST HAM CAMPUS, HIGH STREET SOUTH, LONDON",E6 6ER,East Ham,02082574357,Judith.Nelson@newham.ac.uk,www.learningrevolutiontrust.org.uk,31/07/2024,13291.0,5018.0,Charitable company,"Makes Grants To Individuals, Provides Other Finance","General Charitable Purposes, Education/training, The Prevention Or Relief Of Poverty",Children/young People,"The charity supports disadvantaged students in East London by removing the financial and social barriers to education. In this way, it is creating a culture of ambition, opportunity and learning.","TO ADVANCE EDUCATION FOR THE PUBLIC BENEFIT IN SUCH WAYS AS THE TRUSTEES AGREE, IN PARTICULAR BY;
A) ADVANCING EDUCATION PARTICULARLY FOR THOSE IN THE LONDON BOROUGH OF NEWHAM, THROUGH THE SUPPORTING THE DEVELOPMENT OF PERSONS’ INDIVIDUAL CAPABILITIES, COMPETENCES, SKILLS, IN PARTICULAR THOSE WHO MAY BE SOCIALLY OR ECONOMICALLY DISADVANTAGED OR WITH DIFFICULTIES ACCESSING EDUCATION DUE TO FAMILY COMMITMENTS,
B) SUPPORTING RESEARCH WHICH HELPS DEVELOP AND INNOVATE CURRICULUM AREAS FOR PUBLIC BENEFIT,
C) THE SUPPORT OF NEWHAM COLLEGE OF FURTHER EDUCATION AS THE TRUSTEES AT THEIR DISCRETION DECIDE.",False,Small,Dormant,The Prevention Or Relief Of Poverty
451,1149619,LIFETIME LEARNING,"225 MARSH WALL, ANGEL HOUSE, LONDON",E14 9FW,Poplar and Limehouse,02070017730,info@lifetimelearning.org.uk,http://www.lifetimelearning.org.uk,31/10/2024,1127.0,1127.0,Charitable company,"Provides Services, Provides Advocacy/advice/information",Education/training,"Children/young People, People With Disabilities","PROVIDING EDUCATION SUPPORT TO SCHOOLS. OUR CHARITY HAS BEEN ABLE TO PROVIDE TO ENHANCE COMMUNITY DEVELOPMENT, IMPROVE SERVICES, PURCHASE EQUIPMENT AND CONTRIBUTE TOWARDS DEVELOPING BETTER COMMUNITY COHESION. THE OBJECTS OF THE CHARITY AS SET OUT IN THE MEMORANDUM AND ARTICLES OF ASSOCIATION ARE TO PROMOTESOCIAL INCLUSION FOR THE PUBLIC BENEFIT BY WORKING WITH PEOPLE.","TO ADVANCE THE EDUCATION OF YOUNG PEOPLE, IN TOWER HAMLETS, LONDON, BY PROVIDING IT STUDY SKILLS AND EXAM SUPPORT TO STUDENTS.",True,Micro,Dormant,Education/training
452,1151005,BROMLEY BY BOW COMMUNITY ORGANISATION (BBBCO),"MARNER PRIMARY SCHOOL, DEVAS STREET, LONDON",E3 3LL,Poplar and Limehouse,07961738126,mc@bbbco.co.uk,www.bbbco.co.uk,31/08/2024,66921.0,70089.0,Charitable company,"Provides Buildings/facilities/open Space, Provides Services, Provides Advocacy/advice/information","General Charitable Purposes, Education/training, The Advancement Of Health Or Saving Of Lives, The Prevention Or Relief Of Poverty, Arts/culture/heritage/science, Amateur Sport, Economic/community Development/employment, Human Rights/religious Or Racial Harmony/equality Or Diversity, Recreation","Children/young People, Elderly/old People, People With Disabilities, People Of A Particular Ethnic Or Racial Origin, The General Public/mankind","To promote for the benefit of the community of Bromley by Bow in East London and it's surrounding areas without distinction by associating and engaging people in a common effort to advance education, provide facilities and opportunities in the interests of social welfare with the main objective being to improve the conditions of life for the community and the disadvantaged.","I)TO PROMOTE FOR THE BENEFIT OF THE INHABITANTS OF BROMLEY BY BOW AND ITS SURROUNDING AREAS WITHOUT DISTINCTION OF SEX, SEXUAL ORIENTATION, RACE OR OF POLITICAL, RELIGIOUS OR OTHER OPINIONS, BY ASSOCIATING TOGETHER THE SAID INHABITANTS AND THE LOCAL AUTHORITIES, VOLUNTARY AND OTHER ORGANISATIONS IN A COMMON EFFORT TO ADVANCE EDUCATION AND TO PROVIDE FACILITIES IN THE INTERESTS OF SOCIAL WELFARE FOR RECREATION AND OTHER LEISURE TIME OCCUPATIONS WITH THE OBJECTS OF IMPROVING THE CONDITIONS OF LIFE OF THE SAID INHABITANTS;AND(II)TO ESTABLISH OR SECURE THE ESTABLISHMENT OF A COMMUNITY CENTRE (HEREINAFTER CALLED 'THE CENTRE') AND TO MAINTAIN AND MANAGE THE SAME(WHETHER ALONE OR IN CO-OPERATION WITH ANY LOCAL AUTHORITY OR PERSON OR BODY)IN FURTHERANCE OF THESE OBJECTS.",True,Small,Dormant,Human Rights/religious Or Racial Harmony/equality Or Diversity
453,1151021,THE ST LUKE'S MISSION INITIATIVE,"St. Lukes Church, Alpha Grove, LONDON",E14 8LH,Poplar and Limehouse,07899075935,info@stlukesmillwall.org,www.stlukesmillwall.org,31/12/2024,267940.0,251207.0,Charitable company,"Provides Buildings/facilities/open Space, Provides Services","Education/training, Religious Activities",The General Public/mankind,"St Luke's Mission Initiative is a Christian community on the Isle of Dogs, with a particular focus on being a centre for family life for the whole community. Our main activities include Christian worship, discipleship, evangelism and community activities.","THE ADVANCEMENT OF RELIGION IN ACCORDANCE WITH THE TENETS AND PRACTICES OF THE CHURCH OF ENGLAND INCLUDING (BUT NOT LIMITED TO);
1. ANCILLARY OR INCIDENTAL EDUCATIONAL ACTIVITIES; AND
2. OTHER ASSOCIATED ACTIVITIES FOR THE BENEFIT OF THE COMMUNITY.",True,Medium,Dormant,Religious Activities
454,1151102,THE GECKO FOUNDATION,"8 Lancelot Place, 2nd Floor, London",SW7 1DR,Cities of London and Westminster,02075918800,geckofoundation@geckofoundation.org,Not available,31/12/2024,20295.0,523390.0,Charitable company,Makes Grants To Organisations,"General Charitable Purposes, Education/training, Disability, Religious Activities","Children/young People, People With Disabilities, The General Public/mankind",The Charity will make grants to charities in the UK and abroad for purposes that are exclusively charitable under English law.,"THE OBJECTS OF THE CHARITY ARE SUCH PURPOSES AS ARE EXCLUSIVELY CHARITABLE UNDER THE LAW OF ENGLAND AND WALES AND (SAVE FOR PURPOSES INCIDENTAL AND ANCILLARY TO THOSE OBJECTS), NO OTHER PURPOSES.",False,Small,Dormant,Disability
455,1151249,FACTORY EAST COMMUNITY PROJECT,"19 HAWTHORN AVENUE, LONDON",E3 5GP,Stratford and Bow,07928380868,factoryeast@yahoo.co.uk,http://factoryeastcharity.co.uk,31/12/2024,0.0,0.0,Charitable company,"Provides Buildings/facilities/open Space, Provides Services, Provides Advocacy/advice/information, Other Charitable Activities","General Charitable Purposes, Education/training, The Advancement Of Health Or Saving Of Lives, The Prevention Or Relief Of Poverty, Arts/culture/heritage/science, Amateur Sport, Economic/community Development/employment, Human Rights/religious Or Racial Harmony/equality Or Diversity, Recreation","Children/young People, Elderly/old People, The General Public/mankind","FECP has been set up to support local communities through improving the lives of those that are or might be socially excluded & promoting community cohesion across barriers of age, race, religion, class etc. FECP is initially operating in the London Borough of Tower Hamlets & until further funds are raised is providing activities to & support for young people who are within our criteria.","TO PROMOTE SOCIAL INCLUSION FOR THE PUBLIC BENEFIT BY PREVENTING PEOPLE FROM BECOMING SOCIALLY EXCLUDED, RELIEVING THE NEEDS OF THOSE PEOPLE WHO ARE SOCIALLY EXCLUDED AND ASSISTING THEM TO INTEGRATE INTO SOCIETY.

FOR THE PURPOSE OF THIS CLAUSE 'SOCIALLY EXCLUDED' MEANS BEING EXCLUDED FROM SOCIETY, OR PARTS OF SOCIETY, AS A RESULT OF ONE OR MORE OF THE FOLLOWING FACTORS: UNEMPLOYMENT: FINANCIAL HARDSHIP; YOUTH OR OLD AGE; ILL HEALTH (PHYSICAL OR MENTAL); SUBSTANCE ABUSE IR DEPENDENCY INCLUDING ALCOHOL AND DRUGS; BELIEF; POOR EDUCATIONAL SKILLS OR ATTAINMENT; RELATIONSHIP OR FAMILY BREAKDOWN; POOR HOUSING (THAT IS HOUSING THAT DOES NOT MEET BASIC HABITABLE STANDARDS; CRIME (EITHER AS A VICTIM OF CRIME OR AS AN OFFENDER REHABILITATING INTO SOCIETY.""",True,,Dormant,Human Rights/religious Or Racial Harmony/equality Or Diversity
456,1151465,THAMES' FRIENDS,"46 BROKESLEY STREET, LONDON",E3 4QJ,Poplar and Limehouse,02089804129,enquiries@thamesfriends.org,http://thamesfriends.org/,28/05/2024,2083.0,5381.0,Other,"Makes Grants To Individuals, Makes Grants To Organisations, Provides Other Finance, Provides Human Resources, Provides Services",Education/training,"Children/young People, The General Public/mankind",THAMES friends exists to inspire young musicians in Tower Hamlets. We do this through fundraising to provide additional opportunities to make music at the THAMES Saturday Music Centre and beyond. We work to provide opportunities for children across the Borough of Tower Hamlets for music education and musical enrichment raising funds to provide the resources to support this work.,1.TO ADVANCE THE EDUCATION OF THE PUPILS AT THAMES SATURDAY MUSIC CENTRE BY ASSISTING IN THE PROVISION OF RESOURCES AND FACILITIES FOR MUSIC EDUCATION AT THE SCHOOL.2.TO PROVIDE OPPORTUNITIES FOR CHILDREN FOR MUSIC EDUCATION ACROSS THE BOROUGH OF TOWER HAMLETS.,True,Micro,Dormant,Education/training
457,1151496,THE SHEBA PROJECT LTD,"6, Solent House, Ben Jonson Road, LONDON",E1 3NL,Bethnal Green and Stepney,07961068460,SHEBAPROJECT@HOTMAIL.COM,www.shebaproject.co.uk,31/07/2024,2320.0,3665.0,Charitable company,"Provides Services, Provides Advocacy/advice/information, Sponsors Or Undertakes Research","General Charitable Purposes, Education/training, The Prevention Or Relief Of Poverty, Human Rights/religious Or Racial Harmony/equality Or Diversity, Recreation","Children/young People, Elderly/old People, The General Public/mankind","Supplementary School
Education & Awareness
Women's Events
Social Events
Charity - relief of poverty and education in UK and abroad","(1) FOR THE PUBLIC BENEFIT TO PROMOTE THE EDUCATION (INCLUDING SOCIAL, SPIRITUAL AND PHYSICAL TRAINING) OF PEOPLE IN SUCH WAYS AS THE CHARITY THINKS FIT, INCLUDING BY:
(A) SETTING UP SUPPLEMENTARY EDUCATION SERVICES OFFERING TUITION AND ASSISTANCE ON NATIONAL CURRICULUM SUBJECTS AS WELL AS OTHER RELEVANT SUBJECTS OF INTEREST TO THE COMMUNITY INCLUDING COMMUNITY LANGUAGES AND FAITH;
(B) ORGANISING TRAINING SESSIONS, SEMINARS & CONFERENCES;
(C) THE PROVISION OF SPORTS, RECREATIONAL AND LEISURE TIME ACTIVITIES PROVIDED IN THE INTEREST OF SOCIAL WELFARE, DESIGNED TO IMPROVE THEIR CONDITIONS OF LIFE.
(D) PROVIDING SUPPORT AND ACTIVITIES WHICH DEVELOP THEIR SKILLS, CAPACITIES AND CAPABILITIES TO ENABLE THEM TO PARTICIPATE IN SOCIETY AS INDEPENDENT, MATURE AND RESPONSIBLE INDIVIDUALS.
(2) TO DEVELOP THE CAPACITY AND SKILLS OF THE MEMBERS OF THE SOCIALLY AND ECONOMICALLY DISADVANTAGED COMMUNITY OF EAST LONDON IN SUCH A WAY THAT THEY ARE BETTER ABLE TO IDENTIFY, AND HELP MEET, THEIR NEEDS AND TO PARTICIPATE MORE FULLY IN SOCIETY.
(3) THE PROMOTION OF CIVIC RESPONSIBILITY AND GOOD CITIZENSHIP BY CREATING OPPORTUNITIES FOR PEOPLE ESPECIALLY CHILDREN & YOUNG PEOPLE TO LEARN THE VALUES WHICH MAKES BRITAIN A GREAT MULTICULTURAL COUNTRY.
(4) TO PROMOTE SOCIAL INCLUSION AND RELIGIOUS HARMONY FOR THE PUBLIC BENEFIT BY WORKING WITH PEOPLE IN EAST LONDON WHO ARE SOCIALLY EXCLUDED ON THE GROUNDS OF THEIR ETHNIC ORIGIN, RELIGION, BELIEF OR CREED (IN PARTICULAR, MEMBERS OF THE MUSLIM COMMUNITY) TO RELIEVE THE NEEDS OF SUCH PEOPLE AND ASSIST THEM TO INTEGRATE INTO SOCIETY, IN PARTICULAR BY:
(A) EDUCATION & TRAINING (PARTICULARLY ENGLISH & IT);
(B) PROVIDING OPPORTUNITIES THAT ENCOURAGES AND ENABLES MEMBERS OF THE MUSLIM COMMUNITY (PARTICULARLY WOMEN, ELDERLY AND YOUNG PEOPLE) TO PARTICIPATE MORE EFFECTIVELY WITH THE WIDER COMMUNITY;
(C) EDUCATING THE PUBLIC IN DIFFERENT RELIGIOUS BELIEFS INCLUDING AN AWARENESS OF THEIR DISTINCTIVE FEATURES AND THEIR COMMON GROUND TO PROMOTE GOOD RELATIONS BETWEEN PERSONS OF DIFFERENT FAITHS;
(D) PROMOTING KNOWLEDGE AND MUTUAL UNDERSTANDING AND RESPECT OF THE BELIEFS AND PRACTICES OF DIFFERENT RELIGIOUS FAITHS.",True,Micro,Dormant,Human Rights/religious Or Racial Harmony/equality Or Diversity
458,1151724,OUR BASE LIMITED,"173 Westrow Drive, Barking",IG11 9BS,Barking,07943566064,info@ourbase.org,www.ourbase.org,31/03/2024,0.0,0.0,Charitable company,"Provides Buildings/facilities/open Space, Provides Advocacy/advice/information","General Charitable Purposes, Education/training, The Advancement Of Health Or Saving Of Lives, The Prevention Or Relief Of Poverty, Arts/culture/heritage/science, Amateur Sport, Economic/community Development/employment, Recreation","Children/young People, Elderly/old People, People With Disabilities, People Of A Particular Ethnic Or Racial Origin","Our Base is a youth and community organisation based in Tower Hamlets.The organisation offers a wide range of community, health and sporting initiatives tailored to the needs of the community. It aims to provide a holistic service, which helps people, particularly those living in disadvantaged urban communities to re-engage with mainstream society and to bring oppurtuinities to the people of TH","1)TO PROMOTE THE BENEFIT OF THE INHABITANTS OF TOWER HAMLETS AND OTHER NEIGHBOURING BOROUGHS WITHOUT DISTINCTION OF SEX,SEXUAL ORIENTATION,AGE,DISABILITY,NATIONALITY,RACE OR OF POLITICAL,RELIGIOUS OR OTHER OPINIONS,BY ASSOCIATING TOGETHER THE SAID INHABITANTS AND THE STATUTORY AUTHORITIES,VOLUNTARY AND OTHER ORGANISATIONS IN A COMMON EFFORT TO ADVANCE EDUCATION AND TO PROVIDE FACILITIES IN THE INTERESTS OF SOCIAL WELFARE FOR RECREATION AND LEISURE-TIME OCCUPATION WITH THE OBJECT OF IMPROVING THE CONDITIONS OF LIFE FOR THE SAID INHABITANTS;2)TO ESTABLISH,OR SECURE THE ESTABLISHMENT OF,A COMMUNITY CENTRE AND TO MAINTAIN AND MANAGE THE SAME(WHETHER ALONE OR IN CO-OPERATION WITH ANY STATUTORY AUTHORITY OR OTHER PERSON OR BODY)IN FURTHERANCE OF THE OBJECTS;3)TO PROMOTE SUCH OTHER CHARITABLE PURPOSES AS MAY FROM TIME TO TIME BE DETERMINED",False,,Dormant,Recreation
459,1151871,OCEAN REGENERATION TRUST,"HARFORD STREET MULTICENTRE, 115 HARFORD STREET, LONDON",E1 4FG,Bethnal Green and Stepney,02077803119,info@oceanregeneration.org.uk,www.oceanregeneration.org.uk,31/03/2025,148796.0,232497.0,Charitable company,"Makes Grants To Organisations, Other Charitable Activities","General Charitable Purposes, Economic/community Development/employment","Other Charities Or Voluntary Bodies, The General Public/mankind",To develop the capacity and skills of members of socially and economically disadvantaged communities in particular (but not limited to) those living on the Ocean Estate in the Borough of Tower Hamlets in such a way that they are better able to identify and help meet their needs and to participate more fully in society.,"THE OBJECTS OF THE CHARITY ARE TO PROMOTE COMMUNITY CAPACITY BUILDING AND TO ADVANCE ANY OTHER PURPOSE OR PURPOSES WHICH ARE EXCLUSIVELY CHARITABLE UNDER THE LAWS OF ENGLAND AND WALES AS THE TRUSTEES FROM TIME TO TIME SEE FIT.
COMMUNITY CAPACITY BUILDING MEANS DEVELOPING THE CAPACITY AND SKILLS OF THE MEMBERS OF SOCIALLY AND ECONOMICALLY DISADVANTAGED COMMUNITIES IN SUCH A WAY THAT THEY ARE BETTER ABLE TO IDENTIFY AND HELP MEET, THEIR NEEDS AND TO PARTICIPATE MORE FULLY IN SOCIETY.",True,Medium,Dormant,Economic/community Development/employment
460,1152023,BEZERRA DE MENEZES SPIRITIST SOCIETY UK,"Flat 113, Rehearsal House, 3 Victoria Road, LONDON",W3 6LB,Ealing Central and Acton,07979199232,bezerra.uk@gmail.com,www.bezerra.co.uk,31/07/2024,5991.0,6569.0,Charitable company,"Provides Advocacy/advice/information, Other Charitable Activities","General Charitable Purposes, The Prevention Or Relief Of Poverty, Religious Activities, Other Charitable Purposes","Children/young People, Other Charities Or Voluntary Bodies, The General Public/mankind","To promote public meetings which consist of lectures, seminars, study sessions with the objective of the study and dissemination of the spiritual and Christian moral values of the spiritual doctrine. Also offer private meetings and/or courses for the study, training and safe practice of mediumship and the Practice of Spiritual Healing, according to the guidelines of the Spiritist Doctrine.","OBJECTS:
THE BEZERRA DE MENEZES SPIRITIST SOCIETY UK (BMSS) IS A NON-PROFIT RELIGIOUS AND PHILANTHROPIC ORGANISATION OF UNLIMITED DURATION.
THE OBJECTS OF THIS ORGANISATION SHALL BE:
(A) TO PROMOTE THE ADVANCEMENT OF RELIGION ON THE BASIS OF THE SPIRITIST DOCTRINE THROUGH TEACHINGS, STUDY, PRACTICE AND DISSEMINATION, IN ITS TRIPLE ASPECTS: SCIENTIFIC, PHILOSOPHIC AND RELIGIOUS AS CODIFIED BY ALLAN KARDEC.
(B) TO PROMOTE THE PRACTICE OF CHARITY IN ALL ITS FORM, AIMING THE PREVENTION OR RELIEF OF POVERTY FOR THE PUBLIC BENEFIT, THE SPIRITUAL PROGRESS OF MANKIND, THROUGH THE PROVISION OF FINANCIAL ASSISTANCE, SUPPORT, EDUCATION AND PRACTICAL ADVICE BASED ON THE MORAL TEACHINGS OF JESUS.",False,Micro,Dormant,Other Charitable Purposes
461,1152027,ST MARYS SECRET GARDEN LIMITED,"KIRK HILLS CHARTERED ACCOUNTANTS, 5 BARNFIELD CRESCENT, EXETER",EX1 1QT,Exeter,01392474303,david@kirks.co.uk,Not available,31/03/2023,146896.0,183739.0,Charitable company,"Provides Buildings/facilities/open Space, Provides Services","Education/training, The Advancement Of Health Or Saving Of Lives, Disability, Environment/conservation/heritage, Economic/community Development/employment, Recreation","Children/young People, Elderly/old People, People With Disabilities","Advancing education in the subjects of gardening, conservation and food production. Promoting social inclusion, relieving the needs of those people who are excluded and assisting them to integrate through gardening.
Provision of facilities for recreation or other leisure time occupation of individuals who have need of such facilities or for the public at large in the interests of social welfare","THE CHARITY’S OBJECTS (“OBJECTS”) ARE SPECIFICALLY RESTRICTED TO THE FOLLOWING:(1)TO ADVANCE THE EDUCATION OF THE PUBLIC IN THE SUBJECTS OF GARDENING, CONSERVATION AND FOOD PRODUCTION.(2)TO PROMOTE SOCIAL INCLUSION FOR THE PUBLIC BENEFIT BY PREVENTING PEOPLE FROM BECOMING SOCIALLY EXCLUDED, RELIEVING THE NEEDS OF THOSE PEOPLE WHO ARE SOCIALLY EXCLUDED AND ASSISTING THEM TO INTEGRATE INTO SOCIETY. FOR THE PURPOSE OF THIS CLAUSE ‘SOCIALLY EXCLUDED’ MEANS BEING EXCLUDED FROM SOCIETY, OR PARTS OF SOCIETY, AS A RESULT OF ONE OF MORE OF THE FOLLOWING FACTORS: UNEMPLOYMENT; FINANCIAL HARDSHIP; YOUTH OR OLD AGE; ILL HEALTH (PHYSICAL OR MENTAL); SUBSTANCE ABUSE OR DEPENDENCY INCLUDING ALCOHOL AND DRUGS; DISCRIMINATION ON THE GROUNDS OF SEX, RACE, DISABILITY, ETHNIC ORIGIN, RELIGION, BELIEF, CREED, SEXUAL ORIENTATION OR GENDER RE-ASSIGNMENT; POOR EDUCATIONAL OR SKILLS ATTAINMENT; RELATIONSHIP AND FAMILY BREAKDOWN; POOR HOUSING (THAT IS HOUSING THAT DOES NOT MEET BASIC HABITABLE STANDARDS; CRIME (EITHER AS A VICTIM OF CRIME OR AS AN OFFENDER REHABILITATING INTO SOCIETY).(3)TO PROMOTE FOR THE BENEFIT OF THE INHABITANTS OF HACKNEY AND THE SURROUNDING AREA THE PROVISION OF FACILITIES FOR RECREATION OR OTHER LEISURE TIME OCCUPATION OF INDIVIDUALS WHO HAVE NEED OF SUCH FACILITIES BY REASON OF THEIR YOUTH, AGE, INFIRMITY OR DISABLEMENT, FINANCIAL HARDSHIP OR SOCIAL AND ECONOMIC CIRCUMSTANCES OR FOR THE PUBLIC AT LARGE IN THE INTERESTS OF SOCIAL WELFARE AND WITH THE OBJECT OF IMPROVING THE CONDITION OF LIFE OF THE SAID INHABITANTS.[NOTHING IN THE ARTICLES SHALL AUTHORISE AN APPLICATION OF THE PROPERTY OF THE CHARITY FOR PURPOSES WHICH ARE NOT CHARITABLE IN ACCORDANCE WITH SECTION 7 OF THE CHARITIES AND TRUSTEE INVESTMENT (SCOTLAND) ACT 2005 AND / OR SECTION 2 OF THE CHARITIES ACT (NORTHERN IRELAND) 2008].",False,Medium,Dormant,Environment/conservation/heritage
462,1152186,VIBRANCE,"B D O LLP, 5 TEMPLE SQUARE, TEMPLE STREET, LIVERPOOL",L2 5RH,Liverpool Riverside,01512374500,BRCMTLONDONANDSOUTHEAST@BDO.CO.UK,WWW.BDO.CO.UK,31/03/2023,14887107.0,15321745.0,Charitable company,"Provides Buildings/facilities/open Space, Provides Services, Provides Advocacy/advice/information","The Advancement Of Health Or Saving Of Lives, Disability, Accommodation/housing","Children/young People, Elderly/old People, People With Disabilities","Vibrance provides Supported Living, Registered Care Homes (with and without nursing), Brokerage, Outreach, Community Day Services, Short Breaks and Personal Budget Support i.e. Fundholding, Payroll, Support Planning and PA Registers in 12 local authorities providing services to around 350 people in our directly provided services and a further 1400 in our Self Directed Services","TO CARRY ON FOR THE BENEFIT OF THE COMMUNITY:
3.1	THE BUSINESS OF (A) PROVIDING AND MANAGING HOUSING AND ASSOCIATED FACILITIES AND AMENITIES FOR AND (B) PROVIDING SERVICES TO PEOPLE WHO ARE IN NEED BY REASON OF AGE, ILL-HEALTH, DISABILITY, OR OTHER DISADVANTAGE INCLUDING PEOPLE WITH A LEARNING DISABILITY, PEOPLE WITH MENTAL HEALTH NEEDS, THE FRAIL ELDERLY AND OTHER PEOPLE WHO HAVE SUPPORT NEEDS; AND
3.2	ANY OTHER CHARITABLE OBJECT WHICH MAY SEEM TO THE TRUSTEES CAPABLE OF BEING CONVENIENTLY CARRIED OUT IN CONNECTION WITH THE ABOVE.",False,Major,Dormant,Accommodation/housing
463,1152535,APASEN INTERNATIONAL,"APASENTH, 30 COPENHAGEN PLACE, LONDON",E14 7FF,Poplar and Limehouse,020 7001 2266,info@apaseninternational.org.uk,http://www.apaseninternational.org.uk,31/03/2025,65661.0,78770.0,CIO,"Provides Buildings/facilities/open Space, Provides Services, Provides Advocacy/advice/information","Education/training, The Advancement Of Health Or Saving Of Lives, Disability, The Prevention Or Relief Of Poverty, Economic/community Development/employment","Children/young People, Elderly/old People, People With Disabilities","Apasen International is the operating name of Apasenth International. Our activities are to promote quality health, education and livelihoods services for children and adults with learning disabilities, autism and other special needs.",TO RELIEVE THE NEEDS OF PEOPLE IN BANGLADESH WHO ARE MENTALLY OR PHYSICALLY DISABLED BY SUCH MEANS AS THE TRUSTEES MAY DECIDE.,True,Small,Dormant,Disability
464,1153020,PCC OF ALL HALLOWS BROMLEY BY BOW,"All Hallows Church, 1 Blackthorn Street, LONDON",E3 3PX,Poplar and Limehouse,07974371418,cris@allhallowsbow.org.uk,http://www.allhallowsbow.org.uk/,31/12/2024,391376.0,430500.0,Other,"Makes Grants To Individuals, Provides Buildings/facilities/open Space, Provides Services",Religious Activities,The General Public/mankind,"All Hallows Bow is a Church who is living out the call to love, care and serve all people. This looks like kids clubs, family work,  youth work, Esol Cafe, work with the elderly, community cohesion projects and meals, Cocaine Anonymous groups. Our agenda is to love those that need loving the most.",PROMOTING IN THE ECCLESIASTICAL PARISH THE WHOLE MISSION OF THE CHURCH,True,Medium,Dormant,Religious Activities
465,1153293,LONDON METROPOLITAN UNIVERSITY STUDENTS' UNION,"166-220 HOLLOWAY ROAD, LONDON",N7 8DB,Islington North,02071334171,studentsunion@londonmet.ac.uk,http://www.londonmetsu.org.uk/,31/07/2024,672653.0,672878.0,Charitable company,"Makes Grants To Organisations, Provides Services, Provides Advocacy/advice/information","Education/training, Other Charitable Purposes",Other Defined Groups,"Promoting the interests and welfare of Students at London Met Uni (LMU) during their course of study and representing, supporting and advising Students; Being the recognised representative channel between Students and  LMU and any other external bodies; and Providing social, cultural, and recreational activities and forums for discussions for the personal development of its Students.","THE OBJECTS OF THE UNION ARE THE ADVANCEMENT OF EDUCATION OF STUDENTS AT LONDON METROPOLITAN UNIVERSITY FOR THE PUBLIC BENEFIT BY:
- PROMOTING THE INTERESTS AND WELFARE OF STUDENTS AT LONDON METROPOLITAN UNIVERSITY DURING THEIR COURSE OF STUDY AND REPRESENTING, SUPPORTING AND ADVISING STUDENTS;
- BEING THE RECOGNISED REPRESENTATIVE CHANNEL BETWEEN STUDENTS AND LONDON METROPOLITAN UNIVERSITY AND ANY OTHER EXTERNAL BODIES; AND
- PROVIDING SOCIAL, CULTURAL, SPORTING AND RECREATIONAL ACTIVITIES AND FORUMS FOR DISCUSSIONS AND DEBATE FOR THE PERSONAL DEVELOPMENT OF ITS STUDENTS.",False,Medium,Dormant,Other Charitable Purposes
466,1153373,THE THAMES IRONWORKS HERITAGE TRUST,"11 South Drive, Warley, Brentwood",CM14 5DJ,Brentwood and Ongar,07818013682,tihtorg@gmail.com,www.tiht.org.uk,31/05/2018,0.0,0.0,CIO,Provides Services,"Education/training, Environment/conservation/heritage","Other Charities Or Voluntary Bodies, The General Public/mankind","Acquisition, restoration and maintenance of historic ships built by the ThamesIronworks and Shipbuilding Company. Operation of educational heritage tours of East Londonwaterways in these historic boats for the general public. Build, establish and manage mooringfacilities providing employment and training for local people. Support other charitablecauses with operational surplus.","RESTORE, PRESERVE AND MAINTAIN FOR EDUCATIONAL PURPOSES AND THE BENEFIT OF THE GENERAL PUBLIC, HISTORICAL PRODUCTS MANUFACTURED BY THE THAMES IRONWORKS AND SHIPBUILDING COMPANY TO ADVANCE HISTORICAL EDUCATION IN PARTICULAR BUT NOT BY WAY OF LIMITATION BY THE PROVISION OF BOATING AND JETTIES & MOORINGS CONSTRUCTION, MAINTENANCE AND MANAGEMENT SERVICES IN THE EAST LONDON AREA.",False,,Dormant,Environment/conservation/heritage
467,1153646,ARCH 76,"The Good Shepherd Mission, 17 Three Colts Lane, LONDON",E2 6JL,Bethnal Green and Stepney,07714708177,info@thearch.org.uk,thearch.org.uk,31/03/2025,6564.0,20985.0,Charitable company,Other Charitable Activities,"Religious Activities, Arts/culture/heritage/science, Recreation, Other Charitable Purposes",Other Defined Groups,"Arch 76 is a Christian charity providing emotional and spiritual support to women in East London, many of whom face considerable challenges such as domestic violence, addictions, physical and mental health issues and isolation. Activities include: arts and crafts sessions; optional bible studies, worship and prayer and other sessional activities such as dance and discussion groups.","THE CHARITY'S OBJECT IS TO ADVANCE THE CHRISTIAN FAITH IN ACCORDANCE WITH THE STATEMENT OF BELIEFS MAINLY (BUT NOT EXCLUSIVELY) FOR THE BENEFIT OF WOMEN WHO ARE THE VICTIMS OF DOMESTIC VIOLENCE, ADDICTIONS, PHYSICAL AND MENTAL HEALTH ISSUES AND ISOLATION IN EAST LONDON AND THE SURROUNDING AREAS.",True,Micro,Dormant,Other Charitable Purposes
468,1153710,TOWER HAMLETS SOMALI ORGANISATIONS NETWORK,"Unit 9, 1-11, Assembly Passage London",E1 4UT,Bethnal Green and Stepney,02081230740,info@thson.com,www.thson.com,31/12/2024,3500.0,2900.0,Charitable company,"Provides Services, Other Charitable Activities","General Charitable Purposes, Education/training, Economic/community Development/employment",Other Charities Or Voluntary Bodies,"We provide capacity building for Somali community organisations based in Tower Hamlets.Our work entails: - Facilitate partnership, collaboration and good practice dissemination within our members- Improve skills, professionalism in Somali community service provision - This is done through training and one to one support.  - Become a voice of Somali community service providers","THE CHARITY'S OBJECTS (""THE OBJECTS"") ARE:
A. TO PROMOTE SOCIAL INCLUSION FOR THE PUBLIC BENEFIT BY WORKING WITH PEOPLE IN THE LONDON BOROUGH OF TOWER HAMLETS WHO ARE SOCIALLY EXCLUDED ON THE GROUNDS OF THEIR ETHNIC ORIGIN, RELIGION, BELIEF OR CREED (IN PARTICULAR, MEMBERS OF THE SOMALI COMMUNITY) TO RELIEVE THE NEEDS OF SUCH PEOPLE AND ASSIST THEM TO INTEGRATE INTO SOCIETY, IN PARTICULAR BY
1 PROVIDING A LOCAL NETWORK GROUP THAT ENCOURAGES AND ENABLES MEMBERS OF THE SOMALI COMMUNITY TO PARTICIPATE MORE EFFECTIVELY WITH THE WIDER COMMUNITY,
2 INCREASING, OR CO-ORDINATING, OPPORTUNITIES FOR MEMBERS OF THE SOMALI COMMUNITY TO ENGAGE WITH SERVICE PROVIDERS TO ADAPT SERVICES TO BETTER MEET THE NEEDS OF THAT COMMUNITY.",True,Micro,Dormant,Economic/community Development/employment
469,1153798,APOSTOLIC PILLAR OF FAITH MINISTRIES,"65 LEYBOURNE ROAD, LONDON",E11 3BS,Leyton and Wanstead,02085188696,hebrewapostolic@gmail.com,www.pillar.org.uk,30/06/2025,9128.0,10307.0,CIO,"Makes Grants To Individuals, Makes Grants To Organisations, Provides Services, Provides Advocacy/advice/information, Sponsors Or Undertakes Research","General Charitable Purposes, Education/training, The Prevention Or Relief Of Poverty, Religious Activities, Economic/community Development/employment","Children/young People, Elderly/old People, The General Public/mankind","Preaching the Gospel of Jesus Christ, praying for the sick and our communities, Passion Groups, Bible Study, personal and spiritual development seminars and conferences.","3.2.1 TO ADVANCE THE CHRISTIAN FAITH IN ACCORDANCE WITH THE BASIS OF BELIEFS APPEARING IN THE ""SCHEDULE 1"" HERETO AND BY SUCH MEANS AS ARE CHARITABLE TO FURTHER THE RELIGIOUS AND OTHER CHARITABLE WORKS OF THE CIO IN THE UNITED KINGDOM OR ELSEWHERE AS THE TRUSTEES MAY FROM TIME TO TIME THINK FIT;
3.2.2 TO ADVANCE EDUCATION IN ACCORDANCE WITH CHRISTIAN PRINCIPLES BY SUCH MEANS AS THE TRUSTEES OF THE CIO MAY FROM TIME TO TIME THINK FIT INCLUDING BY MEANS OF ESTABLISHING AND OPERATING ANY EDUCATIONAL ESTABLISHMENT OR ESTABLISHMENTS IN THE UNITED KINGDOM AND ELSEWHERE;
3.2.3 TO RELIEVE PERSONS WHO ARE IN CONDITIONS OF NEED OR HARDSHIP BECAUSE OF AGE, ILL-HEALTH AND TO RELIEVE THE DISTRESS CAUSED THEREBY AND TO PROMOTE GOOD HEALTH AWARENESS IN THE UNITED KINGDOM OR ELSEWHERE AS THE TRUSTEES MAY FROM TIME TO TIME THINK FIT.
3.2.4 TO PROMOTE AND FULFIL SUCH OTHER CHARITABLE PURPOSES BENEFICIAL TO THE COMMUNITY IN THE AREAS WHERE THE CIO MAY FROM TIME TO TIME BE OPERATING IN THE UNITED KINGDOM OR ELSEWHERE AS THE TRUSTEES MAY FROM TIME TO TIME THINK FIT.",False,Micro,Dormant,Religious Activities
470,1153880,MYBIGCAREER,"7 Bell Yard, London",WC2A 2JR,Cities of London and Westminster,07399302707,info@mybigcareer.org,www.mybigcareer.org,31/08/2024,208979.0,239851.0,Charitable company,Provides Advocacy/advice/information,"Education/training, Economic/community Development/employment",Children/young People,The aim of MyBigCareer is to provide free one-to-one careers guidance to young people from the most disadvantaged backgrounds and thereby breakdown barriers to social mobility,"TO ADVANCE IN LIFE YOUNG PEOPLE BY PROVIDING CAREER GUIDANCE AND RELATED SERVICES TO ENABLE THEM TO PARTICIPATE IN SOCIETY AS INDEPENDENT, MATURE AND RESPONSIBLE INDIVIDUALS.",False,Medium,Dormant,Economic/community Development/employment
471,1153895,DARUL JANNAH TRUST AND STRATFORD MUSLIM CENTRE LIMITED,"DJTASMC, 245 Plaistow Road, LONDON",E15 3EU,West Ham and Beckton,07786261109,daruljannahtrust_smc@outlook.com,www.djtasmc.com,30/09/2024,166843.0,153688.0,Charitable company,"Makes Grants To Individuals, Provides Other Finance, Provides Human Resources, Provides Buildings/facilities/open Space, Provides Services, Provides Advocacy/advice/information","General Charitable Purposes, Education/training, The Prevention Or Relief Of Poverty, Overseas Aid/famine Relief, Religious Activities, Amateur Sport, Economic/community Development/employment, Recreation","Children/young People, Elderly/old People, People With Disabilities, People Of A Particular Ethnic Or Racial Origin, Other Charities Or Voluntary Bodies, The General Public/mankind",Education & training,"TO PROMOTE THE BENEFIT OF THE INHABITANTS OF THE AREA OF BENEFIT WITHOUT DISTINCTION OF SEX,SEXUAL ORIENTATION,AGE,DISABILITY,NATIONALITY,RACE OR OF POLITICAL,RELIGIOUS OR OTHER OPINIONS,BY ASSOCIATING TOGETHER THE SAID INHABITANTS AND THE STATUTORY AUTHORITIES,VOLUNTARY AND OTHER ORGANISATIONS IN A COMMON EFFORT TO ADVANCE EDUCATION AND TO PROVIDE FACILITIES IN THE INTERESTS OF SOCIAL WELFARE FOR RECREATION AND LEISURE-TIME OCCUPATION WITH THE OBJECT OF IMPROVING THE CONDITIONS OF LIFE FOR THE SAID INHABITANTS;2)TO ESTABLISH,OR SECURE THE ESTABLISHMENT OF A COMMUNITY CENTRE AND TO MAINTAIN AND MANAGE THE SAME(WHETHER ALONE OR IN CO-OPERATION WITH ANY STATUTORY AUTHORITY OR OTHER PERSON OR BODY)IN FURTHERANCE OF THE OBJECTS;3)TO ADVANCE THE ISLAMIC FAITH IN THE AREA OF BENEFIT FOR THE BENEFIT OF THE PUBLIC.3)TO PROMOTE SUCH OTHER CHARITABLE PURPOSES AS MAY FROM TIME TO TIME BE DETERMINED",False,Medium,Dormant,Overseas Aid/famine Relief
472,1154272,NOAH'S BIG CHARITY,"294 Perry Street, Billericay",CM12 0RB,Basildon and Billericay,07879674470,hello@noahsbigcharity.com,www.noahsbigcharity.com,31/01/2025,16790.0,4400.0,Trust,"Makes Grants To Organisations, Sponsors Or Undertakes Research",The Advancement Of Health Or Saving Of Lives,Other Defined Groups,"Noah's Big Charity provides grant funding for the provision of equipment, training and research for Neonatal Intensive Care (NICU) at both the Royal London and Basildon University Hospitals. Our efforts not only aim to assist in raising awareness of the fantastic work undertaken in NICU care, but to actually provide help on the ground. Getting more babies home.","TO RELIEVE SICKNESS AND TO PRESERVE HEALTH FOR THE PUBLIC BENEFIT OF PATIENTS OF THE NEONATAL INTENSIVE CARE UNIT AT THE ROYAL LONDON HOSPITAL, WHITECHAPEL AND BASILDON HOSPITAL, ESSEX,BY:-
A)PROVIDING OR ASSISTING IN THE PROVISION OF EQUIPMENT, FACILITIES AND SERVICES ANCILLARY TO THOSE PROVIDED BY THE DOCTORS AND THE ASSOCIATED HOSPITAL TRUST AND THAT ARE OVER AND ABOVE THAT WHICH THE LOCAL HEALTH AUTHORITY IS REQUIRED TO PROVIDE; AND
B)SUPPORTING RESEARCH FOR THE PROMOTION AND IMPROVEMENT OF NEONATAL INTENSIVE CARE.",False,Small,Dormant,The Advancement Of Health Or Saving Of Lives
473,1154529,ASHAADIBI EDUCATION & CULTURAL CENTRE,"167 Cannon Street Road, London",E1 2LX,Bethnal Green and Stepney,07946 604 876,ashaadibi@live.co.uk,ashaadibi.co.uk,31/01/2025,170593.0,168659.0,CIO,"Provides Buildings/facilities/open Space, Provides Services, Provides Advocacy/advice/information, Other Charitable Activities","General Charitable Purposes, Education/training, The Prevention Or Relief Of Poverty, Religious Activities, Arts/culture/heritage/science, Environment/conservation/heritage, Economic/community Development/employment, Human Rights/religious Or Racial Harmony/equality Or Diversity, Recreation, Other Charitable Purposes","Children/young People, People Of A Particular Ethnic Or Racial Origin",Improving the quality of lives of the community in Tower Hamlets; through the works of an Education and Cultural Centre,"1. TO DEVELOP THE CAPACITY, SKILLS AND EDUCATION OF THE MEMBERS OF THE DISADVANTAGED COMMUNITY IN TOWER HAMLETS, IN SUCH A WAY THAT THEY ARE BETTER ABLE TO IDENTIFY AND HELP MEET THEIR NEEDS AND TO PARTICIPATE MORE FULLY IN SOCIETY. 
2. ADVANCE EDUCATION AND TO PROVIDE COMMUNITY SERVICES WITH THE OBJECT OF IMPROVING THE QUALITY OF LIFE FOR THE GENERAL PUBLIC IN EAST LONDON 
3. TO ADVANCE THE ISLAMIC FAITH FOR THE BENEFIT OF THE PUBLIC IN TOWER HAMLETS IN PARTICULAR BUT NOT EXCLUSIVELY BY THE PROVISION OF A MOSQUE AND EDUCATION AND CULTURAL CENTRE.",True,Medium,Dormant,Human Rights/religious Or Racial Harmony/equality Or Diversity
474,1154615,LANSBURY ESTATE MUSLIM ASSOCIATION,"20 Alton Street, LONDON",E14 6BZ,Poplar and Limehouse,07931141291,Lansburymosque@gmail.com,www.lansburymasjid.co.uk,31/03/2025,228323.0,98376.0,Other,"Provides Services, Provides Advocacy/advice/information","General Charitable Purposes, Education/training, The Prevention Or Relief Of Poverty, Overseas Aid/famine Relief, Religious Activities, Recreation","Children/young People, Elderly/old People, People Of A Particular Ethnic Or Racial Origin","TO ADVANCE THE ISLAMIC FAITH FOR THE PUBLIC BENEFIT IN SUCH WAYS AS THE TRUSTEES SHALL DEEM FIT.	THE ADVANCEMENT OF EDUCATION AND TRAINING, INCLUDING RELIGIOUS EDUCATION. THE PROMOTION OF RACIAL HARMONY FOR THE PUBLIC BENEFIT BY: PROMOTING KNOWLEDGE AND MUTUAL UNDERSTANDING BETWEEN DIFFERENT RACIAL GROUPS; ADVANCING EDUCATION AND RAISING AWARENESS ABOUT DIFFERENT RACIAL GROUPS TO PROMOTE GOOD","THE OBJECTIVES OF THE ORGANIZATION SHALL BE:
 
(1)TO ADVANCE THE ISLAMIC FAITH FOR THE PUBLIC BENEFIT IN SUCH WAYS AS THE TRUSTEES SHALL DEEM FIT.

(2)THE ADVANCEMENT OF EDUCATION AND TRAINING, INCLUDING RELIGIOUS EDUCATION.

(3)THE RELIEF OF POVERTY AND FINANCIAL HARDSHIP.

(4)THE PROMOTION AND PROTECTION OF GOOD HEALTH.

(5) THE PROMOTION OF RACIAL HARMONY FOR THE PUBLIC BENEFIT BY: 

(A) PROMOTING KNOWLEDGE AND MUTUAL UNDERSTANDING BETWEEN DIFFERENT RACIAL GROUPS;

(B) ADVANCING EDUCATION AND RAISING AWARENESS ABOUT DIFFERENT RACIAL GROUPS TO PROMOTE GOOD RELATIONS BETWEEN PERSONS OF DIFFERENT RACIAL GROUPS;

(C) WORKING TOWARDS THE ELIMINATION OF DISCRIMINATION ON THE GROUNDS OF RACE.

(6)TO ACT AS A RESOURCE FOR YOUNG PEOPLE UP TO THE AGE OF 25 LIVING IN LANSBURY, TOWER HAMLETS AND THE SURROUNDING AREA BY PROVIDING ADVICE AND ASSISTANCE AND ORGANISING PROGRAMMES OF PHYSICAL, EDUCATIONAL AND OTHER ACTIVITIES AS A MEANS OF:

(A) ADVANCING IN LIFE AND HELPING YOUNG PEOPLE BY DEVELOPING THEIR SKILLS, CAPACITIES AND CAPABILITIES TO ENABLE THEM TO PARTICIPATE IN SOCIETY AS INDEPENDENT, MATURE AND RESPONSIBLE INDIVIDUALS;

(B) ADVANCING EDUCATION;

(C) RELIEVING UNEMPLOYMENT;

(D) PROVIDING RECREATIONAL AND LEISURE TIME ACTIVITY IN THE INTERESTS OF SOCIAL WELFARE FOR PEOPLE LIVING IN THE AREA OF BENEFIT WHO HAVE NEED BY REASON OF THEIR YOUTH, AGE, INFIRMITY OR DISABILITY, POVERTY OR SOCIAL AND ECONOMIC CIRCUMSTANCES WITH A VIEW TO IMPROVING THE CONDITIONS OF LIFE OF SUCH PERSONS.",True,Medium,Dormant,Overseas Aid/famine Relief
475,1154668,ST PETER'S BETHNAL GREEN,"THE VICARAGE, ST. PETER'S CLOSE, LONDON",E2 7AE,Bethnal Green and Stepney,07771508393,info@stpetersbethnalgreen.org,www.stpetersbethnalgreen.org,31/12/2024,457937.0,252172.0,Previously excepted,"Provides Human Resources, Provides Buildings/facilities/open Space, Provides Services","General Charitable Purposes, The Prevention Or Relief Of Poverty, Religious Activities","Children/young People, Elderly/old People, The General Public/mankind","To promote in the parish the whole mission of the Church with a focus to worship God, make friends and change the world. This is achieved through working alongside a number of organisations as partners in undertaking mercy, justice and evangelism, practically, financially and/or in encouraging people to volunteer, and receiving support from them to fulfil our calling as a local church.",PROMOTING IN THE ECCLESIASTICAL PARISH THE WHOLE MISSION OF THE CHURCH,True,Medium,Dormant,Religious Activities
476,1154824,SOCIETYLINKS TOWER HAMLETS,"WHITECHAPEL THRESHOLD CENTRE, 80 JOHN FISHER STREET, LONDON",E1 8JX,Bethnal Green and Stepney,02077020901,info@societylinks.org.uk,www.societylinks.org.uk,31/03/2025,474210.0,463754.0,Charitable company,Provides Services,"General Charitable Purposes, Education/training","Children/young People, Elderly/old People, People With Disabilities, People Of A Particular Ethnic Or Racial Origin",Improve the health and education of residents who reside in Tower Hamlets,"1. TO ADVANCE EDUCATION AND TRAINING FOR PEOPLE IN THE LONDON BOROUGH OF TOWER HAMLETS.

2. THE RELIEF OF UNEMPLOYMENT FOR THE BENEFIT OF THE PUBLIC IN SUCH WAYS AS MAY BE THOUGHT FIT.

3. TO PROMOTE SOCIAL INCLUSION FOR THE PUBLIC BENEFIT BY PREVENTING PEOPLE FROM BECOMING SOCIALLY EXCLUDED, RELIEVING THE NEEDS OF THOSE PEOPLE WHO ARE SOCIALLY EXCLUDED AND ASSISTING THEM TO INTEGRATE INTO SOCIETY.

FOR THE PURPOSE OF THIS CLAUSE ‘SOCIALLY EXCLUDED’ MEANS BEING EXCLUDED FROM SOCIETY, OR PARTS OF SOCIETY, AS A RESULT OF ONE OF MORE OF THE FOLLOWING FACTORS: UNEMPLOYMENT; FINANCIAL HARDSHIP; YOUTH OR OLD AGE; ILL HEALTH (PHYSICAL OR MENTAL); SUBSTANCE ABUSE OR DEPENDENCY INCLUDING ALCOHOL AND DRUGS; DISCRIMINATION ON THE GROUNDS OF SEX, RACE, DISABILITY, ETHNIC ORIGIN, RELIGION, BELIEF, CREED, SEXUAL ORIENTATION OR GENDER RE-ASSIGNMENT; POOR EDUCATIONAL OR SKILLS ATTAINMENT; RELATIONSHIP AND FAMILY BREAKDOWN; POOR HOUSING (THAT IS HOUSING THAT DOES NOT MEET BASIC HABITABLE STANDARDS; CRIME (EITHER AS A VICTIM OF CRIME OR AS AN OFFENDER REHABILITATING INTO SOCIETY).

4. THE PROMOTION OF EQUALITY AND DIVERSITY FOR THE PUBLIC BENEFIT BY:

(A) THE ELIMINATION OF DISCRIMINATION ON THE GROUNDS OF RACE, GENDER, DISABILITY , SEXUAL ORIENTATION OR RELIGION;
(B) ADVANCING EDUCATION AND RAISING AWARENESS IN EQUALITY AND DIVERSITY;
(C) PROMOTING ACTIVITIES TO FOSTER UNDERSTANDING BETWEEN PEOPLE FROM DIVERSE BACKGROUNDS;
(D) CONDUCTING OR COMMISSIONING RESEARCH ON EQUALITY AND DIVERSITY ISSUES AND PUBLISHING THE RESULTS TO THE PUBLIC;
(E) CULTIVATING A SENTIMENT IN FAVOUR OF EQUALITY AND DIVERSITY.

5. TO ADVANCE IN LIFE AND RELIEVE NEEDS OF YOUNG PEOPLE THROUGH:

(A) THE PROVISION OF RECREATIONAL AND LEISURE TIME ACTIVITIES PROVIDED IN THE INTEREST OF SOCIAL WELFARE, DESIGNED TO IMPROVE THEIR CONDITIONS OF LIFE;
(B) PROVIDING SUPPORT AND ACTIVITIES WHICH DEVELOP THEIR SKILLS, CAPACITIES AND CAPABILITIES TO ENABLE THEM TO PARTICIPATE IN SOCIETY AS MATURE AND RESPONSIBLE INDIVIDUALS.

6. SUCH OTHER CHARITABLE PURPOSES FOR THE PUBLIC BENEFIT AS ARE EXCLUSIVELY CHARITABLE ACCORDING TO THE LAWS OF ENGLAND AND WALES AS THE TRUSTEES MAY FROM TIME TO TIME DETERMINE.",True,Medium,Dormant,General Charitable Purposes
477,1154842,TOWER HAMLETS MISSION,"TOWER HAMLETS MISSION, 31 MILE END ROAD, LONDON",E1 4TP,Bethnal Green and Stepney,02077903040,admin@towerhamletsmission.org,www.towerhamletsmission.org,31/03/2025,781675.0,807940.0,CIO,"Provides Human Resources, Provides Buildings/facilities/open Space, Provides Services, Provides Advocacy/advice/information, Other Charitable Activities",Other Charitable Purposes,The General Public/mankind,"Working with people suffering from alcohol and/or drug dependency, who are homeless, or in danger of becoming homeless and are receiving state benefits. Our aim is to enable them to break the cycle of chronic addiction definitively and to rebuild purposeful, stable lives through the provision of high quality, comprehensive, and long term residential therapy, rehabilitation and resettlement.","THE RELIEF OF THOSE IN NEED, BY REASON OF YOUTH, AGE, ILL-HEALTH, DISABILITY, FINANCIAL HARDSHIP OR OTHER DISADVANTAGE.THE OBJECT IS TO BE CARRIED OUT ACCORDING TO TOWER HAMLETS MISSION'S BELIEF AND PRACTICE OF THE CHRISTIAN FAITH AS SET OUT IN THE SCHEDULE TO THE GOVERNING DOCUMENT.",True,Medium,Dormant,Other Charitable Purposes
478,1154955,BEAUMONT ATHLETIC FC,"Unit 127 Cannon Workshop, 5 Cannon Drive, Hertsmere Road, London",E14 4AS,Poplar and Limehouse,07944077438,Not available,http://www.beaumontfc.org.uk/,,,,Other,"Provides Buildings/facilities/open Space, Provides Services, Provides Advocacy/advice/information","General Charitable Purposes, Education/training, Amateur Sport, Economic/community Development/employment, Recreation","Children/young People, People Of A Particular Ethnic Or Racial Origin, Other Charities Or Voluntary Bodies, The General Public/mankind",,"THE CHARITY'S OBJECTS (""THE OBJECTS"") ARE THE PROMOTION OF COMMUNITY PARTICIPATION IN HEALTHY RECREATION FOR THE BENEFIT OF THE INHABITANTS OF LONDON BY THE PROVISION OF FACILITIES FOR PLAYING FOOTBALL.",True,,Dormant,Recreation
479,1154961,ACID SURVIVORS TRUST INTERNATIONAL,"Fora Space Ltd, 42-46 Princelet Street, LONDON",E1 5LP,Bethnal Green and Stepney,02036513933,office@asti.org.uk,www.acidviolence.org,31/12/2024,287522.0,237851.0,CIO,"Makes Grants To Organisations, Provides Human Resources, Provides Services, Provides Advocacy/advice/information, Sponsors Or Undertakes Research, Acts As An Umbrella Or Resource Body","The Advancement Of Health Or Saving Of Lives, Overseas Aid/famine Relief, Human Rights/religious Or Racial Harmony/equality Or Diversity","Children/young People, People With Disabilities, The General Public/mankind","- Promote and protect the health of acid burns survivors
- Advance the education of the general public in all areas relating to acid burn survivors with view to eliminating acid and burn violence worldwide","TO PROMOTE AND PROTECT THE HEALTH OF ACID AND BURN VIOLENCE SURVIVORS IN PARTICULAR BUT NOT EXCLUSIVELY BY THE PROVISION OF AN INTEGRATED PROGRAMME OF CARE AND SUPPORT

TO ADVANCE THE EDUCATION OF THE GENERAL PUBLIC IN ALL AREAS RELATING TO ACID AND BURN VIOLENCE SURVIVORS BY SUCH MEANS AS THE TRUSTEES THINK FIT WITH A VIEW TO ELIMINATING ACID AND BURN VIOLENCE WORLDWIDE",True,Medium,Dormant,Overseas Aid/famine Relief
480,1155215,ZEN MARTIAL ARTS ACADEMY LIMITED,"SHAHIDULLAH & CO, 299A BETHNAL GREEN ROAD, LONDON",E2 6AH,Bethnal Green and Stepney,02077296442,info@shahidullah.com,Not available,31/03/2021,895.0,935.0,Charitable company,"Makes Grants To Individuals, Provides Services","General Charitable Purposes, Amateur Sport","Children/young People, The General Public/mankind",Provides services to Martial Arts Education and Training.,THE PROMOTION OF COMMUNITY PARTICIPATION IN HEALTHY RECREATION IN PARTICULAR BY THE PROVISION OF FACILITIES FOR THE PRACTICE OF MARTIAL ARTS.,True,Micro,Dormant,Amateur Sport
481,1155257,REGENTS OPERA LTD,"16 Pinewood Drive, Little Haywood, STAFFORD",ST18 0NX,"Stone, Great Wyrley and Penkridge",07767406492,bjmpartridge@aol.com,www.regentsopera.com,31/03/2025,695809.0,684243.0,Charitable company,Other Charitable Activities,Arts/culture/heritage/science,"Children/young People, The General Public/mankind","Regents Opera has been established to enable the advancement of the arts through the promotion and presentation of opera to the highest possible standard; and to advance the education of the public in opera and young performers in the early stages of their careers or professional singers requiring further stage experience, primarily but not exclusively in the operatic works of Richard Wagner.","1) THE ADVANCEMENT OF THE ARTS THROUGH THE PROMOTION AND PRESENTATION OF OPERA TO THE HIGHEST POSSIBLE STANDARD TO THE LOCAL COMMUNITY; AND

2) TO ADVANCE THE EDUCATION OF THE PUBLIC IN OPERA AND YOUNG PERFORMERS IN THE EARLY STAGES OF THEIR CAREERS OR PROFESSIONAL SINGERS REQUIRING FURTHER STAGE EXPERIENCE, PRIMARILY BUT NOT EXCLUSIVELY IN THE OPERATIC WORKS OF RICHARD WAGNER.",False,Medium,Dormant,Arts/culture/heritage/science
482,1155317,LIMEHOUSE WELFARE ASSOCIATION,"44 REPTON STREET, LONDON",E14 7PX,Bethnal Green and Stepney,07307 531 988,lwassociation@live.co.uk,Not available,31/03/2025,0.0,8765.0,Charitable company,"Provides Services, Provides Advocacy/advice/information","General Charitable Purposes, Education/training","Children/young People, Elderly/old People, The General Public/mankind","To advance education, training and employment. To develop the skills and the capacity of the members of the disadvantaged community.To provide or assist in the provision of facilities in the interest of social welfare for recreation or other leisure activities.The provision of advice and guidance on housing, welfare benefits and other such services.Social and cultural community activities.","1) TO ADVANCE EDUCATION INCLUDING BY THE PROVISION OF TRAINING AND RE-TRAINING IN THE LONDON BOROUGH OF TOWER HAMLETS.

2) TO DEVELOP THE CAPACITY AND SKILLS OF THE MEMBERS OF THE SOCIALLY AND ECONOMICALLY DISADVANTAGED COMMUNITY OF THE LONDON BOROUGH OF TOWER HAMLETS IN SUCH A WAY THAT THEY ARE BETTER ABLE TO IDENTIFY, AND HELP MEET, THEIR NEEDS AND TO PARTICIPATE MORE FULLY IN SOCIETY.

3) TO PROVIDE OR ASSIST IN THE PROVISION OF FACILITIES IN THE INTERESTS OF SOCIAL WELFARE FOR RECREATION OR OTHER LEISURE TIME OCCUPATION OF INDIVIDUALS WHO HAVE NEED OF SUCH FACILITIES BY REASON OF THEIR YOUTH, AGE INFIRMITY OR DISABILITY, FINANCIAL HARDSHIP OR SOCIAL CIRCUMSTANCES WITH THE OBJECT OF IMPROVING THEIR CONDITIONS OF LIFE.

4) TO PREVENT OR RELIEVE POVERTY IN THE LONDON BOROUGH OF TOWERS HAMLETS IN PARTICULAR BY THE PROVISION OF ADVICE AND GUIDANCE ON HOUSING, WELFARE BENEFITS AND OTHER SUCH SERVICES.

5) TO RELIEVE THOSE IN NEED BY REASON OF YOUTH, AGE, ILL-HEALTH, DISABILITY, FINANCIAL HARDSHIP OR OTHER DISADVANTAGE IN THE LONDON BOROUGH OF TOWER HAMLETS.",True,,Dormant,General Charitable Purposes
483,1155381,NAWAAL BENEVOLENCE FUND,"70 FOUNTAYNE ROAD, LONDON",N16 7DT,Hackney North and Stoke Newington,07971701672,admin@nawaal.org,www.nawaal.org,31/12/2024,100314.0,140772.0,CIO,Makes Grants To Individuals,"General Charitable Purposes, The Prevention Or Relief Of Poverty, Economic/community Development/employment",The General Public/mankind,"THE RELIEF OF POVERTY AND ECONOMIC DISADVANTAGE AMONG PERSONS WHO ARE IN A CONDITION OF NEED, HARDSHIP OR DISTRESS PRIMARILY IN THE UNITED KINGDOM AND GENERALLY AROUND THE WORLD BY PROVIDING SUCH PERSONS WITH FINANCE, GOODS AND SERVICES WHICH THEY COULD NOT OTHERWISE AFFORD THROUGH LACK OF FINANCIAL MEANS.","THE RELIEF OF POVERTY AND ECONOMIC DISADVANTAGE AMONG PERSONS WHO ARE IN A CONDITION OF NEED, HARDSHIP OR DISTRESS PRIMARILY IN THE UNITED KINGDOM AND GENERALLY AROUND THE WORLD BY PROVIDING SUCH PERSONS WITH FINANCE, GOODS AND SERVICES WHICH THEY COULD NOT OTHERWISE AFFORD THROUGH LACK OF FINANCIAL MEANS.",False,Medium,Dormant,Economic/community Development/employment
484,1155438,ENGAGE-EVENTS,"2b Pembroke Road, Baldock",SG7 6DB,North East Hertfordshire,07890700591,Jess.engageevents@gmail.com,www.engage-events.org,31/03/2025,0.0,0.0,Other,Provides Services,General Charitable Purposes,Elderly/old People,"Engage-Events runs intergenerational activities in care home in Islington, we work with local primary schools and people over the age of 65. Activities include ipad and technology sessions, life stories work spoken history.","TO RELIEVE AGED PERSONS WHO ARE SUFFERING FROM LONELINESS, POVERTY AND ISOLATION IN ISLINGTON.",False,,Dormant,General Charitable Purposes
485,1155458,AL-INAM RELIEF FOUNDATION,"153 RAMSAY ROAD, LONDON",E7 9EP,Leyton and Wanstead,02082570232,info@alinamrelief.org,www.alinamrelief.org,25/07/2024,0.0,0.0,Other,"Provides Other Finance, Provides Human Resources, Provides Services, Provides Advocacy/advice/information","General Charitable Purposes, Education/training, The Advancement Of Health Or Saving Of Lives, Disability, The Prevention Or Relief Of Poverty, Overseas Aid/famine Relief, Accommodation/housing, Arts/culture/heritage/science, Amateur Sport, Environment/conservation/heritage, Human Rights/religious Or Racial Harmony/equality Or Diversity","Children/young People, Elderly/old People, People With Disabilities, The General Public/mankind",Al-Inam Relief Foundation Food Distribution program to feed the hungry children and families. Al-Inam aims to provide regular food for the neglected humans who are in desperate need. Al-Inam Relief Foundation aims to provide support to human lives with full honesty.Al-Inam provide ration package for a months to helpless families,"THE RELIEF OF FINANCIAL NEED AND SUFFERING AMONG VICTIMS OF NATURAL OR OTHER KINDS OF DISASTER IN THE FORM OF FOOD, WATER AND SHELTER (OR OTHER MEANS DEEMED SUITABLE) FOR PERSONS, BODIES, ORGANISATIONS AND/OR COUNTRIES AFFECTED.",False,,Dormant,Accommodation/housing
486,1155464,THE HOUSE OF SHILOH,"PO Box 73431, LONDON",NW1W 7QB,Holborn and St Pancras,07760833124,Not available,www.houseofshilohint.org,31/03/2015,0.0,0.0,CIO,"Makes Grants To Individuals, Provides Other Finance, Provides Advocacy/advice/information","General Charitable Purposes, Education/training, The Prevention Or Relief Of Poverty, Overseas Aid/famine Relief, Accommodation/housing, Arts/culture/heritage/science, Human Rights/religious Or Racial Harmony/equality Or Diversity, Recreation","Children/young People, People Of A Particular Ethnic Or Racial Origin, The General Public/mankind","House Of Shiloh is working on collaborating with  partners such as isolated organisations in Ivory Coast in order to better understand children needs and work beside them to provide a more appropriate care to children in street.This would allow us to better identify the problems they are facing in order to offer appropriate solutions.","1.TO RELIEVE POVERTY AMONGST CHILDREN AND YOUNG PEOPLE OF THE IVORY COAST IN ABIBJAN AND ITS SURROUNDING COMMUNITY, IN SUCH WAYS AS THE TRUSTEES SHALL DEEM FIT.

 

2.TO ACT AS A RESOURCE FOR YOUNG PEOPLE LIVING IN THE IVORY COAST IN ABIBJAN AND ITS SURROUNDING COMMUNITY, BY PROVIDING ADVICE AND ASSISTANCE AND ORGANISING PROGRAMMES OF PHYSICAL, EDUCATIONAL AND OTHER ACTIVITIES AS A MEANS OF:

(A) ADVANCING IN LIFE AND HELPING YOUNG PEOPLE BY DEVELOPING THEIR SKILLS, CAPACITIES AND CAPABILITIES TO ENABLE THEM TO PARTICIPATE IN SOCIETY AS INDEPENDENT, MATURE AND RESPONSIBLE INDIVIDUALS;

(B) ADVANCING EDUCATION.",False,,Dormant,Accommodation/housing
487,1155554,UNITED AID TRUST,"140 Mile End Road, LONDON",E1 4GL,Bethnal Green and Stepney,07961068460,hanifgsw@gmail.com,Not available,31/03/2025,0.0,0.0,Other,"Makes Grants To Individuals, Makes Grants To Organisations, Provides Advocacy/advice/information","The Prevention Or Relief Of Poverty, Overseas Aid/famine Relief","Children/young People, Elderly/old People, People With Disabilities, Other Charities Or Voluntary Bodies, The General Public/mankind","Orphan & Widow Sponsorship
Fundraising events
Emergency Relief
Winter Relief
Education Support","1.THE PREVENTION OR RELIEF OF POVERTY IN ANYWHERE IN THE WORLD BY PROVIDING:GRANTS,ITEMS AND SERVICES TO INDIVIDUALS IN NEED AND/OR CHARITIES,OR OTHER ORGANISATIONS WORKING TO PREVENT OR RELIEVE POVERTY.2.THE PREVENTION OR RELIEF OF POVERTY (OR FINANCIAL HARDSHIP)ANYWHERE IN THE WORLD BY PROVIDING OR ASSISTING IN THE PROVISION OF EDUCATION,TRAINING,HEALTHCARE PROJECTS AND ALL THE NECESSARY SUPPORT DESIGNED TO ENABLE INDIVIDUALS TO GENERATE A SUSTAINABLE INCOME AND BE SELF-SUFFICIENT.3.TO RELIEVE THE POVERTY OF YOUNG PEOPLE BY THE PROVISION OF GRANTS TO ENABLE THEM TO PARTICIPATE IN HEALTHY RECREATIONAL ACTIVITIES THAT THEY COULD NOT OTHERWISE AFFORD.4.THE RELIEF AND ASSISTANCE OF PEOPLE IN ANY PART OF THE WORLD WHO ARE THE VICTIMS OF WAR OR NATURAL DISASTER,TROUBLE,OR CATASTROPHE IN PARTICULAR BY THE SUPPLY OF MEDICAL AID TO SUCH PERSONS.",True,,Dormant,Overseas Aid/famine Relief
488,1155767,GASCOIGNE NEIGHBOURHOOD ASSOCIATION LIMITED,"17 Overton Drive, London",E11 2NN,Leyton and Wanstead,07967804919,intjim@hotmail.com,http://livinglocal2.wordpress.com/,31/08/2024,3427.0,3957.0,Charitable company,"Provides Buildings/facilities/open Space, Provides Services","General Charitable Purposes, Arts/culture/heritage/science, Environment/conservation/heritage, Economic/community Development/employment, Human Rights/religious Or Racial Harmony/equality Or Diversity, Recreation",The General Public/mankind,"To further or benefit the residents of the Gascoigne Estate and the neighbourhood, by associating the residents and local authorities, voluntary and other organisations in a common effort to advance education and to provide facilities in the interests of social welfare for recreation leisure time occupation with the objective of improving the conditions of life for the residents.","TO FURTHER OR BENEFIT THE RESIDENTS OF THE GASCOIGNE ESTATE AND THE NEIGHBOURHOOD, WITHOUT DISTINCTION OF SEX, SEXUAL ORIENTATION, RACE OR OF POLITICAL, RELIGIOUS OR OTHER OPINIONS BY ASSOCIATING TOGETHER THE SAID RESIDENTS AND THE LOCAL AUTHORITIES, VOLUNTARY AND OTHER ORGANISATIONS IN A COMMON EFFORT TO ADVANCE EDUCATION AND TO PROVIDE FACILITIES IN THE INTERESTS OF SOCIAL WELFARE FOR RECREATION LEISURE TIME OCCUPATION WITH THE OBJECTIVE OF IMPROVING THE CONDITIONS OF LIFE FOR THE RESIDENTS. IN FURTHERANCE OF THESE OBJECTS BUT NOT OTHERWISE, THE TRUSTEES SHALL HAVE POWER:
TO ESTABLISH OR SECURE THE ESTABLISHMENT OF A COMMUNITY CENTRE AND GROUNDS AND TO MAINTAIN OR MANAGE OR CO-OPERATE WITH ANY STATUTORY AUTHORITY IN THE MAINTENANCE AND MANAGEMENT OF
SUCH A CENTRE FOR ACTIVITIES PROMOTED BY THE CHARITY IN FURTHERANCE OF THE ABOVE OBJECTS.",False,Micro,Dormant,Human Rights/religious Or Racial Harmony/equality Or Diversity
489,1156315,HORN HERO,"18 VICTORIA PARK SQUARE, BETHAL GREEN, LONDON",E2 9PF,Bethnal Green and Stepney,02032869474,Not available,hornhero.org,30/04/2017,0.0,0.0,Other,"Provides Human Resources, Provides Buildings/facilities/open Space, Provides Services, Other Charitable Activities","Education/training, Environment/conservation/heritage","Children/young People, People Of A Particular Ethnic Or Racial Origin, The General Public/mankind",Horn Hero aims to assist to conserve all natural ecosystems whether land based or within the oceans surrounding the Horn of Africa (Somalia/Ethiopia/Djibouti). We fight to eliminate habitat destruction by managing the biodiverse zones and teaching individuals/groups/businesses/government agencies how to sustainably  work while protecting wildlife habitats/marine life habitats.,"THE CHARITY'S OBJECTS (THE OBJECTS) ARE:
1.	THE ADVANCEMENT OF SOMALI HERITAGE BY:
(A) THE PRESERVATION OF HISTORIC LAND AND BUILDINGS; AND
(B) PRESERVING AND MAINTAINING OF SOMALI TRADITION; 
2.	THE ADVANCEMENT OF EDUCATION OF CHILDREN IN SOMALIA; AND
3.	THE PRESERVATION OF NATURAL ENVIRONMENT AND PROMOTION OF SUSTAINABLE ENVIRONMENT.",True,,Dormant,Environment/conservation/heritage
490,1156554,CELL FOUNDATION,"256-258 Cambridge Heath Road, Bethnal Green, LONDON",E2 9DA,Bethnal Green and Stepney,02089816336,info@cellfoundation.org.uk,www.cellprojects.org,31/03/2025,204606.0,111440.0,Charitable company,"Provides Human Resources, Provides Buildings/facilities/open Space, Sponsors Or Undertakes Research","Education/training, Arts/culture/heritage/science",The General Public/mankind,"Supporting practice and appreciation of visual art for the public benefit and advancement of education in the arts, by establishing an art gallery to provide ongoing exhibitions, educational events for schools, lectures and intern training programmes with financial support by Arts Council England. Continued support for artists who are in financial need by assisting with studio space for them.","TO PROMOTE THE APPRECIATION OF ART AND TO ADVANCE EDUCATION FOR THE PUBLIC BENEFIT BY:-
·THE ESTABLISHMENT AND MAINTENANCE OF AN ART GALLERY;
·THE PROVISION OF EXHIBITIONS, LECTURES AND INTERN TRAINING PROGRAMMES;AND
·BY SUPPORTING ARTISTS WHO ARE IN FINANCIAL NEED BY ASSISTING WITH WORKING STUDIO SPACE FOR THEM.",True,Medium,Dormant,Arts/culture/heritage/science
491,1156987,CLOWNS WITHOUT BORDERS UK,"Dean House, Skircoat Green, Halifax, West Yorkshire",HX3 0SA,Halifax,07939 522 518,hello@clownswithoutborders.org.uk,www.clownswithoutborders.org.uk,31/12/2024,61408.0,127326.0,Trust,Provides Services,"General Charitable Purposes, Overseas Aid/famine Relief",Children/young People,"Clowns Without Borders uses laughter and play as a stabilising force for children living in crisis zones. Working with professional artists and facilitators, we share performances and workshops to encourage children to connect with childish impulses and a sense of fun. It is our mission to alleviate suffering by sharing joy and wonder when they need it most. We work in the UK and globally.","FOR THE PUBLIC BENEFIT, THE RELIEF OF NEED AND SUFFERING OF PEOPLE, IN PARTICULAR BUT NOT EXCLUSIVELY CHILDREN AND YOUNG PEOPLE, THROUGHOUT THE WORLD WHO ARE RESIDENT IN AREAS OF CRISIS, BY:
(A) THE PROVISION, AND ASSISTANCE IN THE PROVISION, OF NATIONAL AND INTERNATIONAL PROGRAMS AND ACTIVITIES DESIGNED TO IMPROVE THE SOCIAL WELFARE AND CONDITIONS OF LIFE, EDUCATION AND HEALTH OF CHILDREN SUFFERING FROM THE AFFECTS OF LIVING IN AREAS OF CRISIS WHICH RESULT IN POVERTY, TRAUMA, DISLOCATION, MARGINALISATION AND SOCIAL OR ECONOMIC UPHEAVAL.
(B) PROMOTING AND RAISING AWARENESS OF HUMANITARIAN ISSUES THROUGH HUMOROUS PERFORMANCES AS A MEANS OF PSYCHOLOGICAL SUPPORT TO THOSE AFFECTED BY THE ISSUES DESCRIBED IN (A).
FOR THE PURPOSES OF THIS PROVISION, 'AREAS OF CRISIS' MAY INCLUDE, BUT IS NOT LIMITED TO: REFUGEE CAMPS, CONFLICT ZONES AND TERRITORIES IN SITUATIONS OF NATURAL OR MAN-MADE EMERGENCIES.",False,Small,Dormant,Overseas Aid/famine Relief
492,1157115,MACULELE UK- AFRO-BRAZILIAN ARTS & CULTURAL EXCHANGE INSTITUTE (ABACEI),"Kemp house, 152-160 City Road, london, LONDON",EC1V 2NX,Islington South and Finsbury,07425337404,community@abacei.com,www.culturalexchange.org.uk,31/12/2024,22580.0,18800.0,CIO,"Provides Buildings/facilities/open Space, Provides Services, Other Charitable Activities","Disability, Arts/culture/heritage/science, Amateur Sport, Recreation","Children/young People, Elderly/old People, People With Disabilities, The General Public/mankind","We run projects using the Afro- Brazilian martial arts capoeira, arts, music, dance and performing arts as the vehicle of education and the inspiration for people in UK. Our activities are aimed to support, children, young people, vulnerable adults, children with disabilities and  families to develop their skills in order to have a better chance to integrate in the community and a better future;","THE PROMOTION OF COMMUNITY PARTICIPATION IN HEALTHY RECREATION IN PARTICULAR BY THE PROVISION OF FACILITIES FOR CAPOEIRA (AFRO-BRAZILIAN MARTIAL ART) AND ITS ASSOCIATED PERFORMING ARTS, MUSIC AND DANCES 
TO ADVANCE THE EDUCATION OF THE PUBLIC BY THE PROVISION OF FACILITIES FOR THE TEACHING OF THE AFRO-BRAZILIAN MARTIAL ART CAPOEIRA AND OTHER AFRO-BRAZILIAN ARTS AND CULTURE BY SUCH MEANS AS THE TRUSTEES FROM TIME TO TIME SEE FIT",False,Small,Dormant,Recreation
493,1157403,FAIJURRAHMAN-MUHIUSSUNNAH ACADEMY,"FLAT 21, LOWESWATER HOUSE, 22 SOUTHERN GROVE, LONDON",E3 4PY,Poplar and Limehouse,02089818678,faizrahman17@yahoo.co.uk,Not available,30/06/2024,17151.0,10799.0,Other,Makes Grants To Organisations,"General Charitable Purposes, The Prevention Or Relief Of Poverty","Children/young People, The General Public/mankind","The advancement of education and relief of poverty and sickness in Moulvi Bazar, Bangladesh in particular but not exclusively by the making of grant","THE ADVANCEMENT OF EDUCATION AND THE RELIEF OF POVERTY AND SICKNESS IN MOULOVI BAZAR,BANGALDESH IN PARTICULAR BUT NOT EXCLUSIVELY BY THE MAKING OF GRANTS",True,Small,Dormant,The Prevention Or Relief Of Poverty
494,1157500,CHRIST CHURCH PRIMARY SCHOOL PFA,"CHRISTCHURCH PRIMARY SCHOOL, 47A BRICK LANE, LONDON",E1 6PU,Bethnal Green and Stepney,02072470792,Not available,Not available,01/04/2025,5577.0,5735.0,Other,"Makes Grants To Organisations, Provides Services, Provides Advocacy/advice/information",Education/training,Children/young People,"Supporting the work of Christ Church Primary School, Brick Lane.","TO ADVANCE THE EDUCATION OF PUPILS IN THE SCHOOL IN PARTICULAR BY:
1) DEVELOPING EFFECTIVE RELATIONSHIPS BETWEEN THE STAFF PARENTS AND OTHERS ASSOCIATED WITH THE SCHOOL;
2) ENGAGING IN ACTIVITIES OR PROVIDING FACILITIES OR EQUIPMENT WHICH SUPPORT THE SCHOOL AND ADVANCE THE EDUCATION OF THE PUPILS.",True,Micro,Dormant,Education/training
495,1157888,ABERFELDY ISLAMIC CULTURAL CENTRE,"36 Aberfeldy Street, London",E14 0NU,Poplar and Limehouse,07940537841,aiccorg@yahoo.co.uk,Not available,31/03/2025,147923.0,38650.0,Other,"Provides Services, Provides Advocacy/advice/information","General Charitable Purposes, Education/training, The Advancement Of Health Or Saving Of Lives, Religious Activities, Arts/culture/heritage/science, Human Rights/religious Or Racial Harmony/equality Or Diversity, Recreation","Children/young People, Elderly/old People","-Education-Community Development-Prayer meetings-Public celebration of religious festivals-Produce and/or distributing literature on the Islamic faith to enlighten others about the Islamic religion.","4.1)	TO ADVANCE THE ISLAMIC RELIGION FOR THE BENEFIT OF THE PUBLIC THROUGH THE HOLDING OF PRAYER MEETINGS, LECTURES, PUBLIC CELEBRATION OF RELIGIOUS FESTIVALS, PRODUCING AND/OR DISTRIBUTING LITERATURE ON THE ISLAMIC FAITH TO ENLIGHTEN OTHERS ABOUT THE ISLAMIC RELIGION.
4.2)	TO ADVANCE THE EDUCATION OF THE PUBLIC IN SUCH SUBJECTS AND BY SUCH MEANS 	AS THE TRUSTEES MAY DETERMINE.
4.3)	TO PROVIDE OR ASSIST IN THE PROVISION OF FACILITIES IN THE INTERESTS OF SOCIAL WELFARE FOR RECREATION OR OTHER LEISURE TIME OCCUPATION OF INDIVIDUALS WHO HAVE NEED OF SUCH FACILITIES BY REASON OF THEIR YOUTH, AGE INFIRMITY OR DISABILITY, FINANCIAL HARDSHIP OR SOCIAL CIRCUMSTANCES WITH THE OBJECT OF IMPROVING THEIR CONDITIONS OF LIFE.",True,Medium,Dormant,Human Rights/religious Or Racial Harmony/equality Or Diversity
496,1157976,GLORY OF GOD MOUNTAIN OF LIFE MINISTRY,"1 -4 Beresford Square, London",SE18 6BB,Greenwich and Woolwich,07956858654,gloryofgodmountainoflife@yahoo.com,www.gloryofgodlife.org,31/12/2024,76022.0,72436.0,CIO,"Provides Human Resources, Provides Services","General Charitable Purposes, Education/training, The Prevention Or Relief Of Poverty, Religious Activities",The General Public/mankind,TO ADVANCE CHRISTIANITY FOR THE PUBLIC BENEFIT,"1. TO ADVANCE CHRISTIANITY FOR THE PUBLIC BENEFIT2. TO ALLEVIATE POVERTY FOR THE VULNERABLE AND POOR IN THE UNITED KINGDOM3. TO ADVANCE EDUCATION FOR THE PUBLIC BENEFIT",False,Small,Dormant,Religious Activities
497,1158070,AL-ISTIQAAMAH,"48 Smythe Street, London",E14 0HF,Poplar and Limehouse,07961432745,abumaryam101@gmail.com,www.istiqaamah.net,31/12/2024,646.0,144.0,Other,Provides Services,"General Charitable Purposes, Education/training, Religious Activities","Children/young People, The General Public/mankind","Childrens Islamic evening school.
Islamic Events and seminars. 
Islamic literature materials.
youth activities.","THE CHARITY’S OBJECTS (“THE OBJECTS”) ARE:-
1)TO ADVANCE THE ISLAMIC RELIGION IN ACCORDANCE WITH THE STATEMENT OF FAITH ATTACHED HERETO; AND
2)TO PROVIDE OR ASSIST IN THE PROVISION OF FACILITIES IN THE INTERESTS OF SOCIAL WELFARE FOR RECREATION OR OTHER LEISURE TIME OCCUPATION OF INDIVIDUALS WHO HAVE NEED OF SUCH FACILITIES BY REASON OF THEIR YOUTH, AGE INFIRMITY OR DISABILITY, FINANCIAL HARDSHIP OR SOCIAL CIRCUMSTANCES WITH THE OBJECT OF IMPROVING THEIR CONDITIONS OF LIFE.",True,Micro,Dormant,Religious Activities
498,1158147,FRIENDS OF ABBEY GARDENS,"20 BAKERS ROW, STRATFORD, LONDON",EN15 3NF,,07535619922,admin@abbeygardens.org,http://www.abbeygardens.org,31/12/2024,35886.0,28524.0,CIO,Provides Buildings/facilities/open Space,"General Charitable Purposes, Recreation",The General Public/mankind,"Abbey Gardens is an open access community run shared harvest garden maintained by volunteers. The Garden provides opportunities for teaching food growing and gardening skills whilst also providing locally grown produce.  Additionally the Garden promotes well being and fosters community spirit, whilst encouraging and facilitating volunteering in the community.","TO PROMOTE FOR THE BENEFIT OF THE INHABITANTS OF NEWHAM, LONDON AND THE SURROUNDING AREA THE PROVISION OF FACILITIES FOR RECREATION OR OTHER LEISURE TIME OCCUPATION OF INDIVIDUALS WHO HAVE NEED OF SUCH FACILITIES BY REASON OF THEIR YOUTH, AGE, INFIRMITY OR DISABLEMENT, FINANCIAL HARDSHIP OR SOCIAL AND ECONOMIC CIRCUMSTANCES OR FOR THE PUBLIC AT LARGE IN THE INTEREST OF SOCIAL WELFARE AND WITH THE OBJECT OF IMPROVING THE CONDITION OF LIFE OF THE SAID INHABITANTS.",False,Small,Dormant,Recreation
499,1158184,HELP ONE CHILD,"Help One Child, 10 Lanark Square, LONDON",E14 9RE,Poplar and Limehouse,02035563741,helponechild.1158184@outlook.com,http://www.helponechild.org.uk,31/07/2015,17955.0,17549.0,CIO,"Makes Grants To Individuals, Provides Services","Education/training, The Prevention Or Relief Of Poverty",Children/young People,"The prevention or relief of poverty of children in the UK and Bangladesh by providing: grants, items and services to individuals in need and/or charities, or other organisations working to prevent or relieve poverty;(b) For the public benefit to promote the education (including social and physical training) of children in the UK and Bangladesh in such ways as the charity trustees think fit.","(A) THE PREVENTION OR RELIEF OF POVERTY OF CHILDREN IN THE UK AND BANGLADESH BY PROVIDING: GRANTS, ITEMS AND SERVICES TO INDIVIDUALS IN NEED AND/OR CHARITIES, OR OTHER ORGANISATIONS WORKING TO PREVENT OR RELIEVE POVERTY;
(B) FOR THE PUBLIC BENEFIT TO PROMOTE THE EDUCATION (INCLUDING SOCIAL AND PHYSICAL TRAINING) OF CHILDREN IN THE UK AND BANGLADESH IN SUCH WAYS AS THE CHARITY TRUSTEES THINK FIT.",True,Small,Dormant,The Prevention Or Relief Of Poverty
500,1158667,DATE PALM PRIMARY SCHOOL LTD,"80-82 Greenfield Road, London",E1 1EJ,Bethnal Green and Stepney,02077912800,admin@datepalmprimary.com,www.datepalmprimary.co.uk,31/12/2024,548360.0,554982.0,Charitable company,"Provides Buildings/facilities/open Space, Provides Services",Education/training,Children/young People,"The charity's objective are as follows:The advancement of education in accordance with the national curriculum of the United Kingdom combined with the principles of the Islamic faith for the benefit of the public and local community.","THE ADVANCEMENT OF EDUCATION IN ACCORDANCE WITH THE PRINCIPLES OF THE FAITH OF ISLAM, IN PARTICULAR THROUGH THE ESTABLISHMENT AND MAINTENANCE OF A PRIMARY SCHOOL.",True,Medium,Dormant,Education/training
501,1158669,LES CROCODILES,"Flat 1203, Moro Apartments, 22 New Festival Avenue, LONDON",E14 6FT,Poplar and Limehouse,07979851878,info@les-crocodiles.org,www.les-crocodiles.org,31/05/2024,120930.0,104794.0,CIO,Provides Services,"Education/training, Arts/culture/heritage/science","Children/young People, The General Public/mankind","To advance the education for the public benefit by teaching the French language and French culture, heritage and history to children in East and North London and to adults through the provision of after school, weekend and holiday classes and through organising events open to the general public as the trustees shall determine.","TO ADVANCE THE EDUCATION FOR THE PUBLIC BENEFIT BY TEACHING THE FRENCH LANGUAGE AND FRENCH CULTURE, HERITAGE AND HISTORY TO CHILDREN IN EAST AND NORTH LONDON AND TO ADULTS THROUGH THE PROVISION OF AFTER-SCHOOL, WEEKEND AND HOLIDAY CLASSES AND THROUGH ORGANISING EVENTS OPEN TO THE GENERAL PUBLIC AS THE TRUSTEES SHALL DETERMINE.",True,Medium,Dormant,Arts/culture/heritage/science
502,1158726,AL-FATH TRUST,"32 CENTRAL PARADE, HOE STREET, LONDON",E17 4RT,Walthamstow,07958186307,contact@alfathtrust.co.uk,ALFATHTRUST.CO.UK,21/05/2024,325386.0,166611.0,Charitable company,"Provides Human Resources, Provides Buildings/facilities/open Space, Provides Services, Provides Advocacy/advice/information, Other Charitable Activities","General Charitable Purposes, The Prevention Or Relief Of Poverty, Overseas Aid/famine Relief, Religious Activities, Amateur Sport, Human Rights/religious Or Racial Harmony/equality Or Diversity","Children/young People, Elderly/old People, Other Charities Or Voluntary Bodies, The General Public/mankind","To provide a place of worship for our community 
To provide realistic opportunities for members of the community 
Promote cohesion between communities of different Faith   
Raise awareness about hate crimes, citizenship, community cohesion and social participation  
Organise social events, sports and leisure activities for families and young people   
Provide advice and guidance","THE CHARITY'S OBJECTS (OBJECTS) ARE SPECIFICALLY RESTRICTED TO THE FOLLOWING: 

4.1 THE RELIEF OF POVERTY BY: 
4.1.1 BETTERING THE WELLBEING OF THE PUBLIC BY ADDRESSING KEY ISSUES SUCH AS THE PREVENTION OR RELIEF OF THE POVERTY, WHEREBY THE CHARITY WILL PROVIDE A WIDE RANGE OF SERVICES, SUPPORT AND ACTIVITIES THAT AIMS TO IMPROVE AND RELIEVE THE HARDSHIP OF THE PUBLIC, EITHER FINANCIALLY LIKE PROVISION OF A TWO-COURSE MEAL TWICE A WEEK (MONDAYS & THURSDAYS) FOR THE HOMELESS, SINGLE, PEOPLE WHO ARE PASSERS-BY (TRAVELLING) AND PEOPLE WITH LOW INCOMES; 

4.2 THE ADVANCEMENT OF EDUCATION BY:
4.2.1 PROVIDING EDUCATIONAL SUPPORT FOR PEOPLE WHO CANNOT AFFORD TO ENROL AT COLLEGE TO LEARN ARABIC, CV WRITING, ASSISTANCE WITH WRITING LETTERS, ADVOCACY, AND ASSISTANCE WITH FILLING FORMS SUCH AS IMMIGRATIONS, DIVORCE, AND BENEFIT APPEALS WHEREBY THEY CAN BE CHARGED TO ACCESS SUCH TYPE OF SERVICES; AND 
4.2.2 PROVIDING EDUCATIONAL SUPPORT AND OPPORTUNITIES FOR MEMBERS OF THE COMMUNITY AND THE PUBLIC TO LEARN NEW SKILLS AND DEVELOP ABILITIES, SUCH AS PRESENTATION SKILLS, CASE DISCUSSIONS, WORKSHOPS AND ICT LEARNING; 

4.3 THE PROMOTION OF COMMUNITY PARTICIPATION IN HEALTHY RECREATION BY: 
4.3.1 ESTABLISHING A CONSISTENT ACTIVITY PROVISION FOR THE YOUTH BY ORGANISING SUPPORT ACTIVITIES SESSIONS, HEALTHY EATING, AND RAISING AWARENESS ABOUT CRIME PREVENTION AND ANTI-SOCIAL BEHAVIOUR BY DIRECTING THEM INTO MEANINGFUL ACTIVITIES AND COMMUNITY WORK; 

4.4 THE ADVANCEMENT OF THE ISLAMIC RELIGION BY: 
4.4.1 ACTIVELY AIMING AT PROVISION OF PLACES OF WORSHIP; 
4.4.2 TRYING TO RAISE AWARENESS AND UNDERSTANDING OF RELIGIOUS BELIEFS AND PRACTICES; 
4.4.3 HELPING MEMBERS OF THE COMMUNITY CARRYING OUT RELIGIOUS DEVOTIONAL ACTS; 
4.4.4 CONTINUING TO HELP, SUPPORT AND BETTER THE ADVANCEMENT OF RELIGION TO MEMBERS OF THE PUBLIC WHO ACCESS ITS RELIGIOUS ACTIVITIES SUCH AS THE FRIDAY PRAYERS, SATURDAY AND SUNDAY RELIGIOUS GATHERINGS TO IMPROVE THE UNDERSTANDING OF THE PUBLIC PERCEPTION OF RELIGION AS A FRAMEWORK AND SET OF BELIEFS THAT CAN HELP AND ENHANCE SOCIAL COHESION AND HARMONY WITH OTHER RELIGIOUS GROUPS/FAITHS; AND 
4.4.5 ACTIVELY SUPPORTING AND EMPOWERING PEOPLE TO PRACTICE RELIGION IN A RATHER SAFER, TOLERANT AND HARMONIOUS MANNER, ESPECIALLY DURING THE HOLY FESTIVALS SUCH AS RAMADAN, HAJ AND EID;

4.5 THE PROMOTION OF HEALTH AND HEALTHY LIVING BY: 
4.5.1 ENCOURAGING PEOPLE TO EAT HEALTHILY AND ENGAGE IN SPORT ACTIVITIES; 
4.5.2 ADVISING PEOPLE TO HAVE REGULAR HEALTH CHECKS; AND 
4.5.3 SHARING INFORMATION ABOUT HEALTH SERVICES.",False,Medium,Dormant,Overseas Aid/famine Relief
503,1158930,NORTH LONDON SPORTS ACADEMY,"58B FAIRHOLT ROAD, LONDON",N165HN,Hackney North and Stoke Newington,07412959987,Not available,Not available,31/03/2025,21200.0,20100.0,CIO,Provides Services,"Education/training, Disability, Amateur Sport, Recreation","Children/young People, People With Disabilities, The General Public/mankind","North London Sports Academy is currently providing football, basketball, athletics and swimming sessions in Hackney and Islington. Youngest age is 5 to 18 year old. We also provide sporting tours in UK and abroad, and sporting events.","THE OBJECTS OF THE CIO ARE TO ADVANCE IN LIFE AND HELP YOUNG PEOPLE LIVING IN HACKNEY AND ISLINGTON AND THE SURROUNDING AREA, THROUGH:

(A) THE PROVISION OF RECREATIONAL AND LEISURE TIME ACTIVITIES PROVIDED IN THE INTEREST OF SOCIAL WELFARE, DESIGNED TO IMPROVE THEIR CONDITIONS OF LIFE;
(B) PROVIDING SUPPORT AND ACTIVITIES WHICH DEVELOP THEIR SKILLS, CAPACITIES AND CAPABILITIES TO ENABLE THEM TO PARTICIPATE IN SOCIETY AS MATURE AND RESPONSIBLE INDIVIDUALS.",False,Small,Dormant,Recreation
504,1159316,HUDHAYFAH BIN AL YAMAAN ISLAMIC CENTRE,"MHbAY, 603 High Road, Leytonstone, LONDON",E11 4PA,Leyton and Wanstead,0208 1440169,info@mhbay.org,www.mhbay.org,31/03/2025,128747.0,77142.0,CIO,"Provides Buildings/facilities/open Space, Provides Services",Religious Activities,"Children/young People, Elderly/old People, People With Disabilities, People Of A Particular Ethnic Or Racial Origin, The General Public/mankind","To advance the Islamic religion for the public benefit, by promoting the knowledge of Allah (God) as portrayed in the authentic sources of Islam and according to the way of the pious predecessors, including the provision of facilities for religious worship","1. TO ADVANCE THE ISLAMIC RELIGION FOR THE PUBLIC BENEFIT, BY PROMOTING THE KNOWLEDGE OF ALLAH (GOD) AS PORTRAYED IN THE AUTHENTIC SOURCES OF ISLAM AND ACCORDING TO THE WAY OF THE PIOUS PREDECESSORS, INCLUDING THE PROVISION OF FACILITIES FOR RELIGIOUS WORSHIP.
2. TO PROMOTE FOR THE BENEFIT OF THE INHABITANTS OF EAST LONDON AND THE SURROUNDING AREA THE PROVISION OF FACILITIES FOR RECREATION OR OTHER LEISURE TIME OCCUPATION OF INDIVIDUALS WHO HAVE NEED OF SUCH FACILITIES BY REASON OF THEIR YOUTH, AGE, INFIRMITY OR DISABLEMENT, FINANCIAL HARDSHIP OR SOCIAL AND ECONOMIC CIRCUMSTANCES OR FOR THE PUBLIC AT LARGE IN THE INTERESTS OF SOCIAL WELFARE AND WITH THE OBJECT OF IMPROVING THE CONDITION OF LIFE OF THE SAID INHABITANTS.
3. TO ADVANCE THE EDUCATION OF THE SAID INHABITANTS, FOR THE PUBLIC BENEFIT, IN SUCH WAYS AS THE TRUSTEES DEEM FIT.",False,Medium,Dormant,Religious Activities
505,1159691,BETHNAL GREEN SPEAR TRUST,"THE VICARAGE, ST. PETER'S CLOSE, LONDON",E2 7AE,Bethnal Green and Stepney,020 3475 0432,hello@spearbethnalgreen.org,http://www.resurgo.org.uk/spear/,31/08/2022,93208.0,98589.0,CIO,"Provides Services, Provides Advocacy/advice/information","Education/training, The Prevention Or Relief Of Poverty, Economic/community Development/employment",Children/young People,"Bethnal Green Spear Trust runs pre-employment training courses for young people living in East London. The Spear Programme is a highly interactive, award-winning twelve-month programme that equips and supports disadvantaged 16 to 24 year olds to place them into long-term employment. 75% of Spear completers enter employment, education or training, and remain there a year later.","THE OBJECT OF THE CIO IS, FOR THE BENEFIT OF THE PUBLIC AND WITHIN A CHRISTIAN ETHOS, TO ACT AS A RESOURCE FOR YOUNG PEOPLE BETWEEN THE AGES OF 16 TO 24 LIVING IN EAST LONDON BY PROVIDING ADVICE, ASSISTANCE AND SUPPORT AND ORGANISING EDUCATIONAL PROGRAMMES AND OTHER ACTIVITIES AS A MEANS OF:
(A) HELPING YOUNG PEOPLE ADVANCE IN LIFE BY DEVELOPING THEIR SKILLS, CAPACITIES AND CAPABILITIES TO ENABLE THEM TO INTEGRATE INTO AND PARTICIPATE IN SOCIETY AS INDEPENDENT, MATURE AND RESPONSIBLE INDIVIDUALS;
(B) ADVANCING EDUCATION;
(C) RELIEVING UNEMPLOYMENT, ENABLING YOUNG PEOPLE TO GENERATE A SUSTAINABLE INCOME AND BE SELF-SUFFICIENT;
(D) PROVIDING RECREATIONAL AND LEISURE TIME ACTIVITIES PROVIDED IN THE INTEREST OF SOCIAL WELFARE, DESIGNED TO IMPROVE THEIR CONDITIONS OF LIFE.",True,Small,Dormant,Economic/community Development/employment
506,1159836,ODD EYES THEATRE,"UNIT 4, THE ENERGY CENTRE, BOWLING GREEN WALK, LONDON",N1 6AL,Hackney South and Shoreditch,02089863721,info@oddeyestheatre.net,http://www.oddeyestheatre.net/,31/03/2025,84394.0,106545.0,CIO,Provides Services,Arts/culture/heritage/science,The General Public/mankind,"Odd Eyes Theatre opens communication across cultures and enables social inclusion with theatre productions, training and community events.","TO ADVANCE EDUCATION FOR THE PUBLIC BENEFIT INCLUDING, BUT NOT LIMITED TO, THE ART OF DRAMA.",False,Small,Dormant,Arts/culture/heritage/science
507,1160103,BRIGHTON TABLE TENNIS CLUB,"Brighton Table Tennis Club, The Fitzherbert Centre, 36 Upper Bedford Street, BRIGHTON",BN2 1JP,Brighton Kemptown and Peacehaven,07985141788,info@brightontabletennisclub.com,www.brightontabletennisclub.com,31/03/2025,970000.0,621950.0,CIO,Provides Services,Amateur Sport,"Children/young People, Elderly/old People, People With Disabilities","Brighton Table Tennis Club  exists to transform lives by providing positive role models, increasing engagement with education and community and improving health and well-being. The Club not only provides people with positive role models and a place to train, but also with an identity, a sense of belonging and a purpose.",TO PROMOTE COMMUNITY PARTICIPATION IN HEALTHY RECREATION BY PROVIDING FACILITIES AND COACHING FOR PLAYING TABLE TENNIS IN BRIGHTON.,False,Medium,Dormant,Amateur Sport
508,1160560,DRESS FOR SUCCESS GREATER LONDON LTD,"Dress for Success Greater London, Albany House, 94-98 Petty France",SW1H 9EA,Cities of London and Westminster,02037737279,greaterlondon@dressforsuccess.org,www.dressforsuccessgl.org,31/03/2025,455258.0,389202.0,Charitable company,Provides Services,"General Charitable Purposes, Education/training, The Prevention Or Relief Of Poverty, Other Charitable Purposes","Children/young People, Elderly/old People, People With Disabilities, People Of A Particular Ethnic Or Racial Origin, Other Defined Groups","DRESS FOR SUCCESS GREATER LONDON PROMOTES THE ECONOMIC INDEPENDENCE OF UNEMPLOYED WOMEN BY PROVIDING PROFESSIONAL CLOTHING, A NETWORK OF SUPPORT AND THE CAREER DEVELOPMENT TOOLS TO HELP WOMEN THRIVE IN WORK AND IN LIFE.  WHEN A CLIENT HAS AN INTERVIEW TO ATTEND WE PROVIDE HER WITH FREE PROFESSIONAL CLOTHING AND ACCESSORIES AND A TAILORED INTERVIEW COACHING SESSION TO PREPARE HER FOR INTERVIEW.","FOR THE PUBLIC BENEFIT TO RELIEVE FINANCIAL HARDSHIP AND UNEMPLOYMENT OF WOMEN LIVING IN ENGLAND AND WALES IN SUCH WAYS AS MAY BE THOUGHT FIT, INCLUDING (BUT WITHOUT LIMITING THE GENERALITY OF THE FOREGOING) BY:
4.1.1 PROVIDING WORK-APPROPRIATE CLOTHING FOR INDIVIDUALS SEEKING EMPLOYMENT AND/OR EDUCATIONAL OPPORTUNITIES;
4.1.2 PROVIDING JOB-SEEKING ADVICE, TRAINING AND EDUCATION; AND
4.1.3 PROVIDING SUPPORT SERVICES FOR THOSE WHO SUCCESSFULLY PROCURE EMPLOYMENT OR AN EDUCATIONAL OPPORTUNITY.",False,Medium,Dormant,Other Charitable Purposes
509,1160841,EAST LONDON MUSIC GROUP,"20 Millers Lane, Stanstead Abbotts, WARE, Hertfordshire",SG12 8AF,Broxbourne,07791607993,info@eastlondonmusicgroup.co.uk,www.eastlondonmusicgroup.co.uk,31/07/2024,26800.0,12438.0,CIO,Other Charitable Activities,"Education/training, Arts/culture/heritage/science","Children/young People, The General Public/mankind",The provision of arts-based events and activities for and in collaboration with educational establishments and the wider community of East London.,"THE PROMOTION OF THE ARTS, FOCUSED ON BUT NOT LIMITED TO MUSIC, FOR THE PUBLIC BENEFIT IN EAST LONDON THROUGH THE PROVISION OF ARTS-­BASED EVENTS AND ACTIVITIES FOR THE COMMUNITY AT A VERY LOW COST OR FOR FREE.
THE PROMOTION OF THE ARTS IN EDUCATION FOR THE PUBLIC BENEFIT IN EAST LONDON THROUGH THE PROVISION OF ARTS-­BASED EDUCATIONAL PROJECTS IN THE COMMUNITY.
THE ADVANCEMENT OF THE ARTS THROUGH ENGAGEMENT WITH HIGH CALIBRE EXPONENTS OF A RANGE OF PERFORMING AND VISUAL ARTS.",False,Small,Dormant,Arts/culture/heritage/science
510,1160859,THE HM TOWER OF LONDON CHAPELS ROYAL FOUNDATION,"1 Tower Green, The Tower of London, Tower Hill, LONDON",EC3N 4AB,Poplar and Limehouse,02031666354,ROGER.HALL@HRP.ORG.UK,www.thechapelsroyalhmtoweroflondon.org.uk,31/08/2024,236690.0,240205.0,CIO,Provides Buildings/facilities/open Space,"The Prevention Or Relief Of Poverty, Religious Activities, Arts/culture/heritage/science","Other Charities Or Voluntary Bodies, The General Public/mankind","THE OBJECTS ARE TO:A) ADVANCE THE CHURCH OF ENGLAND AND THE CHAPELS AS PLACES OF PUBLIC WORSHIP;B) BENEFIT THOSE ATTENDING PUBLIC RELIGIOUS SERVICES IN THE CHAPELS;C) SUPPORT THE CHAPLAIN AND THE MISSION OF THE CHURCH;D) HELP THE CHAPELS AS PLACES OF NATIONAL HERITAGE AND HISTORIC INTEREST; ANDE) MAKE GRANTS TO CHARITIES TO SUPPORT THE CHAPLAIN, THE CHAPELS AND OTHER CHARITABLE PURPOSES.","1.TO ADVANCE THE RELIGION OF THE CHURCH OF ENGLAND BY PROMOTING THE USE OF THE CHAPELS ROYAL WITHIN HM TOWER OF LONDON AS PLACES OF PUBLIC RELIGIOUS WORSHIP AND BY SUPPORTING THE CHAPLAIN IN THE EXERCISE OF HIS MINISTRY.
2.WITHOUT PREJUDICE TO THE GENERALITY OF THE FOREGOING (A) TO PROVIDE A MASTER OF MUSIC, AN ASSISTANT MASTER OF MUSIC AND ORGANIST, AND A CHOIR WITH A VIEW TO ENSURING THAT THE MUSICAL CONTENT OF SERVICES IS OF THE HIGHEST QUALITY; (B) TO ADVISE AND ASSIST THE CHAPLAIN IN THE EXERCISE OF HIS MINISTRY AND IN HIS OR HER PROMOTION OF THE MISSION OF THE CHURCH OF ENGLAND; AND (C) GENERALLY TO PROVIDE FACILITIES FOR THE EDIFICATION OF THOSE ATTENDING PUBLIC RELIGIOUS SERVICES IN THE CHAPELS.
3.TO RELIEVE PERSONS IN NEED WHO WORK OR WHO HAVE WORKED WITHIN HM TOWER OF LONDON AND THE DEPENDANTS IN NEED OF SUCH PERSONS.
4.TO CO-OPERATE WITH HISTORIC ROYAL PALACES AND ANY OTHER ORGANISATION IN THE PRESENTATION OF THE CHAPELS TO THE PUBLIC AS PLACES OF NATIONAL HERITAGE AND HISTORIC INTEREST.
5.TO MAKE GRANTS TO OTHER CHARITIES AND TO APPLY FUNDS FOR OTHER CHARITABLE PURPOSES",False,Medium,Dormant,Religious Activities
511,1161226,THIS IS GROWTH LTD,"Flat 7, Tartan House, Dee Street, LONDON",E14 0PF,Poplar and Limehouse,07428482325,office@thisisgrowth.org,www.thisisgrowth.org,31/03/2025,606257.0,536076.0,Charitable company,"Provides Buildings/facilities/open Space, Provides Services, Provides Advocacy/advice/information","General Charitable Purposes, Education/training, The Prevention Or Relief Of Poverty, Accommodation/housing, Religious Activities, Economic/community Development/employment",The General Public/mankind,"GrowTH was founded by local churches to serve the homeless of Tower Hamlets. Our main project is an emergency night shelter, open for seven months of the year. Guests in the shelter are given resettlement and employment support. GrowTH also has a housing project, offering affordable accommodation to the homeless. Guests are given the opportunity to explore the Christian faith should they wish.","THE RELIEF OF POVERTY THROUGH THE PROVISION OF ACCOMMODATION AND OTHER AMENITIES AND SERVICES. 
TO ADVANCE THE CHRISTIAN FAITH IN THE UNITED KINGDOM AND IN SUCH OTHER PARTS OF THE WORLD AS THE TRUSTEES MAY FROM TIME TO TIME THINK FIT. 
TO ADVANCE EDUCATION IN ACCORDANCE WITH CHRISTIAN PRINCIPLES BY SUCH MEANS AS THE TRUSTEES MAY CONSIDER APPROPRIATE. 
THE FURTHERANCE OF THE CHARITABLE WORK OF THE CHARITY BY THE ADVANCEMENT OF SUCH OTHER CHARITABLE PURPOSES AS THE TRUSTEES SHALL FROM TIME TO TIME DECIDE.",True,Medium,Dormant,Accommodation/housing
512,1161526,THE DROP IN BEREAVEMENT CENTRE,"187 Grange Road, Plaistow, London",E13 0HA,West Ham and Beckton,02075116444,dropinbereavement@btinternet.com,https://thedropinbereavementcentre.co.uk,31/03/2025,46990.0,44340.0,CIO,"Provides Services, Provides Advocacy/advice/information, Other Charitable Activities","General Charitable Purposes, Other Charitable Purposes","Elderly/old People, Other Defined Groups, The General Public/mankind","Face2Face, Video and Telephone Bereavement Counselling, Peer Support Group Counselling, Preliminary family counselling, Health Well Being Project  Activities, Over 60's mobility exercise classes, Yoga, Dance, stretching, meditation, Social away day trips, Group walks, Tea/Coffee meet up chat groups 
Fundraising Events Cake Bake, Pub Quiz, info on practical issues surrounding bereavement",TO RELIEVE THE MENTAL AND PHYSICAL SICKNESS OF PERSONS RESIDENT IN THE LONDON BOROUGH OF NEWHAM AND THE SURROUNDING AREA SUFFERING FROM BEREAVEMENT OR LOSS BY THE PROVISION OF COUNSELLING AND SUPPORT FOR SUCH PERSONS.,False,Small,Dormant,Other Charitable Purposes
513,1161792,THE SCREEN FILM COMMUNITY,"The Stowe Centre, 258 Harrow Road, LONDON",W2 5ES,Queen's Park and Maida Vale,02072868877,kate.herron@thescreen.biz,KATE.HERRON@THESCREENCOMMUNITY.COM,30/06/2024,36547.0,59255.0,Charitable company,Provides Services,"Education/training, Arts/culture/heritage/science, Economic/community Development/employment","Children/young People, People Of A Particular Ethnic Or Racial Origin, The General Public/mankind","TRAINING AND WORK OPPORTUNITIES FOR DISADVANTAGED YOUNG PEOPLE IN THE FIELD OF FILM, TELEVISION AND GAMES DESIGN.","TO ADVANCE IN LIFE AND HELP YOUNG PEOPLE, PARTICULARLY IN SOCIALLY AND ECONOMICALLY DEPRIVED NEIGHBOURHOODS IN LONDON THROUGH:
A) THE PROVISION OF RECREATIONAL AND LEISURE TIME ACTIVITIES PROVIDED IN THE INTERESTS OF SOCIAL WELFARE, DESIGNED TO IMPROVE THEIR CONDITIONS IN LIFE;
B) PROVIDING SUPPORT AND ACTIVITIES WHICH DEVELOP THEIR SKILLS, CAPACITIES AND CAPABILITIES TO PARTICIPATE IN SOCIETY AS MATURE AND RESPONSIBLE INDIVIDUALS; IN PARTICULAR BY THE PROVISION OF FILM AND TELEVISION TRAINING AND CAREER ADVICE.",False,Small,Dormant,Arts/culture/heritage/science
514,1161882,HOUSE OF ISRAEL LONDON,"3 Syndale Cottages, Ospringe, FAVERSHAM",ME13 0RJ,Faversham and Mid Kent,07711291525,hoilondon@yahoo.co.uk,www.hoiuk.com,31/12/2024,52413.0,53882.0,CIO,Provides Services,Religious Activities,The General Public/mankind,Provision of worship services.,"THE OBJECTS OF THE CIO ARE:
TO ADVANCE THE CHRISTIAN FAITH FOR THE PUBLIC BENEFIT MAINLY, BUT NOT EXCLUSIVELY, BY MEANS OF
A. BROADCASTING MESSIANIC MESSAGES OF AN EVANGELISTIC AND TEACHING NATURE,
B. THE PROVISION OF WORSHIP SERVICES, DISCIPLESHIP EDUCATION AND FELLOWSHIP,
C. PROVIDING SPIRITUAL AND MORAL GUIDANCE.
FOR THE PURPOSE OF THESE OBJECTS ""MESSIANIC"" MEANS FOLLOWERS OF YESHUA (JESUS CHRIST) THE MESSIAH.",False,Small,Dormant,Religious Activities
515,1161965,SCALLYWAGS PARENT PARTNERSHIP NURSERY,"Mowlem Childrens Centre, Wadeson Street, LONDON",E2 9DL,Bethnal Green and Stepney,020 8980 3666,debourahbull@hotmail.co.uk,https://www.scallywagsnursery.co.uk/,31/03/2025,102384.0,117900.0,CIO,Provides Services,Education/training,Children/young People,"Scallywags is a parent partnership nursery, established in 1991. We care for children aged between 20 months and 4 years.","THE OBJECTS OF THE CIO ARE TO ADVANCE THE DEVELOPMENT AND EDUCATION OF CHILDREN UNDER STATUTORY SCHOOL AGE IN EAST LONDON BY:
1)	PROVIDING AFFORDABLE, NON-PROFIT MAKING CHILDCARE WITH PARENTS ACTIVELY INVOLVED IN THE RUNNING OF THE SETTING;
2)	PROVIDING A SAFE AND STIMULATING ENVIRONMENT IN WHICH TO LEARN; AND
3)	PROVIDING PARENTS AND CARERS WITH OPPORTUNITIES TO BE INVOLVED IN THE DEVELOPMENT OF THEIR CHILDREN AND LEARN BEST PRACTICE PARENTING SKILLS THROUGH WORKING WITH QUALIFIED CHILDCARE PROFESSIONALS AND OTHER PARENTS.",True,Medium,Dormant,Education/training
516,1162185,BOW FOODBANK,"Bow Foodbank, Bow Community Hall, 1 William Place, London",E3 5ED,Stratford and Bow,07305103479,info@bowfoodbank.org,www.bowfoodbank.org,31/03/2025,781754.0,830628.0,Charitable company,"Provides Services, Provides Advocacy/advice/information",The Prevention Or Relief Of Poverty,Other Defined Groups,Operation of an independent foodbank in Tower Hamlets,"The relief of poverty in Tower Hamlets and neighbouring boroughs in London through access to food and essential items; advocacy and advice for people in Tower Hamlets and neighbouring boroughs in London to support long-term, permanent relief of poverty; and the advancement of education related to factors contributing to poverty in Tower Hamlets and neighbouring boroughs in London.",True,Medium,Dormant,The Prevention Or Relief Of Poverty
517,1162355,MISSION VIEW,"UNIT F3, 89-93 FONTHILL ROAD, LONDON",N4 3JH,Islington North,02089165862,missionviewmedia@gmail.com,www.missionview.org.uk,31/12/2024,0.0,0.0,CIO,"Provides Human Resources, Provides Services","Education/training, The Prevention Or Relief Of Poverty, Economic/community Development/employment","Children/young People, The General Public/mankind","Mission View hosts programs throughout the year to educate the community about nonviolence, civic engagement, and sustainable development. We work with other organisations to organize the Voices of Hope. Autism awareness, Workshops in and around United Kingdom which include community film screenings. We also partner with schools and other Community organizations/groups.","THE OBJECT OF THE CIO IS, FOR THE PUBLIC BENEFIT, THE PREVENTION AND RELIEF OF POVERTY AMONG MEMBERS OF DEPRIVED COMMUNITIES IN THE UNITED KINGDOM AND THE RELIEF OF SUFFERING, POVERTY AND DISTRESS ARISING THROUGH CONFLICT ON A NATIONAL OR INTERNATIONAL SCALE BY PROVIDING INFORMATION AND ADVICE AS WELL AS TRAINING OPPORTUNITIES FOR PEOPLE IN CHARITABLE NEED TO ENABLE THEM ACQUIRE BETTER SKILLS, IMPROVE THEIR JOB PROSPECTS OR SET UP A BUSINESS AND EARN ENOUGH INCOME TO IMPROVE THEIR STANDARD OF LIVING AND HELP THEIR COMMUNITIES.",False,,Dormant,Economic/community Development/employment
518,1162404,SIMPLEGIFTS: UNITARIAN CENTRE FOR SOCIAL ACTION,"117 MANSFORD STREET, LONDON",E2 6LX,Bethnal Green and Stepney,07411114831,info@simplegiftsucsa.org.uk,www.simplegiftsucsa.org.uk,30/09/2024,38344.0,44514.0,CIO,"Provides Human Resources, Provides Buildings/facilities/open Space, Provides Services, Provides Advocacy/advice/information","General Charitable Purposes, Education/training, The Prevention Or Relief Of Poverty, Economic/community Development/employment, Human Rights/religious Or Racial Harmony/equality Or Diversity","Children/young People, Elderly/old People, People Of A Particular Ethnic Or Racial Origin, Other Charities Or Voluntary Bodies, The General Public/mankind","We run community programming from our Bethnal Green, East London premises. Our programmes - including our After School Club, New Neighbours/Old Neighbours Lunch, and ESOL classes - are all run by a team of dedicated volunteers.","1. TO FURTHER OR BENEFIT THE RESIDENTS OF BETHNAL GREEN, EAST LONDON AND THE NEIGHBOURHOOD, WITHOUT DISTINCTION OF SEX, SEXUAL ORIENTATION, RACE OR OF POLITICAL, RELIGIOUS OR OTHER OPINIONS BY ASSOCIATING TOGETHER THE SAID RESIDENTS AND THE LOCAL AUTHORITIES, VOLUNTARY AND OTHER ORGANISATIONS IN A COMMON EFFORT TO ADVANCE EDUCATION AND TO PROVIDE FACILITIES IN THE INTERESTS OF SOCIAL WELFARE FOR RECREATION AND LEISURE TIME OCCUPATION WITH THE OBJECTIVE OF IMPROVING THE CONDITIONS OF LIFE FOR THE RESIDENTS.

IN FURTHERANCE OF THESE OBJECTS BUT NOT OTHERWISE, THE TRUSTEES SHALL HAVE POWER:

TO ESTABLISH OR SECURE THE ESTABLISHMENT OF A COMMUNITY CENTRE AND TO MAINTAIN OR MANAGE OR CO-OPERATE WITH ANY STATUTORY AUTHORITY IN THE MAINTENANCE AND MANAGEMENT OF SUCH A CENTRE FOR ACTIVITIES PROMOTED BY THE CHARITY IN FURTHERANCE OF THE ABOVE OBJECTS.

2. TO PROVIDE THE NECESSARY FACILITIES FOR THE DAILY CARE, RECREATION AND EDUCATION OF CHILDREN AND YOUNG PEOPLE DURING OUT OF SCHOOL HOURS AND SCHOOL HOLIDAYS

3. TO ADVANCE IN LIFE AND RELIEVE THE NEEDS OF YOUNG PEOPLE THROUGH: 

(A) THE PROVISION OF RECREATIONAL AND LEISURE TIME ACTIVITIES PROVIDED IN THE INTEREST OF SOCIAL WELFARE, DESIGNED TO IMPROVE THEIR CONDITIONS OF LIFE;

(B) PROVIDING SUPPORT AND ACTIVITIES WHICH DEVELOP THEIR SKILLS, CAPACITIES AND CAPABILITIES TO ENABLE THEM TO PARTICIPATE IN SOCIETY AS MATURE AND RESPONSIBLE INDIVIDUALS.

4. TO DEVELOP THE CAPACITY AND SKILLS OF THE MEMBERS OF THE SOCIALLY AND ECONOMICALLY DEPRIVED COMMUNITY OF BETHNAL GREEN, EAST LONDON IN SUCH A WAY THAT THEY ARE BETTER ABLE TO IDENTIFY, AND HELP MEET, THEIR NEEDS AND TO PARTICIPATE MORE FULLY IN SOCIETY.

5. SUCH OTHER CHARITABLE PURPOSES FOR THE PUBLIC BENEFIT AS ARE EXCLUSIVELY CHARITABLE ACCORDING TO THE LAWS OF ENGLAND AND WALES AS THE TRUSTEES MAY FROM TIME TO TIME DETERMINE.",True,Small,Dormant,Human Rights/religious Or Racial Harmony/equality Or Diversity
519,1162950,ST PETERS COMMUNITY WELLBEING PROJECTS,"Community Centre, 1 Marian Place, LONDON",E2 9AX,Bethnal Green and Stepney,07956260376,stpetersprojects@gmail.com,https://www.facebook.com/stpetersprojects,31/03/2025,74002.0,70560.0,Other,"Provides Services, Provides Advocacy/advice/information, Other Charitable Activities","General Charitable Purposes, The Advancement Of Health Or Saving Of Lives, Disability, The Prevention Or Relief Of Poverty, Economic/community Development/employment, Recreation","Elderly/old People, People With Disabilities, People Of A Particular Ethnic Or Racial Origin, The General Public/mankind","Drop-in Club Actvities for Elderly Bangladeshi Women,
Outreach work and home visits for hombound Women,
Healthy Cooking/Eating Lunch Club Service,
Healthy and wellbeing  Workshop Programme,
Socialisation Activities,
Keep Fit/Exercice Classes,
Sewing and Embroydery classes
Community Gardening Spaces
Outing and trips","THE OBJECTS FOR WHICH THE CHARITY IS ESTABLISHED ARE PARTICULARLY BUT NOT EXCLUSIVELY, FOR THE BENEFIT OF PEOPLE OF BME ORIGIN LIVING IN THE BETHNAL GREEN AREA OF TOWER HAMLETS AND HACKNEY FOR THE PURPOSE OF CARRYING OUT SUCH OF THE FOLLOWING PURPOSE AS ARE CHARITABLE:(A) THE ADVANCEMENT OF EDUCATION AND TRAINING;(B) THE RELIEF OF POVERTY AND THE NEED BY THE PROVISION OF ADVICE, INFORMATION, GUIDANCE AND SUPPORT WITH A VIEW TO HELPING PEOPLE MEET THEIR OWN NEEDS AND IMPROVING THEIR CONDITIONS OF LIFE.(C) THE PROTECTION AND PRESERVATION OF HEALTH AND WELLBEING;(D) TO PROVIDE OR ASSIST IN THE PROVISION OF FACILITIES IN THE INTERESTS OF SOCIAL WELFARE FOR RECREATION OR OTHER LEISURE TIME OCCUPATION OF INDIVIDUALS WHO HAVE NEED OF SUCH FACILITIES BY REASON OF FINANCIAL HARDSHIP, NEED, INFIRMITY, DISABLEMENT, AGE OR SOCIAL OR ECONOMIC CIRCUMSTANCES OR THE PUBLIC AT LARGE WITH THE OBJECT OF IMPROVING THEIR CONDITIONS OF LIFE.",True,Small,Dormant,Recreation
520,1163249,THE DEBATING FOUNDATION,"Flat 1, 1 Lechmere Road, LONDON",NW2 5DA,Brent East,07775657712,Not available,Not available,,,,CIO,"Provides Human Resources, Provides Services, Provides Advocacy/advice/information","Education/training, Overseas Aid/famine Relief, Economic/community Development/employment","Children/young People, Other Defined Groups, The General Public/mankind","The delivery of debate training and education primarily, but not exclusively, to youth advocacy charities .","THE OBJECTS OF THE CIO ARE:

1. TO ACT AS A RESOURCE FOR YOUNG PEOPLE UP TO THE AGE OF 25 IN THE UK AND WORLDWIDE, BY PROVIDING ADVICE AND ASSISTANCE AND ORGANISING PROGRAMMES OF WORK EXPERIENCE, DEBATE TRAINING AND PUBLIC SPEAKING, EDUCATIONAL AND OTHER ACTIVITIES AS A MEANS OF: 

(A) ADVANCING IN LIFE AND HELPING YOUNG PEOPLE BY DEVELOPING THEIR SKILLS, CAPACITIES AND CAPABILITIES TO ENABLE THEM TO PARTICIPATE IN SOCIETY AS INDEPENDENT, MATURE AND RESPONSIBLE INDIVIDUALS;

(B) ADVANCING EDUCATION.

2. TO ADVANCE THE EDUCATION OF THE GENERAL PUBLIC IN DEBATING SKILLS.",False,,Dormant,Overseas Aid/famine Relief
521,1163272,CROSSHARBOUR COMMUNITY CHURCH,"Orchard Club Cafe, 3 Glengall Grove, Crossharbour, London",E14 3NE,Poplar and Limehouse,+44(0)7738-375772,info@crossharbour.cc,https://crossharbour.cc,31/03/2024,29637.0,35265.0,Other,"Makes Grants To Individuals, Makes Grants To Organisations, Provides Human Resources, Provides Services, Provides Advocacy/advice/information","General Charitable Purposes, Education/training, The Advancement Of Health Or Saving Of Lives, Overseas Aid/famine Relief, Religious Activities, Human Rights/religious Or Racial Harmony/equality Or Diversity","Children/young People, Other Charities Or Voluntary Bodies, The General Public/mankind","Crossharbour Community Church meets as a Christian congregation on Sunday to worship GOD and to serve one another in the faith.  The church also engages in activities directly related such as relief of poverty, education of those in need with little or no understanding of Christian faith and praying for those seriously unwell from one cause or another.",THE PRINCIPAL PURPOSE OF THE CHURCH IS THE ADVANCEMENT OF THE CHRISTIAN FAITH GUIDED BY THE PRINCIPLES OF THE BAPTIST DENOMINATION. THE CHURCH MAY ALSO CARRY OUT OTHER CHARITABLE PURPOSES WHICH ARE COMPATIBLE WITH THE CHRISTIAN FAITH IN THE UK AND/OR OTHER PARTS OF THE WORLD.,True,Small,Dormant,Overseas Aid/famine Relief
522,1164195,BOW WEST ORGANISATION,"73 Strahan Road, LONDON",E3 5DA,Stratford and Bow,07930643660,iqbalmd71@gmail.com,Not available,15/08/2024,45795.0,8035.0,Other,"Provides Services, Provides Advocacy/advice/information","General Charitable Purposes, Education/training, The Advancement Of Health Or Saving Of Lives, Religious Activities, Economic/community Development/employment, Human Rights/religious Or Racial Harmony/equality Or Diversity","Children/young People, Elderly/old People, The General Public/mankind","Provides space for faith users to congregate and carry out religious activities
Provides space for communal activities, such as sports, educational clubs, drugs awareness, etc.","1 TO ADVANCE THE SUNNI MUSLIM FAITH IN SUCH WAY AS SHALL BE THOUGHT FIT INCLUDING THE PROVISION OF FACILITIES FOR PRAYER AND HOLDING OF RELIGIOUS RITES AND THE PROVISION OF RELIGIOUS EDUCATION;
2 TO FURTHER OR BENEFIT THE RESIDENTS OF TOWER HAMLETS, NEWHAM, HACKNEY AND BARKING AND DAGENHAM AND THE NEIGHBORHOOD, WITHOUT DISTINCTION OF SEX, SEXUAL ORIENTATION, RACE OR OF POLITICAL, RELIGIOUS OR OTHER OPINIONS BY ASSOCIATING TOGETHER THE SAID RESIDENTS AND THE LOCAL AUTHORITIES, VOLUNTARY AND OTHER ORGANISATIONS IN A COMMON EFFORT TO ADVANCE EDUCATION AND TO PROVIDE FACILITIES IN THE INTERESTS OF SOCIAL WELFARE FOR RECREATION AND LEISURE TIME OCCUPATION WITH THE OBJECTIVE OF IMPROVING THE CONDITIONS OF LIFE FOR THE RESIDENTS.
IN FURTHERANCE OF THESE OBJECTS BUT NOT OTHERWISE, THE TRUSTEES SHALL HAVE POWER: TO ESTABLISH OR SECURE THE ESTABLISHMENT OF A COMMUNITY CENTRE AND TO MAINTAIN OR MANAGE OR CO-OPERATE WITH ANY STATUTORY AUTHORITY IN THE MAINTENANCE AND MANAGEMENT OF SUCH A CENTRE FOR ACTIVITIES PROMOTED BY THE CHARITY IN FURTHERANCE OF THE ABOVE OBJECTS.",True,Small,Dormant,Human Rights/religious Or Racial Harmony/equality Or Diversity
523,1164209,REDCOAT COMMUNITY FORUM,"166 Stepney Way, LONDON",E1 3ED,Bethnal Green and Stepney,07985688471,redcoat.ec@hotmail.com,Not available,31/03/2025,10000.0,3128.0,Other,"Provides Services, Provides Advocacy/advice/information","General Charitable Purposes, Education/training, The Advancement Of Health Or Saving Of Lives, Disability, The Prevention Or Relief Of Poverty, Economic/community Development/employment, Recreation","Children/young People, Elderly/old People, People With Disabilities, People Of A Particular Ethnic Or Racial Origin","- Young People- Education- Women- Employment- Health- Community Engagement","FOR THE BENEFIT OF THE INHABITANTS (OF ALL AGES AND BACKGROUNDS) LIVING IN THE LONDON BOROUGH OF TOWER HAMLETS:
1. THE PROVISION OF FACILITIES FOR RECREATION AND LEISURE TIME OCCUPATION IN THE INTERESTS OF SOCIAL WELFARE WITH THE OBJECT OF IMPROVING THE CONDITIONS OF LIFE OF THE SAID INHABITANTS HAVING NEED OF FACILITIES BY REASON OF THEIR AGE, INFIRMITY, SOCIAL AND ECONOMIC CIRCUMSTANCES. 
2. RELIEVING POVERTY, SICKNESS AND DISTRESS THROUGH THE PROVISION OF ADVICE, INFORMATION AND GUIDANCE TO THE SAID INHABITANTS IN NEED OF SUCH ADVICE, WHICH MAY INCLUDE WELFARE BENEFITS, HEALTH AND FITNESS.
3. THE PRESERVATION AND PROTECTION OF HEALTH AMONGST THE COMMUNITY. 
4. THE PROMOTION OF SOCIAL INCLUSION FOR THE PUBLIC BENEFIT BY PREVENTING PEOPLE FROM BECOMING SOCIALLY EXCLUDED, RELIEVING THE NEEDS OF THOSE PEOPLE WHO ARE SOCIALLY EXCLUDED AND ASSISTING THEM TO INTEGRATE INTO SOCIETY. FOR THE PURPOSE OF THIS CLAUSE ‘SOCIALLY EXCLUDED’ MEANS BEING EXCLUDED FROM SOCIETY, OR PART OF SOCIETY, AS A RESULT OF BEING A MEMBER OF A SOCIALLY AND ECONOMICALLY DEPRIVED COMMUNITY. 
5. ADVANCING EDUCATION IN PARTICULAR BY THE PROVISION OF LANGUAGE AND OTHER CLASSES.",True,Micro,Dormant,Recreation
524,1164249,"THE PAROCHIAL CHURCH COUNCIL OF THE ECCLESIASTICAL PARISH OF ST ANNE'S, LIMEHOUSE","5 Newell Street, London",E14 7HP,Poplar and Limehouse,02079871502,richard.bray@stanneslimehouse.org,www.stanneslimehouse.org,31/12/2024,367692.0,701379.0,Previously excepted,"Makes Grants To Organisations, Provides Buildings/facilities/open Space, Provides Services",Religious Activities,The General Public/mankind,"The Parochial Church Council is responsible for cooperating with the incumbent in promoting in the ecclesiastical parish of St Anne's Limehouse the whole mission of the Church, pastoral, evangelistic, social and ecumenical. It is also responsible for the maintenance of the Church of St Anne's, Limehouse.",PROMOTING IN THE ECCLESIASTICAL PARISH THE WHOLE MISSION OF THE CHURCH.,True,Medium,Dormant,Religious Activities
525,1165782,THE TERRIER TRUST CIO,"5 NEWING GREEN, BROMLEY",BR1 2TD,Bromley and Biggin Hill,02084665038,chairman@terriertrust.org.uk,www.terriertrust.org.uk,31/01/2025,16350.0,1917.0,CIO,"Provides Other Finance, Provides Advocacy/advice/information","Education/training, Arts/culture/heritage/science, Environment/conservation/heritage, Recreation","Other Charities Or Voluntary Bodies, The General Public/mankind","Our activities are focused, but not exclusively, on keeping the two Terrier locomotives which we own or part-own in active service for the public benefit. The locomotives are based on the Kent & East Sussex Railway that operates public train services.","TO ADVANCE THE EDUCATION OF THE PUBLIC ABOUT THE ENGINEERING ACHIEVEMENT AND LEGACY OF STEAM RAILWAY ENGINES, IN PARTICULAR BUT NOT EXCLUSIVELY BY THE ACQUISITION, PRESERVATION, RESTORATION AND MAINTENANCE OF LOCOMOTIVES OF THE TERRIER CLASS, DESIGNED BY WILLIAM STROUDLEY OF THE FORMER LONDON BRIGHTON AND SOUTH COAST RAILWAY, FOR PUBLIC DISPLAY AND OPERATION.",False,Small,Dormant,Environment/conservation/heritage
526,1165914,URBAN LAWYERS,"34 Warwick Road, RAINHAM, Essex",RM13 9XU,Dagenham and Rainham,07947738451,info@urbanlawyers.co.uk,www.urbanlawyers.co.uk,30/09/2024,11335.0,16642.0,CIO,"Provides Services, Provides Advocacy/advice/information",Human Rights/religious Or Racial Harmony/equality Or Diversity,The General Public/mankind,"PROVIDE ACCESS TO LEGAL KNOWLEDGE FOR YOUG PEOPLE, BY DELIVERING INTERACTIVE WORKSHOPS IN SCHOOLS AND COMMUNITIES, WHICH ENGAGE AND STIMULATE YOUNG PEOPLE IN DISCUSSIONS ABOUT THEIR ATTITUDES TOWARDS THE LAW AND THE EVER CHANGING POLICE IN THEIR LOCAL COMMUNITIES AND BY ENGAGING DISAFFECTED YOUNG PEOPLE BY IMPROVING THEIR UNDERSTANDING OF THE CRIMINAL JUSTICE SYSTEM.",TO ADVANCE THE EDUCATION OF YOUNG PEOPLE IN THE CRIMINAL JUSTICE SYSTEM AND THE LEGAL PROFESSION,False,Small,Dormant,Human Rights/religious Or Racial Harmony/equality Or Diversity
527,1165954,WAPPING COMMUNITY ACTIVIES AND LUNCHEON CLUB,"Raine House, 16 Raine Street, LONDON",E1W 3RL,Poplar and Limehouse,07930891042,wappinglunchclub@hotmail.com,Not available,,,,CIO,"Makes Grants To Organisations, Provides Buildings/facilities/open Space, Provides Services, Other Charitable Activities","General Charitable Purposes, The Advancement Of Health Or Saving Of Lives, Disability, The Prevention Or Relief Of Poverty, Recreation","Elderly/old People, People With Disabilities",,"TO RELIEVE THE CHARITABLE NEEDS OF PEOPLE WHO ARE ELDERLY, INFIRM, OR WHO HAVE A DISABILITY AND WHO ARE RESIDENT IN THE LONDON BOROUGH OF TOWER HAMLETS IN THE VICINITY OF WAPPING AND THE SURROUNDING AREAS, BY THE PROVISION OF A LUNCHEON CLUB AND FACILITIES FOR RECREATION, LEISURE TIME OCCUPATIONS, AND OTHER ACTIVITIES IN THE INTERESTS OF SOCIAL WELFARE WITH THE OBJECT OF IMPROVING THEIR CONDITIONS OF LIFE.",True,,Dormant,Recreation
528,1166268,FRIENDS OF CANARY WHARF COLLEGE EAST FERRY,"Canary Wharf College, 197 East Ferry Road, LONDON",E14 3BA,Poplar and Limehouse,07711914696,eastferryfriends@gmail.com,Not available,31/10/2025,11577.0,15932.0,Other,Other Charitable Activities,Other Charitable Purposes,Children/young People,"Developing effective relationships between the staff, parents and others associated with the school, including creating social opportunities to strengthen the Canary Wharf College community.Engaging in activities which support the school and advance the education of the pupils attending it.","THE OBJECT OF THE FRIENDS ASSOCIATION IS TO ADVANCE THE EDUCATION OF PUPILS IN THE SCHOOL, IN PARTICULAR BY:
DEVELOPING EFFECTIVE RELATIONSHIPS BETWEEN THE STAFF, PARENTS AND OTHERS ASSOCIATED WITH THE SCHOOL, INCLUDING CREATING SOCIAL OPPORTUNITIES TO STRENGTHEN THE CANARY WHARF COLLEGE COMMUNITY;
ENGAGING IN ACTIVITIES WHICH SUPPORT THE SCHOOL AND ADVANCE THE EDUCATION OF THE PUPILS ATTENDING IT;
PROVIDING AND ASSISTING IN THE PROVISION OF FACILITIES OR EQUIPMENT WHICH SUPPORT THE SCHOOL; AND
OTHERWISE PROVIDING SUPPORT FOR THE SCHOOL IN WAYS IDENTIFIED BY THE COMMITTEE IN CONSULTATION WITH THE HEAD TEACHER OF THE SCHOOL (THE HEAD) AND THE EXECUTIVE PRINCIPAL.",True,Small,Dormant,Other Charitable Purposes
529,1166339,URBAN MBA,"3, Wenlock Street, London",N1 7NT,Hackney South and Shoreditch,07900374026,info@urbanmba.co.uk,www.urbanmba.co.uk,31/03/2025,81887.0,146268.0,CIO,"Provides Services, Provides Advocacy/advice/information","Education/training, The Prevention Or Relief Of Poverty, Economic/community Development/employment",Children/young People,"Our mission is to reach out to these young adults who do not have the required experience or knowledge, and help them transform into successful entrepreneurs. Our vision is to create a world where no young person is lost or left aside.","THE RELIEF OF UNEMPLOYMENT FOR PEOPLE AGED BETWEEN 19 ? 25 IN HACKNEY AND EAST LONDON, IN PARTICULAR BUT NOT EXCLUSIVELY BY THE PROVISION OF ASSISTANCE TO FIND EMPLOYMENT
TO ADVANCE THE EDUCATION AND LIFE OPPORTUNITIES OF YOUNG PEOPLE AGED 7-25 FROM DISADVANTAGED BACKGROUNDS IN HACKNEY, GREATER LONDON AND ON A NATIONAL SCALE THROUGH INNOVATIVE TECHNOLOGY-BASED LEARNING PROGRAMMES, CREATIVE INITIATIVES, AND ENTREPRENEURSHIP SUPPORT.",False,Small,Dormant,Economic/community Development/employment
530,1166344,THE PAROCHIAL CHURCH COUNCIL OF THE ECCLESIASTICAL PARISH OF ST MARY CABLE STREET,"ST MARY'S CLERGY HOUSE, 68 JOHNSON STREET, LONDON",E1 0BQ,Bethnal Green and Stepney,02077900973,mcgeary@pmcg26.uk,http://stmaryscablest.blogspot.co.uk/,31/12/2024,120798.0,64866.0,Previously excepted,"Makes Grants To Organisations, Provides Buildings/facilities/open Space",Religious Activities,The General Public/mankind,"The Charity has the responsibility of cooperating with the Incumbent in promoting the whole mission of the Church in the ecclesiastical parish of St Mary's Cable Street, pastoral, evangelistic, social and ecumenical.",PROMOTING IN THE ECCLESIASTICAL PARISH THE WHOLE MISSION OF THE CHURCH.,True,Medium,Dormant,Religious Activities
531,1166466,AL-ARAFA FOUNDATION,"4 Mole Road, Hersham, Walton-on-Thames",KT12 4LU,Esher and Walton,07862720533,info.alarafa7@gmail.com,www.alarafa.org,31/03/2025,37065.0,23650.0,Other,"Provides Human Resources, Provides Buildings/facilities/open Space, Provides Services, Provides Advocacy/advice/information","General Charitable Purposes, Education/training, The Advancement Of Health Or Saving Of Lives, The Prevention Or Relief Of Poverty, Overseas Aid/famine Relief, Economic/community Development/employment, Recreation","Children/young People, Elderly/old People, The General Public/mankind","1) To Promote for the benefit of the area of Elmbridge Borough in Surrey and the London Borough of Tower Hamlets by: a)  The Advancement of Education and Training;b) The Relief of Poverty, Sickness and Distress; c) The Preservation and Protection of Good Health d)  The Provision of Recreational facilities.  2)  To Relieve Financial Hardship amongst people in Bangladesh via grants and donations.","1 TO PROMOTE FOR THE BENEFIT OF THE AREA OF ELMBRIDGE BOROUGH IN SURREY AND THE LONDON BOROUGH OF TOWER HAMLETS BY:
A) THE ADVANCEMENT OF EDUCATION AND TRAINING;
B) THE RELIEF OF POVERTY, SICKNESS AND DISTRESS;
C) THE PRESERVATION AND PROTECTION OF GOOD HEALTH; AND
D) THE PROVISION OF RECREATIONAL FACILITIES IN THE INTERESTS OF SOCIAL WELFARE WITH THE OBJECT OF IMPROVING THEIR CONDITIONS OF LIFE.
2 TO RELIEVE OF PREVENT FINANCIAL HARDSHIP AMONGST PEOPLE IN BANGLADESH, PARTICULARLY THOSE LIVING IN THE SYLHET DISTRICT, BY THE PROVISION OF SUCH GRANTS AND DONATIONS AS SHALL BE THOUGHT FIT.",False,Small,Dormant,Overseas Aid/famine Relief
532,1166881,DARUL ULOOM FOUNDATION,"ROSALING GREEN HALL, 45-47 STEPNEY GREEN, LONDON",E1 3JX,Bethnal Green and Stepney,07903553742,darululoomfoundation@hotmail.com,Not available,31/12/2024,163709.0,46312.0,Trust,Makes Grants To Organisations,"General Charitable Purposes, Education/training, The Advancement Of Health Or Saving Of Lives, Disability, The Prevention Or Relief Of Poverty, Overseas Aid/famine Relief, Religious Activities","Children/young People, Elderly/old People, People With Disabilities","(1) THE ADVANCEMENT OF EDUCATION IN BANGLADESH AND UK(2) THE RELIEF SICKNESS AND ADVANCEMENT OF HEALTHCARE IN BANGLADESH AND UK(3) THE RELIEF OF GENERAL POVERTY AND SUFFERING IN BANGLADESH AND UK(4) SUCH CHARITABLE PURPOSE FOR THE PUBLIC BENEFIT IN BANGLADESH & UK AS ARE EXCLUSIVELY CHARITABLE ACCORDING TO THE LAW OF ENGLAND AND WALES AS THE TRUSTEES MAY FROM TIME TO TIME DETERMINE.","(1) THE ADVANCEMENT OF EDUCATION FOR BENEFIT OF THE PUBLIC BENEFIT, IN PARTICULAR BUT NOT EXCLUSIVELY BY THE PROVISION OF SUPPORTING RURAL VILLAGE SCHOOLS IN BANGLADESH AND SUPPORTING GENERAL EDUCATION ADVANCEMENT IN UK.
(2) THE RELIEF SICKNESS AND ADVANCEMENT OF HEALTHCARE FOR THE PUBLIC BENEFIT OF PEOPLE LIVING IN BANGLADESH, IN PARTICULAR BUT NOT EXCLUSIVELY BY THE PROVISION OF GOODS AND SERVICES.
(3) THE RELIEF OF GENERAL POVERTY AND SUFFERING FOR THE PUBLIC BENEFIT OF PEOPLE LIVING IN BANGLADESH AND UK, IN PARTICULAR BUT NOT EXCLUSIVELY BY THE PROVISION OF GOODS AND SERVICES.
 (4) SUCH CHARITABLE PURPOSE FOR THE PUBLIC BENEFIT IN BANGLADESH & UK AS ARE EXCLUSIVELY CHARITABLE ACCORDING TO THE LAW OF ENGLAND AND WALES AS THE TRUSTEES MAY FROM TIME TO TIME DETERMINE.",True,Medium,Dormant,Overseas Aid/famine Relief
533,1167185,AREBYTE,"25-27 Camden Road, London",NW1 9LN,Holborn and St Pancras,07857451434,hello@arebyte.com,www.arebyte.com,31/03/2025,823166.0,774642.0,CIO,"Provides Buildings/facilities/open Space, Provides Services, Provides Advocacy/advice/information","General Charitable Purposes, Education/training, Arts/culture/heritage/science",The General Public/mankind,"arebyte Gallery brings innovative perspectives to art through new technologies by commissioning multimedia installations comprising of web-based work, Virtual Reality/Augmented Reality, Artificial intelligence, Computer Generated Images, 3D printing, from emerging, as well as more established artists, across the UK and internationally, supporting multiple voices in digital culture.","TO ADVANCE EDUCATION IN THE FIELDS OF SPECIFICALLY BUT NOT LIMITED TO DIGITAL AND PERFORMANCE ART BY THE ESTABLISHMENT AND MAINTENANCE OF AN ART GALLERY AND IN PARTICULAR;
THE PRODUCTION OF ARTISTIC PROJECTS; AND
FACILITATING THE DEVELOPMENT OF EMERGING ARTISTS AND THEIR AUDIENCES",False,Medium,Dormant,Arts/culture/heritage/science
534,1167816,"AMBITION, ASPIRE, ACHIEVE","Terence Brown Arc in the Park, Hermit Road Park, Bethell Avenue, Canning Town, London",E16 4JT,West Ham and Beckton,02075114253,jonny@theaaazone.com,www.theaaazone.com,31/03/2025,986042.0,951325.0,CIO,"Provides Buildings/facilities/open Space, Provides Services, Provides Advocacy/advice/information","Disability, The Prevention Or Relief Of Poverty, Recreation","Children/young People, People With Disabilities","Ambition, Aspire, Achieve focuses on the communities of Newham and East London. We work in partnership with, and receive referrals schools, education welfare services, health visitors, family and child consultation services, community mental health teams, probation services, family support groups, disability support groups, community organisations and youth offending teams.","THE OBJECTS OF THE CIO ARE:
- TO ADVANCE IN LIFE, RELIEVE NEEDS OF AND HELP YOUNG PEOPLE THROUGH:
A. THE PROVISION OF RECREATIONAL AND LEISURE TIME ACTIVITIES PROVIDED IN THE INTEREST OF SOCIAL WELFARE, DESIGNED TO IMPROVE CONDITIONS OF LIFE;
B. PROVIDING SUPPORT AND ACTIVITIES WHICH DEVELOP THEIR SKILLS, CAPACITIES AND CAPABILITIES TO ENABLE THEM TO PARTICIPATE IN SOCIETY AS MATURE AND RESPONSIBLE INDIVIDUALS.
- TO HELP YOUNG PEOPLE, ESPECIALLY BUT NOT EXCLUSIVELY THROUGH LEISURE TIME ACTIVITIES, SO AS TO DEVELOP THEIR CAPABILITIES THAT THEY GROW TO FULL MATURITY A INDIVIDUALS AND MEMBERS OF SOCIETY. 
- TO ACT AS A RESOURCE FOR YOUNG PEOPLE UP TO THE AGE OF 23 LIVING IN EAST LONDON (BARKING AND DAGENHAM, HACKNEY, HARINGEY, HAVERING, NEWHAM, REDBRIDGE, TOWER HAMLETS,WALTHAM FOREST) AND WEST ESSEX BUT PROVIDING ADVICE AND ASSISTANCE AD ORGANISING PROGRAMMES OF PHYSICAL, EDUCATIONAL AND OTHER ACTIVITIES AS A MEANS OF:
A. ADVANCING IN LIFE AND HELPING YOUNG PEOPLE BY DEVELOPING THEIR SKILLS, CAPACITIES AND CAPABILITIES TO ENABLE THEM TO PARTICIPATE IN SOCIETY AS INDEPENDENT, MATURE AND RESPONSIBLE INDIVIDUALS;
B. ADVANCING EDUCATION;
C. RELIEVING UNEMPLOYMENT;
D. PROVIDING RECREATIONAL AND LEISURE TIME ACTIVITY ON THE INTEREST OF SOCIAL WELFARE FOR PEOPLE LIVING IN THE AREA OF BENEFIT WHO HAVE NEED BY REASON OF THEIR YOUTH, AGE, INFIRMITY OR DISABILITY, POVERTY OR SOCIAL AND ECONOMIC CIRCUMSTANCES WITH A VIEW TO IMPROVING THE CONDITIONS OF LIFE OF SUCH PERSONS.",False,Medium,Dormant,Recreation
535,1168776,SIKH EMPOWERMENT VOLUNTARY ASSOCIATION (S.E.V.A),"51b Barking Industrial Park, Alfred's Way, Barking, Essex",IG11 0TJ,Barking,07823886385,info@seva.uk.net,www.seva.uk.net,31/03/2025,35469.0,4602.0,Other,Other Charitable Activities,"General Charitable Purposes, The Advancement Of Health Or Saving Of Lives, The Prevention Or Relief Of Poverty",The General Public/mankind,"The Charity?s main objectives are  to reach out and provide support and aid to individuals who are in conditions of need, hardship or distress as a result of local or national disaster or by reason of their social and economic circumstances and to advance and promote the Sikh religion.","TO ADVANCE THE SIKH RELIGION FOR THE PUBLIC BENEFIT IN PARTICULAR BUT NOT LIMITED TO THE FOLLOWING:-
I)THE PREPARATION & DISTRIBUTION OF WARM MEALS TO HOMELESS AND DESTITUTE INDIVIDUALS;
II)THE COLLECTION AND DISTRIBUTION OF WARM CLOTHING AND BLANKETS TO THE HOMELESS AND DESTITUTE INDIVIDUALS; 
III)THE PROMOTION OF OTHER QUALIFIED SERVICE PROVIDERS BY SIGNPOSTING THEIR DETAILS TO HOMELESS AND DESTITUTE INDIVIDUALS DIRECTING THEM TO REQUEST FORMAL ASSISTANCE FROM OTHER SPECIALIST GOVERNMENT AND CHARITABLE ORGANISATIONS LEADING INDIVIDUALS TO SECURE ACCOMODATION AND EMPLOYMENT.
IV) THE BENEFICIARIES ARE INDIVIDUALS WHO ARE IN A STATE OF EXTREME HARDSHIP, HOMELESS, AND OR DESTITUTE. THEY ARE NOT ABLE TO RECOVER FROM THEIR EXTREME POVERTY SITUATION WITHOUT ASSISTANCE FROM CHARITABLE ORGANISATIONS.
V)THE MEAL IS OFFERED ON AN UNCONDITIONAL BASIS, WITH NO CHARGE OR EXPECTATION OF ANY CONTRIBUTION FROM THE BENEFICIARY.

THE ABOVE LIST IS NOT EXCLUSIVE OR EXHAUSTIVE NOR SET IN ORDER OF PRIORITY, THE TRUSTEES MAY INCLUDE FURTHER ACTIVITIES FROM TIME TO
TIME WHICH WILL SUPPORT ONE OR MORE THE OBJECT OF THE CHARITY, ALL OF WHICH SHALL BE TO FURTHER SUCH OTHER CHARITABLE PURPOSES FOR THE PUBLIC BENEFIT AS ARE EXCLUSIVELY CHARITABLE ACCORDING TO THE LAWS OF ENGLAND AND WALES AS THE TRUSTEES MAY FROM TIME TO TIME DETERMINE.",False,Small,Dormant,The Advancement Of Health Or Saving Of Lives
536,1169467,EAST END CONNECTION,"LG Floor offices, 46 Myrdle Street, London",E1 1HL,Bethnal Green and Stepney,02032460035,office@eastendconnection.org.uk,www.eastendconnection.org.uk,31/03/2025,44141.0,29215.0,Trust,"Provides Services, Provides Advocacy/advice/information",General Charitable Purposes,The General Public/mankind,"To promote social and cultural inclusion in London Borough of Tower Hamlets and in particular, Whitechapel, Stepney and Wapping areas and in particular:(a)	prevent disadvantaged people from becoming socially excluded,(b)	promote social inclusion through increasing opportunities for all regardless of backgrounds,(c)	support the socially excluded to re-integrate them into mainstream society.","TO PROMOTE SOCIAL AND CULTURAL INCLUSION IN LONDON BOROUGH OF TOWER HAMLETS AND IN PARTICULAR, WHITECHAPEL, STEPNEY AND WAPPING AREAS, THROUGH INITIATIVES TO HELP:
(A)	PREVENT DISADVANTAGED PEOPLE FROM BECOMING SOCIALLY EXCLUDED,
(B)	PROMOTE SOCIAL INCLUSION THROUGH INCREASING OPPORTUNITIES FOR ALL REGARDLESS OF BACKGROUNDS,
(C)	SUPPORT THE SOCIALLY EXCLUDED TO RE-INTEGRATE THEM INTO MAINSTREAM SOCIETY.",True,Small,Dormant,General Charitable Purposes
537,1169797,CITY & EAST LONDON BEREAVEMENT SERVICE,"Room 14, St Margaret's House, 15 Old Ford Road, London",,,020 3022 5177,admin@celbs.org.uk,http://www.celbs.org.uk/,31/03/2025,67264.0,66425.0,CIO,"Provides Services, Provides Advocacy/advice/information",General Charitable Purposes,The General Public/mankind,"THE RELIEF OF THOSE WHO ARE PSYCHOLOGICALLY, EMOTIONALLY OR OTHERWISE DISTRESSED BY DEATH OR TERMINAL ILLNESS IN THE LONDON BOROUGH OF TOWER HAMLETS, INCLUDING PATIENTS, RELATIVES, PARTNERS OR FRIENDS OF PATIENTS OF THE ROYAL HOSPITALS NHS TRUST.","THE RELIEF OF THOSE WHO ARE PSYCHOLOGICALLY, EMOTIONALLY OR OTHERWISE DISTRESSED BY BEREAVEMENT OR TERMINAL ILLNESS IN THE CITY OF LONDON, AND EAST LONDON.",False,Small,Dormant,General Charitable Purposes
538,1169855,ST ANDREWS YOUTH DEVELOPMENT TRUST,"Arch 59, Vallance Road, LONDON",E1 5BW,Bethnal Green and Stepney,02037203215,standrewsyouthdevelopments@gmail.com,http://www.standrewsyouthdevelopmenttrust.org/,31/10/2024,268251.0,124429.0,CIO,"Provides Services, Other Charitable Activities","General Charitable Purposes, Education/training, Arts/culture/heritage/science, Amateur Sport, Economic/community Development/employment, Other Charitable Purposes",Children/young People,"ACTIVITIES INCLUDE SPORT, HEALTH & WELL BEING; CREATIVE & DIGITAL MEDIA; MUSIC & FASHION;,ABA BOXINGAWARDS ,ASDAN ACCREDITED AWARDS AND EMPLOYMENT TRAINING ALL DESIGNED TO BE OUTCOME BASED, ACHIEVED THROUGH VOCATIONAL INDUSTRY-LED EMPLOYMENT PATHWAYS AND DELIVERED WITHIN AN EDUCATIONAL FRAMEWORKActivity Centre, Frampton Park Baptist Church community Centre,E9 7PQ","TO ACT AS A RESOURCE FOR CHILDREN AND YOUNG PEOPLE AGED 6-18 LIVING IN HACKNEY, ISLINGTON, NEWHAM, TOWER HAMLETS AND WALTHAM FOREST BY PROVIDING ADVICE AND ASSISTANCE AND ORGANISING PROGRAMMES OF PHYSICAL, EDUCATIONAL AND OTHER ACTIVITIES AS A MEANS OF:

(A) ADVANCING IN LIFE AND HELPING YOUNG PEOPLE BY DEVELOPING THEIR SKILLS, CAPACITIES AND CAPABILITIES TO ENABLE THEM TO PARTICIPATE IN SOCIETY AS INDEPENDENT, MATURE AND RESPONSIBLE INDIVIDUALS;

(B) ADVANCING EDUCATION;

(C) PROVIDING RECREATIONAL AND LEISURE TIME ACTIVITIES IN THE INTEREST OF SOCIAL WELFARE, DESIGNED TO IMPROVE THEIR CONDITIONS OF LIFE.",True,Medium,Dormant,Other Charitable Purposes
539,1171068,THE FUSILIER MUSEUM LONDON,"ROYAL REGIMENT OF FUSILIERS, THE TOWER OF LONDON, TOWER HILL, LONDON",EC3N 4AB,Poplar and Limehouse,02031666910,rrfmuseumlondon@thefusiliers.org,http://www.fusiliermuseumlondon.org/,31/12/2024,156296.0,151506.0,CIO,Provides Advocacy/advice/information,"Arts/culture/heritage/science, Armed Forces/emergency Service Efficiency",The General Public/mankind,"To advance education for the public benefit in the history and military accomplishments of the Royal Fusiliers, and from 1968 the Royal Regiment of Fusiliers, and to promote military efficiency and encourage recruitment by public exhibition of the collection in a museum or museums or such other public places. To conserve, restore, repair, reconstruct and preserve objects in the collection","TO ADVANCE EDUCATION FOR THE PUBLIC BENEFIT IN THE HISTORY AND MILITARY ACCOMPLISHMENTS OF THE REGIMENT AND TO PROMOTE MILITARY EFFICIENCY AND ENCOURAGE RECRUITMENT BY PUBLIC EXHIBITION OF THE COLLECTION IN A MUSEUM OR MUSEUMS OR SUCH OTHER PUBLIC PLACES AS THE TRUSTEES MAY FROM TIME TO TIME DECIDE, AND TO CONSERVE, RESTORE, REPAIR, RECONSTRUCT AND PRESERVE OBJECTS IN THE COLLECTION.",False,Medium,Dormant,Armed Forces/emergency Service Efficiency
540,1171269,THE RICARDO COMMUNITY FOUNDATION,"The Ricardo Community Foundation, 128 City Road, LONDON",EC1V 2NX,Islington South and Finsbury,01245343000,contact@ricardocommunity.org.uk,www.ricardocommunity.org.uk,30/06/2024,7050.0,86.0,Charitable company,"Makes Grants To Individuals, Makes Grants To Organisations, Provides Buildings/facilities/open Space","General Charitable Purposes, Education/training, The Advancement Of Health Or Saving Of Lives, Disability, The Prevention Or Relief Of Poverty, Religious Activities, Arts/culture/heritage/science, Amateur Sport, Environment/conservation/heritage, Human Rights/religious Or Racial Harmony/equality Or Diversity",The General Public/mankind,"Retains the freehold of St.Clement's Hospital development in Bow, on behalf of the community, in perpetuity. Trustees represent local community groups and residents local to the area, who seek to fund or directly carry out charitable works at St.Clement's and in the surrounding area with the proceeds of ground rents collected from leaseholders living on the development.","THE CHARITY'S OBJECTS (""OBJECTS"") ARE SPECIFICALLY RESTRICTED TO THE FOLLOWING:

(1) SUBJECT AS PROVIDED IN SUB-CLAUSE (2) OF THIS ARTICLE, TO PROMOTE SUCH CHARITABLE PURPOSES AS FALL WITHIN THE DESCRIPTIONS:

(A) THE PREVENTION OR RELIEF OF POVERTY;
(B) THE ADVANCEMENT OF EDUCATION;
(C) THE ADVANCEMENT OF RELIGION;
(D) THE ADVANCEMENT OF HEALTH OR THE SAVING OF LIVES;
(E) THE ADVANCEMENT OF THE ARTS, CULTURE, HERITAGE OR SCIENCE;
(F) THE ADVANCEMENT OF AMATEUR SPORT;
(G) THE PROMOTION OF RELIGIOUS OR RACIAL HARMONY OR EQUALITY AND DIVERSITY;
(H) THE ADVANCEMENT OF ENVIRONMENTAL PROTECTION OR IMPROVEMENT; AND
(I) THE RELIEF OF THOSE IN NEED BECAUSE OF YOUTH, AGE, ILL-HEALTH, DISABILITY, FINANCIAL HARDSHIP OR OTHER DISADVANTAGE.

(2) THE CHARITY SHALL, INITIALLY AND PRIMARILY, SEEK TO ATTAIN ITS OBJECTS FOR THE BENEFIT OF THE PRIMARY BENEFICIARIES. IF THE TRUSTEES DETERMINE THAT THERE ARE INSUFFICIENT PRIMARY BENEFICIARIES, THEY MAY DETERMINE THAT THE CHARITY SHALL SEEK TO ATTAIN ITS OBJECTS FOR THE BENEFIT OF THE SECONDARY BENEFICIARIES. IF THE TRUSTEES DETERMINE THAT THERE ARE INSUFFICIENT SECONDARY BENEFICIARIES, THEY MAY DETERMINE, SUBJECT TO ARTICLE 46(5), THAT THE CHARITY SHALL SEEK TO ATTAIN ITS OBJECTS FOR THE BENEFIT OF THE TERTIARY BENEFICIARIES.",False,Micro,Dormant,Human Rights/religious Or Racial Harmony/equality Or Diversity
541,1171589,DOCKLANDS COMMUNITY ORGANISATION,"CULTURAL AND EDUCATION CENTRE, 111 - 113 MELLISH STREET, LONDON",E14 8PJ,Poplar and Limehouse,02077199658,dockorg@gmail.com,Not available,28/02/2025,120922.0,112209.0,Charitable company,"Provides Human Resources, Provides Services, Provides Advocacy/advice/information, Other Charitable Activities","General Charitable Purposes, Education/training, Religious Activities, Other Charitable Purposes","Children/young People, Elderly/old People, The General Public/mankind","Women Group including Coffee Morning, Study Circle, Pensioners Club, regular Spiritual Activities, Accredited/Vocational Employ-ability Training, English ESOL, Youth Activities, After School Club, Weekend Supplementary Classes, School Holiday Programme, NHS Healthy Programme,Community Gardening project. We also provide facilities for Black and Minority Ethnic Group which are culturally sensitive.","TO PROMOTE FOR THE BENEFIT OF THE INHABITANTS OF DOCKLANDS AND THE SURROUNDING AREA THE PROVISION OF FACILITIES FOR RECREATION OR OTHER LEISURE TIME OCCUPATION OF INDIVIDUALS WHO HAVE NEED OF SUCH FACILITIES BY REASON OF THEIR YOUTH, AGE, INFIRMITY OR DISABLEMENT, FINANCIAL HARDSHIP OR SOCIAL AND ECONOMIC CIRCUMSTANCES OR FOR THE PUBLIC AT LARGE IN THE INTERESTS OF SOCIAL WELFARE AND WITH THE OBJECT OF IMPROVING THE CONDITION OF LIFE OF THE SAID INHABITANTS.",True,Medium,Dormant,Other Charitable Purposes
542,1172004,WEAVERSFIELD PRAYER HALL TRUST,"Flat 36, Orion House, Coventry Road, LONDON",E1 5RX,Bethnal Green and Stepney,07908238862,weaversfield.trust@gmail.com,Not available,31/03/2025,49057.0,53708.0,Other,"Provides Buildings/facilities/open Space, Provides Services, Provides Advocacy/advice/information","General Charitable Purposes, Education/training, Religious Activities, Human Rights/religious Or Racial Harmony/equality Or Diversity","Children/young People, The General Public/mankind","Islamic teaching, congregational every day pray, Friday  jumma pray.","TO ADVANCE THE ISLAMIC RELIGION IN TOWER HAMLETS FOR THE BENEFIT OF THE PUBLIC IN ACCORDANCE WITH THE QURAN AND SUNNAH THROUGH THE HOLDING OF PRAYER MEETINGS, LECTURES, PRODUCING AND/OR DISTRIBUTING LITERATURE ON ISLAM TO ENLIGHTEN OTHERS ABOUT THE ISLAMIC RELIGION AND IN SUCH OTHER WAYS AS THE TRUSTEES FROM TIME TO TIME MAY THINK FIT.",True,Small,Dormant,Human Rights/religious Or Racial Harmony/equality Or Diversity
543,1172227,PHOENIX AUTISM TRUST,"Phoenix Autism Trust, 2 Paton Close, LONDON",E3 2QD,Stratford and Bow,02089804740,Not available,Not available,31/08/2024,1859288.0,1815166.0,Charitable company,"Provides Services, Provides Advocacy/advice/information",Education/training,"Children/young People, People With Disabilities","To advance the education of people with Autism and/or language, communication and interaction difficulties. This includes supporting post-19 education and other areas of activity.We operate mainly in East London.","TO ADVANCE THE EDUCATION OF PEOPLE WITH AUTISM AND/OR LANGUAGE, COMMUNICATION OR INTERACTION DIFFICULTIES, INCLUDING BUT NOT EXCLUSIVELY THOSE CURRENTLY OR PREVIOUSLY ATTENDING OR SUPPORTED BY PHOENIX SCHOOL, TOWER HAMLETS, IN PARTICULAR BY:-
A) DEVELOPING EFFECTIVE RELATIONSHIPS BETWEEN THE STAFF, PARENTS AND OTHERS ASSOCIATED WITH THE SCHOOL AND RELATED INSTITUTIONS;
B) ENGAGING IN ACTIVITIES OR PROVIDING TEACHING FACILITIES AND/OR EQUIPMENT WHICH SUPPORTS THE EDUCATION OF PEOPLE WITH AUTISM AND/OR LANGUAGE, COMMUNICATION OR INTERACTION DIFFICULTIES; AND
C) DEVELOPING BROADER LIFE OPPORTUNITIES FOR PEOPLE WITH AUTISM AND/OR LANGUAGE, COMMUNICATION OR INTERACTION DIFFICULTIES BY PROVIDING TRAINING, GUIDANCE AND SUPPORT, AND IMPROVING THEIR LIFE AND WORK SKILLS SO THEY MAY WORK TOWARDS A MORE INDEPENDENT LIFE.",True,Large,Dormant,Education/training
544,1173160,ALLEN GARDENS PLAYGROUP,"55 BUXTON STREET, LONDON",E1 5EH,Bethnal Green and Stepney,02072478685,INFO@ALLENGARDENSPLAYGROUP.CO.UK,Allen Gardens Playgroup,31/03/2025,209741.0,184171.0,CIO,Provides Services,Education/training,Children/young People,"The playgroup offers flexible, affordable, inclusive childcare to the local community in East London. Children come from a range of diverse backgrounds. Using the EYFS curriculum, staff provide a range of activities and experiences to enhance children's learning and development. Children aged from 2 - 5 years access a wide range of resources and are supported according to their individual needs.",THE CHARITY WORKS FOR THE PUBLIC BENEFIT HAVING AS ITS OBJECTS THE DEVELOPMENT AND EDUCATION OF CHILDREN AND YOUNG PEOPLE IN PARTICULAR BY: 1) PROMOTING THEIR CARE AND SAFETY; 2) PROMOTING THEIR EDUCATION AND PROMOTING PARENTAL INVOLVEMENT; 3) PROMOTING THEIR HEALTH AND WELLBEING; 4) PROVIDING SERVICES TO SUPPORT THEM AND THEIR FAMILIES AND CARERS; 5) PROVIDING SERVICES TO INDIVIDUALS HOLDING MEMBERSHIP OF THE CIO; AND 6) FURTHERING THE AIMS OF THE PRE-SCHOOL LEARNING ALLIANCE.,True,Medium,Dormant,Education/training
545,1173381,TOWER HAMLETS EDUCATION PARTNERSHIP,"RICH MIX CULTURAL FOUNDATION, 35-47 BETHNAL GREEN ROAD, LONDON",E1 6LA,Bethnal Green and Stepney,02045912130,info@thep.uk,www.thep.uk,31/03/2025,1287807.0,1106689.0,Charitable company,"Provides Services, Provides Advocacy/advice/information, Sponsors Or Undertakes Research",Education/training,"Children/young People, Other Charities Or Voluntary Bodies","The principal activity of THE Partnership is the advancement of education for the public benefit in and through member schools and other educational settings and initiatives, initially focused on the London Borough of Tower Hamlets.","3.1 THE COMPANY'S OBJECTS (THE ""OBJECTS"") ARE SPECIFICALLY RESTRICTED TO THE FOLLOWING: 
3.1.1 THE ADVANCEMENT OF EDUCATION FOR THE PUBLIC BENEFIT IN AND THROUGH MEMBER SCHOOLS AND OTHER EDUCATIONAL SETTINGS AND INITIATIVES IN THE UNITED KINGDOM, WITH AN INITIAL FOCUS ON THE LONDON BOROUGH OF TOWER HAMLETS, INCLUDING BY:
(A) ENABLING SCHOOLS TO WORK TOGETHER TO IMPROVE THEMSELVES AND EACH OTHER; 
(B) PROMOTING THE QUALITY OF TEACHING AND LEARNING; 
(C) PROVIDING OR PROCURING SCHOOL IMPROVEMENT SERVICES TO MEMBER SCHOOLS;
(D) PROVIDING OPPORTUNITIES FOR DEVELOPMENT AND LEARNING OF STAFF, GOVERNORS AND PARENTS AT MEMBER SCHOOLS, AND OF STAFF AND DIRECTORS OF THE COMPANY;
(E) MAINTAINING AND ANALYSING RESULTS AND PERFORMANCE OF PUPILS, SCHOOLS AND OTHER EDUCATIONAL SETTINGS AND INITIATIVES; AND
(F) PROVIDING OR PROCURING OTHER SERVICES TO SCHOOLS AND OTHER EDUCATIONAL SETTINGS AND INITIATIVES; AND
3.1.2 THE PROMOTION OF ANY OTHER CHARITABLE PURPOSE AS THE DIRECTORS MAY DETERMINE FROM TIME TO TIME.",True,Large,Dormant,Education/training
546,1173444,CHISENHALE SCHOOL PTA,"CHISENHALE PRIMARY SCHOOL, CHISENHALE ROAD, LONDON",E3 5QY,Stratford and Bow,02089802584,PTAChisenhale@gmail.com,www.chisenhale.towerhamlets.sch.uk,31/03/2025,21236.0,17033.0,Other,Provides Other Finance,General Charitable Purposes,Children/young People,The role of the charity is to support Chisenhale Primary School e.g. through funding educational activities which the school would otherwise not be able to provide.,"TO ADVANCE THE EDUCATION OF PUPILS IN THE SCHOOL IN PARTICULAR BY:2.1 DEVELOPING EFFECTIVE RELATIONSHIPS BETWEEN THE STAFF, PARENTS ANDOTHERS ASSOCIATED WITH THE SCHOOL2.2 ENGAGING IN ACTIVITIES OR PROVIDING FACILITIES OR EQUIPMENT WHICHSUPPORT THE SCHOOL AND ADVANCE THE EDUCATION OF THE PUPILS.",True,Small,Dormant,General Charitable Purposes
547,1174343,THE FRIENDS OF ASPEN COURT,"11-13 CAVENDISH SQUARE, LONDON",W1G 0AN,Cities of London and Westminster,02073072570,aspen@friendsofcarehomes.org.uk,http://friendsofcarehomes.org.uk/group/friends-of-aspen-court/,31/03/2025,4080.0,992.0,Other,Provides Services,Disability,"Elderly/old People, People With Disabilities","Aspen Court Care Home is a purpose built 75 bedded care home offering Dementia, Nursing and End of Life care. The Friends aim to improve the quality of life of the residents of the care home by working with staff, residents and relatives.","THE OBJECTS ARE:
TO RELIEVE THE SOCIAL ISOLATION OF THE ELDERLY IN ASPEN COURT BY PROVIDING OR ASSISTING IN THE PROVISION OF EQUIPMENT, FACILITIES, ACTIVITIES AND SERVICES OVER AND ABOVE THOSE PROVIDED FOR THE RESIDENTS OF ASPEN COURT, PARTICULARLY WITH A VIEW TO HELPING THE RESIDENTS OF THE CARE HOME AND ELDERLY PEOPLE IN THE WIDER COMMUNITY UNDERTAKE REWARDING ACTIVITIES.",False,Micro,Dormant,Disability
548,1174608,RANWELL PLAYGROUP,"1 MCCULLUM ROAD, LONDON",E3 5HZ,Stratford and Bow,02089816310,ranwellplaygroup@outlook.com,Not available,31/03/2025,158735.0,83666.0,CIO,Provides Advocacy/advice/information,Education/training,Children/young People,"RUN PLAYGROUP FOR 24 CHILDREN IN THE MORNING AND 24 IN THE AFTERNOON, TWO SESSIONS A DAY, AGE 2-5 YEARS OF AG","THE DEVELOPMENT AND EDUCATION OF CHILDREN AND YOUNG PEOPLE IN PARTICULAR BY:
PROMOTING THEIR CARE AND SAFETY;
PROMOTING THEIR EDUCATION AND PROMOTING PARENTAL INVOLVEMENT;
PROMOTING THEIR HEALTH AND WELLBEING;
PROVIDING SERVICES TO SUPPORT THEM AND THEIR FAMILIES AND CARERS;
PROVIDING SERVICES TO INDIVIDUALS HOLDING MEMBERSHIP OF THE CIO; AND
FURTHERING THE AIMS OF THE PRE SCHOOL LEARNING ALLIANCE.",True,Medium,Dormant,Education/training
549,1174981,THE GILBERT AND GEORGE CENTRE,"12 FOURNIER STREET, LONDON",E1 6QE,Bethnal Green and Stepney,02072470161,enquiries@gilbertandgeorgecentre.org,gilbertandgeorgecentre.org,30/04/2025,129453.0,708374.0,CIO,"Makes Grants To Individuals, Makes Grants To Organisations, Provides Buildings/facilities/open Space","Arts/culture/heritage/science, Environment/conservation/heritage",The General Public/mankind,"Provide facilities for the safe-keeping, conservation, storage and display to the public of works of art belonging to the CIO;  make loans of works of art belonging to the CIO to other institutions in the UK and abroad; promote and carry out research.","TO ADVANCE THE EDUCATION OF THE PUBLIC IN THE ARTS, AND GENERALLY TO ADVANCE THE ARTS, ARCHITECTURE, HERITAGE AND CULTURE FOR THE BENEFIT OF THE PUBLIC, ESPECIALLY BUT NOT EXCLUSIVELY BY THE PRESERVATION AFTER THE DEATHS OF GEORGE PASSMORE AND GILBERT PROUSCH, OF THE PROPERTIES IN FOURNIER STREET OCCUPIED BY THEM AND THE COLLECTIONS, ARCHIVES AND WORKS OF ART CREATED BY THEM.",True,Medium,Dormant,Environment/conservation/heritage
550,1175878,APOSTOLIC SHALOM CHURCH HOUSE OF PRAYER,"39 Ambrose Walk, LONDON",E3 2AR,Stratford and Bow,07454403371,god4fakamus@hotmail.fr,www.god4fakamus.com,31/07/2022,4234.0,6430.0,CIO,"Makes Grants To Individuals, Makes Grants To Organisations, Provides Advocacy/advice/information","Education/training, Disability, The Prevention Or Relief Of Poverty, Religious Activities","Children/young People, Elderly/old People, People Of A Particular Ethnic Or Racial Origin, The General Public/mankind","We working in collaboration with some primary schools in Africa, more precisely in Kinshasa (DRC) and Luanda (Angola)-By buying books and notebooks for children.- Paying the school fees every year since 2014 in the municipality of Nsele in Kinkole-And then each end of the year we distribute food during the Christmas period to orphaned children-Etc ...",TO ADVANCE THE CHRISTIAN RELIGION FOR THE PUBLIC BENEFIT IN THE TOWER HAMLET AREA IN PARTICULAR BUT NOT EXCLUSIVELY BY THE PROVISION OF FACILITIES FOR PUBLIC WORSHIP AND PRAYER.’,True,Micro,Dormant,Disability
551,1176105,MANORFIELD CHARITABLE FOUNDATION,"MANORFIELD PRIMARY SCHOOL, WYVIS STREET, LONDON",E14 6QD,Poplar and Limehouse,02079871623,admin@manorfieldcharity.uk,www.manorfieldcharity.uk,31/03/2025,45728.0,108749.0,CIO,Provides Other Finance,"General Charitable Purposes, Education/training, The Prevention Or Relief Of Poverty, Arts/culture/heritage/science","Children/young People, The General Public/mankind","Our mission is to support the development of the whole child and enhance the quality of life of Manorfield Primary School students by supporting investment in the school and its programme of engagement with the local community in Poplar, Tower Hamlets.","1.	TO ADVANCE THE EDUCATION OF PUPILS IN THE SCHOOL IN PARTICULAR BY DEVELOPING EFFECTIVE RELATIONSHIPS BETWEEN THE STAFF, PARENTS AND OTHERS ASSOCIATED WITH THE SCHOOL AND ENGAGING IN ACTIVITIES OR PROVIDING FACILITIES OR EQUIPMENT WHICH SUPPORT THE SCHOOL AND ADVANCE THE EDUCATION OF THE PUPILS.
2.	FOR THE PUBLIC BENEFIT TO PROVIDE GRANTS AND DONATIONS FOR SUCH CHARITABLE PURPOSES, THAT ARE EXCLUSIVELY CHARITABLE ACCORDING TO THE LAWS OF ENGLAND AND WALES, AS THE TRUSTEES MAY FROM TIME TO TIME DETERMINE.",True,Small,Dormant,Arts/culture/heritage/science
552,1177014,CHRIST APOSTOLIC CHURCH (VINEYARD OF COMFORT ) EAST LONDON ASSEMBLY,"3 URSULA GOULD WAY, LONDON",E14 7FW,Poplar and Limehouse,07956387433,Not available,Not available,31/12/2024,84780.0,76374.0,Trust,"Provides Services, Other Charitable Activities","General Charitable Purposes, Education/training, Religious Activities, Other Charitable Purposes",The General Public/mankind,"A place of service beyond religion. A gathering where diverse needs are met ranging from counselling to advise of all sorts with potential of sign posting to service providers. Collaborative works with existing charities  accessible to both young and old, but based on Biblical and scriptural doctrines. Activities include Family gathering, Women Night Shelter (winter only) Community research etc.",ADVANCEMENT OF THE CHRISTIAN FAITH IN SUCH WAYS THE TRUSTEES MAY THINK FIT.,True,Small,Dormant,Other Charitable Purposes
553,1178684,FRIENDS OF ISLAND HISTORY TRUST,"Friends Of Island History Trust, St John's Community Centre, The History Room, 37-43 Glengall Grove, London",E14 3NE,Poplar and Limehouse,07926571520,foiht2014@gmail.com,www.islandhistory.co.uk,31/12/2024,6695.0,7580.0,CIO,Provides Services,Education/training,,Recording and sharing the history of the isle of Dogs.,"THE OBJECTS OF THE CIO ARE:-
THE OBJECTS OF THE TRUST ARE TO ADVANCE EDUCATION AND PUBLIC AWARENESS OF THE SOCIAL INDUSTRIAL & POLITICAL HISTORY OF THE ISLE OF DOGS THROUGH RESEARCH, COMPILING OF RECORDS AND LEAFLETS & OTHER PUBLICATIONS; ARRANGING LECTURES, MEETINGS, EVENTS, EXHIBITIONS & OTHER EVENTS, AND BY THE ESTABLISHMENT AND MAINTENANCE OF AN ARCHIVE CONTAINING INFORMATION, IMAGES ARTEFACTS AND PHOTOGRAPHS.",True,Micro,Dormant,Education/training
554,1180481,TURNERS & LOCKSLEY RESIDENTS ASSOCIATION,"Turners &amp; Locksley Residents Association, 11 Bangla Close, LONDON",E3 4YD,Poplar and Limehouse,07957631486,Turnersassociation@yahoo.com,Not available,31/07/2024,99017.0,66296.0,Other,"Provides Buildings/facilities/open Space, Provides Services, Provides Advocacy/advice/information","General Charitable Purposes, The Advancement Of Health Or Saving Of Lives, Religious Activities, Recreation","Children/young People, Elderly/old People, People With Disabilities","The community centre is used as a place of worship and religious learning.

The community centre holds events which provide advice and guidance, such as Cllr surgeries and health clinics.

The community centre holds language classes as well as weekend tuition classes.

Tea clubs are held to combat isolation.

Provision of recreational activities - i.e in summer holidays.","TO ADVANCE THE ISLAMIC FAITH IN THE TURNERS & LOCKSLEY AREA FOR THE BENEFIT OF THE PUBLIC IN PARTICULAR THROUGH THE HOLDING OF PRAYERS, LECTURES, AND THE PUBLIC CELEBRATION OF RELIGIOUS FESTIVALS. PROVIDING OR SUPPORTING IN THE PROVISION OF FACILITIES IN THE INTERESTS OF SOCIAL WELFARE FOR RECREATION OR OTHER LEISURE TIME OCCUPATION OF INDIVIDUALS WHO HAVE NEED OF SUCH FACILITIES BY REASON OF THEIR YOUTH, AGE INFIRMITY OR DISABILITY, FINANCIAL HARDSHIP OR SOCIAL CIRCUMSTANCES WITH THE OBJECT OF IMPROVING THEIR CONDITION OF LIFE.",True,Small,Dormant,Recreation
555,1180545,FAMILY AND YOUTH SUPPORT ASSOCIATION,"WALTHAM FOREST SOMALI WOMEN ASSO, WILLIAM MORRIS COMMUNITY CENTRE, 8 GREENLEAF ROAD, LONDON",E17 6QQ,Walthamstow,07368840651,wfsomaliwomenasso@hotmail.co.uk,Not available,31/03/2025,2503.0,4415.0,CIO,"Provides Services, Provides Advocacy/advice/information","General Charitable Purposes, Education/training, Economic/community Development/employment, Recreation","Children/young People, Elderly/old People, People Of A Particular Ethnic Or Racial Origin","Promoting social inclusion for the Somali and other ethnic minority communities in Waltham Forest & Tower Hamlets 
 Act as information resource for young people in the borough
Family support through workshops & interpretation service  
Advance education and integration through recreation and  leisure time activities","THE OBJECTS OF THE CIO ARE
(A) TO PROMOTE SOCIAL INCLUSION FOR THE PUBLIC BENEFIT BY PREVENTING PEOPLE IN THE BOROUGH OF WALTHAM FOREST FROM BECOMING SOCIALLY EXCLUDED, RELIEVING THE NEEDS OF THOSE PEOPLE WHO ARE SOCIALLY EXCLUDED AND ASSISTING THEM TO INTEGRATE INTO SOCIETY.
FOR THE PURPOSES OF THIS CLAUSE ""SOCIALLY EXCLUDED"" MEANS BEING EXCLUDED FROM SOCIETY, OR PART OF SOCIETY, AS A RESULT OF BEING A MEMBER OF A SOCIALLY AND/OR ECONOMICALLY DEPRIVED COMMUNITY.
(B) TO ACT AS A RESOURCE FOR YOUNG PEOPLE LIVING IN THE BOROUGH OF WALTHAM FOREST BY PROVIDING ADVICE AND ASSISTANCE AND ORGANISING PROGRAMMES OF PHYSICAL, EDUCATIONAL AND OTHER ACTIVITIES AS A MEANS OF:
(I) ADVANCING IN LIFE AND HELPING YOUNG PEOPLE BY DEVELOPING THEIR SKILLS, CAPACITIES AND CAPABILITIES TO ENABLE THEM TO PARTICIPATE IN SOCIETY AS INDEPENDENT, MATURE AND RESPONSIBLE INDIVIDUALS;
(II) ADVANCING EDUCATION;
(III) PROVIDING RECREATIONAL AND LEISURE TIME ACTIVITY IN THE INTERESTS OF SOCIAL WELFARE FOR PEOPLE LIVING IN THE AREA OF BENEFIT WHO HAVE NEED BY REASON OF THEIR YOUTH, AGE, INFIRMITY OR DISABILITY, POVERTY OR SOCIAL AND ECONOMIC CIRCUMSTANCES WITH A VIEW TO IMPROVING THE CONDITIONS OF LIFE OF SUCH PERSONS.",False,Micro,Dormant,Recreation
556,1180936,GOWING FOUNDATION,"PANTHERA PRIVATE OFFICE LLP, 10-15 QUEEN STREET, LONDON",EC4N 1TX,Cities of London and Westminster,02038619990,simon.russell@panthera.co.uk,Not available,30/11/2024,0.0,4699.0,CIO,"Makes Grants To Individuals, Provides Other Finance","General Charitable Purposes, Education/training, The Advancement Of Health Or Saving Of Lives, Amateur Sport, Economic/community Development/employment",Children/young People,"promotion of community participation in healthy recreation for the benefit of children/young adults living in deprived areas in East London & Essex. To advance in life and relieve needs of young people through sporting activities by providing support and activities which develop their skills, capacities & Capabilities to enable them to participate in society as mature and responsible individuals","The promotion of community participation in healthy recreation for the benefit of people of all ages living in deprived areas in East London and Essex.
To advance in life and relieve needs of young people and adults through sporting activities by providing support and activities which develop their skills, capacities and capabilities to enable them to participate in society as mature and responsible individuals.
To advance relief of the mental or physical sickness of young people and adults, via education or through physical activities where relevant.",False,,Dormant,Amateur Sport
557,1181068,ALPHA GROVE CENTRE,"ALPHA GROVE COMMUNITY CENTRE, ALPHA GROVE, LONDON",E14 8LH,Poplar and Limehouse,02075381714,info@alphagrove.org,www.alphagrove.org,31/03/2025,102436.0,84554.0,Charitable company,Provides Buildings/facilities/open Space,"Education/training, Recreation","Children/young People, Elderly/old People, People With Disabilities",Information will be added shortly.,"(A) TO PROMOTE THE BENEFIT OF THE INHABITANTS OF THAT PART OF THE ISLE OF DOGS IN THE LONDON BOROUGH OF TOWER HAMLETS AS LIES TO THE SOUTH OF WEST INDIA DOCK (HEREINAFTER CALLED ""THE AREA OF BENEFIT"") WITHOUT DISTINCTION OF SEX, SEXUAL ORIENTATION, RACE, POLITICAL, RELIGIOUS OR OTHER OPINIONS BY ASSOCIATING TOGETHER THE RESIDENTS OF THE AREA OF BENEFIT, THE LOCAL AND PUBLIC AUTHORITIES, VOLUNTARY AND OTHER ORGANISATIONS IN A COMMON EFFORT TO ADVANCE EDUCATION AND TO PROVIDE FACILITIES IN THE INTERESTS OF SOCIAL WELFARE FOR RECREATION AND LEISURE-TIME OCCUPATION WITH THE OBJECT OF IMPROVING THE CONDITIONS OF LIFE FOR THE SAID INHABITANTS; AND
(B) TO ESTABLISH A COMMUNITY CENTRE (HEREINAFTER CALLED ""THE CENTRE"") AND TO MAINTAIN AND MANAGE THE SAME (WHETHER ALONE OR IN CO-OPERATION WITH ANY LOCAL AUTHORITY OR OTHER BODY OR PERSON) FOR ACTIVITIES PROMOTED BY THE COMPANY AND ITS CONSTITUENT BODIES IN FURTHERANCE OF THE ABOVE OBJECTS.",True,Medium,Dormant,Recreation
558,1181977,EAVESDROPPING CIO,"81 CRESSY HOUSES, HANNIBAL ROAD, LONDON",E1 3JF,Bethnal Green and Stepney,07779304909,info@eavesdropping.london,www.eavesdropping.london,31/08/2024,50382.0,40141.0,CIO,"Provides Advocacy/advice/information, Other Charitable Activities","Education/training, Arts/culture/heritage/science","Other Defined Groups, The General Public/mankind","eavesdropping is an artist-run organisation dedicated to the sharing of new music and new ways of thinking about music. Activity includes a festival, a podcast and artist development opportunities. Our charitable objects are the advancement of the performing arts, specifically music, for the public benefit, and the advancement of the education of the public in general in the subject of music.","THE CHARITY'S OBJECTS ARE SPECIFICALLY RESTRICTED TO THE FOLLOWING: 
1. THE ADVANCEMENT OF THE PERFORMING ARTS, SPECIFICALLY MUSIC, FOR THE PUBLIC BENEFIT, IN PARTICULAR BUT NOT EXCLUSIVELY BYÙ
A)PROVIDING A PROGRAMME OF PUBLIC PERFORMANCES DEVOTED TO NEW MUSIC; 
B)PROVIDING A DEDICATED FORUM FOR RESEARCH IN ORDER TO FURTHER DIALOGUE WITHIN THE NEW MUSIC COMMUNITY; 
C)PROVIDING PROFESSIONAL DEVELOPMENT AND PERFORMANCE OPPORTUNITIES FOR ARTISTS IDENTIFYING AS FEMALE, THUS ADVANCING EQUAL OPPORTUNITIES IN AN HISTORICALLY MALE-DOMINATED PROFESSION;
D)PROMOTING THE HIGHEST STANDARDS AND SUPPORTING ENGAGED RISK-TAKING IN THE CREATION AND PERFORMANCE OF NEW MUSICAL WORKS; AND 
2. THE ADVANCEMENT OF THE EDUCATION OF THE PUBLIC IN GENERAL IN THE SUBJECT OF MUSIC, IN PARTICULAR BUT NOT EXCLUSIVELY BY
A)PROMOTING A BROAD AND DIVERSE REPERTOIRE OF NEW MUSIC;
B)PROMOTING INDIVIDUAL AND COLLECTIVE KNOWLEDGE IN THE SPECIFIC AREAS OF LIVE PERFORMANCE, COMMISSIONING AND PROGRAMMING; 
C)RAISING AWARENESS OF THE CHARITYÆS ACTIVITIES THROUGH INFORMATION MEDIA.",True,Small,Dormant,Arts/culture/heritage/science
559,1182984,LEOPOLD COMMUNITY CULTURAL ASSOCIATION (LCCA),"99 St. Pauls Way, LONDON",E3 4AJ,Poplar and Limehouse,079388188718,lcca@live.co.uk,Not available,04/04/2024,0.0,0.0,CIO,"Provides Buildings/facilities/open Space, Provides Services, Provides Advocacy/advice/information","General Charitable Purposes, Education/training, Religious Activities, Human Rights/religious Or Racial Harmony/equality Or Diversity","Children/young People, Elderly/old People, Other Charities Or Voluntary Bodies, The General Public/mankind","[1] To provide a range of holistic, culturally sensitive services for the communities of Leopold area with a view to improving the quality of life and enhancing community cohesion, community development and employment, in particular but not exclusively by the provision of a Mosque and Centre in Leopold area; [2] To further or benefit the residents of Leopold and the neighbourhood.","[1] TO ADVANCE ISLAM, IN PARTICULAR BUT NOT EXCLUSIVELY BY THE PROVISION OF A MOSQUE IN LEOPOLD;
[2] TO FURTHER OR BENEFIT THE RESIDENTS OF LEOPOLD AND THE NEIGHBOURHOOD, WITHOUT DISTINCTION OF
SEX, RACE OR OF POLITICAL, RELIGIOUS OR OTHER OPINIONS BY ASSOCIATING TOGETHER THE SAID RESIDENTS
AND THE LOCAL AUTHORITIES, VOLUNTARY AND OTHER ORGANISATIONS IN A COMMON EFFORT TO ADVANCE
EDUCATION AND TO PROVIDE FACILITIES IN THE INTERESTS OF SOCIAL WELFARE FOR RECREATION AND LEISURE
TIME OCCUPATION WITH THE OBJECTIVE OF IMPROVING THE CONDITIONS OF LIFE FOR THE RESIDENTS.
IN FURTHERANCE OF THESE OBJECTS BUT NOT OTHERWISE, THE TRUSTEES SHALL HAVE POWER: TO ESTABLISH OR
SECURE THE ESTABLISHMENT OF A COMMUNITY CENTRE AND TO MAINTAIN OR MANAGE OR CO-OPERATE WITH
ANY STATUTORY AUTHORITY IN THE MAINTENANCE AND MANAGEMENT OF SUCH A CENTRE FOR ACTIVITIES
PROMOTED BY THE CHARITY IN FURTHERANCE OF THE ABOVE OBJECTS.",True,,Dormant,Human Rights/religious Or Racial Harmony/equality Or Diversity
560,1184197,HENRY FAWCETT FUND,"ST. PETER'S VICARAGE, ST. PETER'S SQUARE, LONDON",E2 7AE,Bethnal Green and Stepney,0207739 0550,henryfawcettfund@stpetersbethnalgreen.org,Not available,31/12/2024,0.0,0.0,CIO,"Makes Grants To Individuals, Makes Grants To Organisations","General Charitable Purposes, Education/training, The Advancement Of Health Or Saving Of Lives, Disability, The Prevention Or Relief Of Poverty, Accommodation/housing, Religious Activities, Economic/community Development/employment","Children/young People, Elderly/old People, People With Disabilities",The charity is restricted to the benefit of people who are connected to the ministry of the parish church of St Peter with St Thomas Bethnal Green.,"THE OBJECT OF THE CIO IS, FOR THE PUBLIC BENEFIT, THE RELIEF AND/OR PREVENTION OF POVERTY FOR THOSE PERSONS RESIDING IN THE PARISH OF ST PETER'S WITH ST THOMAS, BETHNAL GREEN.",True,,Dormant,Accommodation/housing
561,1184228,POSITIVE GOSPEL INTERNATIONAL CHURCH,"18 Methuen Close, EDGWARE, Middlesex",HA8 6HA,Harrow East,07956253164,a.assah@sky.com,Not available,31/12/2024,5832.0,3368.0,CIO,Provides Buildings/facilities/open Space,Religious Activities,The General Public/mankind,"Community work, preaching, helping homeless people, fund raising to support the local community, counselling.","“TO ADVANCE THE CHRISTIAN FAITH FOR THE PUBLIC BENEFIT THROUGH THE PROVISION OF FACILITIES FOR PUBLIC WORSHIP, PRAYER AND EVANGELISM, PRIMARILY IN EAST LONDON, AND THEREAFTER FURTHER AFIELD.”",False,Micro,Dormant,Religious Activities
562,1185139,LONDON YOUNG STARS ELITE,"Kemp House, 124 City Road, London",EC1V 2NX,Islington South and Finsbury,07376501684,youngstarselite@gmail.com,www.youngstarselite.com,31/03/2025,23278.0,25693.0,CIO,"Provides Services, Provides Advocacy/advice/information",Amateur Sport,Children/young People,"London Young Stars Elite is a charity based in Isle of Dogs who offer sports and music for kids and young people. We use the power of sport and music to deter kids away from gangs and crime.
We are very conscious about health and wellbeing and offer classes/services to promote this to all.","1)TO ADVANCE THE AMATEUR SPORT OF ASSOCIATION FOOTBALL FOR THE PUBLIC BENEFIT BY PROVIDING OR ASSISTING IN THE PROVISION OF FACILITIES FOR CHILDREN AND YOUNG PEOPLE TO PLAY ASSOCIATION FOOTBALL (“FACILITIES” MEANS LAND, BUILDINGS, EQUIPMENT AND ORGANISING SPORTING ACTIVITIES)

2)TO PROVIDE AND ASSIST IN PROVIDING FACILITIES FOR SPORT, RECREATION AND OTHER LEISURE TIME OCCUPATION OF PEOPLE WHO HAVE NEED OF SUCH FACILITIES BECAUSE OF THEIR YOUTH,AGE, NFIRMITY OR DISABLEMENT, POVERTY OR SOCIAL AND ECONOMIC CIRCUMSTANCES OR FOR THE PUBLIC AT LARGE IN THE INTERESTS OF SOCIAL WELFARE AND WITH THE OBJECT OF IMPROVING THEIR ONDITIONS OF LIFE)",False,Small,Dormant,Amateur Sport
563,1185426,SPORTS FUN 4 ALL,"Shabbir &amp; Co, 248 Brockley Road, LONDON",SE4 2SF,Lewisham North,07432121741,info@sportsfun4all.com,https://sportsfun4all.com/,31/08/2025,251485.0,184818.0,CIO,"Provides Services, Provides Advocacy/advice/information","Education/training, Amateur Sport","Children/young People, Elderly/old People","Sports Fun 4 All leverages the transformative power of sport to improve the lives of children and young people aged 3 - 24 in disadvantaged and marginalised communities across South London. By using sport as a vehicle for social change, we aim to tackle violence, discrimination, and disadvantage, empowering young people to build brighter futures.","TO ADVANCE IN LIFE AND RELIEVE THE NEEDS OF YOUNG PEOPLE LIVING IN LONDON THROUGH THE PROVISION OF RECREATIONAL AND LEISURE TIME ACTIVITIES PROVIDED IN THE INTERESTS OF SOCIAL WELFARE, DESIGNED TO IMPROVE THEIR CONDITIONS IN LIFE, SO AS TO DEVELOP THEIR CAPACITIES THAT THEY MAY GROW TO FULL MATURITY AS INDIVIDUALS AND MEMBERS OF SOCIETY.",False,Medium,Dormant,Amateur Sport
564,1186012,EAST LONDON CARES LIMITED,"R S M UK, 25 FARRINGDON STREET, LONDON",EC4A 4AB,Cities of London and Westminster,02032018000,RESTRUCTURING.LONDON.CORE@RSMUK.COMIS,WWW.EASMUK.COM,31/08/2022,233882.0,233734.0,Charitable company,"Provides Services, Provides Advocacy/advice/information","General Charitable Purposes, Disability, Economic/community Development/employment","Children/young People, Elderly/old People","A community network of young professionals and older neighbours hanging out and helping one another in a rapidly changing city. Through Social Clubs, one-to-one Love Your Neighbour friendships, Outreach and Community Fundraising, the charity aims to reduce loneliness and isolation amongst older and younger Londoners, improve wellbeing, confidence and power, and bridge social/generational divides.","THE OBJECTS OF THE CHARITY ARE FOR THE PUBLIC BENEFIT AND ARE RESTRICTED TO THE FOLLOWING:
2.1.1 TO PROMOTE SOCIAL INCLUSION AMONGST PEOPLE WHO DO NOT REGULARLY PARTICIPATE IN COMMUNITY LIFE, INCLUDING (WITHOUT LIMITATION) THOSE WHO DO NOT HAVE LARGE OR STRONG NETWORKS OF FRIENDS AND FAMILY AROUND THEM, WHO MAY BE LONELY OR ISOLATED, OR AT RISK OF LONELINESS OR ISOLATION, AND WHO MAY BE, OR MAY BE AT RISK OF, HAVING DIFFICULTY ACCESSING STATUTORY AND NON-STATUTORY SERVICES, (FOR EXAMPLE, BECAUSE THEY ARE HOUSE-BOUND, IMMOBILE, UNABLE TO DRIVE OR TO EASILY ACCESS TRANSPORT, OR ARE OTHER OTHERWISE DISADVANTAGED DUE TO OTHER SOCIAL OR ECONOMIC FACTORS).
2.1.2 TO ADVANCE IN LIFE AND HELP YOUNG PEOPLE THROUGH:
(A) THE PROVISION OF RECREATIONAL AND LEISURE TIME ACTIVITIES PROVIDED IN THE INTEREST OF SOCIAL WELFARE, DESIGNED TO IMPROVE THEIR CONDITIONS OF LIFE, AND
(B) PROVIDING SUPPORT AND ACTIVITIES WHICH DEVELOP THEIR SKILLS, CAPACITIES AND CAPABILITIES TO ENABLE THEM TO PARTICIPATE IN SOCIETY AS MATURE AND RESPONSIBLE INDIVIDUALS.",False,Medium,Dormant,Disability
565,1186601,INTERNATIONAL HEALTH DEVELOPMENT FOUNDATION,"71-75 SHELTON STREET, LONDON",WC2H 9JQ,Holborn and St Pancras,07799861693,contact@bhdi.org,http://www.bhdi.org/,31/01/2025,158126.0,100509.0,Other,"Provides Services, Provides Advocacy/advice/information",The Advancement Of Health Or Saving Of Lives,"Children/young People, Elderly/old People, People With Disabilities",To improve the health of the poor and needy in Bangladesh through the provision of free medical care as well as prevention and health awareness campaigns,"THE ADVANCEMENT OF HEALTH OF THE PEOPLE OF BANGLADESH BY:
(A) PROVISION OF FREE MEDICAL RELIEF CAMPS
(B) THE DEVELOPMENT OF A TELEMEDICINE APP TO PROVIDE ACCESS TO MEDICAL CARE FOR RURAL COMMUNITIES
(C) PROVISION OF INTERNATIONAL STANDARD NURSING DIPLOMAS AND COURSES
(D) DEVELOP PREVENTATIVE MEDICAL PROGRAMS AND STANDARDIZATION OF RURAL MEDICAL PRACTICES.",False,Medium,Dormant,The Advancement Of Health Or Saving Of Lives
566,1187417,TURNING CORNERS,"32 Theydon Road, LONDON",E5 9NA,Hackney North and Stoke Newington,0300 102 4496,mail@turningcorners.charity,www.turningcorners.charity,31/12/2024,179807.0,162336.0,CIO,"Provides Services, Provides Advocacy/advice/information","Disability, The Prevention Or Relief Of Poverty, Other Charitable Purposes","Children/young People, People With Disabilities, The General Public/mankind","Turning Corners builds trust and helps individuals and families navigate the long, confusing, and often painful path through mental health and crisis systems. We are the shoulder people can lean on, ensuring they know where to go, how to get there, and how to hold on until recovery.","THE RELIEF OF SICKNESS AND THE PRESERVATION OF HEALTH AMONG PEOPLE AND THEIR FAMILIES WHO ARE SUFFERING OR AT RISK OF SUFFERING FROM EMOTIONAL, PSYCHOLOGICAL OR MENTAL DISTRESS BY:
THE PROVISION OF SUPPORT IN ORDER TO ALLEVIATE OR PREVENT SUCH SUFFERING OR STIGMA AND;
RAISING AWARENESS THEREOF IN SUCH WAYS AS THE TRUSTEES SHALL FROM TIME TO TIME THINK FIT.",False,Medium,Dormant,Other Charitable Purposes
567,1188600,KLINGEN CHOIR AND CULTURAL ASSOCIATION,"106 BROWNFIELD STREET, LONDON",E14 6NF,Poplar and Limehouse,07774977537,klingenchoir@gmail.com,kcca.uk,31/07/2024,22536.0,18997.0,CIO,"Provides Services, Provides Advocacy/advice/information","Arts/culture/heritage/science, Economic/community Development/employment",The General Public/mankind,"The charity promotes arts and culture for the benefit of the public, in part but not exclusively by:
Supporting young performers;
Organising art exhibitions and concerts for the benefit of the public to promote choral music, and;
Creating opportunities for cultural exchange.","TO PROMOTE ARTS AND CULTURE FOR THE BENEFIT OF THE PUBLIC, IN PART BUT NOT EXCLUSIVELY BY:
SUPPORTING YOUNG PERFORMERS;
ORGANISING ART EXHIBITIONS AND CONCERTS FOR THE BENEFIT OF THE PUBLIC TO PROMOTE CHORAL MUSIC, AND;
CREATING OPPORTUNITIES FOR CULTURAL EXCHANGE.",True,Small,Dormant,Arts/culture/heritage/science
568,1188716,NEWHAM SOMALI ASSOCIATION,"COMMUNITY CENTRE, 14 EAST HAM MANOR WAY, LONDON",E6 5NG,West Ham and Beckton,07312089155,newhamsa@yahoo.com,Not available,31/03/2025,0.0,0.0,Other,"Provides Services, Provides Advocacy/advice/information","General Charitable Purposes, Disability, The Prevention Or Relief Of Poverty","Children/young People, Elderly/old People, People With Disabilities, People Of A Particular Ethnic Or Racial Origin","1.	providing forums, advice, advocacy, referrals and general support

2.	education and training in the English language and in vocational skills

3.	providing food & essentials 

4.	social and recreational facilities and events involving the local community

5.	health promotion, nutrition advice in order to improve the health and well-being of the community","TO PROMOTE SOCIAL INCLUSION FOR THE PUBLIC BENEFIT BY WORKING WITH PEOPLE IN THE LONDON BOROUGH OF NEWHAM AND SURROUNDING AREA WHO ARE SOCIALLY EXCLUDED ON THE GROUNDS OF THEIR ETHNIC ORIGIN (IN PARTICULAR, BUT NOT EXCLUSIVELY, MEMBERS OF SOMALI SPEAKING COMMUNITY) TO RELIEVE THE NEEDS OF SUCH PEOPLE AND ASSIST THEM TO INTEGRATE INTO SOCIETY, IN PARTICULAR BY:
1. PROVIDING FORUMS, ADVICE, ADVOCACY, REFERRALS AND GENERAL SUPPORT;
2. EDUCATION AND TRAINING IN THE ENGLISH LANGUAGE AND IN VOCATIONAL SKILLS;
3. AFTER SCHOOL ACTIVITIES AND SUPPLEMENTARY CLASSES FOR CHILDREN;
4. SOCIAL AND RECREATIONAL FACILITIES AND EVENTS INVOLVING THE LOCAL COMMUNITY;
5. HEALTH PROMOTION, NUTRITION ADVICE AND KEEP FIT CLASSES IN ORDER TO IMPROVE THE HEALTH AND WELL-BEING OF THE COMMUNITY",False,,Dormant,Disability
569,1189155,GEORGE GREEN'S ALMSHOUSES,"10 BELL MEAD, SAWBRIDGEWORTH",CM21 9ES,Hertford and Stortford,07714246770,office@georgegreensalmshouses.org.uk,https://georgegreensalmshouses.org.uk/our-almshouses,31/03/2025,143203.0,123495.0,CIO,Provides Buildings/facilities/open Space,The Prevention Or Relief Of Poverty,,Provision of housing for poor women who are the inhabitants of the London Borough of Tower Hamlets. The charity has built eight new units of accommodation in Poplar in 2015 and purchased and renovated three flats in Bow in 2018.,"THE OBJECT OF THE CIO IS FOR THE PROVISION OF SOCIAL HOUSING FOR POOR WOMEN WHO, EXCEPT IN SPECIAL CIRCUMSTANCES APPROVED BY THE CHARITY COMMISSION, ARE THE INHABITANTS OF THE LONDON BOROUGH OF TOWER HAMLETS.",False,Medium,Dormant,The Prevention Or Relief Of Poverty
570,1189259,HIGHWAY VINEYARD CHURCH,"HIGHWAY VINEYARD CHURCH, 88A ROMFORD ROAD, LONDON",E15 4EH,Stratford and Bow,02085344019,simon@highwayvineyard.org,www.highwayvineyard.org,31/03/2025,0.0,0.0,CIO,"Provides Buildings/facilities/open Space, Provides Services",Religious Activities,The General Public/mankind,"We are the representatives of Highway Vineyard Church, a Christian church in the London boough of Newham.  We are engaged in the promotion of the Gospel.","TO ADVANCE THE CHRISTIAN RELIGION FOR THE PUBLIC BENEFIT IN ACCORDANCE WITH THE STATEMENT OF FAITH IN THE SCHEDULE HERETO ATTACHED IN SUCH PARTS OF THE UNITED KINGDOM AND THE WORLD THROUGH:
• THE ORGANISATION AND PROVISION OF CHRISTIAN WORSHIP;
• THE PROVISION OF SUCH FACILITIES AND SERVICES AS ARE APPROPRIATE FOR THE CHURCH, TO ENABLE IT TO FULFIL ITS MISSION TO THE MEMBERS OF THE CHURCH, VISITORS TO THE CHURCH AND THE LOCAL COMMUNITY AND THE WIDER COMMUNITY;
• THE PROVISION OF FACILITIES FOR CHRISTIAN TRAINING AND SERVICE;
• THE SUPPORT AND PROVISION OF CHRISTIAN EVANGELISM AND OUTREACH;
• THE PROVISION OF ASSISTANCE TO THE WIDER CHRISTIAN CHURCH IN ITS MINISTRIES.",False,,Dormant,Religious Activities
571,1189772,BURDETT BANGLADESHI CULTURAL ASSOCIATION AND MOSQUE,"BBCA&amp;M, 6 MEDINA PLACE, LONDON",E14 7UD,Poplar and Limehouse,02075362572,BBCA.Masjid@hotmail.co.uk,Not available,31/07/2024,409900.0,270394.0,CIO,Provides Buildings/facilities/open Space,"General Charitable Purposes, Religious Activities",,"The promotion of the Islamic faith for the benefit of the public by providing
facilities for worship, prayer, Islamic celebration and observance;
- The advancement of education including the advancement of Islamic religious
education;
- To promote for the benefit of the inhabitants of the Burdett Estate and the
surrounding area the provision of Islamic facilities and or other leisure time.","THE PROMOTION OF THE ISLAMIC FAITH FOR THE BENEFIT OF THE PUBLIC BY PROVIDING FACILITIES FOR WORSHIP, PRAYER, ISLAMIC CELEBRATION AND OBSERVANCE;
THE ADVANCEMENT OF EDUCATION INCLUDING THE ADVANCEMENT OF ISLAMIC RELIGIOUS EDUCATION;
TO PROMOTE FOR THE BENEFIT OF THE INHABITANTS OF THE BURDETT ESTATE AND THE SURROUNDING AREA THE PROVISION OF ISLAMIC FACILITIES AND OR OTHER LEISURE TIME OCCUPATION OF INDIVIDUALS WHO HAVE THE NEED OF SUCH FACILITIES BY REASON OF THEIR
YOUTH, AGE, INFIRMITY OR DISABLEMENT, FINANCIAL HARDSHIP OR SOCIAL AND ECONOMIC CIRCUMSTANCES OR FOR THE PUBLIC AT LARGE IN THE INTERESTS OF SOCIAL WELFARE AND WITH THE OBJECT OF IMPROVING THE CONDITION OF LIFE OF THE SAID INHABITANTS WITHIN THE LOCALITY.
THE OBJECTS ABOVE WILL BE UNDERTAKEN CONSIDERING THE NEEDS OF THE MUSLIM COMMUNITY BUT THIS IS NOT RESTRICTED TO THE MUSLIM COMMUNITY.",True,Medium,Dormant,Religious Activities
572,1190073,THE LINE ART WALK,"Third Floor, 104-108 Oxford Street, London",W1D 1LP,Cities of London and Westminster,02034889250,info@the-line.org,HTTPS://THE-LINE.ORG,31/12/2024,1434054.0,1055312.0,Charitable company,Provides Advocacy/advice/information,"Education/training, Arts/culture/heritage/science",The General Public/mankind,"Explore art, nature and heritage for free on London's public art walk running between the Queen Elizabeth Olympic Park and The O2","THE OBJECTS OF THE CHARITY ARE: 4.1	THE ADVANCEMENT OF THE ARTS AND CULTURE; AND 4.2	THE ADVANCEMENT OF EDUCATION IN THE ARTS.",False,Large,Dormant,Arts/culture/heritage/science
573,1190478,FRIENDS OF ST ELIZABETH,"ST. ELIZABETH RC PRIMARY SCHOOL, BONNER ROAD, LONDON",E2 9JY,Bethnal Green and Stepney,02089803964,admin@st-elizabeth.uk,www.st-elizabeth.uk,,,,Other,"Provides Other Finance, Other Charitable Activities","General Charitable Purposes, Education/training",Children/young People,Friends of St Elizabeth are a primary school based charity which organises fund raising events to support the school.,"THE OBJECT OF THE ASSOCIATION (THE OBJECTS) IS TO ADVANCE THEEDUCATION OF PUPILS IN THE SCHOOL IN PARTICULAR BY:2.1 DEVELOPING EFFECTIVE RELATIONSHIPS BETWEEN THE STAFF, PARENTS ANDOTHERS ASSOCIATED WITH THE SCHOOL2.2 ENGAGING IN ACTIVITIES OR PROVIDING FACILITIES OR EQUIPMENT WHICHSUPPORT THE SCHOOL AND ADVANCE THE EDUCATION OF THE PUPILS.",True,,Dormant,General Charitable Purposes
574,1191159,HACKNEY YOUTH ORCHESTRAS TRUST,"25 HARCOMBE ROAD, LONDON",N16 0RX,Hackney North and Stoke Newington,07956113541,music@hyot.org.uk,hyot.org.uk,31/03/2025,30838.0,43633.0,CIO,Provides Services,"Education/training, Arts/culture/heritage/science","Children/young People, The General Public/mankind","Hackney Youth Orchestras Trust is a music school for children and young people living or studying in Hackney and neighbouring boroughs. The School's progressive concessions policy makes it accessible to groups currently under-represented in music education. Students are taught by professional musicians both individually and in groups, leading to regular free public concert performances.","TO PROMOTE, IMPROVE, DEVELOP AND MAINTAIN PUBLIC EDUCATION IN MUSIC ESPECIALLY AMONG YOUNG PEOPLE BETWEEN THE AGES OF 6-21 YEARS, THROUGH COACHING, ENSEMBLE PLAYING AND PUBLIC PERFORMANCE OF MUSIC OF THE HIGHEST STANDARD.",False,Small,Dormant,Arts/culture/heritage/science
575,1191366,BLACKWALL REACH TRUST,"The Trust Partnership, 6 Trull Farm Buildings, Tetbury, Gloucestershire",GL8 8SQ,South Cotswolds,01285 841900,admin@blackwallreachtrust.org.uk,Not available,31/01/2025,36927.0,52715.0,Charitable company,"Makes Grants To Organisations, Provides Buildings/facilities/open Space","Economic/community Development/employment, Recreation","Other Charities Or Voluntary Bodies, The General Public/mankind",Provision of open space for the Blackwall Reach community and members of the public for recreation and social welfare purposes.  To benefit the community of Blackwall Reach through charitable activities.,"(A) TO PROVIDE IN THE INTERESTS OF SOCIAL WELFARE THE ROBIN HOOD MILLENNIUM GREEN AS AN OPEN SPACE IN BLACKWALL REACH FOR THE RECREATION OR OTHER LEISURE TIME OCCUPATION OF THE BLACKWALL REACH COMMUNITY WITH THE OBJECT OF IMPROVING THE CONDITIONS OF LIFE FOR MEMBERS OF THE BLACKWALL REACH COMMUNITY AND AVAILABLE FOR USE ALSO BY THE PUBLIC AT LARGE;
(B) TO FURTHER SUCH EXCLUSIVELY CHARITABLE PURPOSES (UNDER THE LAW OF ENGLAND AND WALES) FOR THE BENEFIT OF THE COMMUNITY OF BLACKWALL REACH AS THE TRUSTEES SHALL DECIDE.",False,Small,Dormant,Recreation
576,1192375,ARTS FOR ALL,"ARTS FOR ALL, THE TAB CENTRE, GODFREY'S PLACE, LONDON",,,02077297111,caroline@artsforall.co.uk,www.artsforall.co.uk,31/12/2024,136713.0,134172.0,CIO,Provides Services,"General Charitable Purposes, Arts/culture/heritage/science","Children/young People, Elderly/old People, People With Disabilities, The General Public/mankind",We run creative clubs and classes for vulnerable adults and local children from the local community and we aim to build confidence through creative achievement.,"TO ADVANCE THE EDUCATION OF THE PUBLIC IN ALL ASPECTS OF ART IN PARTICULAR, BUT NOT BY WAY OF LIMITATION, BY RUNNING WORKSHOPS AND CLUBS IN THE LONDON BOROUGH OF TOWER HAMLETS AND THE SURROUNDING AREA.",False,Medium,Dormant,Arts/culture/heritage/science
577,1192587,LONDON BIBLE CHURCH,"ELT BAPTIST CHURCH, BURDETT ROAD, LONDON",E3 4TU,Poplar and Limehouse,07717495269,starmihail@googlemail.com,www.londonbiblechurch.org,31/12/2024,97067.0,89371.0,CIO,Provides Services,Religious Activities,The General Public/mankind,"The advancement of the Christian faith in accordance with the basis of faith, doctrinal 
distinctives and ethical statements primarily but not exclusively within London, and the 
United Kingdom; and to further such other purposes as are charitable according to the laws 
of England and Wales as the trustees in their discretion shall think fit and in accordance 
with the basis of faith.","THE ADVANCEMENT OF THE CHRISTIAN FAITH IN ACCORDANCE WITH THE BASIS OF FAITH, DOCTRINAL DISTINCTIVES AND ETHICAL STATEMENTS PRIMARILY BUT NOT EXCLUSIVELY WITHIN LONDON, AND THE UNITED KINGDOM; AND
TO FURTHER SUCH OTHER PURPOSES AS ARE CHARITABLE ACCORDING TO THE LAWS OF ENGLAND AND WALES AS THE TRUSTEES IN THEIR DISCRETION SHALL THINK FIT AND IN ACCORDANCE WITH THE BASIS OF FAITH, DOCTRINAL DISTINCTIVES AND ETHICAL STATEMENTS AS MAY BE ADOPTED AND AMENDED BY THE CHURCH FROM TIME TO TIME IN ACCORDANCE WITH THE PROVISIONS OF THE FELLOWSHIP GUIDE.",True,Small,Dormant,Religious Activities
578,1192814,POETRY IN WOOD CIO,"Poetry in Wood, Montefiore Centre, HANBURY STREET, LONDON",,,02073753933,craig@poetryinwood.org.uk,https://poetryinwood.squarespace.com,31/01/2025,115994.0,126553.0,CIO,"Provides Services, Provides Advocacy/advice/information","General Charitable Purposes, Disability",People With Disabilities,"We run an accredited course through the Open College Network called 'product Design and development for people with learning disabilities and autism. This is basically art, design and woodwork. We also have Design studio for graduates of the course who work on commissions from the public","THE OBJECT OF THE CIO IS:
FOR THE PUBLIC BENEFIT TO PROMOTE SOCIAL INCLUSION AMONG INDIVIDUALS WITH AUTISM AND/OR LEARNING DIFFICULTIES LIVING IN TOWER HAMLETS, HACKNEY AND THE SURROUNDING AREAS WHO ARE EXCLUDED FROM SOCIETY IN PARTICULAR BUT NOT EXCLUSIVELY BY THE PROVISION OF AN NVQ ACCREDITED TRAINING COURSE USING WORKSHOPS IN ART, DESIGN AND WOODWORK.
FOR THE PURPOSES OF THIS CLAUSE ‘SOCIALLY EXCLUDED’ MEANS BEING EXCLUDED FROM SOCIETY, OR PARTS OF SOCIETY, AS A RESULT OF ONE OR MORE OF THE FOLLOWING FACTORS: UNEMPLOYMENT; FINANCIAL HARDSHIP; YOUTH OR OLD AGE, ILL HEALTH (PHYSICAL OR MENTAL); SUBSTANCE ABUSE OR DEPENDENCY INCLUDING ALCOHOL AND DRUGS; DISCRIMINATION ON THE GROUNDS OF SEX, RACE, DISABILITY, ETHNIC ORIGIN, RELIGION, BELIEF, CREED, SEXUAL ORIENTATION OR GENDER RE-ASSIGNMENT; POOR EDUCATIONAL OR SKILLS ATTAINMENT; RELATIONSHIP AND FAMILY BREAKDOWN; POOR HOUSING (THAT IS HOUSING THAT DOES NOT MEET BASIC HABITABLE STANDARDS); CRIME (EITHER AS A VICTIM OF CRIME OR AS AN OFFENDER REHABILITATING INTO SOCIETY).",False,Medium,Dormant,Disability
579,1193241,SUPPORTING HUMANITY,"57 New North Road, Ilford",IG6 2UE,Ilford North,07941874477,Idrispatel@supportinghumanity.org,www.supportinghumanity.org,31/03/2025,400869.0,221427.0,CIO,Provides Services,"Disability, The Prevention Or Relief Of Poverty",The General Public/mankind,Supporting Humanity focuses on some of the most neglected issues in the community: Mental health and Bereavement,"1.	To further such charitable purposes (charitable under English law) as the trustees see fit from time to time for the public benefit including (but not limited to) by making grants to individuals, to registered, excepted and exempt charities and to other organisations

2.	For the public benefit, to relieve the mental and physical sickness of persons resident in the United Kingdom, by the provision of counselling, support, and services for such persons.",False,Medium,Dormant,Disability
580,1194143,BEYOND SIGHT LOSS,"c/o Real, Jack Dash House, 2 Lawn House Close, LONDON",E14 9YQ,Poplar and Limehouse,07956510008,Ashrafia1@btinternet.com,http://beyondsightloss.org.uk/,31/03/2025,8872.0,16556.0,CIO,"Provides Services, Provides Advocacy/advice/information",Disability,People With Disabilities,"Beyond Sight Loss is a user-led charity addressing loneliness and social isolation of blind and partially sighted people in Tower Hamlets. Members meet to socialise and share information about inclusive activities, events and opportunities to improve health and wellbeing. Outings take place in accessible museums, parks, theatre and sporting events.","FOR THE PUBLIC BENEFIT TO RELIEVE THE NEEDS OF BLIND/PARTIALLY SIGHTED PEOPLE LIVING IN TOWER HAMLETS AND THE SURROUNDING BOROUGHS, IN PARTICULAR BUT NOT EXCLUSIVELY BY THE PROVISION OF REGULAR ACTIVITIES INCLUDING MEETINGS, SOCIAL GATHERINGS, GROUP OUTINGS AND SPECIAL EVENTS TO REDUCE ISOLATION AND IMPROVE GENERAL QUALITY OF LIFE FOR BLIND/PARTIALLY SIGHTED PEOPLE.",True,Micro,Dormant,Disability
581,1194309,FRIENDS OF COLUMBIA PRIMARY SCHOOL,"49 - 53 COLUMBIA ROAD, LONDON",E2 7RG,Bethnal Green and Stepney,02077393835,friendsofcolumbiaprimary@gmail.com,www.columbiaprimaryschool.org,31/08/2024,37573.0,52894.0,Other,"Provides Other Finance, Provides Services, Other Charitable Activities",Education/training,Children/young People,"The objective of the charity is to advance the education of pupils in the school by 1) developing effective relationships between the staff, parents and others associated with the school and by 2) engaging in activities or providing facilities or equipment which support the school and advance the education of the pupils.  Activities include: fundraising and supporting school initiatives.","THE OBJECT OF THE ASSOCIATION (THE OBJECTS) IS TO ADVANCE THE EDUCATION OF PUPILS IN THE SCHOOL IN PARTICULAR BY:
2.1 DEVELOPING EFFECTIVE RELATIONSHIPS BETWEEN THE STAFF, PARENTS AND OTHERS ASSOCIATED WITH THE SCHOOL
2.2 ENGAGING IN ACTIVITIES OR PROVIDING FACILITIES OR EQUIPMENT WHICH SUPPORT THE SCHOOL AND ADVANCE THE EDUCATION OF THE PUPILS.",True,Small,Dormant,Education/training
582,1194373,LEOPOLD ESTATE CULTURAL ASSOCIATION,"FLAT 35, STILEMAN HOUSE, 82 ACKROYD DRIVE, LONDON",E3 4AS,Poplar and Limehouse,07944786394,leopoldculturalassociation@hotmail.com,Not available,30/04/2024,745.0,0.0,Other,Provides Services,General Charitable Purposes,"Children/young People, Elderly/old People, People Of A Particular Ethnic Or Racial Origin, Other Charities Or Voluntary Bodies","The advancement of ethnic minority language, culture, history and literature. To enhance interaction and cultural exchange between ethnic minorities and harmonious co-existence.","FOR THE BENEFIT OF THE PUBLIC IN THE LEOPOLD ESTATE AREA OF LONDON AND SURROUNDING AREAS:
TO ADVANCE THE EDUCATION OF THE PUBLIC IN BENGALI CULTURE, LANGUAGE AND HERITAGE, INCLUDING THE MUSIC, ART, LITERATURE AND TRADITIONS AND HISTORY OF THE BENGALI COMMUNITY.
TO PROMOTE SOCIAL INCLUSION FOR THE PUBLIC BENEFIT BY WORKING WITH PEOPLE RESIDENT IN THE LEOPOLD ESTATE AND SURROUNDING AREA WHO ARE SOCIALLY EXCLUDED ON THE GROUNDS OF THEIR ETHNIC ORIGIN, RELIGION, BELIEF OR CREED (IN PARTICULAR, MEMBERS OF THE BENGALI COMMUNITY) TO RELIEVE THE NEEDS OF SUCH PEOPLE AND ASSIST THEM TO INTEGRATE INTO SOCIETY, IN PARTICULAR BY:
PROVIDING A LOCAL NETWORK GROUP THAT ENCOURAGES AND ENABLES MEMBERS OF THE BENGALI COMMUNITY TO PARTICIPATE MORE EFFECTIVELY WITH THE WIDER COMMUNITY;
INCREASING, OR CO-ORDINATING, OPPORTUNITIES FOR MEMBERS OF THE BENGALI COMMUNITY TO ENGAGE WITH SERVICE PROVIDERS, TO ENABLE THOSE PROVIDERS TO ADAPT SERVICES TO BETTER MEET THE NEEDS OF THAT COMMUNITY
TO PROVIDE OR ASSIST IN THE PROVISIONS OF FACILITIES IN THE INTEREST OF SOCIAL WELFARE AND FOR RECREATION OR OTHER LEISURE TIME OCCUPATION OF INDIVIDUALS WHO HAVE NEED OF SUCH FACILITIES BY REASON OF THEIR YOUTH, AGE, INFIRMITY, DISABILITY, FINANCIAL HARDSHIP OR OTHER SOCIAL CIRCUMSTANCE WITH THE OBJECT OF IMPROVING THEIR CONDITIONS OF LIFE.",True,Micro,Dormant,General Charitable Purposes
583,1194374,THE WANSTEAD CHARITY,"9 Hollybush Close, Wanstead, London, 9 Hollybush Close",E11 1PZ,Leyton and Wanstead,07775333479,lizcalvert@tiscali.co.uk,thewansteadcharity@gmail.com,31/08/2025,17657.0,9995.0,CIO,Provides Services,"Disability, The Prevention Or Relief Of Poverty","Children/young People, Other Charities Or Voluntary Bodies",Provision of food and clothing together with personal hygeine products to those who are primarily homeless but all of those who are in need. Provide an outreach service to those in need by way of advice and contact with necessary and appropriate agencies including other charities and local authorities.,"FOR THE PUBLIC BENEFIT, THE RELIEF AND ASSISTANCE OF THE LOCAL HOMELESS COMMUNITY IN EAST LONDON BY SUPPLYING THEM, IN PARTICULAR BUT NOT EXCLUSIVELY, WITH FOOD, CLOTHING, ADVICE AND SUPPORT AND TO PROVIDE ASSISTANCE AND ADVICE TO LIKE-MINDED CHARITABLE GROUPS.",False,Small,Dormant,Disability
584,1194421,ANJUMAN-E-SHEHABI (EAST LONDON),"Anjuman-e-Shehabi (East London), (Formerly United Reformed Church), Chapel Lane, Chigwell Row, Chigwell",IG7 6JJ,Epping Forest,02081720214,office@aes-eastlondon.co.uk,Not available,31/03/2025,170658.0,140702.0,Trust,"Makes Grants To Individuals, Makes Grants To Organisations, Provides Buildings/facilities/open Space","General Charitable Purposes, Education/training, Religious Activities, Recreation","Other Charities Or Voluntary Bodies, The General Public/mankind","To motivate, advance and propagate education and learning, including the administration and organisation of religious and temporal affairs, of the Dawoodi Bohra Jamaat of East London and to practise and observe Islamic religion in conformity with al-Quran, Islamic Shariat and the Fatimi philosophy, culture and traditions.","THE TRUST IS ESTABLISHED FOR ANY PUBLIC RELIGIOUS AND CHARITABLE PURPOSE, PARTICULARLY TO ADMINISTER, MANAGE AND ORGANIZE THE AFFAIRS OF THE DAWOODI BOHRA JAMAAT OF EAST LONDON AS PER THE ""12 UMOOR PROGRAMME"" LAID DOWN BY THE 53RD AL-DAI AL-MUTLAQ HIS HOLINESS DR. SYEDNA MUFADDAL SAIFUDDINTUS AND PARTICULARLY FOR THE FOLLOWING PURPOSES.
2.1	THE PREACHING AND PRACTISING OF THE ISLAMIC RELIGION IN CONFORMITY WITH AL-QURAN, ISLAMIC SHARIAT AND THE FATEMI PHILOSOPHY, CULTURE AND TRADITIONS, ALL AS INTERPRETED BY AL-DAI AL-MUTLAQ.
2.2	THE ADVANCEMENT OF EDUCATION.
2.3	THE RELIEF OF NEED, HARDSHIP AND DISTRESS.
2.4	THE PROVISION AND ASSISTANCE IN THE PROVISION OF FACILITIES FOR THE RECREATION AND OTHER LEISURE TIME OCCUPATIONS OF THE BENEFICIARIES PARTICULARLY FOR WOMEN AND YOUNG PEOPLE IN THE INTERESTS OF SOCIAL WELFARE AND SO THAT THEIR CONDITIONS OF LIFE MAY BE IMPROVED.",False,Medium,Dormant,Recreation
585,1194477,TOWER HAMLETS NEIGHBOURHOOD WATCH ASSOCIATION (THNWA),"Tower Hamlets Neighbourhood Watch, Club 55 Samuda Community Centre, 55 Stewart Street, LONDON",E14 3JH,Poplar and Limehouse,03001239966,info.thnwa@gmail.com,https://thnwa.london,31/03/2025,1882.0,174.0,CIO,"Makes Grants To Organisations, Provides Services, Provides Advocacy/advice/information, Acts As An Umbrella Or Resource Body","General Charitable Purposes, Other Charitable Purposes","Other Charities Or Voluntary Bodies, Other Defined Groups, The General Public/mankind",promoting the formation of Neighbourhood Watch schemes and assisting existing schemes to prosper.,"THE OBJECTS OF THE CIO ARE TO
A) THE PROMOTION OF GOOD CITIZENSHIP AND THE EFFICIENCY OF THE POLICE
ACROSS THE LONDON BOROUGH OF TOWER HAMLETS BY:
B) I) ENABLING PUBLIC PARTICIPATION IN THE PREVENTION AND DETECTION OF
CRIME;
C) II) PROMOTING PUBLIC SUPPORT FOR THE WORK OF THE POLICE SERVICE AND
OTHER PARTNERS IN THE PROTECTION OF PEOPLE AND PROPERTY FROM, AND THE
PREVENTION OF, CRIME.",True,Micro,Dormant,Other Charitable Purposes
586,1194825,CANARY WHARF MULTIFAITH CHAPLAINCY,"ONE CANADA SQUARE, CANARY WHARF, LONDON",,,02074771073,talktous@canarywharfchaplaincy.co.uk,https://canarywharfchaplaincy.co.uk/,31/12/2024,133774.0,154829.0,Charitable company,"Provides Services, Provides Advocacy/advice/information","General Charitable Purposes, Education/training, Disability, Religious Activities, Human Rights/religious Or Racial Harmony/equality Or Diversity","Other Defined Groups, The General Public/mankind",As a chaplaincy the annual objectives are to provide a multi-faith chaplaincy service to all those in the Canary Wharf estate.,"(1) ADVANCING RELIGION FOR THE PUBLIC BENEFIT BY PROVIDING A MULTIFAITH CHAPLAINCY SERVICE TO ALL OF THOSE IN THE CANARY WHARF ESTATE (THE ""ESTATE""), INCLUDING APPROPRIATE WORSHIP AND PASTORAL CARE FOR THOSE OF ALL FAITHS AND NONE AND LENDING EMOTIONAL, SPIRITUAL AND PRACTICAL SUPPORT TO THOSE IN NEED; AND

(2) PROMOTING RELIGIOUS HARMONY FOR THE PUBLIC BENEFIT BY TEACHING PEOPLE OF ALL FAITHS AND NONE TO APPRECIATE EACH OTHER'S DISTINCTIVE BELIEFS AND PRACTICES AND THEIR COMMON GROUND, AND TO THIS END ALSO ENCOURAGING FRIENDSHIP, GOODWILL AND UNDERSTANDING AMONGST PEOPLE OF ALL FAITHS AND NONE.",False,Medium,Dormant,Human Rights/religious Or Racial Harmony/equality Or Diversity
587,1195096,YESODEY HATORAH GIRLS SCHOOL LIMITED,"YESODEY HATORAH GIRLS SCHOOL LTD, 153 STAMFORD HILL, LONDON",N16 5LG,Hackney North and Stoke Newington,07940492429,psp8462@gmail.com,Not available,31/08/2024,2545964.0,2656786.0,Charitable company,"Makes Grants To Individuals, Provides Advocacy/advice/information","General Charitable Purposes, Education/training, The Prevention Or Relief Of Poverty, Religious Activities, Economic/community Development/employment","Children/young People, People Of A Particular Ethnic Or Racial Origin, Other Charities Or Voluntary Bodies","The charity manages the operations of the Yesodey Hatorah Girls Primary School and provides support and activities which develop the development of young people. It also provides scholarships, bursaries and other welfare grants.","(I)	TO ADVANCE ORTHODOX JEWISH RELIGIOUS EDUCATION AND EDUCATION GENERALLY, PARTICULARLY BUT NOT EXCLUSIVELY FOR THE PUPILS OF THE YESODEY HATORAH GIRLS SCHOOL.
(II)	THE ADVANCEMENT OF THE ORTHODOX JEWISH RELIGION.
(III)	TO PROVIDE OR ASSIST IN THE PROVISION OF FACILITIES IN THE INTERESTS OF SOCIAL WELFARE FOR RECREATION OR OTHER LEISURE TIME OCCUPATION OF INDIVIDUALS WHO HAVE NEED OF SUCH FACILITIES BY REASON OF THEIR AGE, INFIRMITY, OR DISABILITY, FINANCIAL HARDSHIP OR SOCIAL CIRCUMSTANCES WITH THE OBJECT OF IMPROVING THEIR CONDITIONS OF LIFE. 
(IV)	TO ADVANCE THE NEEDS OF YOUNG PEOPLE THROUGH SUPPORT AND ACTIVITIES WHICH DEVELOP THEIR SKILLS, CAPACITIES AND CAPABILITIES TO ENABLE THEM TO PARTICIPATE IN SOCIETY AS MATURE AND RESPONSIBLE INDIVIDUALS.
(V)	TO RELIEVE FINANCIAL HARDSHIP IN SUCH WAYS AS THE TRUSTEES SHALL DETERMINE, IN PARTICULAR BUT NOT EXCLUSIVELY BY THE PROVISION OF SCHOLARSHIPS, BURSARIES, WELFARE GRANTS OR PAYING FOR ITEMS, SERVICES OR FACILITIES. 
(VI)	THE ADVANCEMENT OF SUCH OTHER OBJECTS AS ARE FOR THE BENEFIT OF THE PUBLIC AND CHARITABLE ACCORDING TO ENGLISH LAW.",False,Large,Dormant,Religious Activities
588,1195110,GCH COMMUNITY,"37 Hemsworth Street, London",N1 5LF,Hackney South and Shoreditch,07534669528,info@gracechurchhackney.org.uk,https://www.gracechurchhackney.org.uk/,31/03/2023,186084.0,172645.0,CIO,Provides Services,Religious Activities,The General Public/mankind,"The CIO represents Grace Church Hackney, a Church of England congregation operating under a Bishop's Mission Order conducting worship services and acts of charitable faith in the local community and beyond in London.","THE OBJECT OF THE CIO IS THE ADVANCEMENT OF THE CHRISTIAN FAITH IN PARTICULAR (BUT WITHOUT LIMITATION) BY PROVIDING WORSHIP, PRAYER AND CHRISTIAN TEACHING WITHIN THE ANGLICAN TRADITION AND WITHIN THE FRAMEWORKS OF THE CHURCH OF ENGLAND.",False,Medium,Dormant,Religious Activities
589,1195277,CHABAD OF GREENWICH & DOCKLANDS LIMITED,"13 Roan Street, LONDON, London, England, England",SE10 9JY,Greenwich and Woolwich,07472255283,sara@jewishdocklands.com,www.jewishdocklands.com,30/09/2024,150304.0,130136.0,Charitable company,Provides Services,"General Charitable Purposes, Disability, The Prevention Or Relief Of Poverty, Religious Activities",The General Public/mankind,"Chabad of Greenwich and the Docklands is here to serve every person in the area with love, care and dedication. We run a large variety of services for Jewish people in the area, regardless of affiliation and background, in addition to services and activities for the general public in Greenwich and the Docklands.","I. TO ADVANCE THE ORTHODOX JEWISH FAITH IN GREENWICH AND THE DOCKLANDS AND THE SURROUNDING AREAS FOR THE BENEFIT OF THE
PUBLIC IN ACCORDANCE WITH THE PRINCIPLES AND TEACHINGS OF CHABAD, IN PARTICULAR BUT NOT EXCLUSIVELY, THROUGH THE HOLDING OF
PRAYER MEETINGS, PUBLIC CELEBRATION OF RELIGIOUS FESTIVALS AND EDUCATIONAL ACTIVITIES AND THE PROVISION OF PASTORAL CARE TO THE
LOCAL COMMUNITY.
II. TO FURTHER OR BENEFIT THE RESIDENTS OF GREENWICH AND THE DOCKLANDS AND THE SURROUNDING AREAS BY ASSOCIATING TOGETHER
THE SAID RESIDENTS AND THE LOCAL AUTHORITIES, VOLUNTARY AND OTHER ORGANISATIONS IN A COMMON EFFORT TO ADVANCE EDUCATION AND TO
PROVIDE FACILITIES IN THE INTERESTS OF SOCIAL WELFARE FOR RECREATION AND LEISURE TIME OCCUPATION WITH THE OBJECTIVE OF IMPROVING THE CONDITIONS OF LIFE FOR THE RESIDENTS.
III. THE PREVENTION OR RELIEF OF POVERTY OR FINANCIAL HARDSHIP, PARTICULARLY BUT NOT EXCLUSIVELY IN GREENWICH AND THE DOCKLANDS
AND THE SURROUNDING AREAS, FOR EXAMPLE BY PROVIDING GRANTS, ITEMS AND/OR SERVICES TO INDIVIDUALS IN NEED AND/OR CHARITIES OR
OTHER ORGANISATIONS WORKING TO PREVENT OR RELIEVE POVERTY.",False,Medium,Dormant,Disability
590,1195637,SPEARHEAD BARBELL,"4 HICKIN STREET, LONDON",E14 3LW,Poplar and Limehouse,07852978380,DanielJosephPeden@hotmail.com,Not available,25/08/2024,23693.0,10175.0,CIO,Provides Buildings/facilities/open Space,Amateur Sport,,"THE PROMOTION OF COMMUNITY PARTICIPATION IN HEALTHY RECREATION IN TOWER HAMLETS, LONDON IN PARTICULAR BY THE PROVISION OF FACILITIES FOR PARTICIPATING IN THE SPORT OF AMATEUR OLYMPIC WEIGHTLIFTING.","THE PROMOTION OF COMMUNITY PARTICIPATION IN HEALTHY RECREATION IN TOWER HAMLETS, LONDON IN PARTICULAR BY THE PROVISION OF FACILITIES FOR PARTICIPATING IN THE SPORT OF AMATEUR OLYMPIC WEIGHTLIFTING. 

(FOR THE PURPOSES OF THIS CLAUSE “FACILITIES” MEANS LAND, BUILDINGS, EQUIPMENT, ACCESS TO COACHING AND ORGANISING SPORTING ACTIVITIES).",True,Small,Dormant,Amateur Sport
591,1195689,THE POWER MOVEMENT ORGANISATION,"23  Surma Close, Selby Street",E1 5DD,Bethnal Green and Stepney,02080889939,admin@poweruk.org,www.poweruk.org,31/03/2025,17600.0,17130.0,CIO,Provides Services,"General Charitable Purposes, The Prevention Or Relief Of Poverty",The General Public/mankind,The Prevention Or Relief Of Poverty,TO ADVANCE SUCH CHARITABLE PURPOSES (ACCORDING TO THE LAW OF ENGLAND AND WALES) AS THE TRUSTEES SEE FIT FROM TIME TO TIME.,True,Small,Dormant,The Prevention Or Relief Of Poverty
592,1195850,CHARITY ENTREPRENEURSHIP,"52 Old Castle Street, LONDON",E1 7AJ,Bethnal Green and Stepney,0203 576 2069,contact@charityentrepreneurship.com,www.charityentrepreneurship.com,31/03/2025,4327287.0,3953275.0,CIO,"Makes Grants To Individuals, Makes Grants To Organisations, Provides Buildings/facilities/open Space, Provides Services, Provides Advocacy/advice/information, Sponsors Or Undertakes Research","General Charitable Purposes, Education/training","Other Charities Or Voluntary Bodies, The General Public/mankind","Our mission is to:
- Research charitable activities with a good evidence base for high impact,
- Provide education in the form of training and advice to individuals on the subject of entrepreneurship and
founding charitable enterprises to engage in such activities, and
- Support such individuals who found such organisations to help them succeed in the early stages of their growth","THE OBJECTS OF THE CHARITY ARE FOR THE PUBLIC BENEFIT: 
(A) TO ADVANCE EDUCATION, PRIMARILY IN THE FIELD OF ENTREPRENEURSHIP, IN PARTICULAR BY (BUT NOT LIMITED TO) PROVIDING TRAINING COURSES AND MENTORSHIP, AND BY CONDUCTING AND PUBLISHING RESEARCH;
(B) TO PROMOTE THE VOLUNTARY SECTOR, IN PARTICULAR BY (BUT NOT LIMITED TO) PROVIDING GRANTS, EDUCATION, ADVICE OR OTHER FORMS OF SUPPORT TO CHARITIES, VOLUNTARY ORGANISATIONS, AND TO OTHER INDIVIDUALS SEEKING TO ESTABLISH OR SUPPORT CHARITIES OR VOLUNTARY ORGANISATIONS FOR THE PUBLIC BENEFIT; AND
(C) TO ADVANCE SUCH CHARITABLE PURPOSES (SUCH AS ARE EXCLUSIVELY CHARITABLE PURPOSES ACCORDING TO THE LAW IN ENGLAND AND WALES) AS THE TRUSTEES SEE FIT, IN PARTICULAR BY (BUT NOT LIMITED TO) PROVIDING GRANTS, EDUCATION, ADVICE OR OTHER FORMS OF SUPPORT TO INDIVIDUALS AND ORGANISATIONS WORKING TO FURTHER CHARITABLE PURPOSES FOR THE PUBLIC BENEFIT.
FOR THE PURPOSES OF THIS CLAUSE:
""THE VOLUNTARY SECTOR"" MEANS CHARITIES AND VOLUNTARY ORGANISATIONS; 
""CHARITIES"" ARE ORGANISATIONS, WHICH ARE ESTABLISHED FOR EXCLUSIVELY CHARITABLE PURPOSES IN ACCORDANCE WITH THE LAW OF ENGLAND AND WALES; AND
""VOLUNTARY ORGANISATIONS"" ARE INDEPENDENT ORGANISATIONS, WHICH ARE ESTABLISHED FOR PURPOSES THAT ADD VALUE TO THE COMMUNITY AS A WHOLE, OR A SIGNIFICANT SECTION OF THE COMMUNITY, AND WHICH ARE NOT PERMITTED BY THEIR CONSTITUTION TO MAKE A PROFIT FOR PRIVATE DISTRIBUTION. VOLUNTARY ORGANISATIONS DO NOT INCLUDE LOCAL GOVERNMENT OR OTHER STATUTORY AUTHORITIES.",True,Large,Dormant,General Charitable Purposes
593,1195851,LOLA'S HOMELESS LADDER,"5th Floor, 14-16 Dowgate Hill, London",EC4R 2SU,Cities of London and Westminster,07950355241,lolashomelessladder@gmail.com,www.lolashomeless.org.uk,29/02/2024,36513.0,14850.0,CIO,"Provides Services, Provides Advocacy/advice/information","General Charitable Purposes, The Prevention Or Relief Of Poverty",The General Public/mankind,"For the public benefit, the relief and assistance of people in The London Borough of Newham and adjacent boroughs who are in need by reason of homelessness or being at risk of homelessness, including through insecure accommodation, and those who are in need due to financial hardship, in particular but not exclusively by providing items, services and advice.","FOR THE PUBLIC BENEFIT, THE RELIEF AND ASSISTANCE OF PEOPLE IN THE LONDON BOROUGH OF NEWHAM AND ADJACENT BOROUGHS WHO ARE IN NEED BY REASON OF HOMELESSNESS OR BEING AT RISK OF HOMELESSNESS, INCLUDING THROUGH INSECURE ACCOMMODATION, AND THOSE WHO ARE IN NEED DUE TO FINANCIAL HARDSHIP, IN PARTICULAR BUT NOT EXCLUSIVELY BY PROVIDING ITEMS, SERVICES AND ADVICE.",False,Small,Dormant,The Prevention Or Relief Of Poverty
594,1196108,EKOTA ACADEMY LTD.,"Aberdour Road, Goodmayes, Ilford, Essex",IG3 9SP,Ilford South,02085999383,contact@ekotaacademy.com,http://www.ekotaacademy.com/,31/01/2025,295279.0,224884.0,Charitable company,Provides Services,"General Charitable Purposes, Education/training, Disability, Amateur Sport, Other Charitable Purposes","Children/young People, Elderly/old People, People With Disabilities, The General Public/mankind",Activities of sport clubs,"THE CHARITY’S OBJECTS (‘OBJECTS’) ARE SPECIFICALLY RESTRICTED TO THE FOLLOWING:
1)	THE PROMOTION OF COMMUNITY PARTICIPATION IN HEALTHY RECREATION WITHOUT DISTINCTION OF AGE, SEX, SEXUAL ORIENTATION, RACE OR OF POLITICAL, RELIGIOUS OR OTHER OPINIONS IN PARTICULAR BUT NOT EXCLUSIVELY BY THE PROVISION OF FACILITIES FOR PARTICIPATION IN THE SPORTS OF FOOTBALL, CRICKET, BOXING AND MARTIAL ARTS.
2)	TO ADVANCE IN LIFE AND RELIEVE THE NEEDS OF YOUNG PEOPLE THROUGH:
A.	THE PROVISION RECREATIONAL AND LEISURE TIME ACTIVITIES PROVIDED IN THE INTEREST OF SOCIAL WELFARE, DESIGNED TO IMPROVE THEIR CONDITIONS OF LIFE;
B.	ADVANCING EDUCATION;
C.	PROVIDING SUPPORT AND ACTIVITIES WHICH DEVELOP THEIR SKILLS, CAPACITIES AND CAPABILITIES TO ENABLE THEM TO PARTICIPATE IN SOCIETY AS MATURE AND RESPONSIBLE INDIVIDUALS.
3)	FOR THE PUBLIC BENEFIT TO RELIEVE THE NEEDS OF PERSONS LIVING IN EAST LONDON AND THE SURROUNDING AREAS WHO ARE IN A CONDITION OF NEED BY REASON OF YOUTH, AGE, ILL-HEALTH, DISABILITY, FINANCIAL HARDSHIP OR OTHER DISADVANTAGE IN PARTICULAR BUT NOT EXCLUSIVELY BY THE PROVISION OF SUPPORTIVE SERVICES AS DETERMINED TO BE NECESSARY.",False,Medium,Dormant,Other Charitable Purposes
595,1197501,BEE-PROLIFIC,"67-69 SUTHERLAND ROAD, LONDON",E17 6BH,Walthamstow,07809562045,orvil.plummer@gmail.com,Not available,31/12/2024,0.0,0.0,CIO,"Provides Services, Provides Advocacy/advice/information",General Charitable Purposes,Children/young People,Conducting workshops to teach entrepreneurial skills and beekeeping workshops. Beekeeping workshops gives participants a flavour of what's involved in beekeeping and how to monetise the products of a beehive.,"THE OBJECTS OF THE CIO ARE, FOR THE PUBLIC BENEFIT, TO ADVANCE IN LIFE AND HELP YOUNG PEOPLE BY TEACHING THEM BEE-KEEPING SKILLS WITH WHICH THEY MAY PURSUE A REWARDING AND FULFILLING CAREER OR HOBBY",False,,Dormant,General Charitable Purposes
596,1197862,IN2SPORTS CHARITABLE TRUST,"In2 Sports, 40 Harbord Square, LONDON",E14 9QH,Poplar and Limehouse,02045394947,info@in2sports.org,"www,in2sports.org",28/02/2025,258681.0,271955.0,CIO,Provides Services,"Amateur Sport, Recreation",The General Public/mankind,"The provision of a wide variety of sports and leisure opportunities ranging from cricket, football, volleyball, handball, badminton, dodgeball, a range of martial arts, gym exercise.","THE OBJECTS OF THE CIO ARE, FOR THE PUBLIC BENEFIT
(A)	THE PROMOTION OF COMMUNITY PARTICIPATION IN HEALTHY RECREATION, IN PARTICULAR BY THE PROVISION OF FACILITIES FOR THE PLAYING OF A RANGE OF SPORTS INCLUDING CRICKET, FOOTBALL, NETBALL, HOCKEY AND VOLLEYBALL;
(B) THE PROVISION OF FACILITIES FOR RECREATION OR OTHER LEISURE TIME OCCUPATION FOR:
I)	INDIVIDUALS WHO HAVE NEED OF SUCH FACILITIES BY REASON OF THEIR YOUTH, AGE, INFIRMITY OR DISABLEMENT, FINANCIAL HARDSHIP OR SOCIAL AND ECONOMIC CIRCUMSTANCES, OR
II)	THE PUBLIC AT LARGE, 
IN THE INTERESTS OF SOCIAL WELFARE AND WITH THE OBJECT OF IMPROVING THEIR CONDITIONS OF LIFE.",True,Medium,Dormant,Recreation
597,1197932,FUSION SCAPE LIMITED,"85 Great Portland Street, First Floor, London",,,+447535687740,projects@fusionscape.org,Not available,30/09/2024,103164.0,97526.0,Charitable company,"Provides Services, Provides Advocacy/advice/information","Education/training, The Prevention Or Relief Of Poverty, Arts/culture/heritage/science, Amateur Sport, Economic/community Development/employment, Other Charitable Purposes","Children/young People, People With Disabilities, People Of A Particular Ethnic Or Racial Origin, The General Public/mankind","Fusion Scape Ltd supports children and their families living in deprived communities in the United Kingdom and abroad by providing advice and assistance on education, the relief of poverty and community development.  We bring people together through physical, educational and other activities that support children and families to build strong relationships in and across the different communities.","THE FOLLOWING OBJECTS ARE FOR THE PUBLIC BENEFIT: -
I. TO ADVANCE EDUCATION FOR THE PUBLIC BENEFIT BY PROVIDING ACTIVITIES AND TRAINING THAT DEVELOP THE MENTAL, PHYSICAL, AND MORAL CAPABILITIES OF CHILDREN, YOUNG 
PEOPLE AND FAMILIES LIVING IN SOCIALLY OR ECONOMICALLY DISADVANTAGED COMMUNITIES, PARTICULARLY THOSE WITHIN THE UNITED KINGDOM, EASTERN EUROPE, 
AND SUB-SAHARAN AFRICA.
II. TO RELIEVE OF POVERTY FOR CHILDREN, YOUNG PEOPLE, AND FAMILIES BY:
A) PROVIDING QUALITY EDUCATION, TRAINING, AND FINANCIAL RESOURCES, GIVING THEM THE OPPORTUNITY TO BUILD CAPACITY AND CONFIDENCE TO RELIEVE THEIR NEEDS AND HELP THEM TO 
INTEGRATE INTO MAINSTREAM SOCIETY.
B) PROMOTING ENTREPRENEURIAL AND SOCIAL ENTERPRISE EDUCATION WITHIN THESE COMMUNITIES AND THE PROVISION OF PRACTICAL SUPPORT BY WAY OF INFORMATION, ADVICE, GUIDANCE, AND TRAINING CONCERNING EMPLOYMENT AND ESTABLISHING AND GROWING A BUSINESS.
C) ASSISTING IN THE PROVISION OF HEALTHCARE PROJECTS THAT HELP TO PREVENT THE SPREAD OF SICKNESS AND DISEASES AS WELL AS PROVIDING THE NECESSARY SUPPORT DESIGNED TO ENABLE INDIVIDUALS TO GENERATE A SUSTAINABLE INCOME AND BE SELF-SUFFICIENT.
III. TO DEVELOP THE CAPACITY AND SKILLS OF THE MEMBERS OF SOCIALLY AND ECONOMICALLY DISADVANTAGED COMMUNITIES IN SUCH A WAY THAT THEY ARE BETTER ABLE TO IDENTIFY, 
AND HELP MEET, THEIR NEEDS AND TO PARTICIPATE MORE FULLY IN SOCIETY; AND
IV. TO SUPPORT SUCH GENERAL CHARITABLE PURPOSES ACCORDING TO THE LAWS OF ENGLAND AND WALES AS THE TRUSTEES MAY IN THEIR ABSOLUTE DISCRETION DETERMINE.",False,Medium,Dormant,Other Charitable Purposes
598,1197935,SOUTHWARK COMMUNITY SPORTS TRUST,"55 TURNEY ROAD, LONDON",SE21 7JB,Dulwich and West Norwood,07831638775,john@jgsmith.org.uk,https://www.dulwichsportsground.com/,31/03/2025,258711.0,195681.0,CIO,"Provides Buildings/facilities/open Space, Provides Services","Education/training, Amateur Sport, Recreation","Children/young People, Other Charities Or Voluntary Bodies, Other Defined Groups",Provision of Sporting Facilities for community sports clubs.,"THE OBJECT OF THE CIO IS TO PROMOTE FOR THE BENEFIT OF THE INHABITANTS OF SOUTHWARK AND THE SURROUNDING AREA THE PROVISION OF FACILITIES FOR RECREATION OR OTHER LEISURE TIME OCCUPATION OF INDIVIDUALS WHO HAVE NEED OF SUCH FACILITIES BY REASON OF THEIR YOUTH, AGE, INFIRMITY OR DISABLEMENT, FINANCIAL HARDSHIP OR SOCIAL AND ECONOMIC CIRCUMSTANCES OR FOR THE PUBLIC AT LARGE IN THE INTERESTS OF SOCIAL WELFARE AND WITH THE OBJECT OF IMPROVING THE CONDITION OF LIFE OF THE SAID INHABITANTS.",False,Medium,Dormant,Recreation
599,1198178,HAPPIER LIVES INSTITUTE,"Happier Lives Institute, Square Works, 17-18 Berkeley Square, BRISTOL",BS8 1HB,Bristol Central,+44 7887 388495,HELLO@HAPPIERLIVESINSTITUTE.ORG,https://www.happierlivesinstitute.org/,31/03/2025,117578.0,233976.0,CIO,"Provides Advocacy/advice/information, Sponsors Or Undertakes Research",Education/training,"Other Charities Or Voluntary Bodies, The General Public/mankind","The Happier Lives Institute connects donors, researchers, and policymakers with the most cost-effective opportunities to increase global wellbeing.

Using the latest subjective wellbeing data, we identify the problems that matter most to people and find evidence-based ways to solve them.","THE ADVANCEMENT OF EDUCATION FOR THE PUBLIC BENEFIT BY CARRYING OUT OR PROMOTING RESEARCH, IN PARTICULAR BUT NOT EXCLUSIVELY CONCERNING THE TOPICS OF WELL-BEING, HAPPINESS, MENTAL HEALTH, AND GLOBAL DEVELOPMENT.",False,Medium,Dormant,Education/training
600,1198237,POTTERS HOUSE CHRISTIAN FELLOWSHIP UK STRATFORD CHURCH,"1 Waddington Road, Stratford, London",E15 1QF,Stratford and Bow,07379868830,phccstratford@gmail.com,www.phstratford.co.uk,31/01/2025,26587.0,24657.0,CIO,Provides Services,"General Charitable Purposes, Disability, Religious Activities","Children/young People, Elderly/old People, The General Public/mankind","Helping the local community, providing a safe space for people to come and hear a positive message that could impact their lives for the good.","THE OBJECTS OF THE CHARITY ARE:
4.1 TO ADVANCE THE CHRISTIAN FAITH IN ACCORDANCE WITH THE STATEMENT OF FAITH IN THE ATTACHED SCHEDULE IN THE UNITED KINGDOM AND SUCH OTHER PARTS OF THE WORLD AS THE CHURCH COUNCIL MAY FROM TIME TO TIME THINK FIT;
4.2 THE RELIEF OF POVERTY AND SICKNESS AND TO RELIEVE THE DISTRESS CAUSED THEREBY REGARDLESS OF NATIONALITY, RELIGIOUS POLITICAL OR OTHER OPINION IN THE UNITED KINGDOM AND SUCH OTHER PARTS OF THE WORLD AS THE CHURCH COUNCIL MAY FROM TIME TO TIME THINK FIT; AND
4.3 SUCH PURPOSES WHICH ARE EXCLUSIVELY CHARITABLE ACCORDING TO THE LAW OF ENGLAND AND WALES AND ARE CONNECTED WITH THE CHARITABLE WORK OF THE CHURCH.",False,Small,Dormant,Disability
601,1198337,ELFT CHARITY,"East London NHS Foundation Trust, Robert Dolan House, 9 Alie Street, LONDON",E1 8DE,Bethnal Green and Stepney,02076554000,elft.charity@nhs.net,https://www.elft.nhs.uk/get-involved/elft-charity,31/03/2025,165564.0,357140.0,CIO,"Makes Grants To Individuals, Makes Grants To Organisations, Sponsors Or Undertakes Research",The Advancement Of Health Or Saving Of Lives,The General Public/mankind,The Charity exists for any charitable purposes associated with the East London NHS Foundation Trust and associated community health services.,"THE OBJECTS OF THE CIO ARE ANY CHARITABLE PURPOSE OR PURPOSES RELATING TO:
-	THE NHS FOUNDATION TRUST AND THE COMMUNITY HEALTH SERVICES ASSOCIATED WITH IT; AND
-	THE NATIONAL HEALTH SERVICE.",True,Medium,Dormant,The Advancement Of Health Or Saving Of Lives
602,1198441,E1 WATERBIRD WELFARE,"26 NARROW STREET, LONDON",E14 8DQ,Poplar and Limehouse,07584052853,e1waterbirdwelfare@gmail.com,Not available,31/03/2025,4774.0,4905.0,CIO,"Makes Grants To Individuals, Makes Grants To Organisations, Provides Services, Provides Advocacy/advice/information",Animals,,"The mission and purpose of E1WW is to promote the wellbeing and safety of the waterbirds of London E1 and surrounding areas, enabling them to thrive and survive in an urban environment, by providing resources to fund rescue and rehabilitation, enhance habitat and to raise awareness for the benefit of the local community.","TO PROMOTE THE CONSERVATION OF BIOLOGICAL DIVERSITY AND	THE NATURAL ENVIRONMENT	IN LONDON E1 AND SURROUNDING AREAS FOR THE PUBLIC BENEFIT BY:
I. WORKING TO ENABLE WILD WATERBIRDS TO	THRIVE AND SURVIVE IN AN URBAN ENVIRONMENT;
II. PROVIDING RESOURCES	TO FACILITATE RESCUE AND REHABILITATION;	
III. ENHANCING HABITAT; AND 
IV. AND	RAISING	AWARENESS IN THE LOCAL COMMUNITY.",True,Micro,Dormant,Animals
603,1198727,CHURCH E20,"37 Villiers Gardens, LONDON",E20 1GW,Stratford and Bow,07771596336,enquiries@churchE20.org.uk,https://www.churche20.org.uk,31/03/2023,97.0,9021.0,CIO,"Provides Services, Provides Advocacy/advice/information","General Charitable Purposes, Religious Activities","Children/young People, Elderly/old People, Other Charities Or Voluntary Bodies, The General Public/mankind",Furtherance and Sharing of the Christian Faith through service in the communities of E20,"FOR THE PUBLIC BENEFIT, TO ADVANCE THE CHRISTIAN FAITH IN ACCORDANCE WITH THE RITES AND PRINCIPLES OF THE CHURCH OF ENGLAND, IN PARTICULAR BUT NOT EXCLUSIVELY BY ESTABLISHING AND MAINTAINING CHURCHES SERVING COMMUNITIES IN AND AROUND THE LONDON E20 POSTAL DISTRICT, FACILITATING PRAYER, WORSHIP AND SPIRITUAL GROWTH BY SUCH MEANS AS THE TRUSTEES MAY CONSIDER APPROPRIATE FROM TIME TO TIME SO AS TO SERVE PEOPLE OF FAITH AND THOSE OF NONE.",False,Micro,Dormant,Religious Activities
604,1198991,FRIENDS OF OLGA,"OLGA PRIMARY SCHOOL, LANFRANC ROAD, LONDON",E3 5DN,Stratford and Bow,02089817127,friendsofolgaschool@gmail.com,Not available,31/08/2024,15222.0,16738.0,Other,"Provides Other Finance, Provides Services","General Charitable Purposes, Education/training",Children/young People,The organisation raises money to support Olga Primary School,"THE OBJECT OF THE ASSOCIATION (THE OBJECTS) IS TO ADVANCE THE EDUCATION OF PUPILS IN THE SCHOOL IN PARTICULAR BY:

2.1 DEVELOPING EFFECTIVE RELATIONSHIPS BETWEEN THE STAFF, PARENTS AND OTHERS ASSOCIATED WITH THE SCHOOL
2.2 ENGAGING IN ACTIVITIES OR PROVIDING FACILITIES OR EQUIPMENT WHICH SUPPORT THE SCHOOL AND ADVANCE THE EDUCATION OF THE PUPILS.",True,Small,Dormant,General Charitable Purposes
605,1199395,MILE END BENGALI MUSLIM COMMUNITY ASSOCIATION,"97-103 Hamlets Way, LONDON",E3 4TL,Poplar and Limehouse,07828839087,Mahmud.sylhet@yahoo.com,Not available,31/07/2024,109587.0,87110.0,Charitable company,Provides Buildings/facilities/open Space,"General Charitable Purposes, Religious Activities","Children/young People, Elderly/old People, The General Public/mankind",Religious and educational activities.,"TO ADVANCE THE ISLAMIC RELIGION IN THE WHOLE COMMUNITY, FOR THE BENEFIT OF THE PUBLIC THROUGH THE HOLDING OF PRAYER MEETINGS, LECTURES, PUBLIC CELEBRATION OF RELIGIOUS FESTIVALS, PRODUCING AND /OR DISTRIBUTING LITERATURE ON ISLAM TO ENLIGHTEN OTHERS ABOUT THE ISLAMIC RELIGION.",True,Medium,Dormant,Religious Activities
606,1200292,ASHA: A COMMUNITY OF HOPE,"649-651 COMMERCIAL ROAD, LONDON",E14 7LW,Bethnal Green and Stepney,07710144308,info@ashatowerhamlets.org,www.ashatowerhamlets.org,31/12/2024,191632.0,96651.0,CIO,"Makes Grants To Individuals, Makes Grants To Organisations, Provides Services","General Charitable Purposes, Religious Activities",The General Public/mankind,"Sunday services, midweek evening Bible studies, youth & children's holiday clubs, art clubs, ESOL classes, booktables in public markets, music and cultural events.","3.1.	THE PURPOSES OF THE CHURCH ARE:

3.1.1.	THE ADVANCEMENT OF THE CHRISTIAN FAITH IN ACCORDANCE WITH THE BASIS OF FAITH, PRIMARILY, BUT NOT EXCLUSIVELY, WITHIN [LOCATION WHERE THE CHURCH IS BASED] AND THE SURROUNDING NEIGHBOURHOOD; AND

3.1.2.	SUCH OTHER CHARITABLE PURPOSES AS SHALL, IN THE OPINION OF THE CHARITY TRUSTEES, PUT INTO PRACTICE THE CHRISTIAN FAITH IN ACCORDANCE WITH THE BASIS OF FAITH, INCLUDING BUT NOT LIMITED TO: THE PREVENTION AND RELIEF OF NEED, HARDSHIP AND SICKNESS; THE ADVANCEMENT OF EDUCATION; AND THE PROVISION OF FACILITIES IN THE INTERESTS OF SOCIAL WELFARE FOR RECREATION OR OTHER LEISURE TIME OCCUPATION OF INDIVIDUALS WHO HAVE NEED OF SUCH FACILITIES BY REASON OF THEIR YOUTH, AGE, INFIRMITY OR DISABILITY, FINANCIAL HARDSHIP OR SOCIAL CIRCUMSTANCES WITH THE OBJECT OF IMPROVING THEIR CONDITIONS OF LIFE;

PROVIDED THAT THE ADVANCEMENT OF SUCH PURPOSES MUST BE UNDERTAKEN IN A MANNER THAT IS CONSISTENT WITH THE DOCTRINAL DISTINCTIVES AND ETHICAL STATEMENTS AS MAY BE ADOPTED AND AMENDED BY THE CHURCH FROM TIME TO TIME.",True,Medium,Dormant,Religious Activities
607,1200690,DARUL ULOOM PIREREGOW FOUNDATION,"FLAT 6 HARRIS HOUSE, ALFRED STREET, LONDON",E3 2BN,Stratford and Bow,07947406555,enamulocc@gmail.com,Not available,31/08/2024,19229.0,9304.0,CIO,"Makes Grants To Individuals, Makes Grants To Organisations",Education/training,Children/young People,Education,"THE PREVENTION OR RELIEF OF POVERTY, PARTICULARLY, BUT NOT EXCLUSIVELY, YOUNG PEOPLE IN BANGLADESH BY PROVIDING OR ASSISTING IN THE PROVISION OF EDUCATION, TRAINING AND ALL THE NECESSARY SUPPORT DESIGNED TO ENABLE INDIVIDUALS TO GENERATE A SUSTAINABLE INCOME AND BE SELF-SUFFICIENT.",True,Small,Dormant,Education/training
608,1200794,CHRISTCHURCH THREE MILLS,"3 RIVERSIDE ROAD, LONDON",E15 2RG,Stratford and Bow,07859053933,dan@christchurchthreemills.co.uk,www.christchurchthreemills.co.uk,31/12/2024,85670.0,74043.0,CIO,Provides Services,Religious Activities,"Children/young People, Elderly/old People, People With Disabilities, The General Public/mankind","We are a local church near Stratford, East London, who gather for worship and community, welcoming anyone who wants to join us. We seek to serve our neighbourhood by partnering with local organisations, running events that all are welcome to and particularly helping young people and those struggling with poverty. Through this we share and display the Christian faith to our community and beyond.","THE OBJECTS OF THE CIO ARE:
(A).TO ADVANCE THE CHRISTIAN FAITH FOR THE PUBLIC BENEFIT IN ACCORDANCE WITH THE DOCTRINES, POLICIES, PRACTICES AND PATTERNS OF WORSHIP OF THE CHURCH OF ENGLAND BY FURTHERING ITS PASTORAL, EVANGELISTIC, SOCIAL AND ECUMENICAL ACTIVITIES WITHIN (BUT NOT EXCLUSIVELY) THE AREA OF BENEFIT.
(B) THE PREVENTION OR RELIEF OF POVERTY IN (BUT NOT EXCLUSIVELY) THE AREA OF BENEFIT BY PROVIDING ITEMS AND SERVICES TO INDIVIDUALS IN NEED AND /OR CHARITIES, OR OTHER ORGANISATIONS WORKING TO PREVENT OR RELIEVE POVERTY
(C) WITHIN (BUT NOT EXCLUSIVELY) THE AREA OF BENEFIT, TO ADVANCE IN LIFE, RELIEVE THE NEEDS OF AND HELP YOUNG PEOPLE THROUGH:
I. THE PROVISION OF RECREATIONAL AND LEISURE TIME ACTIVITIES PROVIDED IN THE INTEREST OF SOCIAL WELFARE, DESIGNED TO IMPROVE THEIR CONDITIONS OF LIFE;
II. PROVIDING SUPPORT AND ACTIVITIES WHICH DEVELOP THEIR SKILLS, CAPACITIES AND CAPABILITIES TO ENABLE THEM TO PARTICIPATE IN SOCIETY AS MATURE AND RESPONSIBLE INDIVIDUALS.
FOR THE PURPOSES OF THIS CLAUSE 3, ""AREA OF BENEFIT"" MEANS THE ECCLESIASTICAL PARISH OF STRATFORD ST JOHN WITH CHRIST CHURCH SITUATED WITHIN THE DIOCESE OF CHELMSFORD AND THE LONDON BOROUGH OF NEWHAM.",False,Small,Dormant,Religious Activities
609,1200935,DARUL HADIS LATIFIAH FOUNDATION,"DARUL HADIS LATIFIAH FOUNDATION, 1 CORNWALL AVENUE, LONDON",E2 0HW,Bethnal Green and Stepney,02089802673,enquiry@darulhadis.org.uk,www.darulhadis.org.uk,31/08/2024,538566.0,462309.0,CIO,Provides Advocacy/advice/information,"Education/training, Religious Activities",Children/young People,"Darul Hadis Latifiah Foundation is established to develop and deliver Islamic education and guidance alongside the British National Curriculum for pupils aged between 11 and 20. 
Darul Hadis Latifiah Islamic School & College in London is the first project that the foundation will undertake.","TO ADVANCE THE EDUCATION OF THE PUPILS AT DARUL HADIS LATIFIAH (DHL) AND OTHER EDUCATIONAL INSTITUTIONS THROUGHOUT THE COUNTRY BY PROVIDING AND ASSISTING IN THE PROVISION OF FACILITIES FOR EDUCATION AT THESE EDUCATIONAL INSTITUTIONS.

THE ADVANCEMENT OF THE RELIGION OF ISLAM FOR THE BENEFIT OF THE PUBLIC IN ACCORDANCE WITH THE TENETS AND DOCTRINES OF HOLY QURAN AND SUNNAH OF THE PROPHET HADRAT MUHAMMAD, IN PARTICULAR BUT NOT EXCLUSIVELY BY PROVIDING ISLAMIC STUDIES ALONGSIDE A FULL SECONDARY SCHOOL NATIONAL CURRICULUM, PRODUCING AND DISTRIBUTION OF LITERATURE ON ISLAM AND THROUGH THE ESTABLISHMENT OF MOSQUES",True,Medium,Dormant,Religious Activities
610,1201214,RAINBOW HOUSE GROUP,"London Muslim Centre, 46 Whitechapel Road, London",E1 1JX,Bethnal Green and Stepney,02076503055,info@rainbow-house.org.uk,www.rainbowhouse.org.uk,31/08/2024,549442.0,466148.0,Charitable company,Provides Advocacy/advice/information,Education/training,Children/young People,"Rainbow House is an independent, not-for-profit provider of a range of services for children aged 0-10 and their families. It is an Ofsted-registered childcare setting with charity status. Our services include preschool sessions, seminars, workshops, after-school clubs, mother and toddler sessions, creche and outings. We operate from two purpose-built settings in East London.","FOR THE PUBLIC BENEFIT TO ADVANCE THE EDUCATION OF CHILDREN AGED 0-8 BY PROVIDING CHILDCARE FACILITIES FOLLOWING THE NATIONAL CURRICULUM AND GOVERNMENT AGENDAS AND PROVIDING EDUCATION AND TRAINING OF PERSONS IN THE PROVISION OF SUCH CARE, DEVELOPMENT AND EDUCATION.",True,Medium,Dormant,Education/training
611,1201689,SHOREDITCH MASJID AND ISLAMIC CULTURAL CENTRE,"53-55 REDCHURCH STREET, LONDON",E2 7DJ,Bethnal Green and Stepney,07932860724,shoreditchmasjid@gmail.com,http://shoreditchmosque.com/,31/03/2024,96399.0,96030.0,CIO,"Provides Buildings/facilities/open Space, Provides Services",Religious Activities,,Daily five times salah in congregations including two Jumu'ah prayers on Friday. Spiritual and religious gathering takes place on weekly basis. Maktab facilities are available for women and children. Yearly one open day for everyone to come and visit the Mosque. Iftar facilities in the holy month of Ramadan.,"FOR THE PUBLIC BENEFIT THE ADVANCEMENT OF THE ISLAMIC FAITH IN PARTICULAR BUT
NOT EXCLUSIVELY BY PROVIDING SERVICES FOR PRAYER AND WORSHIP, EDUCATION IN THE
ISLAMIC RELIGION AND CULTURE, PASTORAL CARE AND OUTREACH ACTIVITIES IN THE
LOCAL COMMUNITY.",True,Small,Dormant,Religious Activities
612,1202347,FRIENDS OF CANARY WHARF COLLEGE GLENWORTH,"CANARY WHARF COLLEGE GLENWORTH, 93 SAUNDERS NESS ROAD, LONDON",E14 3EB,Poplar and Limehouse,07841336238,glenworthfriends@gmail.com,Not available,31/08/2024,10429.0,15150.0,Other,Other Charitable Activities,Other Charitable Purposes,Children/young People,"Developing effective relationships between the staff, parents and other associated with the school, including creating social opportunities to strengthen the school community. Engaging in activities which advance the education of the pupils attending it.","THE OBJECT OF THE FRIENDS ASSOCIATION IS TO ADVANCE THE EDUCATION OF PUPILS IN THE SCHOOL, IN PARTICULAR BY:

•DEVELOPING EFFECTIVE RELATIONSHIPS BETWEEN THE STAFF, PARENTS AND OTHERS ASSOCIATED WITH THE SCHOOL, INCLUDING CREATING SOCIAL OPPORTUNITIES TO STRENGTHEN THE CANARY WHARF COLLEGE GLENWORTH COMMUNITY AND CANARY WHARF COLLEGE OVERALL COMMUNITY COMPRISING ALL CANARY WHARF COLLEGE SCHOOLS;

•ENGAGING IN ACTIVITIES WHICH SUPPORT THE SCHOOL AND ADVANCE THE EDUCATION OF THE PUPILS ATTENDING IT;

•PROVIDING AND ASSISTING IN THE PROVISION OF FACILITIES OR EQUIPMENT WHICH SUPPORT THE SCHOOL; AND

•OTHERWISE PROVIDING SUPPORT FOR THE SCHOOL IN WAYS IDENTIFIED BY THE COMMITTEE IN CONSULTATION WITH THE HEAD TEACHER OF THE SCHOOL (THE HEAD) AND THE EXECUTIVE PRINCIPAL.",True,Small,Dormant,Other Charitable Purposes
613,1202503,CAPITAL FOUNDATION,"111 HANBURY STREET, LONDON",E1 5JQ,Bethnal Green and Stepney,07931476645,openpath@live.com,Not available,31/03/2025,0.0,0.0,CIO,Provides Services,"General Charitable Purposes, Disability","Children/young People, Elderly/old People, People With Disabilities, The General Public/mankind",Capital Foundation exists to benefit the public and help improve the lives of disadvantaged people it serves in Tower Hamlets.,"(1) TO PURSUE ANY CHARITABLE PURPOSES FOR THE BENEFIT OF THE PUBLIC. INCLUDING, (BUT NOT LIMITED TO) THE FOLLOWING:

(2) THE RELIEF OF THOSE IN NEED WHICH ARISES AS A RESULT OF YOUTH, AGE, ILL-HEALTH, DISABILITY, FINANCIAL HARDSHIP OR OTHER DISADVANTAGES.",True,,Dormant,Disability
614,1203751,ONE UMMAH ORGANISATION UK LIMITED,"47-49 PLASHET GROVE, LONDON",E6 1AD,East Ham,07471508535,admin@oneummahorg.uk,www.oneummahorg.uk,30/09/2024,57128.0,10610.0,Charitable company,"Provides Services, Provides Advocacy/advice/information",Religious Activities,"Children/young People, Elderly/old People, People Of A Particular Ethnic Or Racial Origin",,"1.	THE OBJECT OF THE CHARITY IS TO WORK FOR THE ADVANCEMENT OF THE RELIGION OF ISLAM/ISLAMIC FAITH FOR THE BENEFIT OF THE PUBLIC OF THE LONDON BOROUGH OF NEWHAM AND ITS SURROUNDING BOROUGHS BY PROVIDING FACILITIES OF WORSHIP, PRAYER, AND ISLAMIC OBSERVANCE

2.	FOR THE BENEFIT OF THE PUBLIC ADVANCEMENT OF ISLAMIC EDUCATION BY PROVIDING THE FACILITY OF ISLAMIC SCHOOL (AFTERNOON, WEEKENDS), MEETINGS, AND SEMINARS. 

3.	RAISING AWARENESS OF ISLAM AND ISLAMIC GUIDANCE AND RULINGS FOR THE BENEFIT PF THE INHABITANTS OF THE BOROUGHS MENTIONED ABOVE BY PROVIDING BOOKS AND LEAFLETS, CONDUCTING SEMINARS, ETC.

4.	FOR THE BENEFIT OF THE BOROUGHS MENTIONED ABOVE PROVIDING FUNERAL MARRIAGE SERVICES BY PROVIDING BUILDING FACILITIES AND CONDUCTING THE ISLAMIC RITUALS BY THE IMAM.",False,Small,Dormant,Religious Activities
615,1203985,SKYWALKERS TRAMPOLINE CLUB,"Newham Leisure Centre, 281 Prince Regent Lane, LONDON",E13 8SD,West Ham and Beckton,07577091277,lynette.ottley@yahoo.com,Not available,05/04/2025,7097.0,6934.0,CIO,Provides Services,Amateur Sport,"Children/young People, People With Disabilities",,THE PROMOTION OF COMMUNITY PARTICIPATION IN HEALTHY RECREATION FOR THE BENEFIT OF THE INHABITANTS OF NEWHAM AND TOWER HAMLETS BY THE PROVISION OF FACILITIES FOR PLAYING TRAMPOLINE GYMNASTICS.,False,Micro,Dormant,Amateur Sport
616,1204080,THE LONDON PHILHARMONIC TRUST,"Camelford House, 87-90 Albert Embankment",SE1 7TP,Vauxhall and Camberwell Green,02078404200,lpt@lpo.org.uk,Not available,31/08/2024,103593.0,11657.0,Trust,Makes Grants To Organisations,"Education/training, Arts/culture/heritage/science","Other Charities Or Voluntary Bodies, The General Public/mankind","The general purpose of the charity is to support the objects of the London Philharmonic Orchestra (LPO).  These are to promote, maintain, improve and advance education, particularly musical education and to encourage the arts, including the arts of music, drama, mem, dance and singing.","A)THE ADVANCEMENT OF PUBLIC MUSICAL EDUCATION IN GENERAL AND (WITHOUT PREJUDICE TO THE GENERALITY OF THE FOREGOING) IN PARTICULAR) 

BY PROCURING SPONSORING OR ASSISTING THE PERFORMANCE OF MUSICAL WORKS OF THE HIGHEST QUALITY IN ANY PART OF THE WORLD BY THE LONDON PHILHARMONIC OR SECTION OR SECTIONS OF THE LONDON PHILHARMONIC. 

II) BY ENCOURAGING IMPROVEMENTS IN STANDARDS OF PERFORMANCE BY THE LONDON PHILHARMONIC. 

III) BY PROMOTING THE DEVELOPMENT OF MUSICAL APPRECIATION BY THE GENERAL PUBLIC BY COMMISSIONING COMPOSITIONS AND BY PROCURING SPONSORING OR ASSISTING THE PERFORMANCE BY THE LONDON PHILHARMONIC OF MUSICAL WORKS OF HIGH QUALITY OR OF HISTORIC OR OTHER INTEREST WHICH ARE NOT FREQUENTLY PREFORMED AND 

IV) BY THE PRESERVATION AND EXPANSION OF THE LIBRARY OF THE LONDON PHILHARMONIC 

B) TO SUPPORT THE CHARITY CALLED THE LONDON PHILHARMONIC ORCHESTRA LIMITED IN ALL OR ANY OF ITS OBJECTS AND ACTIVITIES INCLUDING (WITHOUT PREJUDICE TO THE GENERALITY OF THE FOREGOING) THE MAINTENANCE AND IMPROVEMENT OF ITS PREMISES THE SUPPLY OF ALL SUCH THINGS AS MAY BE REQUIRED FOR THAT PURPOSE OR FOR THE OBJECTS SET OUT ABOVE.",False,Medium,Dormant,Arts/culture/heritage/science
617,1204265,QUORUM SINGERS OF ST ALBANS,"5 KING GEORGE AVENUE, BUSHEY",WD23 4NT,Hertsmere,02089504519,choir@quorumsingers.org.uk,quorumsingers.org.uk,31/08/2024,6760.0,5168.0,Other,Provides Services,Arts/culture/heritage/science,The General Public/mankind,"Quorum delivers its charitable purpose by holding regular choir rehearsals during school term time for members and performing concerts and ad hoc performances.  Quorum offers membership to anyone who is able to pitch match, subject to a limit on numbers for each voice part.
Quorum carries out these activities primarily in Hertfordshire but also more widely for example in London.","THE OBJECTS OF THE SOCIETY SHALL BE:
1. TO ADVANCE, IMPROVE, DEVELOP AND MAINTAIN PUBLIC EDUCATION IN, AND APPRECIATION OF, THE
ART AND SCIENCE OF MUSIC IN ALL ITS ASPECTS BY ANY MEANS THE TRUSTEES SEE FIT, INCLUDING
THROUGH THE PRESENTATION OF PUBLIC EVENTS;
2. [OPTIONAL] TO PROVIDE FACILITIES WHICH PROMOTE THE PRACTICE OR ENJOYMENT OF THE ART OF
MUSIC FOR RECREATION OR OTHER LEISURE TIME OCCUPATION AND TO MAKE THEM AVAILABLE IN THE
INTERESTS OF SOCIAL WELFARE TO INDIVIDUALS WHO HAVE NEED OF SUCH FACILITIES BY REASON OF
THEIR YOUTH, AGE, INFIRMITY OR DISABLEMENT, FINANCIAL HARDSHIP OR SOCIAL AND ECONOMIC
CIRCUMSTANCES OR FOR THE PUBLIC AT LARGE WITH THE OBJECT OF IMPROVING CONDITIONS OF LIFE.",False,Micro,Dormant,Arts/culture/heritage/science
618,1204409,YOUTH WITH A MISSION KAUSAR LONDON,"Chelsea Community Church, Edith Grove",SW10 0LB,Chelsea and Fulham,07939596186,support@ywamkausar.org.uk,www.ywamkausar.org.uk,01/04/2025,11219.0,11212.0,CIO,"Makes Grants To Individuals, Makes Grants To Organisations, Provides Buildings/facilities/open Space, Provides Advocacy/advice/information","General Charitable Purposes, Education/training, The Advancement Of Health Or Saving Of Lives, Disability, The Prevention Or Relief Of Poverty, Religious Activities, Arts/culture/heritage/science, Environment/conservation/heritage, Human Rights/religious Or Racial Harmony/equality Or Diversity, Recreation, Other Charitable Purposes","Children/young People, Elderly/old People, People With Disabilities, People Of A Particular Ethnic Or Racial Origin, Other Charities Or Voluntary Bodies, Other Defined Groups, The General Public/mankind",Supporting the charitable activities of a team of volunteers known to the trustees.,"THE ADVANCEMENT OF THE EVANGELICAL CHRISTIAN FAITH IN ENGLAND AND ELSEWHERE IN THE UNITED KINGDOM OR ABROAD AS THE TRUSTEES MAY FROM TIME TO TIME THINK FIT.
TO ADVANCE TRAINING IN ACCORDANCE WITH CHRISTIAN PRINCIPLES IN THE SAID COUNTRY AND ELSEWHERE IN THE UNITED KINGDOM OR ABROAD AS THE TRUSTEES MAY FROM TIME TO TIME THINK FIT.
TO PROMOTE AND FULFIL SUCH OTHER CHARITABLE PURPOSES BENEFICIAL TO THE COMMUNITY IN THE SAID COUNTRY AND ELSEWHERE IN THE UNITED KINGDOM OR ABROAD AS THE TRUSTEES MAY FROM TIME TO TIME THINK FIT.",False,Small,Dormant,Human Rights/religious Or Racial Harmony/equality Or Diversity
619,1204802,HIND GROVE MASJID & CULTURAL CENTRE,"162 PIGOTT STREET, LONDON",E14 7DW,Poplar and Limehouse,07432488407,hg.masjid.cc@gmail.com,Not available,20/05/2024,42499.0,35837.0,CIO,"Provides Services, Provides Advocacy/advice/information","General Charitable Purposes, Education/training, Religious Activities","Children/young People, Elderly/old People, The General Public/mankind",Furthering activity,"-	THE PROMOTION OF THE ISLAMIC FAITH FOR THE BENEFIT OF THE PUBLIC BY PROVIDING FACILITIES FOR WORSHIP, PRAYER, CELEBRATION AND ISLAMIC OBSERVANCE;

-	THE ADVANCEMENT OF EDUCATION INCLUDING THE ADVANCEMENT OF ISLAMIC RELIGIOUS EDUCATION;

-	THE ADVANCEMENT OF ETHNIC MINORITY LANGUAGE, CULTURE, HISTORY AND LITERATURE;

-	TO ENHANCE INTERACTION AND CULTURAL EXCHANGE BETWEEN ETHNIC MINORITIES AND HARMONIOUS CO-EXISTENCE;

-	TO PROVIDE PHYSICAL, SPIRITUAL AND CREATIVE ACTIVITIES FOR THE YOUTHS IN THE AREA;

-	TO PROMOTE FOR THE BENEFIT OF THE INHABITANTS OF THE ?LANSBURY WEST? IN LONDON AND THE SURROUNDING AREA THE PROVISION OF FACILITIES FOR RECREATION OR OTHER LEISURE TIME OCCUPATION OF INDIVIDUALS WHO HAVE NEED OF SUCH FACILITIES BY REASON OF THEIR YOUTH, AGE, INFIRMITY OR DISABLEMENT, FINANCIAL HARDSHIP OR SOCIAL AND ECONOMIC CIRCUMSTANCES OR FOR THE PUBLIC AT LARGE IN THE INTERESTS OF SOCIAL WELFARE AND WITH THE OBJECT OF IMPROVING THE CONDITION OF LIFE OF THE SAID INHABITANTS;

-	NOTHING IN THIS CONSTITUTION SHALL AUTHORISE AN APPLICATION OF THE PROPERTY OF THE CIO FOR THE PURPOSES WHICH ARE NOT CHARITABLE IN ACCORDANCE WITH [SECTION 7 OF THE CHARITIES AND TRUSTEE INVESTMENT (SCOTLAND) ACT 2005] AND [SECTION 2 OF THE CHARITIES ACT (NORTHERN IRELAND) 2008]",True,Small,Dormant,Religious Activities
620,1205967,ANVIL PROJECTS,"Hanbury Hall, 22a Hanbury Street,, LONDON",E1 6QR,Bethnal Green and Stepney,07855220339,info@anvil-projects.org,www.anvil-projects.org,31/03/2025,32978.0,9647.0,CIO,"Provides Services, Provides Advocacy/advice/information","Education/training, Arts/culture/heritage/science","Other Defined Groups, The General Public/mankind","Anvil Projects was formed in 2023. With expertise in community development, education and the creative arts, our projects focus on education and assistance for sanctuary seekers wellbeing and using the arts to enhance communities. We partner with individuals and communities to maximise their potential, increase their wellbeing and promote intercultural awareness and connections.","THE OBJECTS OF THE CIO ARE, FOR THE PUBLIC BENEFIT,

4.1 THE ADVANCEMENT OF EDUCATION AMONGST SANCTUARY SEEKERS (IDENTIFIED AS; REFUGEES, ASYLUM SEEKERS & OTHER DIASPORA WHO MAY BE/HAVE BEEN VULNERABLE THROUGH MIGRATION) INCLUDING, WITHOUT LIMITATION, THE TEACHING OF ENGLISH AS A SECOND LANGUAGE; AND FACILITATING THE DEVELOPMENT OF COMPETENCES AND SKILLS IN
INDIVIDUALS.

4.2 THE ADVANCEMENT OF THE ARTS IN PARTICULAR THROUGH FACILITATING ART EXHIBITIONS AND CREATIVE EVENTS.",True,Small,Dormant,Arts/culture/heritage/science
621,1206133,GIRLGUIDING LONDON OVER THE BORDER,"Chigwell Row Campsite, 141 Lambourne Road, Chigwell, Essex",IG7 6EN,Epping Forest,02085002450,info@chigwellrow.org.uk,chigwellrow.org.uk,31/12/2024,290819.0,220676.0,Other,"Provides Buildings/facilities/open Space, Provides Services, Other Charitable Activities","Economic/community Development/employment, Recreation",Children/young People,"The development and supervision of Girlguiding activities in an area of North and East London broadly covering the boroughs of Barking & Dagenham, Newham, Redbridge and Waltham Forest, including the operation and development of Chigwell Row Campsite and Outdoor Activity Centre.","EDUCATING GIRLS AND YOUNG WOMEN TO HELP THEM DEVELOP EMOTIONALLY, MENTALLY, PHYSICALLY AND SPIRITUALLY SO THAT THEY CAN MAKE A POSITIVE CONTRIBUTION TO THEIR COMMUNITY AND THE WIDER WORLD.",False,Medium,Dormant,Recreation
622,1206225,THE CROWN FOUNDATION,"34 PETERBOROUGH ROAD, CASTOR, PETERBOROUGH",PE5 7AX,North West Cambridgeshire,07535876484,a.t.adeshina04@gmail.com,Not available,05/04/2025,0.0,0.0,CIO,"Makes Grants To Organisations, Provides Services, Provides Advocacy/advice/information","General Charitable Purposes, Education/training, Disability",Children/young People,,"TO ADVANCE IN LIFE AND RELIEVE THE NEEDS OF YOUNG PEOPLE AGED 11-18 IN EAST LONDON ATTENDING SCHOOL WITH A FOCUS ON THOSE WHO ARE ECONOMICALLY AND SOCIALLY DISADVANTAGED PRIMARILY THROUGH:

(A) THE PROVISION OF RECREATIONAL AND LEISURE TIME ACTIVITIES PROVIDED IN THE INTEREST OF SOCIAL WELFARE, DESIGNED TO IMPROVE THEIR CONDITIONS OF LIFE;
(B) PROVIDING SUPPORT AND ACTIVITIES WHICH DEVELOP THEIR SKILLS, CAPACITIES AND CAPABILITIES TO ENABLE THEM TO PARTICIPATE IN SOCIETY AS MATURE AND RESPONSIBLE INDIVIDUALS.",False,,Dormant,Disability
623,1206461,THE PRENDERGAST SCHOOLS TRUST,"Prendergast School, Adelaide Avenue, LONDON",SE4 1LE,Lewisham North,02086903710,register@prendergastschoolstrust.org.uk,Not available,31/03/2025,73.0,67757.0,CIO,"Makes Grants To Organisations, Provides Buildings/facilities/open Space",Education/training,Children/young People,The charity supports the Leathersellers Federation of Schools.,"THE OBJECTS OF THE CHARITY ARE THE ADVANCEMENT OF EDUCATION IN THE LONDON BOROUGH OF LEWISHAM AND ADJOINING LONDON BOROUGHS BY THE SUPPORT OF THE PRENDERGAST SCHOOL AND ANY OF THE PRENDERGAST SCHOOLS FORMING PART OF THE LEATHERSELLERS’ FEDERATION OF SCHOOLS OR ANY SUCCESSOR BODY TO IT. IN FURTHERANCE OF THESE OBJECTS: 
I) THE PLAYING FIELDS MAY BE USED FOR THE PURPOSES OF THE SAID PRENDERGAST SCHOOL AND ANY OF THE PRENDERGAST SCHOOLS SITUATED IN THE LONDON BOROUGH OF LEWISHAM OR ADJOINING LONDON BOROUGHS FORMING PART OF THE LEATHERSELLERS’ FEDERATION OF SCHOOLS OR ANY SUCCESSOR BODY TO IT; AND 
II) THE INCOME FROM THE PERMANENT ENDOWMENT OF THE PRENDERGAST SCHOOL CHARITY SHALL BE USED FOR THE PURPOSES OF THE PRENDERGAST SCHOOL AND ANY OF THE 
PRENDERGAST SCHOOLS SITUATED IN THE LONDON BOROUGH OF LEWISHAM OR ADJOINING LONDON BOROUGHS WHICH FROM TIME TO TIME FORM PART OF THE LEATHERSELLERS’ 
FEDERATION OF SCHOOLS OR ANY SUCCESSOR BODY TO IT",False,Micro,Dormant,Education/training
624,1206764,AYESHA YOUTH PROJECT (AYP),"92 WARRIOR SQUARE, LONDON, 92 WARRIOR SQUARE",E12 5RT,East Ham,07908234565,ayeshayouthproject@gmail.com,https://www.ayeshayouthproject.org/,,,,Other,"Provides Services, Provides Advocacy/advice/information","General Charitable Purposes, Education/training","Children/young People, Elderly/old People, People With Disabilities, The General Public/mankind",,"TO ACT AS A RESOURCE FOR YOUNG PEOPLE AGED 16 TO 25 IN THE LONDON BOROUGH OF NEWHAM AND THE SURROUNDING AREAS AND BY PROVIDING ADVICE AND ASSISTANCE AND ORGANISING PROGRAMMES OF PHYSICAL, EDUCATIONAL AND OTHER ACTIVITIES AS A MEANS OF:
(A) ADVANCING IN LIFE AND HELPING YOUNG PEOPLE BY DEVELOPING THEIR SKILLS, CAPACITIES AND CAPABILITIES TO ENABLE THEM TO PARTICIPATE IN SOCIETY AS INDEPENDENT, MATURE AND RESPONSIBLE INDIVIDUALS;
(B) ADVANCING EDUCATION;
(C) RELIEVING UNEMPLOYMENT;
(D) PROVIDING RECREATIONAL AND LEISURE TIME ACTIVITY IN THE INTERESTS OF SOCIAL WELFARE FOR PEOPLE LIVING IN THE AREA OF BENEFIT WHO HAVE NEED BY REASON OF THEIR YOUTH, AGE, INFIRMITY OR DISABILITY, POVERTY OR SOCIAL AND ECONOMIC CIRCUMSTANCES WITH A VIEW TO IMPROVING THE CONDITIONS OF LIFE OF SUCH PERSONS.",False,,Dormant,General Charitable Purposes
625,1206842,SADAQAH AID FOUNDATION,"214 JUBILEE STREET, LONDON",E1 3BS,Bethnal Green and Stepney,02080442900,info@sadaqahaid.org,https://www.sadaqahaid.org,05/04/2025,1592.0,0.0,CIO,Provides Services,General Charitable Purposes,"Children/young People, Elderly/old People, The General Public/mankind","The prevention or relief of poverty in Bangladesh by providing water pumps, addressing housing needs, providing free health check-ups, sponsoring financially disadvantaged students to assist with school supplies and educational resources and distributing food parcels to families facing food insecurity.","The prevention or relief of poverty in Bangladesh in particular but not exclusively by:
1.	Providing or assisting in the installation of water pumps to communities and villages in need of clean and safer water. 
2.	Addressing the housing needs of families living in unsafe conditions by constructing and providing durable homes. 
3.	Providing free health check-ups, consultations and basic medical treatments ensuring individuals receive the care they need. 
4.	Sponsoring financially disadvantaged students to assist with school supplies and educational resources. 
5.	Distributing food parcels to families facing food insecurity and ensuring they have access to nutritious meals.",True,Micro,Dormant,General Charitable Purposes
626,1207026,LONDON CITY ISLAND COMMUNITY TRUST,"HARMONY BUILDING, Flat 803, LONDON, 31 CITY ISLAND WAY",E14 0QE,Poplar and Limehouse,07478755318,mk76a@hotmail.co.uk,Not available,25/10/2024,2600.0,2600.0,CIO,Provides Services,Religious Activities,"Children/young People, The General Public/mankind",Religion,TO ADVANCE THE ISLAMIC FAITH FOR THE BENEFIT OF THE PUBLIC IN LONDON CITY ISLAND IN PARTICULAR BY PROVIDING A MOSQUE FOR WORSHIP AND EDUCATION ACTIVITIES.,True,Micro,Dormant,Religious Activities
627,1207065,ROYAL SOCIETY FOR THE PREVENTION OF CRUELTY TO ANIMALS EAST LONDON AND HAVERING BRANCH CIO,"RSPCA, East London &amp; Havering Branch CIO, 124 CITY ROAD, LONDON",EC1V 2NX,Islington South and Finsbury,07833787443,admin@rspcaeastlondonandhavering.org.uk,https://www.rspcaeastlondonandhavering.org.uk/home,31/12/2024,24807.0,51014.0,CIO,"Makes Grants To Individuals, Makes Grants To Organisations, Provides Services, Provides Advocacy/advice/information",Animals,The General Public/mankind,"To help with educating people in the correct treatment of animals. Including neutering and providing shelter, veterinary treatment when necessary and boarding unwanted animals till new homes are found.","THE OBJECTS OF THE BRANCH ARE TO PROMOTE THE WORK AND OBJECTS OF THE SOCIETY, IN PARTICULAR, BUT WITHOUT LIMITATION, IN THE AREA, IN ACCORDANCE WITH THE POLICIES OF THE SOCIETY.

(THE OBJECTS OF THE SOCIETY (AS AMENDED FROM TIME TO TIME) ARE ""TO PROMOTE KINDNESS AND TO PREVENT OR SUPPRESS CRUELTY TO ANIMALS"".)",False,Small,Dormant,Animals
628,1207119,COMMUNITIES & NEIGHBOURHOODS TRUST,"155, EAST INDIA DOCK ROAD, LONDON",E14 6DA,Poplar and Limehouse,02075100555,babu.bhattacherjee@poplarharca.co.uk,Not available,31/03/2025,3392454.0,3361374.0,Charitable company,"Provides Buildings/facilities/open Space, Provides Services, Provides Advocacy/advice/information","Education/training, The Advancement Of Health Or Saving Of Lives, The Prevention Or Relief Of Poverty",The General Public/mankind,The CaN Trust is dedicated to helping local communities and investment in regeneration programmes.,"THE OBJECTS OF THE CHARITY ARE:
2.1	 THE PREVENTION AND RELIEF OF POVERTY;
2.2	 THE ADVANCEMENT OF EDUCATION;
2.3	 THE ADVANCEMENT HEALTH.",True,Large,Dormant,The Advancement Of Health Or Saving Of Lives
629,1207362,ENGLISH MARTYRS CATHOLIC PRIMARY SCHOOL PTA,"ENGLISH MARTYRS RC PRIMARY SCHOOL, ST. MARK STREET, LONDON",E1 8DJ,Bethnal Green and Stepney,02077090182,ptaenglishmartyrs@gmail.com,Not available,31/03/2025,19718.0,10717.0,Other,Provides Services,Education/training,"Children/young People, The General Public/mankind",Primary school Parent Teacher Association (PTA),"THE OBJECT OF THE ASSOCIATION (THE OBJECTS) IS TO ADVANCE THE EDUCATION OF PUPILS IN THE SCHOOL IN PARTICULAR BY:
2.1 DEVELOPING EFFECTIVE RELATIONSHIPS BETWEEN THE STAFF, PARENTS AND OTHERS ASSOCIATED WITH THE SCHOOL
2.2 ENGAGING IN ACTIVITIES OR PROVIDING FACILITIES OR EQUIPMENT WHICH SUPPORT THE SCHOOL AND ADVANCE THE EDUCATION OF THE PUPILS.",True,Small,Dormant,Education/training
630,1207512,OXYGEN C&C,"73 SPRINGFIELD ROAD, BRISTOL",BS6 5SW,Bristol Central,07833829475,oxygenbristoluk@gmail.com,https://www.instagram.com/oxygenchurch_bristol/,31/03/2025,83346.0,75037.0,CIO,"Provides Buildings/facilities/open Space, Provides Services",Religious Activities,The General Public/mankind,,"THE OBJECTS OF THE CHURCH (?THE OBJECTS?) ARE FOR THE BENEFIT OF THE PUBLIC:
TO ADVANCE THE CHRISTIAN FAITH IN ACCORDANCE WITH THE STATEMENT IN SUCH WAYS AND IN SUCH PARTS OF THE UNITED KINGDOM OR THE WORLD AS THE CHURCH COUNCIL FROM TIME TO TIME MAY THINK FIT;
TO RELIEVE SICKNESS AND FINANCIAL HARDSHIP AND TO PROMOTE AND PRESERVE GOOD HEALTH BY THE PROVISION OF FUNDS, GOODS OR SERVICES OF ANY KIND INCLUDING THE PROVISION OF COUNSELLING AND SUPPORT IN SUCH PARTS OF THE UNITED KINGDOM OR THE WORLD AS THE CHURCH COUNCIL FROM TIME TO TIME THINK FIT; 
TO ADVANCE EDUCATION IN SUCH WAYS AND IN SUCH PARTS OF THE UNITED KINGDOM OR THE WORLD AS THE CHURCH COUNCIL FROM TIME TO TIME MAY THINK FIT.",False,Small,Dormant,Religious Activities
631,1207581,REACHING OUT,"544 Roman Road, LONDON",E3 5ES,Stratford and Bow,07983803181,reachingout544@gmail.com,https://www.reaching-out.org,31/10/2024,0.0,0.0,CIO,"Provides Buildings/facilities/open Space, Provides Services, Provides Advocacy/advice/information","Education/training, The Advancement Of Health Or Saving Of Lives, Disability, The Prevention Or Relief Of Poverty",The General Public/mankind,"Workshops and coffee mornings to tackle loneliness.
Our Friday sermon includes topics on mental health and looking after yourself.
During the holy month of Ramadan, we provide free hot meals to the community
Providing free Arts and Crafts sessions to relieve stress and work on mental health.
Providing workshops on how to gain employment and apply for job","FOR THE BENEFIT OF THE INHABITANTS LIVING IN THE LONDON BOROUGHS OF TOWER HAMLETS, NEWHAM, REDBRIDGE AND BARKING AND DAGENHAM AND IN PARTICULAR MEMBERS OF THE MINORITY ETHNIC COMMUNITIES WHO ARE IN HARDSHIP BY:
(1)RELIEVING POVERTY, SICKNESS AND DISTRESS THROUGH THE PROVISION OF ADVICE AND INFORMATION TO THE SAID INHABITANTS IN NEED OF SUCH ADVICE THAT MAY INCLUDE WELFARE BENEFITS, HEALTH AND EMPLOYMENT. 
(2)ADVANCING EDUCATION IN PARTICULAR THE PROVISION OF LANGUAGE AND OTHER SUBJECT CLASSES.
(3)THE PRESERVATION AND PROTECTION OF HEALTH AMONGST PEOPLE OF MINORITY ETHNIC ORIGIN.
(4)THE PROVISION OF FACILITIES FOR RECREATION AND LEISURE TIME OCCUPATION IN THE INTERESTS OF SOCIAL WELFARE WITH THE OBJECT OF IMPROVING THE CONDITIONS OF LIFE OF THE SAID INHABITANTS HAVING NEED OF FACILITIES BY REASON OF THEIR YOUTH, AGE, INFIRMITY, POVERTY OR SOCIAL AND ECONOMIC CIRCUMSTANCES.",True,,Dormant,Disability
632,1208238,SISTERS FORUM,"110 Violet Road, London",E3 3QH,Poplar and Limehouse,02085528257,admin@sistersforum.co.uk,https://sistersforum.co.uk/about/,,,,CIO,Provides Services,Disability,"Children/young People, People Of A Particular Ethnic Or Racial Origin, Other Defined Groups",,"(1) TO RELIEVE POVERTY, SICKNESS AND DISTRESS AMONGST WOMEN AND PARTICULARLY WOMEN AND CHILDREN WHO HAVE BEEN SUBJECT TO ABUSE AND VIOLENCE PARTICULARLY BUT NOT EXCLUSIVELY BY THE PROVISION OF INFORMATION AND ADVICE, SPECIALIST SUPPORT SERVICES.
(2) TO ADVANCE THE EDUCATION OF SUCH WOMEN PARTICULARLY BY THE PROVISION OF ACCESS TO EDUCATION AND TRAINING.",True,,Dormant,Disability
633,1208409,HACKNEY ANACONDA,"C/O NEW CLISSOLD LEISURE CENTRE, 63-67 CLISSOLD ROAD, LONDON",N16 9EX,Hackney North and Stoke Newington,+447711553237,Stephen@HackneyAnaconda.org,www.hackneyanaconda.org,,,,CIO,"Provides Services, Provides Advocacy/advice/information","Education/training, Amateur Sport","Children/young People, Elderly/old People, People With Disabilities, The General Public/mankind","We are an inclusive, enjoyable, community sports club, enabling hundreds of Londoners to participate in aquatics. We enable people to improve their health, acquire skills and build confidence both in and outside the water be that for fitness, friendship or to compete at various levels including local all the way up to national and beyond.","THE PROMOTION OF COMMUNITY PARTICIPATION IN HEALTHY RECREATION, PRIMARILY BUT NOT EXCLUSIVELY, FOR THE BENEFIT OF THE INHABITANTS OF HACKNEY AND THE SURROUNDING AREAS BY THE PROVISION OF TEACHING, DEVELOPMENT AND COMPETITIVE SWIMMING AND ASSOCIATED ACTIVITIES AND OPEN WATER SWIMMING.",False,,Dormant,Amateur Sport
634,1208500,CONGREGATION OF JACOB SYNAGOGUE,"CONGREGATION OF JACOB SYNAGOGUE, 351-353 COMMERCIAL ROAD, LONDON",E1 2PS,Bethnal Green and Stepney,02077902874,info@congregationofjacobsynagogue.org,http://www.congregationofjacobsynagogue.org/,31/12/2024,10770.0,63558.0,CIO,Provides Services,Religious Activities,Other Defined Groups,"The synagogue provides a place of Jewish worship. We open every Saturday morning for Sabbath services, as well as for all the major festivals throughout the year. Attendance is open to everyone. We host communal celebrations including Bar Mitzvah and Weddings. We also play a pastoral and supportive role to help members of the community at times of need, such as illness or death","THE ADVANCEMENT OF THE ORTHODOX JEWISH FAITH FOR THE PUBLIC BENEFIT BY MAINTAINING AND MANAGING A SYNAGOGUE IN THE LONDON BOROUGH OF TOWER HAMLETS AS A PLACE OF WORSHIP, PUBLIC PRAYER AND RELIGIOUS STUDY, AND BY PROVIDING FOR THE RELIGIOUS NEEDS, SPIRITUAL EDUCATION, PASTORAL NEEDS AND WELFARE OF MEMBERS OF THE COMMUNITY.",True,Small,Dormant,Religious Activities
635,1210109,GOLDMAN GARDENS,"57B GOLDMAN CLOSE, LONDON",E2 6EF,Bethnal Green and Stepney,07977090402,goldmancommunity@gmail.com,www.goldmangardens.co.uk,05/04/2025,6053.0,2471.0,CIO,"Provides Buildings/facilities/open Space, Provides Advocacy/advice/information, Other Charitable Activities","General Charitable Purposes, Environment/conservation/heritage, Recreation","Children/young People, Elderly/old People, The General Public/mankind",Community Garden,"TO PROVIDE FACILITIES FOR RECREATION OR OTHER LEISURE TIME OCCUPATION BY PROVIDING AN AREA FOR USE AS A COMMUNITY GARDEN AND OTHER ACTIVITIES FOR INDIVIDUALS LIVING ON THE ESTATES NEIGHBOURING GOLDMAN GARDENS, TOWER HAMLETS LONDON AND THE SURROUNDING AREA, WHO HAVE NEED OF SUCH FACILITIES BY REASON OF THEIR YOUTH, AGE, INFIRMITY OR DISABLEMENT, FINANCIAL HARDSHIP OR SOCIAL AND ECONOMIC CIRCUMSTANCES OR FOR THE PUBLIC AT LARGE IN THE INTERESTS OF SOCIAL WELFARE AND WITH THE OBJECT OF IMPROVING THE CONDITION OF LIFE OF THE SAID INHABITANT.",True,Micro,Dormant,Environment/conservation/heritage
636,1210844,STROUDLEY WALK COMMUNITY ORGANISATION,"Bromley by Bow Centre, St. Leonards Street, The Cave, SWCO",E3 3BT,Stratford and Bow,07377153296,info@swco.org.uk,www.swco.org.uk,15/08/2025,271.0,505.0,CIO,"Makes Grants To Individuals, Makes Grants To Organisations, Provides Services",The Prevention Or Relief Of Poverty,"Children/young People, Elderly/old People, The General Public/mankind","The prevention or relief of poverty in the UK by providing grants, items and services to
individuals in need and/or charities, or other organisations working to prevent or relieve poverty.","THE OBJECT OF THE CIO, TO BE CARRIED OUT FOR THE PUBLIC BENEFIT IN THE LONDON BOROUGH OF TOWER HAMLETS, AND SUCH OTHER LONDON BOROUGHS AS THE TRUSTEES SHALL FROM TIME TO TIME DETERMINE, IS: 

THE RELIEF OF THOSE IN NEED, BY REASON OF YOUTH, AGE, ILL-HEALTH, DISABILITY OR FINANCIAL HARDSHIP THROUGH THE PROVISION OF GRANTS, ITEMS AND SERVICES TO INDIVIDUALS IN NEED.",True,Micro,Dormant,The Prevention Or Relief Of Poverty
637,1210982,DALDHIS CHARITY,"UNIT 1     50.5  HANBURY STREET, LONDON",E1 5JL,Bethnal Green and Stepney,07376193999,info@daldhischarity.org.uk,www.daldhischarity.org.uk,,,,CIO,"Provides Services, Provides Advocacy/advice/information","Education/training, Disability","Children/young People, People Of A Particular Ethnic Or Racial Origin, The General Public/mankind","TO PROMOTE THE SOCIAL INCLUSION AND RELIEVE THE NEEDS OF INDIVIDUALS OF SOMALI DECENT RESIDING IN THE LONDON BOROUGH OF HACKNEY AND TOWER HAMLETS WHO ARE SOCIALLY AND ECONOMICALLY EXCLUDED ON THE GROUNDS OF THEIR ETHNIC ORIGIN, RACE AND NATIONALITY TO ASSIST THEM TO INTEGRATE INTO SOCIETY, PRIMARILY BUT NOT EXCLUSIVELY THROUGH: A. EDUCATION AND TRAINING IN THE ENGLISH LANGUAGE","TO PROMOTE THE SOCIAL INCLUSION AND RELIEVE THE NEEDS OF INDIVIDUALS OF SOMALI DECENT RESIDING IN THE LONDON BOROUGH OF HACKNEY AND TOWER HAMLETS WHO ARE SOCIALLY AND ECONOMICALLY EXCLUDED ON THE GROUNDS OF THEIR ETHNIC ORIGIN, RACE AND NATIONALITY TO ASSIST THEM TO INTEGRATE INTO SOCIETY, PRIMARILY BUT NOT EXCLUSIVELY THROUGH:

A. EDUCATION AND TRAINING IN THE ENGLISH LANGUAGE, INCLUDING SUPPORT WITH TRANSLATION AND INTERPRETATION SERVICES;
B. PROVIDING WORKSHOPS, LECTURES, HOMEWORK SUPPORT CLASSES, PARENT FORUMS AND GENERAL SUPPORT/INFORMATION;
C. SIGNPOSTING TO STATUTORY AND VOLUNTARY SECTOR ORGANISATIONS TO ENABLE BETTER ENGAGEMENT AND ENCOURAGE THOSE PROVIDERS TO ADAPT SERVICES TO BETTER MEET THE NEEDS OF THAT COMMUNITY;
D. SOCIAL AND RECREATIONAL FACILITIES AND EVENTS INVOLVING THE LOCAL COMMUNITY INCLUDING ORGANISING CULTURAL OPEN DAYS DIRECTED TO PROMOTING SOCIAL INCLUSION.

FOR THE PURPOSE OF THIS CLAUSE ‘SOCIALLY EXCLUDED’ MEANS BEING EXCLUDED FROM SOCIETY, OR PARTS OF SOCIETY, AS A RESULT OF ONE OR MORE OF THE FOLLOWING FACTORS: UNEMPLOYMENT; FINANCIAL HARDSHIP; DISCRIMINATION ON THE GROUNDS OF RACE, ETHNIC ORIGIN, RELIGION, BELIEF, CREED, POOR EDUCATIONAL OR SKILLS ATTAINMENT; POOR HOUSING (THAT IS HOUSING THAT DOES NOT MEET BASIC 
HABITABLE STANDARDS.",True,,Dormant,Disability
638,1211038,CHILDREN WITH VOICES,"FAWCETT HALL, FAWCETT ESTATE, CLAPTON COMMON, LONDON",E5 9DG,Hackney North and Stoke Newington,07715880970,childrenwithvoices@outlook.com,https://childrenwithvoices.org/,,,,Charitable company,"Provides Services, Provides Advocacy/advice/information","Education/training, Disability, The Prevention Or Relief Of Poverty, Economic/community Development/employment",Children/young People,"Our Alternative Education Holistic Approach , Jumping Beans , Young Ambassadors programmes directly advance education and personal development.
The Community Food Hub alleviates poverty and food insecurity while fostering community connection.
Our SEND collaborations provide targeted inclusion and wellbeing support. Our volunteering and mentoring initiatives enhance local skills","1. TO ACT AS A RESOURCE FOR YOUNG PEOPLE LIVING IN THE LONDON BOROUGH OF HACKNEY AND THE SURROUNDING AREA BY PROVIDING ADVICE AND ASSISTANCE AND ORGANISING PROGRAMMES OF PHYSICAL, EDUCATIONAL AND OTHER ACTIVITIES AS A MEANS OF:

(A) ADVANCING IN LIFE AND HELPING YOUNG PEOPLE BY DEVELOPING THEIR SKILLS, CAPACITIES AND CAPABILITIES TO ENABLE THEM TO PARTICIPATE IN SOCIETY AS INDEPENDENT, MATURE AND RESPONSIBLE CITIZENS.

(B) ADVANCING EDUCATION.

(C) PROVIDING RECREATIONAL AND LEISURE TIME ACTIVITY IN THE INTEREST OF SOCIAL WELFARE WITH A VIEW TO IMPROVING THEIR CONDITIONS OF LIFE.

2. THE RELIEF OF FINANCIAL HARDSHIP IN THE LONDON BOROUGH OF HACKNEY AND THE SURROUNDING AREA IN SUCH WAYS AS THE TRUSTEES FROM TIME-TO-TIME THINK FIT, IN PARTICULAR BUT NOT EXCLUSIVELY BY PROVIDING FOOD, TOILETRIES, HOUSEHOLD ITEMS, SIGNPOSTING AND OTHER GOODS AND SERVICES TO INDIVIDUALS IN NEED.",False,,Dormant,Disability
639,1211519,ZAYTUNAH,"69 ST. MARY GRACES COURT, CARTWRIGHT STREET, LONDON",E1 8NB,Bethnal Green and Stepney,07931136138,info@zaytunahinstitute.co.uk,Not available,,,,Charitable company,"Provides Buildings/facilities/open Space, Provides Services, Provides Advocacy/advice/information",Recreation,The General Public/mankind,,"TO FURTHER OR BENEFIT THE RESIDENTS OF NEWHAM, REDBRIDGE AND TOWER HAMLETS AND THE NEIGHBOURHOOD, WITHOUT DISTINCTION OF SEX, SEXUAL ORIENTATION, RACE OR OF POLITICAL, RELIGIOUS OR OTHER OPINIONS BY ASSOCIATING TOGETHER THE SAID RESIDENTS AND THE LOCAL AUTHORITIES, VOLUNTARY AND OTHER ORGANISATIONS IN A COMMON EFFORT
TO ADVANCE EDUCATION AND TO PROVIDE FACILITIES IN THE INTERESTS OF SOCIAL WELFARE FOR RECREATION AND LEISURE TIME OCCUPATION WITH THE OBJECTIVE OF IMPROVING THE CONDITIONS OF LIFE FOR THE RESIDENTS.",True,,Dormant,Recreation
640,1212105,BRITISH ESTATE CULTURAL ASSOCIATION,"30 MAHA BUILDING, MERCHANT STREET, LONDON",E3 4PZ,Stratford and Bow,07956030062,habiz.ali@outlook.com,Not available,,,,CIO,Provides Buildings/facilities/open Space,Religious Activities,"Children/young People, The General Public/mankind",Mosque,"TO ADVANCE THE ISLAMIC RELIGION FOR THE PUBLIC BENEFIT IN TOWER HAMLETS AND THE SURROUNDING AREA THROUGH
- THE HOLDING OF PRAYER MEETINGS, EDUCATION, LECTURES AND PUBLIC CELEBRATION OF RELIGIOUS FESTIVAL
- RELIGIOUS OUTREACH ACTIVITIES WITHIN GROUPS IN THE LOCAL COMMUNITY
- FOOD DISTRIBUTION AND SUPPORT FOR VULNERABLE INDIVIDUALS, ALIGNING WITH ISLAMIC PRINCIPLES",True,,Dormant,Religious Activities
641,1212555,THE PAROCHIAL CHURCH COUNCIL OF THE ECCLESIASTICAL PARISH OF ST PETER'S DOCKS WITH ST JOHN OF WAPPING IN THE DIOCESE OF LONDON,"ST. PETERS CLERGY HOUSE, WAPPING LANE, LONDON",E1W 2RW,Poplar and Limehouse,02074812985,stpeterslondondocks@mail.co.uk,https://www.stpeterslondondocks.org.uk/home,,,,Other,Provides Buildings/facilities/open Space,Religious Activities,The General Public/mankind,"The Parochial Church Council (PCC) is the elected governing body of St Peters London Docks. It works in partnership with the parish priest to support and promote the church mission in worship, pastoral care, and outreach within the local community.",PROMOTING IN THE ECCLESIASTICAL PARISH THE WHOLE MISSION OF THE CHURCH.,True,,Dormant,Religious Activities
642,1214006,PURPLE MOON DRAMA CIO,"Purple Moon Drama, The Greenhouse @ Republic, 1 Clove Cres, LONDON",E14 2BA,Poplar and Limehouse,07838131764,hello@purplemoondrama.co.uk,https://purplemoondrama.co.uk/,,,,CIO,"Provides Services, Provides Advocacy/advice/information","Education/training, Arts/culture/heritage/science",Children/young People,"Purple Moon Drama is an arts charity dedicated to ensuring every young person, regardless of background, can access high-quality creative opportunities.","TO ADVANCE IN LIFE AND TO ADVANCE THE EDUCATION OF CHILDREN AND YOUNG PEOPLE IN
LONDON, PRIMARILY BUT NOT EXCLUSIVELY THOSE WHO ARE SOCIALLY AND ECONOMICALLY
DISADVANTAGED, IN THE PERFORMING ARTS THROUGH:

A) STRUCTURED LEARNING PROGRAMMES INCLUDING DRAMA CLUBS AND HOW TO LEAD AND
FACILITATE CREATIVE ACTIVITIES;

B) DEVELOPING SKILLS IN DANCE, DRAMA, PERFORMANCE TECHNIQUES, COMMUNICATION
AND PRESENTATIONS SKILLS, CREATIVE WRITING AND STORYTELLING AND OTHER ASSOCIATED
ACTIVITIES;

C) OPPORTUNITIES TO PERFORM IN THE COMMUNITY;

D) SUCH OTHER WAYS AS THE TRUSTEES MAY DETERMINE.",True,,Dormant,Arts/culture/heritage/science
643,1214415,DOCKLANDS WOMENS EMPOWERMENT FOUNDATION,"Flat 37A, Dagmar Court, Manchester Road, LONDON",E14 3JF,Poplar and Limehouse,07824826413,momotaz475@gmail.com,Not available,,,,CIO,Provides Services,The Prevention Or Relief Of Poverty,"Children/young People, Elderly/old People, People With Disabilities, The General Public/mankind",Women empowerment,"THE OBJECT OF THE CIO IS:
THE RELIEF OF POVERTY, ADVANCEMENT OF EDUCATION, PROMOTION AND PRESERVATION OF GOOD HEALTH AND THE PROVISION OF FACILITIES FOR RECREATION OR OTHER LEISURE TIME OCCUPATION IN THE INTERESTS OF SOCIAL WELFARE WITH THE OBJECT OF IMPROVING THE CONDITIONS OF LIFE FOR WOMEN FROM SOCIALLY AND ECONOMICALLY DISADVANCED COMMUNITIES LIVING IN EAST LONDON.",True,,Dormant,The Prevention Or Relief Of Poverty
644,1214578,ONE LIFE ONE LOVE HEALTHY LIFESTYLE FOUNDATION,"FLAT 1 REBECCA HOUSE, BROKESLEY STREET, LONDON",E3 4QN,Poplar and Limehouse,07940400487,olol_healthylifestyle_fdn@outlook.com,Not available,,,,CIO,"Provides Services, Provides Advocacy/advice/information",The Advancement Of Health Or Saving Of Lives,"Children/young People, Elderly/old People, People With Disabilities",,"THE RELIEF OF NEED OF THOSE IN THE LONDON BOROUGHS OF NEWHAM, TOWER HAMLETS, HACKNEY, AND THE SURROUNDING AREA, WHO ARE IN NEED DUE TO THEIR YOUTH, AGE, INFIRMITY, DISABLEMENT, SOCIAL AND/OR ECONOMIC CIRCUMSTANCES, BY:
(A) ASSISTING BENEFICIARIES WITH ACCESSING NHS SERVICES
(B) PROVIDING EDUCATION CLASSES ON HEALTHCARE ISSUES AND FITNESS
(C) PROVIDING SOCIAL AND LEISURE TIME ACTIVITIES”",True,,Dormant,The Advancement Of Health Or Saving Of Lives
645,1214580,TOWER HAMLETS COMMUNITY OUTREACH,"TOWER HAMLETS COMMUNITY OUTREACH, 86-90 PAUL STREET, LONDON",EC2A 4NE,Hackney South and Shoreditch,07970687965,contact@communityoutreach-th.org,Not available,,,,CIO,"Provides Services, Provides Advocacy/advice/information","Religious Activities, Other Charitable Purposes",The General Public/mankind,,"THE OBJECTS OF THE CIO ARE:

1) TO ADVANCE THE RELIGION OF ISLAM, BY MEANS OF, BUT NOT EXCLUSIVELY, PROMOTING THE TEACHINGS AND TENETS OF ISLAM, PROVISION OF FACILITIES FOR WORSHIP AND PROVISION OF FACILITIES FOR ISLAMIC EDUCATION IN EAST LONDON.

2) TO PROMOTE SOCIAL INCLUSION FOR THE PUBLIC BENEFIT BY WORKING WITH PEOPLE IN TOWER HAMLETS WHO ARE SOCIALLY EXCLUDED ON THE GROUNDS OF THEIR ETHNIC ORIGIN, RELIGION, BELIEF OR CREED, IN PARTICULAR, MEMBERS OF THE MUSLIM COMMUNITY TO RELIEVE THE NEEDS OF SUCH PEOPLE AND ASSIST THEM TO INTEGRATE INTO SOCIETY, IN
PARTICULAR BY:

PROVIDING A LOCAL NETWORK GROUP THAT ENCOURAGES AND ENABLES MEMBERS OF THE MUSLIM COMMUNITY TO PARTICIPATE MORE EFFECTIVELY WITH THE WIDER COMMUNITY;

INCREASING, OR CO-ORDINATING, OPPORTUNITIES FOR MEMBERS OF THE MUSLIM COMMUNITY TO ENGAGE WITH SERVICE PROVIDERS, TO ENABLE THOSE PROVIDERS TO ADAPT SERVICES TO BETTER MEET THE NEEDS OF THAT COMMUNITY.",False,,Dormant,Other Charitable Purposes
646,1214907,NORTON FOLGATE ALMSHOUSES,"The Trust Partnership Ltd, 6 Trull Farm Buildings, Trull, TETBURY",GL8 8SQ,South Cotswolds,01285841900,nortonfolgate@thetrustpartnership.com,Not available,,,,Charitable company,"Makes Grants To Individuals, Provides Buildings/facilities/open Space, Other Charitable Activities","General Charitable Purposes, Disability",,,"THE OBJECTS OF THE CHARITY ARE FOR THE PUBLIC BENEFIT AND SPECIFICALLY RESTRICTED 
TO:-
(1) THE PROVISION OF SOCIAL HOUSING IN THE FORM OF ALMSHOUSE ACCOMMODATION 
FOR PEOPLE WHO ARE IN NEED, HARDSHIP OR DISTRESS WHO ARE RESIDENT IN THE 
AREA OF BENEFIT AT THE TIME OF THEIR APPOINTMENT SAVE THAT IF THERE IS 
A VACANCY AND THERE IS NO APPLICANT WHO IS QUALIFIED AS AFORESAID THE 
TRUSTEES MAY APPOINT A PERSON WHO IS IN NEED, HARDSHIP OR DISTRESS WHO 
IS A RESIDENT IN THE LONDON BOROUGH OF TOWER HAMLETS; AND
(2) SUCH CHARITABLE PURPOSES (ACCORDING TO THE LAW OF ENGLAND AND WALES) 
FOR THE BENEFIT OF RESIDENTS (AND FORMER RESIDENTS) AS THE TRUSTEES FROM 
TIME TO TIME SEE FIT.",False,,Dormant,Disability
647,1215758,LONDON ISLAMIC SCHOOL,"LONDON ISLAMIC SCHOOL MADRASA, 18-22 DAMIEN STREET, LONDON",E1 2HX,Bethnal Green and Stepney,02077900693,info@londonislamicschool.org,http://www.londonislamicschool.org/,,,,CIO,Provides Advocacy/advice/information,Education/training,Children/young People,,"FOR THE PUBLIC BENEFIT TO ADVANCE THE EDUCATION OF SCHOOL AGE CHILDREN IN NATIONAL CURRICULUM SUBJECTS AND ISLAMIC STUDIES BY:

A) PROVIDING AND MAINTAINING AN INDEPENDENT SCHOOL;
B) DEVELOPING EFFECTIVE RELATIONSHIPS BETWEEN THE WIDER COMMUNITY, STAFF, PARENTS AND OTHER ORGANISATIONS ASSOCIATED WITH THE SCHOOL.",True,,Dormant,Education/training
