,pcd,lsoa21,lat,long,oslaua
0,E1  0AA,E01004298,51.512498,-0.052071,E09000030
1,E1  0AB,E01004305,51.513386,-0.050852,E09000030
2,E1  0AD,E01004298,51.512911,-0.055296,E09000030
3,E1  0AE,E01004303,51.510672,-0.052567,E09000030
4,E1  0AF,E01004300,51.510864,-0.051161,E09000030
5,E1  0AG,E01004298,51.513394,-0.054008,E09000030
6,E1  0AH,E01004300,51.51113,-0.051438,E09000030
7,E1  0AJ,E01004303,51.51126,-0.052758,E09000030
8,E1  0AL,E01004303,51.511003,-0.052495,E09000030
9,E1  0AN,E01004303,51.511298,-0.052339,E09000030
10,E1  0AP,E01004300,51.511395,-0.051686,E09000030
11,E1  0AQ,E01004298,51.511552,-0.050858,E09000030
12,E1  0AR,E01004303,51.511599,-0.052066,E09000030
13,E1  0AS,E01004303,51.511573,-0.052658,E09000030
14,E1  0AT,E01004298,51.513148,-0.054364,E09000030
15,E1  0AU,E01004302,51.511315,-0.053361,E09000030
16,E1  0AW,E01004300,51.511106,-0.051655,E09000030
17,E1  0AX,E01004302,51.511315,-0.053361,E09000030
18,E1  0AY,E01004298,51.51288,-0.053395,E09000030
19,E1  0AZ,E01004298,51.512535,-0.054304,E09000030
20,E1  0BA,E01004298,51.512599,-0.053811,E09000030
21,E1  0BB,E01004298,51.513657,-0.053636,E09000030
22,E1  0BD,E01004298,51.513708,-0.052899,E09000030
23,E1  0BE,E01004300,51.511738,-0.051253,E09000030
24,E1  0BF,E01004298,51.513077,-0.053863,E09000030
25,E1  0BG,E01004298,51.512561,-0.052616,E09000030
26,E1  0BH,E01004301,51.510462,-0.060531,E09000030
27,E1  0BJ,E01004295,51.510177,-0.061235,E09000030
28,E1  0BL,E01004301,51.510931,-0.060036,E09000030
29,E1  0BN,E01004298,51.51203,-0.052019,E09000030
30,E1  0BP,E01004301,51.510165,-0.056682,E09000030
31,E1  0BQ,E01004300,51.511252,-0.051188,E09000030
32,E1  0BS,E01004302,51.510627,-0.056345,E09000030
33,E1  0BT,E01004302,51.51053,-0.05596,E09000030
34,E1  0BU,E01004302,51.51008,-0.055922,E09000030
35,E1  0BW,E01004301,51.510759,-0.056743,E09000030
36,E1  0BX,E01004302,51.510869,-0.055801,E09000030
37,E1  0BY,E01004301,51.510216,-0.054907,E09000030
38,E1  0BZ,E01004301,51.510216,-0.054907,E09000030
39,E1  0DA,E01004301,51.510199,-0.056565,E09000030
40,E1  0DB,E01004298,51.512412,-0.053358,E09000030
41,E1  0DD,E01004302,51.510988,-0.055335,E09000030
42,E1  0DE,E01004301,51.510971,-0.057584,E09000030
43,E1  0DF,E01004301,51.510184,-0.057286,E09000030
44,E1  0DG,E01004301,51.510605,-0.060439,E09000030
45,E1  0DH,E01004301,51.510682,-0.058058,E09000030
46,E1  0DJ,E01004298,51.51261,-0.05015,E09000030
47,E1  0DL,E01004305,51.513286,-0.049126,E09000030
48,E1  0DN,E01004301,51.510306,-0.055451,E09000030
49,E1  0DP,E01004305,51.513308,-0.049414,E09000030
50,E1  0DQ,E01004305,51.513371,-0.048849,E09000030
51,E1  0DR,E01004301,51.510953,-0.059185,E09000030
52,E1  0DS,E01004298,51.512917,-0.052918,E09000030
53,E1  0DT,E01004305,51.512804,-0.049349,E09000030
54,E1  0DU,E01004305,51.512564,-0.049546,E09000030
55,E1  0DW,E01004301,51.509938,-0.056576,E09000030
56,E1  0DX,E01004305,51.511712,-0.050188,E09000030
57,E1  0DY,E01004303,51.5101,-0.053327,E09000030
58,E1  0DZ,E01004305,51.511707,-0.050477,E09000030
59,E1  0EA,E01004305,51.512509,-0.048929,E09000030
60,E1  0EB,E01004300,51.511265,-0.050366,E09000030
61,E1  0ED,E01004303,51.510165,-0.052387,E09000030
62,E1  0EE,E01004303,51.510462,-0.052374,E09000030
63,E1  0EF,E01004305,51.511904,-0.048782,E09000030
64,E1  0EG,E01004305,51.512365,-0.048935,E09000030
65,E1  0EH,E01004303,51.510557,-0.054287,E09000030
66,E1  0EJ,E01004303,51.510091,-0.053341,E09000030
67,E1  0EL,E01004305,51.511815,-0.049362,E09000030
68,E1  0EN,E01035682,51.517165,-0.040716,E09000030
69,E1  0EP,E01004289,51.515601,-0.047773,E09000030
70,E1  0EQ,E01004303,51.509962,-0.053145,E09000030
71,E1  0ER,E01004289,51.515625,-0.048147,E09000030
72,E1  0ES,E01004289,51.515441,-0.048414,E09000030
73,E1  0ET,E01004289,51.515576,-0.048409,E09000030
74,E1  0EU,E01004295,51.51031,-0.061633,E09000030
75,E1  0EW,E01004301,51.510612,-0.05979,E09000030
76,E1  0EX,E01004295,51.510913,-0.061694,E09000030
77,E1  0EY,E01004295,51.510951,-0.061274,E09000030
78,E1  0EZ,E01004295,51.509544,-0.061579,E09000030
79,E1  0FA,E01035682,51.51727,-0.038938,E09000030
80,E1  0FB,E01004289,51.515151,-0.048254,E09000030
81,E1  0FD,E01032769,51.512603,-0.042684,E09000030
82,E1  0FE,E01004303,51.51245,-0.043253,E09000030
83,E1  0FF,E01004303,51.512105,-0.043556,E09000030
84,E1  0FG,E01032769,51.512726,-0.043587,E09000030
85,E1  0FH,E01032769,51.512618,-0.043592,E09000030
86,E1  0FJ,E01004286,51.512921,-0.04074,E09000030
87,E1  0FL,E01004286,51.513013,-0.04088,E09000030
88,E1  0FN,E01004286,51.513,-0.040606,E09000030
89,E1  0FP,E01032769,51.512726,-0.043587,E09000030
90,E1  0FU,E01004302,51.511691,-0.05385,E09000030
91,E1  0HA,E01004289,51.513712,-0.048834,E09000030
92,E1  0HE,E01004305,51.513485,-0.048671,E09000030
93,E1  0HF,E01004289,51.513672,-0.048577,E09000030
94,E1  0HH,E01004303,51.512514,-0.044389,E09000030
95,E1  0HJ,E01004288,51.513273,-0.042973,E09000030
96,E1  0HL,E01032769,51.51249,-0.042949,E09000030
97,E1  0HQ,E01004289,51.513517,-0.047387,E09000030
98,E1  0HR,E01032769,51.512569,-0.042268,E09000030
99,E1  0HS,E01032769,51.512773,-0.043167,E09000030
100,E1  0HT,E01032769,51.51249,-0.042949,E09000030
101,E1  0HU,E01004303,51.511592,-0.042987,E09000030
102,E1  0HW,E01032769,51.51249,-0.042949,E09000030
103,E1  0HX,E01004303,51.51302,-0.043978,E09000030
104,E1  0HY,E01032769,51.512879,-0.042543,E09000030
105,E1  0HZ,E01032769,51.51249,-0.042949,E09000030
106,E1  0JA,E01004322,51.519027,-0.058048,E09000030
107,E1  0JB,E01032769,51.51283,-0.042271,E09000030
108,E1  0JD,E01032769,51.51249,-0.042949,E09000030
109,E1  0JF,E01004303,51.512514,-0.044389,E09000030
110,E1  0JG,E01032769,51.512724,-0.044005,E09000030
111,E1  0JH,E01004303,51.511761,-0.044522,E09000030
112,E1  0JJ,E01004305,51.512861,-0.044691,E09000030
113,E1  0JL,E01004305,51.513057,-0.044567,E09000030
114,E1  0JN,E01004305,51.513016,-0.046457,E09000030
115,E1  0JP,E01004303,51.512611,-0.044788,E09000030
116,E1  0JQ,E01004303,51.512144,-0.043223,E09000030
117,E1  0JR,E01004303,51.511899,-0.044156,E09000030
118,E1  0JS,E01004303,51.511884,-0.043825,E09000030
119,E1  0JW,E01004303,51.511786,-0.04491,E09000030
120,E1  0LA,E01004287,51.514346,-0.052886,E09000030
121,E1  0LB,E01004305,51.513566,-0.049749,E09000030
122,E1  0LD,E01004305,51.512929,-0.046101,E09000030
123,E1  0LE,E01004305,51.512935,-0.045337,E09000030
124,E1  0LF,E01004305,51.513533,-0.051552,E09000030
125,E1  0LG,E01004305,51.513441,-0.049264,E09000030
126,E1  0LH,E01004305,51.512282,-0.047166,E09000030
127,E1  0LJ,E01004305,51.512689,-0.045722,E09000030
128,E1  0LL,E01004305,51.512071,-0.047449,E09000030
129,E1  0LN,E01004305,51.511608,-0.047238,E09000030
130,E1  0LP,E01004305,51.512593,-0.048046,E09000030
131,E1  0LQ,E01004305,51.513258,-0.048565,E09000030
132,E1  0LR,E01004305,51.513566,-0.049749,E09000030
133,E1  0LS,E01004305,51.513597,-0.050526,E09000030
134,E1  0LT,E01004303,51.511894,-0.046044,E09000030
135,E1  0LW,E01004305,51.511561,-0.048162,E09000030
136,E1  0NA,E01004288,51.515163,-0.042546,E09000030
137,E1  0NB,E01004288,51.514136,-0.042979,E09000030
138,E1  0ND,E01004286,51.513692,-0.04062,E09000030
139,E1  0NE,E01004288,51.513076,-0.04141,E09000030
140,E1  0NF,E01004288,51.514168,-0.041104,E09000030
141,E1  0NG,E01004288,51.5145,-0.041594,E09000030
142,E1  0NH,E01004322,51.519027,-0.058048,E09000030
143,E1  0NJ,E01004288,51.514675,-0.040794,E09000030
144,E1  0NL,E01004286,51.515231,-0.040669,E09000030
145,E1  0NN,E01004288,51.51555,-0.040929,E09000030
146,E1  0NP,E01035682,51.517372,-0.040693,E09000030
147,E1  0NQ,E01004288,51.515168,-0.04122,E09000030
148,E1  0NR,E01035682,51.516884,-0.041665,E09000030
149,E1  0NS,E01004286,51.513383,-0.041498,E09000030
150,E1  0NT,E01004288,51.514878,-0.041074,E09000030
151,E1  0NU,E01004288,51.514707,-0.042147,E09000030
152,E1  0NW,E01035682,51.517272,-0.04012,E09000030
153,E1  0NX,E01004288,51.51553,-0.041867,E09000030
154,E1  0NY,E01035682,51.517272,-0.039025,E09000030
155,E1  0NZ,E01035682,51.516988,-0.039787,E09000030
156,E1  0PA,E01004289,51.515282,-0.048594,E09000030
157,E1  0PB,E01004289,51.515526,-0.049175,E09000030
158,E1  0PD,E01004287,51.515497,-0.050689,E09000030
159,E1  0PE,E01004287,51.515894,-0.050254,E09000030
160,E1  0PF,E01004287,51.516377,-0.050075,E09000030
161,E1  0PG,E01004287,51.515622,-0.051736,E09000030
162,E1  0PH,E01004287,51.514497,-0.051136,E09000030
163,E1  0PJ,E01004287,51.515152,-0.051021,E09000030
164,E1  0PL,E01004287,51.515255,-0.052386,E09000030
165,E1  0PN,E01004287,51.514801,-0.051051,E09000030
166,E1  0PP,E01004289,51.514924,-0.047586,E09000030
167,E1  0PQ,E01004289,51.515133,-0.048802,E09000030
168,E1  0PR,E01004289,51.513606,-0.046792,E09000030
169,E1  0PS,E01004289,51.513925,-0.047571,E09000030
170,E1  0PT,E01004289,51.514362,-0.046818,E09000030
171,E1  0PU,E01004289,51.51506,-0.047162,E09000030
172,E1  0PW,E01004287,51.514604,-0.05214,E09000030
173,E1  0PX,E01004287,51.514909,-0.052113,E09000030
174,E1  0PY,E01004287,51.51475,-0.052826,E09000030
175,E1  0PZ,E01004289,51.515195,-0.047661,E09000030
176,E1  0QA,E01004289,51.513522,-0.044447,E09000030
177,E1  0QB,E01004289,51.514105,-0.045402,E09000030
178,E1  0QD,E01004289,51.514266,-0.044818,E09000030
179,E1  0QE,E01004289,51.51536,-0.045737,E09000030
180,E1  0QF,E01004289,51.514424,-0.046195,E09000030
181,E1  0QG,E01004289,51.514782,-0.046627,E09000030
182,E1  0QH,E01004283,51.515536,-0.04707,E09000030
183,E1  0QJ,E01004283,51.516229,-0.046594,E09000030
184,E1  0QL,E01004283,51.516342,-0.04741,E09000030
185,E1  0QN,E01004289,51.513597,-0.045697,E09000030
186,E1  0QP,E01004289,51.515282,-0.048594,E09000030
187,E1  0QQ,E01004289,51.515337,-0.046473,E09000030
188,E1  0QW,E01004289,51.515856,-0.046307,E09000030
189,E1  0QX,E01004305,51.513286,-0.049126,E09000030
190,E1  0QZ,E01004289,51.515282,-0.048594,E09000030
191,E1  0RA,E01004288,51.514152,-0.043396,E09000030
192,E1  0RB,E01004288,51.515136,-0.043614,E09000030
193,E1  0RD,E01004288,51.515136,-0.043614,E09000030
194,E1  0RE,E01004288,51.514663,-0.04434,E09000030
195,E1  0RF,E01004288,51.515045,-0.045145,E09000030
196,E1  0RG,E01004288,51.515444,-0.044292,E09000030
197,E1  0RH,E01004288,51.516252,-0.044186,E09000030
198,E1  0RJ,E01004288,51.515893,-0.044244,E09000030
199,E1  0RL,E01004288,51.51521,-0.044273,E09000030
200,E1  0RQ,E01004288,51.515442,-0.043082,E09000030
201,E1  0RS,E01004322,51.519019,-0.058106,E09000030
202,E1  0RT,E01004322,51.519027,-0.058048,E09000030
203,E1  0RU,E01004288,51.51521,-0.044273,E09000030
204,E1  0SA,E01004289,51.514294,-0.049184,E09000030
205,E1  0SB,E01004289,51.514615,-0.049588,E09000030
206,E1  0SD,E01004289,51.514998,-0.049327,E09000030
207,E1  0SE,E01004287,51.515275,-0.049762,E09000030
208,E1  0SF,E01004287,51.514965,-0.050064,E09000030
209,E1  0SG,E01004287,51.514214,-0.050341,E09000030
210,E1  0SH,E01004289,51.514257,-0.04858,E09000030
211,E1  0SJ,E01004305,51.513533,-0.051552,E09000030
212,E1  0SL,E01004305,51.513533,-0.051552,E09000030
213,E1  0SN,E01004305,51.513286,-0.049126,E09000030
214,E1  0SP,E01004305,51.513277,-0.049141,E09000030
215,E1  0SQ,E01004287,51.514378,-0.049944,E09000030
216,E1  0SR,E01004305,51.513533,-0.051552,E09000030
217,E1  0SS,E01004305,51.513277,-0.049141,E09000030
218,E1  0ST,E01004305,51.513286,-0.049126,E09000030
219,E1  0SU,E01004322,51.519027,-0.058048,E09000030
220,E1  0SW,E01004305,51.513286,-0.049126,E09000030
221,E1  0SX,E01004305,51.513286,-0.049126,E09000030
222,E1  0SY,E01004305,51.513277,-0.049141,E09000030
223,E1  0SZ,E01004305,51.513286,-0.049126,E09000030
224,E1  0TA,E01004322,51.519027,-0.058048,E09000030
225,E1  0TB,E01004322,51.519027,-0.058048,E09000030
226,E1  0TD,E01004322,51.519027,-0.058048,E09000030
227,E1  0TE,E01004322,51.519027,-0.058048,E09000030
228,E1  0TF,E01004322,51.519027,-0.058048,E09000030
229,E1  0TG,E01004322,51.519019,-0.058106,E09000030
230,E1  0TH,E01004322,51.519027,-0.058048,E09000030
231,E1  0TQ,E01004322,51.519027,-0.058048,E09000030
232,E1  0WA,E01004322,51.519027,-0.058048,E09000030
233,E1  0WB,E01004322,51.519027,-0.058048,E09000030
234,E1  0WD,E01004322,51.519019,-0.058106,E09000030
235,E1  0WF,E01004322,51.519027,-0.058048,E09000030
236,E1  0WG,E01004322,51.519027,-0.058048,E09000030
237,E1  0WH,E01004322,51.519027,-0.058048,E09000030
238,E1  0WJ,E01004322,51.519027,-0.058048,E09000030
239,E1  0WL,E01004322,51.519019,-0.058106,E09000030
240,E1  0WN,E01004322,51.519027,-0.058048,E09000030
241,E1  0WP,E01004322,51.519027,-0.058048,E09000030
242,E1  0WQ,E01004322,51.519027,-0.058048,E09000030
243,E1  0WR,E01004322,51.519027,-0.058048,E09000030
244,E1  0WS,E01004322,51.519027,-0.058048,E09000030
245,E1  0WT,E01004322,51.519027,-0.058048,E09000030
246,E1  0WU,E01004322,51.519019,-0.058106,E09000030
247,E1  0WW,E01004322,51.519027,-0.058048,E09000030
248,E1  0WX,E01004322,51.519027,-0.058048,E09000030
249,E1  0WY,E01004322,51.519027,-0.058048,E09000030
250,E1  0WZ,E01004322,51.519027,-0.058048,E09000030
251,E1  0XA,E01004305,51.513509,-0.050111,E09000030
252,E1  0YQ,E01004322,51.519027,-0.058048,E09000030
253,E1  0YZ,E01004322,51.519027,-0.058048,E09000030
254,E1  0ZZ,E01004322,51.519027,-0.058048,E09000030
255,E1  1AA,E01004322,51.519019,-0.058106,E09000030
256,E1  1AB,E01032767,51.512264,-0.066695,E09000030
257,E1  1AD,E01004322,51.519027,-0.058048,E09000030
258,E1  1AE,E01035686,51.516176,-0.066155,E09000030
259,E1  1AF,E01032767,51.512264,-0.066695,E09000030
260,E1  1AG,E01035686,51.516029,-0.065988,E09000030
261,E1  1AH,E01004208,51.519068,-0.059964,E09000030
262,E1  1AJ,E01035689,51.514678,-0.06753,E09000030
263,E1  1AL,E01035686,51.51771,-0.063207,E09000030
264,E1  1AN,E01035689,51.514678,-0.06753,E09000030
265,E1  1AP,E01004208,51.519068,-0.059964,E09000030
266,E1  1AQ,E01004309,51.517419,-0.069057,E09000030
267,E1  1AR,E01004309,51.517179,-0.068663,E09000030
268,E1  1AS,E01035686,51.516586,-0.064869,E09000030
269,E1  1AT,E01035686,51.515028,-0.064157,E09000030
270,E1  1AU,E01004322,51.519027,-0.058048,E09000030
271,E1  1AW,E01004319,51.511695,-0.063866,E09000030
272,E1  1AX,E01035686,51.515028,-0.064157,E09000030
273,E1  1AY,E01004319,51.511983,-0.063868,E09000030
274,E1  1AZ,E01004319,51.512095,-0.063042,E09000030
275,E1  1BA,E01004322,51.518987,-0.058872,E09000030
276,E1  1BB,E01004322,51.519019,-0.058106,E09000030
277,E1  1BE,E01004322,51.518169,-0.060002,E09000030
278,E1  1BF,E01004319,51.512096,-0.063056,E09000030
279,E1  1BG,E01004322,51.518297,-0.058512,E09000030
280,E1  1BH,E01004322,51.518145,-0.058562,E09000030
281,E1  1BJ,E01004322,51.51932,-0.057301,E09000030
282,E1  1BL,E01004322,51.519044,-0.058523,E09000030
283,E1  1BN,E01004319,51.511692,-0.063088,E09000030
284,E1  1BP,E01035686,51.515028,-0.064157,E09000030
285,E1  1BQ,E01004322,51.517955,-0.058454,E09000030
286,E1  1BS,E01004322,51.519449,-0.056402,E09000030
287,E1  1BT,E01004208,51.519943,-0.058485,E09000030
288,E1  1BU,E01004208,51.520018,-0.057631,E09000030
289,E1  1BW,E01004208,51.520018,-0.057631,E09000030
290,E1  1BX,E01035686,51.516475,-0.066286,E09000030
291,E1  1BY,E01004208,51.519554,-0.059467,E09000030
292,E1  1BZ,E01004322,51.519037,-0.059201,E09000030
293,E1  1DA,E01035686,51.518217,-0.062883,E09000030
294,E1  1DB,E01004208,51.519174,-0.060939,E09000030
295,E1  1DD,E01004321,51.514596,-0.063613,E09000030
296,E1  1DE,E01004208,51.518863,-0.062264,E09000030
297,E1  1DF,E01035687,51.515275,-0.06824,E09000030
298,E1  1DG,E01004208,51.519118,-0.061374,E09000030
299,E1  1DH,E01035686,51.517367,-0.063135,E09000030
300,E1  1DJ,E01004322,51.519027,-0.058048,E09000030
301,E1  1DL,E01035686,51.516935,-0.064206,E09000030
302,E1  1DN,E01004309,51.518517,-0.06362,E09000030
303,E1  1DP,E01004309,51.518183,-0.064643,E09000030
304,E1  1DQ,E01004309,51.517641,-0.067246,E09000030
305,E1  1DR,E01004309,51.518241,-0.064323,E09000030
306,E1  1DS,E01004309,51.518241,-0.064323,E09000030
307,E1  1DT,E01004309,51.517757,-0.066102,E09000030
308,E1  1DU,E01004309,51.51702,-0.068267,E09000030
309,E1  1DW,E01004309,51.518372,-0.064116,E09000030
310,E1  1DX,E01004309,51.516788,-0.068911,E09000030
311,E1  1DY,E01035687,51.51674,-0.067644,E09000030
312,E1  1DZ,E01035686,51.515088,-0.064558,E09000030
313,E1  1EA,E01035687,51.51564,-0.070199,E09000030
314,E1  1EB,E01035687,51.516234,-0.067507,E09000030
315,E1  1ED,E01035687,51.51564,-0.070199,E09000030
316,E1  1EE,E01035687,51.515853,-0.067307,E09000030
317,E1  1EF,E01004306,51.517437,-0.070123,E09000030
318,E1  1EG,E01035687,51.515497,-0.067524,E09000030
319,E1  1EH,E01035687,51.515982,-0.066941,E09000030
320,E1  1EJ,E01035686,51.515787,-0.065494,E09000030
321,E1  1EL,E01035686,51.515088,-0.064558,E09000030
322,E1  1EN,E01035686,51.515648,-0.065788,E09000030
323,E1  1EP,E01035687,51.516031,-0.066665,E09000030
324,E1  1EQ,E01035686,51.515702,-0.0658,E09000030
325,E1  1ER,E01035687,51.515599,-0.066626,E09000030
326,E1  1ES,E01035686,51.516906,-0.064625,E09000030
327,E1  1ET,E01035686,51.517052,-0.063682,E09000030
328,E1  1EU,E01035686,51.516528,-0.063531,E09000030
329,E1  1EW,E01035687,51.516758,-0.067672,E09000030
330,E1  1EX,E01035689,51.514694,-0.067356,E09000030
331,E1  1EY,E01004321,51.516894,-0.063371,E09000030
332,E1  1EZ,E01035687,51.515608,-0.066654,E09000030
333,E1  1FA,E01035687,51.515531,-0.067955,E09000030
334,E1  1FB,E01035687,51.515531,-0.067955,E09000030
335,E1  1FD,E01035687,51.515531,-0.067955,E09000030
336,E1  1FE,E01035687,51.514917,-0.06997,E09000030
337,E1  1FF,E01035686,51.516894,-0.066124,E09000030
338,E1  1FG,E01035686,51.516894,-0.066124,E09000030
339,E1  1FH,E01035689,51.514452,-0.066329,E09000030
340,E1  1FJ,E01035689,51.514687,-0.067515,E09000030
341,E1  1FL,E01035689,51.513027,-0.06662,E09000030
342,E1  1FN,E01035686,51.516894,-0.066124,E09000030
343,E1  1FP,E01035686,51.516894,-0.066124,E09000030
344,E1  1FQ,E01035689,51.513027,-0.066605,E09000030
345,E1  1FR,E01004322,51.518702,-0.060138,E09000030
346,E1  1FS,E01004321,51.514179,-0.062881,E09000030
347,E1  1FT,E01035686,51.516894,-0.066124,E09000030
348,E1  1FX,E01035686,51.516894,-0.066124,E09000030
349,E1  1FY,E01035686,51.516894,-0.066124,E09000030
350,E1  1GU,E01035686,51.517335,-0.063958,E09000030
351,E1  1GW,E01035686,51.517335,-0.063958,E09000030
352,E1  1HA,E01035686,51.51637,-0.063249,E09000030
353,E1  1HB,E01035686,51.516467,-0.06584,E09000030
354,E1  1HD,E01035687,51.515875,-0.068099,E09000030
355,E1  1HE,E01004321,51.515427,-0.062237,E09000030
356,E1  1HF,E01004322,51.519027,-0.058048,E09000030
357,E1  1HG,E01004321,51.51642,-0.062959,E09000030
358,E1  1HH,E01004321,51.516782,-0.062583,E09000030
359,E1  1HJ,E01035686,51.517857,-0.062869,E09000030
360,E1  1HL,E01035686,51.515464,-0.063331,E09000030
361,E1  1HN,E01035686,51.515203,-0.063328,E09000030
362,E1  1HP,E01035686,51.515203,-0.063328,E09000030
363,E1  1HQ,E01035686,51.516099,-0.063174,E09000030
364,E1  1HR,E01004321,51.515423,-0.063578,E09000030
365,E1  1HS,E01004321,51.515887,-0.063356,E09000030
366,E1  1HT,E01035686,51.515088,-0.064558,E09000030
367,E1  1HU,E01004321,51.517016,-0.063107,E09000030
368,E1  1HW,E01004322,51.519019,-0.058106,E09000030
369,E1  1HX,E01004321,51.516437,-0.062944,E09000030
370,E1  1HY,E01035686,51.516467,-0.06584,E09000030
371,E1  1HZ,E01004309,51.516515,-0.06872,E09000030
372,E1  1JA,E01004322,51.518193,-0.061442,E09000030
373,E1  1JB,E01035687,51.517366,-0.065802,E09000030
374,E1  1JD,E01035686,51.517835,-0.064283,E09000030
375,E1  1JE,E01035686,51.517979,-0.063729,E09000030
376,E1  1JF,E01035687,51.517366,-0.065802,E09000030
377,E1  1JG,E01035686,51.517457,-0.064789,E09000030
378,E1  1JH,E01035686,51.517727,-0.063696,E09000030
379,E1  1JJ,E01004309,51.516994,-0.068354,E09000030
380,E1  1JL,E01004309,51.516994,-0.068354,E09000030
381,E1  1JN,E01035686,51.516518,-0.064584,E09000030
382,E1  1JP,E01035686,51.516108,-0.064269,E09000030
383,E1  1JQ,E01035686,51.51747,-0.065552,E09000030
384,E1  1JR,E01035686,51.516541,-0.063775,E09000030
385,E1  1JS,E01004321,51.516867,-0.062854,E09000030
386,E1  1JT,E01004321,51.516307,-0.062704,E09000030
387,E1  1JU,E01035687,51.517099,-0.065957,E09000030
388,E1  1JW,E01035686,51.515528,-0.064496,E09000030
389,E1  1JX,E01035687,51.517319,-0.066265,E09000030
390,E1  1JY,E01035687,51.516628,-0.067981,E09000030
391,E1  1JZ,E01004309,51.516994,-0.068354,E09000030
392,E1  1LA,E01035687,51.51502,-0.065872,E09000030
393,E1  1LB,E01035687,51.515125,-0.067352,E09000030
394,E1  1LD,E01035687,51.515122,-0.068794,E09000030
395,E1  1LE,E01035689,51.512763,-0.06751,E09000030
396,E1  1LF,E01035687,51.515106,-0.066748,E09000030
397,E1  1LG,E01035687,51.51551,-0.069426,E09000030
398,E1  1LH,E01035687,51.515334,-0.070745,E09000030
399,E1  1LJ,E01035689,51.514687,-0.066967,E09000030
400,E1  1LL,E01035687,51.51489,-0.069481,E09000030
401,E1  1LN,E01035687,51.514816,-0.069326,E09000030
402,E1  1LP,E01035689,51.514678,-0.06753,E09000030
403,E1  1LQ,E01032767,51.5121,-0.067135,E09000030
404,E1  1LR,E01035689,51.513748,-0.067267,E09000030
405,E1  1LS,E01035689,51.514063,-0.066734,E09000030
406,E1  1LT,E01035689,51.513644,-0.066939,E09000030
407,E1  1LU,E01035689,51.512753,-0.067496,E09000030
408,E1  1LW,E01035689,51.514717,-0.068796,E09000030
409,E1  1LX,E01035689,51.512717,-0.066892,E09000030
410,E1  1LY,E01004319,51.512737,-0.066502,E09000030
411,E1  1LZ,E01004319,51.513778,-0.065276,E09000030
412,E1  1NA,E01004319,51.512822,-0.065115,E09000030
413,E1  1NB,E01004321,51.514409,-0.06535,E09000030
414,E1  1ND,E01035689,51.514433,-0.066286,E09000030
415,E1  1NE,E01035689,51.513053,-0.065509,E09000030
416,E1  1NG,E01004321,51.514138,-0.065275,E09000030
417,E1  1NH,E01035689,51.513053,-0.065509,E09000030
418,E1  1NJ,E01004321,51.514646,-0.064476,E09000030
419,E1  1NL,E01004321,51.514667,-0.063033,E09000030
420,E1  1NN,E01004321,51.514646,-0.064476,E09000030
421,E1  1NP,E01035689,51.51467,-0.065916,E09000030
422,E1  1NR,E01035689,51.514694,-0.067356,E09000030
423,E1  1NS,E01035689,51.513771,-0.065954,E09000030
424,E1  1NT,E01035689,51.513891,-0.066136,E09000030
425,E1  1NU,E01004321,51.514636,-0.064981,E09000030
426,E1  1NW,E01004321,51.514646,-0.064476,E09000030
427,E1  1NY,E01035689,51.514627,-0.066033,E09000030
428,E1  1NZ,E01035689,51.514627,-0.066033,E09000030
429,E1  1PA,E01004319,51.512415,-0.064397,E09000030
430,E1  1PB,E01004319,51.512513,-0.064912,E09000030
431,E1  1PD,E01004319,51.511755,-0.065852,E09000030
432,E1  1PE,E01004319,51.512502,-0.065849,E09000030
433,E1  1PF,E01004319,51.512338,-0.066274,E09000030
434,E1  1PG,E01004319,51.512139,-0.065677,E09000030
435,E1  1PH,E01035686,51.515088,-0.064558,E09000030
436,E1  1PJ,E01004321,51.514268,-0.063382,E09000030
437,E1  1PP,E01004319,51.513359,-0.06551,E09000030
438,E1  1PQ,E01004321,51.51413,-0.062653,E09000030
439,E1  1PR,E01035689,51.513421,-0.066012,E09000030
440,E1  1PS,E01035689,51.513351,-0.06662,E09000030
441,E1  1PT,E01035689,51.513053,-0.065509,E09000030
442,E1  1PU,E01004321,51.515015,-0.062875,E09000030
443,E1  1PW,E01035689,51.513406,-0.066157,E09000030
444,E1  1PX,E01004321,51.514955,-0.062502,E09000030
445,E1  1PY,E01004321,51.514182,-0.063083,E09000030
446,E1  1PZ,E01004321,51.5145,-0.062738,E09000030
447,E1  1QA,E01004321,51.514646,-0.064476,E09000030
448,E1  1QB,E01004321,51.513934,-0.063295,E09000030
449,E1  1QD,E01004321,51.513934,-0.063295,E09000030
450,E1  1QE,E01004321,51.513724,-0.063074,E09000030
451,E1  1QF,E01004319,51.512864,-0.062778,E09000030
452,E1  1QG,E01004322,51.519027,-0.058048,E09000030
453,E1  1QH,E01004319,51.512954,-0.063294,E09000030
454,E1  1QL,E01004319,51.511826,-0.062506,E09000030
455,E1  1QN,E01004319,51.512586,-0.062271,E09000030
456,E1  1QP,E01035689,51.51467,-0.065916,E09000030
457,E1  1QQ,E01035686,51.515088,-0.064558,E09000030
458,E1  1QR,E01004321,51.513747,-0.064514,E09000030
459,E1  1QS,E01004319,51.51195,-0.06459,E09000030
460,E1  1QT,E01004319,51.51195,-0.06459,E09000030
461,E1  1QU,E01004319,51.51195,-0.06459,E09000030
462,E1  1QW,E01004319,51.512857,-0.062346,E09000030
463,E1  1RA,E01035689,51.51467,-0.065916,E09000030
464,E1  1RD,E01035686,51.515004,-0.063797,E09000030
465,E1  1RE,E01004321,51.514646,-0.064476,E09000030
466,E1  1RF,E01004319,51.51193,-0.064432,E09000030
467,E1  1RH,E01004321,51.514421,-0.065033,E09000030
468,E1  1RJ,E01035689,51.513771,-0.065954,E09000030
469,E1  1RL,E01004321,51.514222,-0.064955,E09000030
470,E1  1RN,E01004321,51.513917,-0.064463,E09000030
471,E1  1RR,E01004319,51.512072,-0.065435,E09000030
472,E1  1RS,E01004321,51.514214,-0.064422,E09000030
473,E1  1RT,E01004319,51.513449,-0.063892,E09000030
474,E1  1RU,E01004319,51.512892,-0.06442,E09000030
475,E1  1RX,E01004319,51.513394,-0.06437,E09000030
476,E1  1RY,E01004319,51.513415,-0.065047,E09000030
477,E1  1SA,E01004319,51.511497,-0.064364,E09000030
478,E1  1SB,E01004319,51.511791,-0.06477,E09000030
479,E1  1SD,E01004319,51.51154,-0.06478,E09000030
480,E1  1SE,E01004319,51.511854,-0.064234,E09000030
481,E1  1SF,E01004322,51.519027,-0.058048,E09000030
482,E1  1SG,E01035686,51.515088,-0.064558,E09000030
483,E1  1SH,E01004322,51.519027,-0.058048,E09000030
484,E1  1SJ,E01035686,51.51492,-0.064161,E09000030
485,E1  1SL,E01004322,51.519027,-0.058048,E09000030
486,E1  1SN,E01004322,51.519027,-0.058048,E09000030
487,E1  1SP,E01035687,51.517366,-0.065802,E09000030
488,E1  1SQ,E01035686,51.515088,-0.064558,E09000030
489,E1  1SR,E01035687,51.517366,-0.065802,E09000030
490,E1  1SS,E01035686,51.515028,-0.064157,E09000030
491,E1  1ST,E01035686,51.515028,-0.064157,E09000030
492,E1  1SU,E01035686,51.515028,-0.064157,E09000030
493,E1  1SW,E01035686,51.51492,-0.064161,E09000030
494,E1  1SX,E01035686,51.515088,-0.064558,E09000030
495,E1  1SY,E01004322,51.519027,-0.058048,E09000030
496,E1  1SZ,E01004322,51.519027,-0.058048,E09000030
497,E1  1TA,E01004322,51.519027,-0.058048,E09000030
498,E1  1TB,E01035686,51.515028,-0.064157,E09000030
499,E1  1TD,E01035686,51.515028,-0.064157,E09000030
500,E1  1TE,E01004322,51.519019,-0.058106,E09000030
501,E1  1TF,E01004322,51.519027,-0.058048,E09000030
502,E1  1TG,E01035686,51.515088,-0.064558,E09000030
503,E1  1TH,E01035686,51.515088,-0.064558,E09000030
504,E1  1TJ,E01035686,51.515088,-0.064558,E09000030
505,E1  1TL,E01035686,51.515088,-0.064558,E09000030
506,E1  1TN,E01035686,51.515088,-0.064558,E09000030
507,E1  1TP,E01035687,51.517366,-0.065802,E09000030
508,E1  1TQ,E01004322,51.519027,-0.058048,E09000030
509,E1  1TR,E01004322,51.519027,-0.058048,E09000030
510,E1  1TS,E01004322,51.519019,-0.058106,E09000030
511,E1  1TT,E01004322,51.519027,-0.058048,E09000030
512,E1  1TU,E01004322,51.519027,-0.058048,E09000030
513,E1  1TW,E01004322,51.519027,-0.058048,E09000030
514,E1  1TX,E01004322,51.519027,-0.058048,E09000030
515,E1  1TY,E01004322,51.519027,-0.058048,E09000030
516,E1  1TZ,E01004322,51.519027,-0.058048,E09000030
517,E1  1UA,E01004322,51.519027,-0.058048,E09000030
518,E1  1UB,E01004322,51.519027,-0.058048,E09000030
519,E1  1UD,E01004322,51.519027,-0.058048,E09000030
520,E1  1UE,E01004322,51.519027,-0.058048,E09000030
521,E1  1UF,E01004322,51.519027,-0.058048,E09000030
522,E1  1UY,E01004322,51.519027,-0.058048,E09000030
523,E1  1UZ,E01004322,51.519027,-0.058048,E09000030
524,E1  1WA,E01004322,51.519027,-0.058048,E09000030
525,E1  1WB,E01004322,51.519027,-0.058048,E09000030
526,E1  1WD,E01004322,51.519027,-0.058048,E09000030
527,E1  1WE,E01004322,51.519027,-0.058048,E09000030
528,E1  1WF,E01004322,51.519027,-0.058048,E09000030
529,E1  1WG,E01004322,51.519027,-0.058048,E09000030
530,E1  1WH,E01004322,51.519027,-0.058048,E09000030
531,E1  1WJ,E01004322,51.519027,-0.058048,E09000030
532,E1  1WL,E01004322,51.519027,-0.058048,E09000030
533,E1  1WN,E01004322,51.519027,-0.058048,E09000030
534,E1  1WP,E01004322,51.519027,-0.058048,E09000030
535,E1  1WQ,E01004322,51.519027,-0.058048,E09000030
536,E1  1WR,E01004322,51.519027,-0.058048,E09000030
537,E1  1WS,E01004322,51.519027,-0.058048,E09000030
538,E1  1WT,E01004322,51.519027,-0.058048,E09000030
539,E1  1WU,E01004322,51.519027,-0.058048,E09000030
540,E1  1WW,E01004322,51.519027,-0.058048,E09000030
541,E1  1WX,E01004322,51.519027,-0.058048,E09000030
542,E1  1WY,E01004322,51.519027,-0.058048,E09000030
543,E1  1WZ,E01004322,51.519027,-0.058048,E09000030
544,E1  1XA,E01004322,51.519027,-0.058048,E09000030
545,E1  1XB,E01004322,51.519027,-0.058048,E09000030
546,E1  1XQ,E01004322,51.519027,-0.058048,E09000030
547,E1  1XU,E01004322,51.519027,-0.058048,E09000030
548,E1  1XW,E01004322,51.519027,-0.058048,E09000030
549,E1  1XY,E01004322,51.519027,-0.058048,E09000030
550,E1  1XZ,E01004322,51.519027,-0.058048,E09000030
551,E1  1YB,E01004322,51.519019,-0.058106,E09000030
552,E1  1YD,E01004322,51.519027,-0.058048,E09000030
553,E1  1YF,E01004322,51.519027,-0.058048,E09000030
554,E1  1YQ,E01004322,51.519019,-0.058106,E09000030
555,E1  1YT,E01004322,51.519027,-0.058048,E09000030
556,E1  1YX,E01004322,51.519027,-0.058048,E09000030
557,E1  1YZ,E01004322,51.519027,-0.058048,E09000030
558,E1  1ZE,E01004322,51.519027,-0.058048,E09000030
559,E1  1ZZ,E01004208,51.520018,-0.057631,E09000030
560,E1  2AA,E01004321,51.516906,-0.060272,E09000030
561,E1  2AB,E01004321,51.516739,-0.06051,E09000030
562,E1  2AD,E01004322,51.517776,-0.060667,E09000030
563,E1  2AE,E01004322,51.517334,-0.061147,E09000030
564,E1  2AF,E01004321,51.515156,-0.061038,E09000030
565,E1  2AG,E01004322,51.517226,-0.061138,E09000030
566,E1  2AH,E01004321,51.516772,-0.059816,E09000030
567,E1  2AJ,E01004321,51.516592,-0.059795,E09000030
568,E1  2AL,E01004321,51.516326,-0.059994,E09000030
569,E1  2AN,E01004321,51.516,-0.061492,E09000030
570,E1  2AP,E01004326,51.515731,-0.059399,E09000030
571,E1  2AQ,E01004321,51.516004,-0.05959,E09000030
572,E1  2AR,E01004321,51.515646,-0.060772,E09000030
573,E1  2AS,E01004321,51.515666,-0.060339,E09000030
574,E1  2AT,E01004321,51.516638,-0.062042,E09000030
575,E1  2AU,E01004321,51.515465,-0.060722,E09000030
576,E1  2AW,E01004321,51.515787,-0.061112,E09000030
577,E1  2AX,E01004321,51.515709,-0.061879,E09000030
578,E1  2AY,E01004322,51.519027,-0.058048,E09000030
579,E1  2AZ,E01004321,51.516497,-0.060059,E09000030
580,E1  2BA,E01004322,51.517206,-0.062119,E09000030
581,E1  2BB,E01004322,51.518131,-0.062022,E09000030
582,E1  2BD,E01004326,51.516216,-0.059364,E09000030
583,E1  2BE,E01004304,51.514058,-0.061517,E09000030
584,E1  2BF,E01004304,51.51178,-0.060821,E09000030
585,E1  2BG,E01004322,51.518145,-0.058562,E09000030
586,E1  2BH,E01004326,51.516348,-0.058638,E09000030
587,E1  2BJ,E01004323,51.516574,-0.05762,E09000030
588,E1  2BL,E01004323,51.516691,-0.058162,E09000030
589,E1  2BN,E01004326,51.51629,-0.057329,E09000030
590,E1  2BP,E01004326,51.515786,-0.057307,E09000030
591,E1  2BQ,E01004323,51.516678,-0.05737,E09000030
592,E1  2BS,E01004326,51.515463,-0.057306,E09000030
593,E1  2BT,E01004326,51.51488,-0.059061,E09000030
594,E1  2BU,E01004326,51.514833,-0.058933,E09000030
595,E1  2BW,E01004322,51.517201,-0.057478,E09000030
596,E1  2BX,E01004304,51.514551,-0.058715,E09000030
597,E1  2BY,E01004304,51.514079,-0.057942,E09000030
598,E1  2BZ,E01004326,51.514527,-0.057274,E09000030
599,E1  2DA,E01004321,51.514975,-0.060974,E09000030
600,E1  2DB,E01004304,51.514575,-0.060155,E09000030
601,E1  2DD,E01004326,51.515027,-0.059746,E09000030
602,E1  2DE,E01004326,51.515185,-0.059552,E09000030
603,E1  2DF,E01004322,51.519027,-0.058048,E09000030
604,E1  2DG,E01004322,51.519027,-0.058048,E09000030
605,E1  2DH,E01004326,51.515231,-0.059089,E09000030
606,E1  2DJ,E01004304,51.514575,-0.060155,E09000030
607,E1  2DL,E01004321,51.515422,-0.060277,E09000030
608,E1  2DN,E01004326,51.515672,-0.05907,E09000030
609,E1  2DP,E01004322,51.516985,-0.059087,E09000030
610,E1  2DQ,E01004326,51.515185,-0.059552,E09000030
611,E1  2DR,E01004326,51.516124,-0.058676,E09000030
612,E1  2DS,E01004326,51.515102,-0.058331,E09000030
613,E1  2DT,E01004326,51.515445,-0.058388,E09000030
614,E1  2DU,E01004326,51.515405,-0.057626,E09000030
615,E1  2DW,E01004326,51.515102,-0.058331,E09000030
616,E1  2DX,E01004322,51.519027,-0.058048,E09000030
617,E1  2DY,E01004326,51.515121,-0.057869,E09000030
618,E1  2DZ,E01004326,51.515283,-0.057343,E09000030
619,E1  2EA,E01004326,51.516615,-0.058987,E09000030
620,E1  2EB,E01004321,51.515014,-0.061736,E09000030
621,E1  2ED,E01004322,51.519044,-0.058523,E09000030
622,E1  2EE,E01004322,51.519076,-0.057181,E09000030
623,E1  2EF,E01004321,51.516311,-0.061839,E09000030
624,E1  2EG,E01004322,51.519168,-0.05676,E09000030
625,E1  2EH,E01004322,51.519027,-0.058048,E09000030
626,E1  2EJ,E01004302,51.511981,-0.056129,E09000030
627,E1  2EL,E01004324,51.519057,-0.055525,E09000030
628,E1  2EN,E01004323,51.517613,-0.056811,E09000030
629,E1  2EP,E01004323,51.517094,-0.056459,E09000030
630,E1  2EQ,E01004323,51.517171,-0.054567,E09000030
631,E1  2ER,E01004302,51.512002,-0.055739,E09000030
632,E1  2ES,E01004323,51.517168,-0.056023,E09000030
633,E1  2ET,E01004323,51.517365,-0.055409,E09000030
634,E1  2EU,E01004323,51.517085,-0.055335,E09000030
635,E1  2EW,E01004322,51.517394,-0.058276,E09000030
636,E1  2EX,E01004304,51.514494,-0.059625,E09000030
637,E1  2EY,E01004323,51.516675,-0.054487,E09000030
638,E1  2EZ,E01004319,51.513406,-0.06179,E09000030
639,E1  2FA,E01004304,51.514376,-0.058448,E09000030
640,E1  2FB,E01004304,51.514338,-0.057239,E09000030
641,E1  2FD,E01004304,51.514183,-0.060935,E09000030
642,E1  2FE,E01004304,51.514452,-0.060866,E09000030
643,E1  2FF,E01004302,51.511361,-0.056717,E09000030
644,E1  2FG,E01004326,51.514895,-0.058844,E09000030
645,E1  2FH,E01004326,51.514474,-0.053544,E09000030
646,E1  2FJ,E01004322,51.518614,-0.056437,E09000030
647,E1  2FL,E01004322,51.518096,-0.056128,E09000030
648,E1  2FN,E01004322,51.518159,-0.055606,E09000030
649,E1  2FP,E01004322,51.518863,-0.056845,E09000030
650,E1  2FQ,E01004322,51.51861,-0.056754,E09000030
651,E1  2FR,E01004322,51.51861,-0.056754,E09000030
652,E1  2FS,E01004322,51.517895,-0.056468,E09000030
653,E1  2FT,E01004322,51.518215,-0.0568,E09000030
654,E1  2FU,E01004322,51.518215,-0.0568,E09000030
655,E1  2FW,E01004322,51.518794,-0.055896,E09000030
656,E1  2FX,E01004322,51.51834,-0.055656,E09000030
657,E1  2FY,E01004322,51.518033,-0.055583,E09000030
658,E1  2FZ,E01004322,51.518319,-0.056046,E09000030
659,E1  2GA,E01004322,51.517959,-0.056004,E09000030
660,E1  2GB,E01004322,51.518215,-0.0568,E09000030
661,E1  2GD,E01004326,51.514685,-0.055394,E09000030
662,E1  2GL,E01004322,51.519027,-0.058048,E09000030
663,E1  2HA,E01004323,51.516996,-0.055973,E09000030
664,E1  2HB,E01004304,51.514359,-0.058016,E09000030
665,E1  2HD,E01004323,51.516227,-0.056207,E09000030
666,E1  2HE,E01004323,51.515867,-0.055632,E09000030
667,E1  2HF,E01004323,51.517189,-0.056729,E09000030
668,E1  2HG,E01004323,51.516214,-0.055458,E09000030
669,E1  2HH,E01004323,51.515867,-0.055632,E09000030
670,E1  2HJ,E01004323,51.515724,-0.055177,E09000030
671,E1  2HL,E01004326,51.515675,-0.056577,E09000030
672,E1  2HN,E01004326,51.515284,-0.057357,E09000030
673,E1  2HP,E01004326,51.515276,-0.056896,E09000030
674,E1  2HQ,E01004326,51.514855,-0.055891,E09000030
675,E1  2HR,E01004326,51.514543,-0.055501,E09000030
676,E1  2HS,E01004323,51.516706,-0.056346,E09000030
677,E1  2HT,E01004322,51.519027,-0.058048,E09000030
678,E1  2HU,E01004326,51.514539,-0.055818,E09000030
679,E1  2HX,E01004326,51.515938,-0.056148,E09000030
680,E1  2JA,E01004323,51.517573,-0.05713,E09000030
681,E1  2JB,E01004326,51.516164,-0.057868,E09000030
682,E1  2JD,E01004326,51.515878,-0.057966,E09000030
683,E1  2JE,E01004326,51.515806,-0.058459,E09000030
684,E1  2JF,E01004326,51.516071,-0.059284,E09000030
685,E1  2JG,E01004304,51.514551,-0.058715,E09000030
686,E1  2JH,E01004321,51.516777,-0.059586,E09000030
687,E1  2JJ,E01004322,51.517239,-0.061411,E09000030
688,E1  2JL,E01004321,51.517347,-0.060325,E09000030
689,E1  2JN,E01004321,51.515473,-0.060117,E09000030
690,E1  2JP,E01004304,51.514507,-0.060432,E09000030
691,E1  2JR,E01004304,51.514494,-0.059625,E09000030
692,E1  2JT,E01004304,51.514596,-0.059808,E09000030
693,E1  2JU,E01004304,51.514598,-0.061595,E09000030
694,E1  2JX,E01004321,51.514622,-0.063035,E09000030
695,E1  2JY,E01004304,51.514598,-0.061047,E09000030
696,E1  2JZ,E01004319,51.512801,-0.061671,E09000030
697,E1  2LA,E01004304,51.514094,-0.061026,E09000030
698,E1  2LB,E01004319,51.5137,-0.061633,E09000030
699,E1  2LD,E01004304,51.514359,-0.058016,E09000030
700,E1  2LE,E01004304,51.514144,-0.061297,E09000030
701,E1  2LF,E01004304,51.513896,-0.061538,E09000030
702,E1  2LG,E01004304,51.513508,-0.061425,E09000030
703,E1  2LH,E01004304,51.513815,-0.061513,E09000030
704,E1  2LJ,E01004319,51.511864,-0.061581,E09000030
705,E1  2LL,E01004321,51.513316,-0.062875,E09000030
706,E1  2LN,E01004319,51.513312,-0.063177,E09000030
707,E1  2LP,E01004321,51.514128,-0.062509,E09000030
708,E1  2LQ,E01004319,51.512801,-0.061671,E09000030
709,E1  2LR,E01004319,51.51397,-0.062213,E09000030
710,E1  2LS,E01004304,51.514351,-0.061317,E09000030
711,E1  2LW,E01004321,51.513724,-0.063074,E09000030
712,E1  2LX,E01004319,51.51336,-0.061763,E09000030
713,E1  2LY,E01004295,51.511413,-0.061442,E09000030
714,E1  2NA,E01004304,51.513254,-0.058597,E09000030
715,E1  2NB,E01004304,51.514435,-0.058244,E09000030
716,E1  2ND,E01004304,51.512678,-0.058549,E09000030
717,E1  2NE,E01004304,51.51443,-0.059008,E09000030
718,E1  2NF,E01004304,51.512744,-0.060377,E09000030
719,E1  2NG,E01004304,51.512848,-0.058513,E09000030
720,E1  2NH,E01004304,51.512589,-0.059158,E09000030
721,E1  2NJ,E01004304,51.512412,-0.059886,E09000030
722,E1  2NL,E01004304,51.512025,-0.059341,E09000030
723,E1  2NN,E01004304,51.512087,-0.058718,E09000030
724,E1  2NP,E01004301,51.512198,-0.057301,E09000030
725,E1  2NQ,E01004304,51.512589,-0.059158,E09000030
726,E1  2NR,E01004304,51.512035,-0.060479,E09000030
727,E1  2NS,E01004304,51.512754,-0.058791,E09000030
728,E1  2NT,E01004304,51.512872,-0.057791,E09000030
729,E1  2NW,E01004301,51.512134,-0.05778,E09000030
730,E1  2NX,E01004298,51.514034,-0.055191,E09000030
731,E1  2PA,E01004298,51.51214,-0.054349,E09000030
732,E1  2PB,E01004302,51.512541,-0.055759,E09000030
733,E1  2PD,E01004298,51.512642,-0.055337,E09000030
734,E1  2PE,E01004298,51.51257,-0.054763,E09000030
735,E1  2PF,E01004302,51.512541,-0.055759,E09000030
736,E1  2PG,E01004302,51.51191,-0.055671,E09000030
737,E1  2PH,E01004301,51.511703,-0.059427,E09000030
738,E1  2PJ,E01004302,51.512718,-0.056097,E09000030
739,E1  2PL,E01004304,51.512557,-0.061062,E09000030
740,E1  2PN,E01004302,51.512478,-0.056252,E09000030
741,E1  2PP,E01004298,51.513608,-0.056636,E09000030
742,E1  2PQ,E01004326,51.514485,-0.054754,E09000030
743,E1  2PR,E01004304,51.51373,-0.056933,E09000030
744,E1  2PS,E01004326,51.514498,-0.054984,E09000030
745,E1  2PT,E01004304,51.513156,-0.057016,E09000030
746,E1  2PU,E01004298,51.513041,-0.056617,E09000030
747,E1  2PW,E01004302,51.512158,-0.056482,E09000030
748,E1  2PX,E01004302,51.512132,-0.056021,E09000030
749,E1  2PY,E01004298,51.514052,-0.054109,E09000030
750,E1  2PZ,E01004319,51.5137,-0.061633,E09000030
751,E1  2QA,E01004298,51.513746,-0.055203,E09000030
752,E1  2QB,E01004302,51.511756,-0.055057,E09000030
753,E1  2QD,E01004302,51.511734,-0.055851,E09000030
754,E1  2QE,E01004302,51.511581,-0.05642,E09000030
755,E1  2QF,E01004302,51.511209,-0.056724,E09000030
756,E1  2QG,E01004302,51.511491,-0.055833,E09000030
757,E1  2QH,E01004302,51.511493,-0.054362,E09000030
758,E1  2QJ,E01004302,51.511216,-0.054446,E09000030
759,E1  2QL,E01004302,51.511226,-0.055584,E09000030
760,E1  2QN,E01004301,51.511285,-0.057542,E09000030
761,E1  2QP,E01004304,51.511275,-0.060742,E09000030
762,E1  2QQ,E01004302,51.511491,-0.054795,E09000030
763,E1  2QR,E01004298,51.51363,-0.05577,E09000030
764,E1  2QS,E01004298,51.51363,-0.05577,E09000030
765,E1  2QT,E01004298,51.51305,-0.054959,E09000030
766,E1  2QU,E01004304,51.512819,-0.057318,E09000030
767,E1  2QW,E01004301,51.511296,-0.058766,E09000030
768,E1  2QX,E01004298,51.513615,-0.05652,E09000030
769,E1  2QY,E01004304,51.513695,-0.056993,E09000030
770,E1  2QZ,E01004304,51.513792,-0.057969,E09000030
771,E1  2RA,E01004321,51.516178,-0.060317,E09000030
772,E1  2RB,E01004321,51.515993,-0.059994,E09000030
773,E1  2RD,E01004321,51.516016,-0.059762,E09000030
774,E1  2RE,E01004304,51.514359,-0.058016,E09000030
775,E1  2RF,E01004322,51.519027,-0.058048,E09000030
776,E1  2RG,E01004322,51.519027,-0.058048,E09000030
777,E1  2RH,E01004304,51.514359,-0.058016,E09000030
778,E1  2RJ,E01004322,51.519027,-0.058048,E09000030
779,E1  2RL,E01004304,51.514115,-0.057926,E09000030
780,E1  2RN,E01004304,51.514079,-0.057942,E09000030
781,E1  2RP,E01004322,51.519027,-0.058048,E09000030
782,E1  2RQ,E01004304,51.514054,-0.057496,E09000030
783,E1  2RR,E01004322,51.519019,-0.058106,E09000030
784,E1  2RS,E01004304,51.514054,-0.057496,E09000030
785,E1  2RT,E01004304,51.514079,-0.057942,E09000030
786,E1  2RU,E01004322,51.519019,-0.058106,E09000030
787,E1  2RW,E01004304,51.514054,-0.057496,E09000030
788,E1  2RX,E01004304,51.514115,-0.057926,E09000030
789,E1  2RY,E01004322,51.519027,-0.058048,E09000030
790,E1  2RZ,E01004304,51.514115,-0.057926,E09000030
791,E1  2SA,E01004304,51.514115,-0.057926,E09000030
792,E1  2SL,E01004322,51.518193,-0.061442,E09000030
793,E1  2UX,E01004322,51.519027,-0.058048,E09000030
794,E1  2UY,E01004322,51.519027,-0.058048,E09000030
795,E1  2UZ,E01004322,51.519027,-0.058048,E09000030
796,E1  2WA,E01004322,51.519027,-0.058048,E09000030
797,E1  2WB,E01004322,51.519027,-0.058048,E09000030
798,E1  2WD,E01004322,51.519027,-0.058048,E09000030
799,E1  2WE,E01004322,51.519027,-0.058048,E09000030
800,E1  2WF,E01004322,51.519027,-0.058048,E09000030
801,E1  2WG,E01004322,51.519027,-0.058048,E09000030
802,E1  2WH,E01004322,51.519027,-0.058048,E09000030
803,E1  2WJ,E01004322,51.519019,-0.058106,E09000030
804,E1  2WL,E01004322,51.519027,-0.058048,E09000030
805,E1  2WN,E01004322,51.519027,-0.058048,E09000030
806,E1  2WP,E01004322,51.519027,-0.058048,E09000030
807,E1  2WQ,E01004322,51.519027,-0.058048,E09000030
808,E1  2WR,E01004322,51.519027,-0.058048,E09000030
809,E1  2WS,E01004322,51.519027,-0.058048,E09000030
810,E1  2WT,E01004322,51.519027,-0.058048,E09000030
811,E1  2WU,E01004322,51.519027,-0.058048,E09000030
812,E1  2WW,E01004322,51.519027,-0.058048,E09000030
813,E1  2WX,E01004322,51.519027,-0.058048,E09000030
814,E1  2WY,E01004322,51.519027,-0.058048,E09000030
815,E1  2WZ,E01004322,51.519027,-0.058048,E09000030
816,E1  2XA,E01004304,51.514115,-0.057926,E09000030
817,E1  2XB,E01004304,51.514115,-0.057926,E09000030
818,E1  2XD,E01004322,51.519027,-0.058048,E09000030
819,E1  2XE,E01004322,51.519027,-0.058048,E09000030
820,E1  2XF,E01004304,51.514079,-0.057942,E09000030
821,E1  2XG,E01004322,51.519027,-0.058048,E09000030
822,E1  2XH,E01004322,51.519027,-0.058048,E09000030
823,E1  2XJ,E01004322,51.519027,-0.058048,E09000030
824,E1  2XL,E01004322,51.519019,-0.058106,E09000030
825,E1  2XN,E01004322,51.519027,-0.058048,E09000030
826,E1  2XP,E01004322,51.519027,-0.058048,E09000030
827,E1  2XQ,E01004322,51.519027,-0.058048,E09000030
828,E1  2XR,E01004322,51.519027,-0.058048,E09000030
829,E1  2XS,E01004322,51.519027,-0.058048,E09000030
830,E1  2XT,E01004322,51.519027,-0.058048,E09000030
831,E1  2XU,E01004322,51.519027,-0.058048,E09000030
832,E1  2XW,E01004322,51.519027,-0.058048,E09000030
833,E1  2XX,E01004322,51.519027,-0.058048,E09000030
834,E1  2XY,E01004322,51.519027,-0.058048,E09000030
835,E1  2XZ,E01004322,51.519027,-0.058048,E09000030
836,E1  2YL,E01004322,51.519027,-0.058048,E09000030
837,E1  2YP,E01004322,51.519027,-0.058048,E09000030
838,E1  2YT,E01004322,51.519027,-0.058048,E09000030
839,E1  2YZ,E01004322,51.519027,-0.058048,E09000030
840,E1  2ZQ,E01004322,51.519027,-0.058048,E09000030
841,E1  3AA,E01004322,51.519025,-0.054647,E09000030
842,E1  3AB,E01004322,51.519222,-0.055143,E09000030
843,E1  3AD,E01004324,51.519405,-0.053203,E09000030
844,E1  3AE,E01004322,51.519306,-0.053741,E09000030
845,E1  3AF,E01004322,51.519027,-0.058048,E09000030
846,E1  3AG,E01004283,51.51894,-0.049029,E09000030
847,E1  3AH,E01004283,51.519422,-0.050421,E09000030
848,E1  3AJ,E01004283,51.518432,-0.049267,E09000030
849,E1  3AL,E01004324,51.518663,-0.053466,E09000030
850,E1  3AN,E01004283,51.517703,-0.048693,E09000030
851,E1  3AP,E01004322,51.519782,-0.053692,E09000030
852,E1  3AQ,E01004283,51.519424,-0.051069,E09000030
853,E1  3AR,E01004322,51.520161,-0.053243,E09000030
854,E1  3AS,E01004324,51.51964,-0.053266,E09000030
855,E1  3AT,E01004324,51.518972,-0.053107,E09000030
856,E1  3AU,E01004324,51.518916,-0.053513,E09000030
857,E1  3AW,E01004283,51.517703,-0.048693,E09000030
858,E1  3AX,E01004324,51.5182,-0.053702,E09000030
859,E1  3AY,E01004322,51.518676,-0.053681,E09000030
860,E1  3AZ,E01004324,51.518833,-0.054468,E09000030
861,E1  3BA,E01004322,51.518501,-0.055044,E09000030
862,E1  3BB,E01004322,51.518268,-0.055111,E09000030
863,E1  3BD,E01004323,51.5179,-0.055127,E09000030
864,E1  3BE,E01004323,51.517413,-0.054528,E09000030
865,E1  3BG,E01004323,51.517413,-0.054557,E09000030
866,E1  3BH,E01004322,51.518206,-0.054091,E09000030
867,E1  3BJ,E01004324,51.517661,-0.053235,E09000030
868,E1  3BL,E01004324,51.517962,-0.053467,E09000030
869,E1  3BN,E01004324,51.5183,-0.053222,E09000030
870,E1  3BP,E01004324,51.519155,-0.052753,E09000030
871,E1  3BQ,E01004323,51.517498,-0.053703,E09000030
872,E1  3BS,E01004324,51.51976,-0.052871,E09000030
873,E1  3BT,E01004324,51.519659,-0.052241,E09000030
874,E1  3BU,E01004322,51.518501,-0.055044,E09000030
875,E1  3BW,E01004324,51.518771,-0.052351,E09000030
876,E1  3BX,E01004322,51.519141,-0.054051,E09000030
877,E1  3BY,E01004324,51.519531,-0.052622,E09000030
878,E1  3BZ,E01004324,51.519531,-0.052622,E09000030
879,E1  3DA,E01004283,51.519186,-0.048687,E09000030
880,E1  3DB,E01004283,51.518872,-0.047619,E09000030
881,E1  3DD,E01004323,51.516661,-0.053652,E09000030
882,E1  3DE,E01004283,51.520038,-0.050712,E09000030
883,E1  3DF,E01004283,51.516352,-0.045868,E09000030
884,E1  3DG,E01035681,51.517138,-0.042836,E09000030
885,E1  3DH,E01004283,51.516954,-0.046361,E09000030
886,E1  3DJ,E01004283,51.516862,-0.044664,E09000030
887,E1  3DL,E01004324,51.518093,-0.049973,E09000030
888,E1  3DN,E01004324,51.518093,-0.049959,E09000030
889,E1  3DP,E01004283,51.516626,-0.046663,E09000030
890,E1  3DQ,E01035681,51.52014,-0.042203,E09000030
891,E1  3DR,E01004283,51.516205,-0.047863,E09000030
892,E1  3DS,E01004289,51.516301,-0.048752,E09000030
893,E1  3DT,E01004287,51.515971,-0.049458,E09000030
894,E1  3DU,E01004323,51.51651,-0.054293,E09000030
895,E1  3DW,E01004283,51.516587,-0.045973,E09000030
896,E1  3DX,E01004283,51.517061,-0.048475,E09000030
897,E1  3DY,E01004323,51.517102,-0.054224,E09000030
898,E1  3DZ,E01004324,51.518093,-0.049959,E09000030
899,E1  3EA,E01004283,51.517039,-0.049312,E09000030
900,E1  3EB,E01004287,51.516953,-0.052818,E09000030
901,E1  3ED,E01004287,51.51687,-0.051582,E09000030
902,E1  3EE,E01004324,51.517426,-0.052034,E09000030
903,E1  3EF,E01004287,51.516679,-0.050942,E09000030
904,E1  3EG,E01004287,51.516045,-0.052857,E09000030
905,E1  3EH,E01004326,51.514952,-0.053638,E09000030
906,E1  3EJ,E01004326,51.514797,-0.054553,E09000030
907,E1  3EL,E01004326,51.515022,-0.055106,E09000030
908,E1  3EN,E01004326,51.515171,-0.054379,E09000030
909,E1  3EP,E01004323,51.515842,-0.054148,E09000030
910,E1  3EQ,E01004287,51.515219,-0.052921,E09000030
911,E1  3ER,E01004323,51.515957,-0.053466,E09000030
912,E1  3ES,E01004323,51.516185,-0.054797,E09000030
913,E1  3ET,E01004323,51.516193,-0.054148,E09000030
914,E1  3EU,E01004323,51.516409,-0.053634,E09000030
915,E1  3EW,E01004323,51.515709,-0.054817,E09000030
916,E1  3EX,E01004323,51.51698,-0.053927,E09000030
917,E1  3EY,E01004287,51.515723,-0.052957,E09000030
918,E1  3EZ,E01004287,51.516733,-0.050392,E09000030
919,E1  3FA,E01004290,51.52004,-0.042697,E09000030
920,E1  3FB,E01004290,51.520753,-0.050436,E09000030
921,E1  3FD,E01035680,51.519593,-0.041246,E09000030
922,E1  3FE,E01035680,51.520288,-0.041403,E09000030
923,E1  3FF,E01004290,51.520541,-0.050128,E09000030
924,E1  3FG,E01004323,51.5163,-0.055757,E09000030
925,E1  3FH,E01035681,51.519691,-0.041746,E09000030
926,E1  3FJ,E01035681,51.519979,-0.041719,E09000030
927,E1  3FL,E01035681,51.519666,-0.041863,E09000030
928,E1  3FN,E01035681,51.52014,-0.042203,E09000030
929,E1  3FP,E01035681,51.519483,-0.042173,E09000030
930,E1  3FQ,E01035682,51.517568,-0.041679,E09000030
931,E1  3FR,E01035681,51.52034,-0.042353,E09000030
932,E1  3FS,E01004290,51.520174,-0.04321,E09000030
933,E1  3FT,E01035681,51.520458,-0.041886,E09000030
934,E1  3FU,E01004287,51.514502,-0.053052,E09000030
935,E1  3FW,E01004290,51.52004,-0.042697,E09000030
936,E1  3FX,E01004290,51.5199,-0.043467,E09000030
937,E1  3FY,E01004290,51.5199,-0.043467,E09000030
938,E1  3FZ,E01004290,51.520074,-0.043676,E09000030
939,E1  3GA,E01004323,51.515478,-0.053328,E09000030
940,E1  3GB,E01004287,51.517014,-0.052715,E09000030
941,E1  3HA,E01004287,51.516398,-0.051343,E09000030
942,E1  3HB,E01004287,51.515991,-0.052311,E09000030
943,E1  3HD,E01004287,51.515954,-0.051679,E09000030
944,E1  3HE,E01004324,51.517464,-0.05271,E09000030
945,E1  3HF,E01004324,51.51792,-0.052589,E09000030
946,E1  3HG,E01004324,51.517735,-0.052266,E09000030
947,E1  3HH,E01004324,51.51719,-0.05141,E09000030
948,E1  3HJ,E01004324,51.517633,-0.050973,E09000030
949,E1  3HL,E01004324,51.517418,-0.050506,E09000030
950,E1  3HN,E01004324,51.518137,-0.049957,E09000030
951,E1  3HP,E01004324,51.518289,-0.052069,E09000030
952,E1  3HQ,E01004324,51.517636,-0.051722,E09000030
953,E1  3HR,E01004324,51.517213,-0.050054,E09000030
954,E1  3HS,E01004287,51.51661,-0.052761,E09000030
955,E1  3HT,E01004287,51.516405,-0.052337,E09000030
956,E1  3HU,E01004283,51.518838,-0.049884,E09000030
957,E1  3HW,E01004324,51.518173,-0.051022,E09000030
958,E1  3HX,E01004324,51.518137,-0.049957,E09000030
959,E1  3HY,E01004283,51.518685,-0.049357,E09000030
960,E1  3HZ,E01004283,51.517814,-0.048904,E09000030
961,E1  3JA,E01004290,51.520346,-0.05028,E09000030
962,E1  3JB,E01004283,51.519931,-0.050197,E09000030
963,E1  3JD,E01004283,51.52004,-0.049702,E09000030
964,E1  3JE,E01004283,51.519553,-0.049608,E09000030
965,E1  3JF,E01004283,51.519752,-0.049167,E09000030
966,E1  3JG,E01004283,51.519326,-0.049517,E09000030
967,E1  3JH,E01004283,51.519907,-0.048728,E09000030
968,E1  3JJ,E01004283,51.519248,-0.047545,E09000030
969,E1  3JL,E01004283,51.518877,-0.048441,E09000030
970,E1  3JN,E01004322,51.519027,-0.058048,E09000030
971,E1  3JP,E01004283,51.519799,-0.049843,E09000030
972,E1  3JQ,E01004283,51.520032,-0.049256,E09000030
973,E1  3JR,E01004283,51.517581,-0.048943,E09000030
974,E1  3JS,E01004290,51.520791,-0.048359,E09000030
975,E1  3JT,E01004290,51.520531,-0.047894,E09000030
976,E1  3JU,E01004290,51.520414,-0.049514,E09000030
977,E1  3JX,E01004290,51.520533,-0.048557,E09000030
978,E1  3JY,E01004290,51.520152,-0.047781,E09000030
979,E1  3LA,E01004322,51.519027,-0.058048,E09000030
980,E1  3LB,E01004283,51.519775,-0.048402,E09000030
981,E1  3LE,E01004283,51.519665,-0.047196,E09000030
982,E1  3LG,E01004290,51.52103,-0.049242,E09000030
983,E1  3LH,E01004283,51.519775,-0.048402,E09000030
984,E1  3LJ,E01004283,51.519145,-0.046195,E09000030
985,E1  3LL,E01004283,51.51908,-0.045549,E09000030
986,E1  3LN,E01004283,51.519304,-0.046015,E09000030
987,E1  3LP,E01004283,51.518735,-0.045319,E09000030
988,E1  3LQ,E01004290,51.520851,-0.048716,E09000030
989,E1  3LU,E01004290,51.519836,-0.043412,E09000030
990,E1  3LW,E01004283,51.519445,-0.045822,E09000030
991,E1  3LX,E01004290,51.519919,-0.04299,E09000030
992,E1  3LY,E01004290,51.520046,-0.042538,E09000030
993,E1  3LZ,E01035681,51.520084,-0.042075,E09000030
994,E1  3NA,E01035681,51.519401,-0.041571,E09000030
995,E1  3NB,E01035681,51.519429,-0.042175,E09000030
996,E1  3ND,E01004324,51.518093,-0.049959,E09000030
997,E1  3NE,E01035681,51.519238,-0.043697,E09000030
998,E1  3NG,E01035681,51.518324,-0.044399,E09000030
999,E1  3NH,E01035682,51.517657,-0.041603,E09000030
1000,E1  3NJ,E01035682,51.517762,-0.040906,E09000030
1001,E1  3NL,E01035682,51.517797,-0.039781,E09000030
1002,E1  3NN,E01035682,51.517797,-0.039781,E09000030
1003,E1  3NP,E01035681,51.519375,-0.041644,E09000030
1004,E1  3NQ,E01004290,51.519429,-0.044338,E09000030
1005,E1  3NR,E01004290,51.519551,-0.044131,E09000030
1006,E1  3NS,E01004287,51.515926,-0.05106,E09000030
1007,E1  3NT,E01004287,51.514481,-0.052895,E09000030
1008,E1  3NU,E01035681,51.518452,-0.044019,E09000030
1009,E1  3NW,E01035681,51.519199,-0.041897,E09000030
1010,E1  3PA,E01004326,51.515378,-0.054355,E09000030
1011,E1  3PH,E01004326,51.515378,-0.054355,E09000030
1012,E1  3PJ,E01004326,51.515378,-0.054355,E09000030
1013,E1  3PL,E01004326,51.515378,-0.054355,E09000030
1014,E1  3PP,E01004322,51.519027,-0.058048,E09000030
1015,E1  3PZ,E01004322,51.519027,-0.058048,E09000030
1016,E1  3QA,E01004326,51.515378,-0.054355,E09000030
1017,E1  3QB,E01004324,51.518093,-0.049973,E09000030
1018,E1  3QD,E01004322,51.519027,-0.058048,E09000030
1019,E1  3QE,E01004324,51.518093,-0.049959,E09000030
1020,E1  3QF,E01004326,51.515378,-0.054355,E09000030
1021,E1  3QG,E01004324,51.518093,-0.049959,E09000030
1022,E1  3QH,E01004324,51.518093,-0.049959,E09000030
1023,E1  3QJ,E01004322,51.519027,-0.058048,E09000030
1024,E1  3QL,E01004324,51.518137,-0.049957,E09000030
1025,E1  3QN,E01004322,51.519027,-0.058048,E09000030
1026,E1  3QP,E01004322,51.519027,-0.058048,E09000030
1027,E1  3QQ,E01004324,51.518093,-0.049959,E09000030
1028,E1  3QR,E01004322,51.519027,-0.058048,E09000030
1029,E1  3QS,E01004322,51.519027,-0.058048,E09000030
1030,E1  3QT,E01004322,51.519027,-0.058048,E09000030
1031,E1  3QW,E01004322,51.519027,-0.058048,E09000030
1032,E1  3QX,E01004322,51.519027,-0.058048,E09000030
1033,E1  3QZ,E01004322,51.519027,-0.058048,E09000030
1034,E1  3TE,E01004326,51.515378,-0.054355,E09000030
1035,E1  3WA,E01004322,51.519027,-0.058048,E09000030
1036,E1  3WB,E01004322,51.519027,-0.058048,E09000030
1037,E1  3WD,E01004322,51.519027,-0.058048,E09000030
1038,E1  3WE,E01004322,51.519027,-0.058048,E09000030
1039,E1  3WF,E01004322,51.519027,-0.058048,E09000030
1040,E1  3WG,E01004322,51.519019,-0.058106,E09000030
1041,E1  3WH,E01004322,51.519019,-0.058106,E09000030
1042,E1  3WJ,E01004322,51.519019,-0.058106,E09000030
1043,E1  3WL,E01004322,51.519027,-0.058048,E09000030
1044,E1  3WP,E01004322,51.519027,-0.058048,E09000030
1045,E1  3WQ,E01004322,51.519019,-0.058106,E09000030
1046,E1  3WR,E01004322,51.519027,-0.058048,E09000030
1047,E1  3WS,E01004322,51.519027,-0.058048,E09000030
1048,E1  3WT,E01004322,51.519027,-0.058048,E09000030
1049,E1  3WU,E01004322,51.519027,-0.058048,E09000030
1050,E1  3WW,E01004322,51.519027,-0.058048,E09000030
1051,E1  3WX,E01004322,51.519027,-0.058048,E09000030
1052,E1  3WY,E01004322,51.519027,-0.058048,E09000030
1053,E1  3WZ,E01004322,51.519027,-0.058048,E09000030
1054,E1  3XQ,E01004322,51.519027,-0.058048,E09000030
1055,E1  3XT,E01004322,51.519027,-0.058048,E09000030
1056,E1  3YA,E01004322,51.519027,-0.058048,E09000030
1057,E1  3YL,E01004322,51.519027,-0.058048,E09000030
1058,E1  3YQ,E01004322,51.519027,-0.058048,E09000030
1059,E1  3ZQ,E01004322,51.519027,-0.058048,E09000030
1060,E1  4AA,E01035670,51.522215,-0.045299,E09000030
1061,E1  4AB,E01004207,51.521563,-0.048845,E09000030
1062,E1  4AD,E01004207,51.522464,-0.048965,E09000030
1063,E1  4AE,E01032787,51.524219,-0.049567,E09000030
1064,E1  4AF,E01004208,51.522521,-0.050231,E09000030
1065,E1  4AG,E01035670,51.522586,-0.046019,E09000030
1066,E1  4AH,E01004207,51.522266,-0.04733,E09000030
1067,E1  4AJ,E01004207,51.522837,-0.04755,E09000030
1068,E1  4AL,E01004207,51.522837,-0.04755,E09000030
1069,E1  4AN,E01004207,51.523269,-0.048137,E09000030
1070,E1  4AP,E01004207,51.522177,-0.048443,E09000030
1071,E1  4AQ,E01004207,51.5218,-0.047436,E09000030
1072,E1  4AR,E01004207,51.52223,-0.048931,E09000030
1073,E1  4AS,E01004207,51.523346,-0.049518,E09000030
1074,E1  4AT,E01004207,51.523484,-0.04918,E09000030
1075,E1  4AU,E01032787,51.523584,-0.050863,E09000030
1076,E1  4AW,E01004207,51.52195,-0.048338,E09000030
1077,E1  4AX,E01004207,51.523236,-0.051007,E09000030
1078,E1  4AY,E01004207,51.523175,-0.050087,E09000030
1079,E1  4AZ,E01004207,51.522843,-0.051197,E09000030
1080,E1  4BA,E01004208,51.522201,-0.049322,E09000030
1081,E1  4BB,E01004208,51.522084,-0.051518,E09000030
1082,E1  4BD,E01004322,51.519027,-0.058048,E09000030
1083,E1  4BE,E01035670,51.522455,-0.046226,E09000030
1084,E1  4BF,E01004322,51.519027,-0.058048,E09000030
1085,E1  4BG,E01004208,51.521544,-0.049292,E09000030
1086,E1  4BH,E01035670,51.522786,-0.044525,E09000030
1087,E1  4BJ,E01035670,51.522384,-0.044153,E09000030
1088,E1  4BL,E01035670,51.522376,-0.043678,E09000030
1089,E1  4BN,E01035670,51.523502,-0.043774,E09000030
1090,E1  4BP,E01004263,51.525177,-0.045533,E09000030
1091,E1  4BQ,E01004208,51.521516,-0.049265,E09000030
1092,E1  4BS,E01004263,51.526011,-0.046463,E09000030
1093,E1  4BT,E01004263,51.525279,-0.045182,E09000030
1094,E1  4BU,E01035670,51.524748,-0.044095,E09000030
1095,E1  4BW,E01035670,51.524116,-0.04392,E09000030
1096,E1  4BX,E01004259,51.525699,-0.048264,E09000030
1097,E1  4BY,E01035670,51.525692,-0.044069,E09000030
1098,E1  4BZ,E01035670,51.526047,-0.043794,E09000030
1099,E1  4DA,E01035670,51.526012,-0.042743,E09000030
1100,E1  4DB,E01035670,51.526248,-0.042877,E09000030
1101,E1  4DD,E01035670,51.526167,-0.043443,E09000030
1102,E1  4DE,E01035670,51.526146,-0.044871,E09000030
1103,E1  4DF,E01035670,51.524508,-0.042621,E09000030
1104,E1  4DG,E01035670,51.525049,-0.042179,E09000030
1105,E1  4DH,E01035670,51.523794,-0.042968,E09000030
1106,E1  4DL,E01035670,51.525756,-0.045176,E09000030
1107,E1  4DN,E01035670,51.522793,-0.038485,E09000030
1108,E1  4DP,E01035670,51.522865,-0.039015,E09000030
1109,E1  4DQ,E01035670,51.52382,-0.042347,E09000030
1110,E1  4DR,E01035670,51.525717,-0.043405,E09000030
1111,E1  4DS,E01004263,51.523045,-0.047095,E09000030
1112,E1  4DT,E01004207,51.522131,-0.046759,E09000030
1113,E1  4DU,E01035670,51.522413,-0.046401,E09000030
1114,E1  4DW,E01035670,51.522684,-0.038922,E09000030
1115,E1  4DX,E01035670,51.522634,-0.046723,E09000030
1116,E1  4DY,E01004207,51.523812,-0.048374,E09000030
1117,E1  4DZ,E01004259,51.525473,-0.049268,E09000030
1118,E1  4EA,E01004263,51.524921,-0.048528,E09000030
1119,E1  4EB,E01004263,51.524726,-0.047614,E09000030
1120,E1  4ED,E01004263,51.524726,-0.047614,E09000030
1121,E1  4EE,E01004263,51.523491,-0.046902,E09000030
1122,E1  4EF,E01004263,51.524383,-0.04486,E09000030
1123,E1  4EG,E01035670,51.523167,-0.045273,E09000030
1124,E1  4EH,E01004263,51.523682,-0.045914,E09000030
1125,E1  4EJ,E01004263,51.524637,-0.04606,E09000030
1126,E1  4EL,E01004263,51.524894,-0.045848,E09000030
1127,E1  4EN,E01004263,51.525195,-0.04608,E09000030
1128,E1  4EP,E01004263,51.524845,-0.046671,E09000030
1129,E1  4EQ,E01004263,51.523788,-0.046371,E09000030
1130,E1  4ER,E01004263,51.525449,-0.046761,E09000030
1131,E1  4ES,E01004263,51.525414,-0.047368,E09000030
1132,E1  4ET,E01004259,51.525585,-0.048442,E09000030
1133,E1  4EU,E01035670,51.523258,-0.044231,E09000030
1134,E1  4EW,E01004263,51.524462,-0.04689,E09000030
1135,E1  4EX,E01004263,51.523529,-0.045402,E09000030
1136,E1  4EY,E01004283,51.519863,-0.050979,E09000030
1137,E1  4EZ,E01004322,51.519027,-0.058048,E09000030
1138,E1  4FA,E01004208,51.520659,-0.054491,E09000030
1139,E1  4FB,E01004322,51.519027,-0.058048,E09000030
1140,E1  4FD,E01035670,51.522413,-0.046401,E09000030
1141,E1  4FE,E01035670,51.522413,-0.046401,E09000030
1142,E1  4FF,E01004208,51.521805,-0.04931,E09000030
1143,E1  4FG,E01035680,51.51853,-0.038423,E09000030
1144,E1  4FH,E01004322,51.519027,-0.058048,E09000030
1145,E1  4FJ,E01004322,51.519027,-0.058048,E09000030
1146,E1  4FL,E01004322,51.519027,-0.058048,E09000030
1147,E1  4FN,E01004322,51.519027,-0.058048,E09000030
1148,E1  4FP,E01004322,51.519027,-0.058048,E09000030
1149,E1  4FQ,E01035670,51.523785,-0.038644,E09000030
1150,E1  4FR,E01004322,51.519027,-0.058048,E09000030
1151,E1  4FS,E01004263,51.524658,-0.048409,E09000030
1152,E1  4FT,E01004322,51.519027,-0.058048,E09000030
1153,E1  4FU,E01035680,51.520487,-0.038786,E09000030
1154,E1  4FW,E01004322,51.519027,-0.058048,E09000030
1155,E1  4FX,E01035680,51.520288,-0.041403,E09000030
1156,E1  4FY,E01035680,51.520288,-0.041403,E09000030
1157,E1  4FZ,E01035670,51.523165,-0.042967,E09000030
1158,E1  4GA,E01035670,51.523189,-0.042821,E09000030
1159,E1  4GB,E01035681,51.518396,-0.039568,E09000030
1160,E1  4GD,E01035681,51.518402,-0.039942,E09000030
1161,E1  4GE,E01035681,51.518737,-0.038976,E09000030
1162,E1  4GF,E01035682,51.518339,-0.038864,E09000030
1163,E1  4GG,E01035670,51.523505,-0.038022,E09000030
1164,E1  4GH,E01004290,51.520513,-0.047347,E09000030
1165,E1  4GJ,E01035683,51.518088,-0.036222,E09000030
1166,E1  4GL,E01004290,51.520729,-0.050624,E09000030
1167,E1  4GN,E01035680,51.520726,-0.03853,E09000030
1168,E1  4GP,E01035670,51.52642,-0.042957,E09000030
1169,E1  4GQ,E01004283,51.519505,-0.051066,E09000030
1170,E1  4GR,E01004207,51.522886,-0.049451,E09000030
1171,E1  4GS,E01032787,51.524853,-0.04928,E09000030
1172,E1  4GT,E01035670,51.52698,-0.040957,E09000030
1173,E1  4GU,E01035670,51.522136,-0.045966,E09000030
1174,E1  4GW,E01004263,51.525496,-0.046341,E09000030
1175,E1  4HA,E01035670,51.525049,-0.042179,E09000030
1176,E1  4HB,E01004322,51.519027,-0.058048,E09000030
1177,E1  4HG,E01004206,51.521314,-0.055501,E09000030
1178,E1  4HH,E01004209,51.522412,-0.054445,E09000030
1179,E1  4HJ,E01004209,51.522412,-0.054445,E09000030
1180,E1  4HL,E01004209,51.523278,-0.053543,E09000030
1181,E1  4HN,E01004209,51.523868,-0.053345,E09000030
1182,E1  4HP,E01032787,51.523887,-0.052868,E09000030
1183,E1  4HQ,E01004206,51.52166,-0.054693,E09000030
1184,E1  4HR,E01032787,51.523013,-0.052747,E09000030
1185,E1  4HS,E01032787,51.524818,-0.052598,E09000030
1186,E1  4HT,E01004207,51.522862,-0.050692,E09000030
1187,E1  4HU,E01004322,51.519027,-0.058048,E09000030
1188,E1  4HW,E01004209,51.523812,-0.053765,E09000030
1189,E1  4JA,E01032787,51.52327,-0.051972,E09000030
1190,E1  4JB,E01032787,51.523662,-0.052287,E09000030
1191,E1  4JD,E01032787,51.523427,-0.051677,E09000030
1192,E1  4JE,E01032787,51.524236,-0.052233,E09000030
1193,E1  4JF,E01032787,51.523648,-0.051466,E09000030
1194,E1  4JG,E01032787,51.523805,-0.05117,E09000030
1195,E1  4JH,E01032787,51.524347,-0.051854,E09000030
1196,E1  4JJ,E01032787,51.523842,-0.050722,E09000030
1197,E1  4JL,E01032787,51.524026,-0.050426,E09000030
1198,E1  4JN,E01032787,51.523418,-0.051129,E09000030
1199,E1  4JP,E01032787,51.524576,-0.050474,E09000030
1200,E1  4JQ,E01032787,51.524002,-0.051638,E09000030
1201,E1  4JR,E01032787,51.524745,-0.0509,E09000030
1202,E1  4JS,E01032787,51.524941,-0.050271,E09000030
1203,E1  4JT,E01032787,51.524536,-0.049698,E09000030
1204,E1  4JU,E01032787,51.524675,-0.049418,E09000030
1205,E1  4JW,E01032787,51.524266,-0.050214,E09000030
1206,E1  4JX,E01032787,51.524292,-0.04965,E09000030
1207,E1  4JY,E01004207,51.524513,-0.048863,E09000030
1208,E1  4JZ,E01032787,51.525034,-0.049921,E09000030
1209,E1  4LA,E01032787,51.525198,-0.049525,E09000030
1210,E1  4LB,E01032787,51.525198,-0.049525,E09000030
1211,E1  4LD,E01004290,51.52134,-0.047888,E09000030
1212,E1  4LE,E01004322,51.519027,-0.058048,E09000030
1213,E1  4LF,E01004322,51.519027,-0.058048,E09000030
1214,E1  4LG,E01004322,51.519027,-0.058048,E09000030
1215,E1  4LH,E01032787,51.52448,-0.051776,E09000030
1216,E1  4LJ,E01004290,51.521354,-0.047599,E09000030
1217,E1  4LL,E01004290,51.521015,-0.048306,E09000030
1218,E1  4LN,E01004290,51.520674,-0.048364,E09000030
1219,E1  4LP,E01004290,51.521219,-0.045429,E09000030
1220,E1  4LR,E01004264,51.520943,-0.044518,E09000030
1221,E1  4LS,E01004264,51.521132,-0.042924,E09000030
1222,E1  4LT,E01035670,51.521434,-0.041614,E09000030
1223,E1  4LU,E01004264,51.521037,-0.041544,E09000030
1224,E1  4LW,E01004290,51.520674,-0.048364,E09000030
1225,E1  4LX,E01004264,51.52071,-0.042957,E09000030
1226,E1  4LY,E01004290,51.519837,-0.044003,E09000030
1227,E1  4LZ,E01004290,51.519749,-0.045218,E09000030
1228,E1  4NA,E01004290,51.520456,-0.044971,E09000030
1229,E1  4NB,E01004290,51.520874,-0.045804,E09000030
1230,E1  4ND,E01004290,51.52115,-0.046167,E09000030
1231,E1  4NE,E01004290,51.520731,-0.046934,E09000030
1232,E1  4NF,E01004290,51.521002,-0.04698,E09000030
1233,E1  4NG,E01004290,51.520744,-0.047698,E09000030
1234,E1  4NH,E01004290,51.519769,-0.046428,E09000030
1235,E1  4NJ,E01004290,51.52116,-0.045705,E09000030
1236,E1  4NL,E01004290,51.520404,-0.046717,E09000030
1237,E1  4NN,E01004290,51.52119,-0.048587,E09000030
1238,E1  4NP,E01035670,51.525311,-0.039573,E09000030
1239,E1  4NQ,E01004290,51.521386,-0.046329,E09000030
1240,E1  4NR,E01035670,51.524903,-0.038798,E09000030
1241,E1  4NS,E01035670,51.524637,-0.040683,E09000030
1242,E1  4NT,E01035670,51.523597,-0.039229,E09000030
1243,E1  4NU,E01035670,51.522924,-0.039315,E09000030
1244,E1  4NW,E01004322,51.519027,-0.058048,E09000030
1245,E1  4NX,E01035670,51.525906,-0.040153,E09000030
1246,E1  4NY,E01035670,51.526446,-0.040231,E09000030
1247,E1  4NZ,E01004322,51.519027,-0.058048,E09000030
1248,E1  4PA,E01035670,51.524339,-0.037352,E09000030
1249,E1  4PB,E01035670,51.52333,-0.037236,E09000030
1250,E1  4PD,E01035670,51.525153,-0.038701,E09000030
1251,E1  4PE,E01035670,51.52309,-0.039034,E09000030
1252,E1  4PF,E01035680,51.521167,-0.03805,E09000030
1253,E1  4PG,E01035670,51.523024,-0.03725,E09000030
1254,E1  4PH,E01004264,51.521939,-0.039012,E09000030
1255,E1  4PJ,E01035670,51.523387,-0.036874,E09000030
1256,E1  4PL,E01035670,51.526384,-0.040781,E09000030
1257,E1  4PN,E01035670,51.522729,-0.037853,E09000030
1258,E1  4PP,E01004264,51.522219,-0.038567,E09000030
1259,E1  4PQ,E01035670,51.522924,-0.039315,E09000030
1260,E1  4PR,E01035670,51.526337,-0.041216,E09000030
1261,E1  4PS,E01035670,51.522628,-0.039919,E09000030
1262,E1  4PT,E01004264,51.521776,-0.036828,E09000030
1263,E1  4PU,E01035670,51.526734,-0.040737,E09000030
1264,E1  4PW,E01035670,51.522661,-0.03813,E09000030
1265,E1  4PX,E01004264,51.521368,-0.038734,E09000030
1266,E1  4PY,E01035680,51.52055,-0.038769,E09000030
1267,E1  4PZ,E01035680,51.520956,-0.037771,E09000030
1268,E1  4QA,E01035670,51.526248,-0.039677,E09000030
1269,E1  4QD,E01035681,51.519584,-0.03907,E09000030
1270,E1  4QE,E01035680,51.520311,-0.03741,E09000030
1271,E1  4QG,E01035682,51.51794,-0.03865,E09000030
1272,E1  4QH,E01035682,51.518033,-0.038315,E09000030
1273,E1  4QJ,E01035681,51.51975,-0.039884,E09000030
1274,E1  4QL,E01004264,51.521833,-0.038036,E09000030
1275,E1  4QN,E01035670,51.52236,-0.036788,E09000030
1276,E1  4QP,E01035681,51.519201,-0.039821,E09000030
1277,E1  4QQ,E01035682,51.517752,-0.03922,E09000030
1278,E1  4QR,E01035681,51.519028,-0.039699,E09000030
1279,E1  4QS,E01035670,51.521482,-0.045042,E09000030
1280,E1  4QT,E01035670,51.521226,-0.044246,E09000030
1281,E1  4QU,E01035670,51.521814,-0.04448,E09000030
1282,E1  4QW,E01004264,51.521858,-0.037429,E09000030
1283,E1  4QX,E01035670,51.521749,-0.043791,E09000030
1284,E1  4QY,E01035670,51.521417,-0.043301,E09000030
1285,E1  4QZ,E01035670,51.521802,-0.043227,E09000030
1286,E1  4RA,E01035670,51.5216,-0.042414,E09000030
1287,E1  4RB,E01035670,51.521883,-0.042676,E09000030
1288,E1  4RD,E01035670,51.521964,-0.042139,E09000030
1289,E1  4RE,E01035670,51.521786,-0.041699,E09000030
1290,E1  4RF,E01035670,51.522072,-0.041586,E09000030
1291,E1  4RG,E01035670,51.522332,-0.041027,E09000030
1292,E1  4RH,E01035670,51.522453,-0.040172,E09000030
1293,E1  4RJ,E01035670,51.521382,-0.043879,E09000030
1294,E1  4RL,E01035680,51.519882,-0.038624,E09000030
1295,E1  4RN,E01035680,51.520052,-0.037522,E09000030
1296,E1  4RP,E01035680,51.519713,-0.037118,E09000030
1297,E1  4RQ,E01035670,51.522774,-0.039999,E09000030
1298,E1  4RR,E01035680,51.519298,-0.037021,E09000030
1299,E1  4RS,E01035680,51.518847,-0.036968,E09000030
1300,E1  4RT,E01035680,51.518421,-0.036741,E09000030
1301,E1  4RU,E01035680,51.519657,-0.038086,E09000030
1302,E1  4RW,E01035681,51.518636,-0.04048,E09000030
1303,E1  4RX,E01035680,51.519239,-0.037802,E09000030
1304,E1  4RY,E01035681,51.518412,-0.040014,E09000030
1305,E1  4RZ,E01035681,51.518698,-0.039338,E09000030
1306,E1  4SA,E01035681,51.518131,-0.039838,E09000030
1307,E1  4SB,E01035681,51.518193,-0.039245,E09000030
1308,E1  4SD,E01035681,51.51853,-0.042185,E09000030
1309,E1  4SE,E01004264,51.521446,-0.039653,E09000030
1310,E1  4SF,E01035680,51.518637,-0.038361,E09000030
1311,E1  4SG,E01035680,51.518637,-0.038361,E09000030
1312,E1  4SH,E01004264,51.521949,-0.039617,E09000030
1313,E1  4SJ,E01004264,51.521604,-0.03943,E09000030
1314,E1  4SL,E01004264,51.521678,-0.040061,E09000030
1315,E1  4SN,E01004264,51.521647,-0.040898,E09000030
1316,E1  4SP,E01004264,51.521084,-0.041153,E09000030
1317,E1  4SQ,E01035680,51.52053,-0.039721,E09000030
1318,E1  4SR,E01004264,51.521225,-0.039374,E09000030
1319,E1  4SS,E01004264,51.521225,-0.039374,E09000030
1320,E1  4ST,E01035680,51.520797,-0.040113,E09000030
1321,E1  4SU,E01035680,51.51989,-0.041276,E09000030
1322,E1  4SW,E01035670,51.521382,-0.041227,E09000030
1323,E1  4SX,E01035680,51.51989,-0.041276,E09000030
1324,E1  4SY,E01035681,51.51888,-0.04106,E09000030
1325,E1  4SZ,E01035681,51.51868,-0.040939,E09000030
1326,E1  4TA,E01035681,51.519181,-0.041321,E09000030
1327,E1  4TB,E01035681,51.519019,-0.041847,E09000030
1328,E1  4TD,E01035681,51.518423,-0.041195,E09000030
1329,E1  4TF,E01004322,51.519027,-0.058048,E09000030
1330,E1  4TG,E01004322,51.519027,-0.058048,E09000030
1331,E1  4TH,E01035681,51.519012,-0.041473,E09000030
1332,E1  4TJ,E01004322,51.519027,-0.058048,E09000030
1333,E1  4TL,E01004208,51.520377,-0.055396,E09000030
1334,E1  4TN,E01004208,51.520715,-0.055699,E09000030
1335,E1  4TP,E01004208,51.520506,-0.054497,E09000030
1336,E1  4TQ,E01004322,51.519027,-0.058048,E09000030
1337,E1  4TR,E01004208,51.521166,-0.052018,E09000030
1338,E1  4TS,E01004208,51.520713,-0.055022,E09000030
1339,E1  4TT,E01004208,51.520883,-0.052852,E09000030
1340,E1  4TU,E01004208,51.52135,-0.052256,E09000030
1341,E1  4TW,E01004208,51.52085,-0.055203,E09000030
1342,E1  4TX,E01004322,51.519027,-0.058048,E09000030
1343,E1  4TY,E01004208,51.520746,-0.052685,E09000030
1344,E1  4TZ,E01004208,51.521686,-0.052991,E09000030
1345,E1  4UA,E01004206,51.521375,-0.054273,E09000030
1346,E1  4UB,E01004206,51.522025,-0.053899,E09000030
1347,E1  4UD,E01004322,51.519027,-0.058048,E09000030
1348,E1  4UE,E01004208,51.522675,-0.05354,E09000030
1349,E1  4UF,E01004208,51.522145,-0.053043,E09000030
1350,E1  4UG,E01004208,51.521441,-0.051776,E09000030
1351,E1  4UH,E01004208,51.52112,-0.050853,E09000030
1352,E1  4UJ,E01004208,51.521175,-0.050389,E09000030
1353,E1  4UL,E01035670,51.522455,-0.046226,E09000030
1354,E1  4UN,E01004290,51.520379,-0.051735,E09000030
1355,E1  4UP,E01004322,51.519871,-0.054164,E09000030
1356,E1  4UQ,E01004208,51.520746,-0.052685,E09000030
1357,E1  4UR,E01004324,51.519847,-0.052723,E09000030
1358,E1  4US,E01004322,51.519027,-0.058048,E09000030
1359,E1  4UT,E01004290,51.520292,-0.051335,E09000030
1360,E1  4UU,E01004322,51.519634,-0.055039,E09000030
1361,E1  4UW,E01004290,51.520789,-0.05042,E09000030
1362,E1  4UX,E01004322,51.519634,-0.055039,E09000030
1363,E1  4UY,E01004322,51.519634,-0.055039,E09000030
1364,E1  4UZ,E01004208,51.522493,-0.053418,E09000030
1365,E1  4WA,E01004322,51.519027,-0.058048,E09000030
1366,E1  4WB,E01004208,51.522493,-0.053418,E09000030
1367,E1  4WD,E01004322,51.519027,-0.058048,E09000030
1368,E1  4WE,E01004322,51.519027,-0.058048,E09000030
1369,E1  4WF,E01004322,51.519027,-0.058048,E09000030
1370,E1  4WG,E01004322,51.519027,-0.058048,E09000030
1371,E1  4WH,E01004322,51.519027,-0.058048,E09000030
1372,E1  4WJ,E01004322,51.519027,-0.058048,E09000030
1373,E1  4WL,E01004322,51.519027,-0.058048,E09000030
1374,E1  4WN,E01004322,51.519027,-0.058048,E09000030
1375,E1  4WP,E01004322,51.519027,-0.058048,E09000030
1376,E1  4WQ,E01004322,51.519027,-0.058048,E09000030
1377,E1  4WR,E01004322,51.519027,-0.058048,E09000030
1378,E1  4WS,E01004322,51.519027,-0.058048,E09000030
1379,E1  4WT,E01004322,51.519027,-0.058048,E09000030
1380,E1  4WU,E01004322,51.519027,-0.058048,E09000030
1381,E1  4WW,E01004322,51.519027,-0.058048,E09000030
1382,E1  4WX,E01004208,51.522493,-0.053418,E09000030
1383,E1  4WY,E01004322,51.519027,-0.058048,E09000030
1384,E1  4WZ,E01004322,51.519027,-0.058048,E09000030
1385,E1  4XA,E01004208,51.520746,-0.052685,E09000030
1386,E1  4XB,E01004322,51.519895,-0.055604,E09000030
1387,E1  4XD,E01004208,51.520746,-0.052685,E09000030
1388,E1  4XE,E01004208,51.520746,-0.052685,E09000030
1389,E1  4XF,E01004208,51.520746,-0.052685,E09000030
1390,E1  4XG,E01004208,51.521201,-0.052464,E09000030
1391,E1  4XH,E01004208,51.521364,-0.052529,E09000030
1392,E1  4XJ,E01004208,51.52131,-0.053079,E09000030
1393,E1  4XL,E01004208,51.521245,-0.0535,E09000030
1394,E1  4XN,E01035670,51.522455,-0.046226,E09000030
1395,E1  4XP,E01004322,51.519027,-0.058048,E09000030
1396,E1  4XQ,E01004208,51.521051,-0.05322,E09000030
1397,E1  4XR,E01004322,51.519027,-0.058048,E09000030
1398,E1  4XS,E01035670,51.522455,-0.046226,E09000030
1399,E1  4XT,E01004322,51.519027,-0.058048,E09000030
1400,E1  4XU,E01035670,51.522455,-0.046226,E09000030
1401,E1  4XW,E01004322,51.519027,-0.058048,E09000030
1402,E1  4XX,E01004322,51.519027,-0.058048,E09000030
1403,E1  4XY,E01004208,51.520746,-0.052685,E09000030
1404,E1  4XZ,E01004322,51.519027,-0.058048,E09000030
1405,E1  4YA,E01004322,51.519027,-0.058048,E09000030
1406,E1  4YB,E01004322,51.519027,-0.058048,E09000030
1407,E1  4YD,E01035670,51.522455,-0.046226,E09000030
1408,E1  4YE,E01004322,51.519027,-0.058048,E09000030
1409,E1  4YF,E01004322,51.519027,-0.058048,E09000030
1410,E1  4YG,E01004322,51.519027,-0.058048,E09000030
1411,E1  4YH,E01035670,51.522455,-0.046226,E09000030
1412,E1  4YJ,E01035670,51.522413,-0.046401,E09000030
1413,E1  4YL,E01004322,51.519027,-0.058048,E09000030
1414,E1  4YN,E01004322,51.519027,-0.058048,E09000030
1415,E1  4YP,E01035670,51.522413,-0.046401,E09000030
1416,E1  4YQ,E01004322,51.519027,-0.058048,E09000030
1417,E1  4YR,E01004322,51.519027,-0.058048,E09000030
1418,E1  4YS,E01004322,51.519027,-0.058048,E09000030
1419,E1  4YT,E01004322,51.519027,-0.058048,E09000030
1420,E1  4YU,E01035670,51.522413,-0.046401,E09000030
1421,E1  4YW,E01004322,51.519027,-0.058048,E09000030
1422,E1  4YX,E01004322,51.519027,-0.058048,E09000030
1423,E1  4YY,E01004322,51.519027,-0.058048,E09000030
1424,E1  4YZ,E01004322,51.519027,-0.058048,E09000030
1425,E1  4ZA,E01004322,51.519027,-0.058048,E09000030
1426,E1  4ZB,E01004322,51.519027,-0.058048,E09000030
1427,E1  4ZD,E01004322,51.519027,-0.058048,E09000030
1428,E1  4ZE,E01004322,51.519027,-0.058048,E09000030
1429,E1  4ZF,E01004322,51.519027,-0.058048,E09000030
1430,E1  5AA,E01004208,51.518992,-0.061927,E09000030
1431,E1  5AB,E01004308,51.520221,-0.063922,E09000030
1432,E1  5AD,E01004308,51.520794,-0.064806,E09000030
1433,E1  5AE,E01004306,51.518463,-0.070166,E09000030
1434,E1  5AF,E01004308,51.520448,-0.067819,E09000030
1435,E1  5AG,E01004308,51.520193,-0.067109,E09000030
1436,E1  5AH,E01004308,51.52092,-0.067035,E09000030
1437,E1  5AJ,E01004308,51.520585,-0.066876,E09000030
1438,E1  5AL,E01004308,51.52076,-0.06769,E09000030
1439,E1  5AN,E01004212,51.522864,-0.056775,E09000030
1440,E1  5AP,E01004308,51.521008,-0.06853,E09000030
1441,E1  5AQ,E01004309,51.518138,-0.065711,E09000030
1442,E1  5AR,E01035668,51.521747,-0.064837,E09000030
1443,E1  5AS,E01004308,51.521357,-0.065171,E09000030
1444,E1  5AT,E01004308,51.521428,-0.06622,E09000030
1445,E1  5AU,E01004308,51.521008,-0.06853,E09000030
1446,E1  5AW,E01004308,51.52113,-0.066118,E09000030
1447,E1  5AX,E01004205,51.520609,-0.063459,E09000030
1448,E1  5AY,E01004206,51.523467,-0.05845,E09000030
1449,E1  5AZ,E01004306,51.518882,-0.070494,E09000030
1450,E1  5BA,E01004208,51.519872,-0.060751,E09000030
1451,E1  5BB,E01004208,51.52011,-0.059876,E09000030
1452,E1  5BD,E01004208,51.520389,-0.058812,E09000030
1453,E1  5BE,E01004208,51.520025,-0.059116,E09000030
1454,E1  5BF,E01004205,51.520607,-0.062752,E09000030
1455,E1  5BG,E01004205,51.520609,-0.063459,E09000030
1456,E1  5BH,E01004205,51.521456,-0.0641,E09000030
1457,E1  5BJ,E01004205,51.5215,-0.063479,E09000030
1458,E1  5BL,E01004205,51.522382,-0.063528,E09000030
1459,E1  5BN,E01004205,51.519636,-0.062794,E09000030
1460,E1  5BP,E01004322,51.519027,-0.058048,E09000030
1461,E1  5BQ,E01004205,51.521027,-0.0637,E09000030
1462,E1  5BS,E01004308,51.521479,-0.064388,E09000030
1463,E1  5BT,E01004205,51.519658,-0.061913,E09000030
1464,E1  5BU,E01035668,51.522554,-0.06525,E09000030
1465,E1  5BW,E01004205,51.522137,-0.063956,E09000030
1466,E1  5BX,E01004205,51.522005,-0.062491,E09000030
1467,E1  5BY,E01004205,51.519568,-0.062998,E09000030
1468,E1  5BZ,E01004205,51.519416,-0.0625,E09000030
1469,E1  5DA,E01004205,51.5202,-0.062092,E09000030
1470,E1  5DB,E01004211,51.523351,-0.061238,E09000030
1471,E1  5DD,E01004211,51.522506,-0.062845,E09000030
1472,E1  5DE,E01004205,51.521566,-0.062049,E09000030
1473,E1  5DF,E01004205,51.522045,-0.061639,E09000030
1474,E1  5DG,E01004208,51.520088,-0.058565,E09000030
1475,E1  5DH,E01004205,51.522804,-0.061319,E09000030
1476,E1  5DJ,E01004205,51.520742,-0.060051,E09000030
1477,E1  5DL,E01004205,51.521673,-0.059795,E09000030
1478,E1  5DN,E01004205,51.522478,-0.06064,E09000030
1479,E1  5DP,E01004205,51.522719,-0.060529,E09000030
1480,E1  5DQ,E01004211,51.523361,-0.060704,E09000030
1481,E1  5DR,E01004211,51.52271,-0.062692,E09000030
1482,E1  5DS,E01004205,51.523068,-0.060961,E09000030
1483,E1  5DT,E01004208,51.519842,-0.058374,E09000030
1484,E1  5DU,E01004205,51.522649,-0.060085,E09000030
1485,E1  5DW,E01004205,51.522844,-0.060466,E09000030
1486,E1  5DX,E01004206,51.52267,-0.058657,E09000030
1487,E1  5DY,E01004206,51.522174,-0.058549,E09000030
1488,E1  5DZ,E01004211,51.52337,-0.061813,E09000030
1489,E1  5EA,E01004205,51.522875,-0.059052,E09000030
1490,E1  5EB,E01004322,51.519027,-0.058048,E09000030
1491,E1  5ED,E01004205,51.52069,-0.061812,E09000030
1492,E1  5EE,E01004205,51.521003,-0.062231,E09000030
1493,E1  5EF,E01004205,51.521014,-0.062937,E09000030
1494,E1  5EG,E01035668,51.522093,-0.071065,E09000030
1495,E1  5EH,E01035668,51.522027,-0.069251,E09000030
1496,E1  5EJ,E01004306,51.521653,-0.069483,E09000030
1497,E1  5EL,E01004205,51.521365,-0.062951,E09000030
1498,E1  5EN,E01004309,51.51845,-0.067774,E09000030
1499,E1  5EP,E01035668,51.523201,-0.068466,E09000030
1500,E1  5EQ,E01004308,51.521374,-0.068371,E09000030
1501,E1  5ER,E01035668,51.52247,-0.07102,E09000030
1502,E1  5ES,E01035668,51.522697,-0.067378,E09000030
1503,E1  5ET,E01004205,51.522875,-0.059052,E09000030
1504,E1  5EU,E01004306,51.520826,-0.070066,E09000030
1505,E1  5EW,E01035668,51.522701,-0.070895,E09000030
1506,E1  5EX,E01004322,51.519027,-0.058048,E09000030
1507,E1  5EY,E01004205,51.522846,-0.060582,E09000030
1508,E1  5EZ,E01004306,51.520818,-0.069562,E09000030
1509,E1  5FA,E01035668,51.522597,-0.0662,E09000030
1510,E1  5FB,E01035668,51.523057,-0.064667,E09000030
1511,E1  5FD,E01004322,51.519027,-0.058048,E09000030
1512,E1  5FE,E01004205,51.521027,-0.0637,E09000030
1513,E1  5FF,E01004205,51.522065,-0.06011,E09000030
1514,E1  5FG,E01004205,51.521027,-0.0637,E09000030
1515,E1  5FH,E01004205,51.521027,-0.0637,E09000030
1516,E1  5FJ,E01004322,51.519027,-0.058048,E09000030
1517,E1  5FL,E01004322,51.519027,-0.058048,E09000030
1518,E1  5FN,E01004322,51.519027,-0.058048,E09000030
1519,E1  5FP,E01004322,51.519027,-0.058048,E09000030
1520,E1  5FQ,E01035668,51.522783,-0.066552,E09000030
1521,E1  5FR,E01004322,51.519027,-0.058048,E09000030
1522,E1  5FS,E01004306,51.520818,-0.069562,E09000030
1523,E1  5FT,E01004322,51.519027,-0.058048,E09000030
1524,E1  5FU,E01035668,51.522625,-0.066804,E09000030
1525,E1  5FW,E01004322,51.519027,-0.058048,E09000030
1526,E1  5FX,E01004322,51.519027,-0.058048,E09000030
1527,E1  5FY,E01035668,51.522209,-0.071002,E09000030
1528,E1  5FZ,E01004205,51.522739,-0.063873,E09000030
1529,E1  5GA,E01004205,51.523072,-0.063945,E09000030
1530,E1  5GB,E01004211,51.523053,-0.063341,E09000030
1531,E1  5GD,E01004308,51.518319,-0.065228,E09000030
1532,E1  5GE,E01004212,51.522804,-0.058046,E09000030
1533,E1  5GF,E01004206,51.523251,-0.05735,E09000030
1534,E1  5HA,E01004306,51.520889,-0.070078,E09000030
1535,E1  5HB,E01004306,51.520157,-0.071449,E09000030
1536,E1  5HD,E01004306,51.520681,-0.071081,E09000030
1537,E1  5HF,E01004308,51.520692,-0.068472,E09000030
1538,E1  5HG,E01004308,51.520649,-0.066398,E09000030
1539,E1  5HH,E01004309,51.520225,-0.067958,E09000030
1540,E1  5HJ,E01035668,51.522268,-0.066401,E09000030
1541,E1  5HL,E01004322,51.519027,-0.058048,E09000030
1542,E1  5HN,E01004322,51.519027,-0.058048,E09000030
1543,E1  5HP,E01004309,51.518241,-0.064323,E09000030
1544,E1  5HQ,E01004308,51.520374,-0.066078,E09000030
1545,E1  5HR,E01004205,51.51928,-0.063011,E09000030
1546,E1  5HS,E01004309,51.519109,-0.063566,E09000030
1547,E1  5HT,E01004308,51.518609,-0.065403,E09000030
1548,E1  5HU,E01004308,51.519418,-0.065369,E09000030
1549,E1  5HW,E01004309,51.520369,-0.06468,E09000030
1550,E1  5HY,E01004308,51.520113,-0.06606,E09000030
1551,E1  5HZ,E01004308,51.519883,-0.066834,E09000030
1552,E1  5JA,E01004308,51.519165,-0.06587,E09000030
1553,E1  5JB,E01004309,51.518793,-0.063983,E09000030
1554,E1  5JD,E01004308,51.519822,-0.067514,E09000030
1555,E1  5JE,E01004308,51.520285,-0.068849,E09000030
1556,E1  5JF,E01004306,51.520402,-0.069435,E09000030
1557,E1  5JG,E01004309,51.519889,-0.068304,E09000030
1558,E1  5JH,E01004309,51.51959,-0.06872,E09000030
1559,E1  5JJ,E01004309,51.519624,-0.069122,E09000030
1560,E1  5JL,E01004306,51.520172,-0.070742,E09000030
1561,E1  5JN,E01004322,51.519027,-0.058048,E09000030
1562,E1  5JP,E01004306,51.520431,-0.071193,E09000030
1563,E1  5JQ,E01004309,51.519889,-0.068304,E09000030
1564,E1  5JR,E01004308,51.519506,-0.066893,E09000030
1565,E1  5JS,E01004308,51.519506,-0.066893,E09000030
1566,E1  5JT,E01004205,51.520609,-0.063459,E09000030
1567,E1  5JU,E01004322,51.519027,-0.058048,E09000030
1568,E1  5JW,E01004309,51.520051,-0.068873,E09000030
1569,E1  5JX,E01004308,51.519902,-0.065262,E09000030
1570,E1  5JY,E01004309,51.520168,-0.065049,E09000030
1571,E1  5JZ,E01004309,51.519801,-0.064084,E09000030
1572,E1  5LA,E01004309,51.518293,-0.06804,E09000030
1573,E1  5LB,E01004306,51.518355,-0.070718,E09000030
1574,E1  5LD,E01004306,51.518559,-0.070018,E09000030
1575,E1  5LE,E01004306,51.517693,-0.070357,E09000030
1576,E1  5LF,E01004306,51.518336,-0.070085,E09000030
1577,E1  5LG,E01004306,51.518385,-0.069247,E09000030
1578,E1  5LH,E01004309,51.519123,-0.068725,E09000030
1579,E1  5LJ,E01004306,51.51906,-0.070371,E09000030
1580,E1  5LL,E01004306,51.518257,-0.068603,E09000030
1581,E1  5LN,E01004306,51.519262,-0.070651,E09000030
1582,E1  5LP,E01004306,51.519646,-0.070447,E09000030
1583,E1  5LQ,E01004306,51.518578,-0.06895,E09000030
1584,E1  5LR,E01004322,51.519027,-0.058048,E09000030
1585,E1  5LS,E01004306,51.517898,-0.069152,E09000030
1586,E1  5LT,E01004306,51.517725,-0.070154,E09000030
1587,E1  5LU,E01004310,51.517461,-0.071563,E09000030
1588,E1  5LW,E01004306,51.518782,-0.071003,E09000030
1589,E1  5LX,E01004306,51.519439,-0.069894,E09000030
1590,E1  5LY,E01004306,51.517437,-0.070123,E09000030
1591,E1  5LZ,E01004205,51.520609,-0.063459,E09000030
1592,E1  5NA,E01004309,51.519063,-0.064548,E09000030
1593,E1  5NB,E01004309,51.518364,-0.065803,E09000030
1594,E1  5ND,E01004205,51.521027,-0.0637,E09000030
1595,E1  5NE,E01004309,51.517413,-0.068682,E09000030
1596,E1  5NF,E01004309,51.517871,-0.06702,E09000030
1597,E1  5NG,E01004309,51.517458,-0.069243,E09000030
1598,E1  5NH,E01004310,51.516562,-0.071601,E09000030
1599,E1  5NJ,E01004309,51.517161,-0.069183,E09000030
1600,E1  5NL,E01004306,51.517786,-0.068955,E09000030
1601,E1  5NN,E01004309,51.518253,-0.066701,E09000030
1602,E1  5NP,E01004309,51.518661,-0.067476,E09000030
1603,E1  5NQ,E01004205,51.520609,-0.063459,E09000030
1604,E1  5NR,E01004309,51.518669,-0.067966,E09000030
1605,E1  5NS,E01004309,51.519419,-0.068165,E09000030
1606,E1  5NT,E01004308,51.51943,-0.064979,E09000030
1607,E1  5NU,E01004309,51.51953,-0.064557,E09000030
1608,E1  5NW,E01004309,51.518187,-0.067597,E09000030
1609,E1  5NX,E01004309,51.51953,-0.064557,E09000030
1610,E1  5NY,E01004322,51.519027,-0.058048,E09000030
1611,E1  5NZ,E01004322,51.519027,-0.058048,E09000030
1612,E1  5PA,E01004309,51.518801,-0.066692,E09000030
1613,E1  5PB,E01004309,51.517356,-0.069578,E09000030
1614,E1  5PF,E01004205,51.52174,-0.058409,E09000030
1615,E1  5PH,E01004212,51.523746,-0.056262,E09000030
1616,E1  5PJ,E01004205,51.51999,-0.061366,E09000030
1617,E1  5PL,E01004205,51.51999,-0.061366,E09000030
1618,E1  5PN,E01004205,51.51999,-0.061366,E09000030
1619,E1  5PP,E01004205,51.520865,-0.059887,E09000030
1620,E1  5PR,E01004205,51.521701,-0.059318,E09000030
1621,E1  5PS,E01004205,51.522184,-0.059716,E09000030
1622,E1  5PT,E01004205,51.52184,-0.058462,E09000030
1623,E1  5PU,E01004206,51.52193,-0.057377,E09000030
1624,E1  5PW,E01004208,51.519966,-0.059926,E09000030
1625,E1  5PX,E01004205,51.52174,-0.058409,E09000030
1626,E1  5QA,E01004208,51.519919,-0.057045,E09000030
1627,E1  5QH,E01004208,51.520647,-0.055961,E09000030
1628,E1  5QJ,E01004209,51.523412,-0.054604,E09000030
1629,E1  5QL,E01032787,51.522937,-0.053601,E09000030
1630,E1  5QN,E01032787,51.523281,-0.054278,E09000030
1631,E1  5QP,E01004212,51.524149,-0.055106,E09000030
1632,E1  5QQ,E01004209,51.524048,-0.054461,E09000030
1633,E1  5QR,E01004212,51.523504,-0.055277,E09000030
1634,E1  5QS,E01004212,51.523504,-0.055277,E09000030
1635,E1  5QT,E01004212,51.523711,-0.055788,E09000030
1636,E1  5QU,E01004206,51.52387,-0.057266,E09000030
1637,E1  5QW,E01004209,51.523813,-0.054342,E09000030
1638,E1  5QX,E01004205,51.523561,-0.059773,E09000030
1639,E1  5QY,E01004212,51.523916,-0.055721,E09000030
1640,E1  5QZ,E01004212,51.523399,-0.055945,E09000030
1641,E1  5RA,E01004212,51.523159,-0.056662,E09000030
1642,E1  5RB,E01004206,51.523242,-0.057883,E09000030
1643,E1  5RD,E01004206,51.523143,-0.058421,E09000030
1644,E1  5RE,E01004205,51.5235,-0.059372,E09000030
1645,E1  5RF,E01004206,51.523593,-0.057393,E09000030
1646,E1  5RG,E01004206,51.523565,-0.05676,E09000030
1647,E1  5RH,E01004206,51.522638,-0.05837,E09000030
1648,E1  5RJ,E01004205,51.523466,-0.058941,E09000030
1649,E1  5RL,E01004322,51.519027,-0.058048,E09000030
1650,E1  5RN,E01004212,51.523019,-0.055269,E09000030
1651,E1  5RP,E01004208,51.5213,-0.057346,E09000030
1652,E1  5RQ,E01004206,51.522638,-0.05837,E09000030
1653,E1  5RR,E01004208,51.521247,-0.056339,E09000030
1654,E1  5RS,E01004206,51.521866,-0.056774,E09000030
1655,E1  5RT,E01004206,51.522378,-0.057819,E09000030
1656,E1  5RU,E01004206,51.522325,-0.056841,E09000030
1657,E1  5RW,E01004208,51.5213,-0.057346,E09000030
1658,E1  5RX,E01004212,51.522843,-0.057699,E09000030
1659,E1  5RY,E01004212,51.522843,-0.057699,E09000030
1660,E1  5RZ,E01004206,51.522279,-0.05569,E09000030
1661,E1  5SD,E01004208,51.520763,-0.058061,E09000030
1662,E1  5UY,E01004322,51.519027,-0.058048,E09000030
1663,E1  5UZ,E01004322,51.519027,-0.058048,E09000030
1664,E1  5WA,E01004322,51.519027,-0.058048,E09000030
1665,E1  5WB,E01004322,51.519027,-0.058048,E09000030
1666,E1  5WD,E01004205,51.521027,-0.0637,E09000030
1667,E1  5WE,E01004208,51.521215,-0.058734,E09000030
1668,E1  5WF,E01004208,51.521215,-0.058734,E09000030
1669,E1  5WG,E01004322,51.519027,-0.058048,E09000030
1670,E1  5WH,E01004205,51.521027,-0.0637,E09000030
1671,E1  5WJ,E01004322,51.519027,-0.058048,E09000030
1672,E1  5WL,E01004208,51.521215,-0.058734,E09000030
1673,E1  5WN,E01004322,51.519027,-0.058048,E09000030
1674,E1  5WP,E01004322,51.519027,-0.058048,E09000030
1675,E1  5WQ,E01004322,51.519027,-0.058048,E09000030
1676,E1  5WR,E01004322,51.519027,-0.058048,E09000030
1677,E1  5WS,E01004322,51.519019,-0.058106,E09000030
1678,E1  5WT,E01004322,51.519027,-0.058048,E09000030
1679,E1  5WU,E01004322,51.519027,-0.058048,E09000030
1680,E1  5WW,E01004322,51.519027,-0.058048,E09000030
1681,E1  5WX,E01004322,51.519027,-0.058048,E09000030
1682,E1  5WY,E01004322,51.519027,-0.058048,E09000030
1683,E1  5WZ,E01004322,51.519027,-0.058048,E09000030
1684,E1  5XA,E01004322,51.519027,-0.058048,E09000030
1685,E1  5XB,E01004322,51.519027,-0.058048,E09000030
1686,E1  5XD,E01004322,51.519027,-0.058048,E09000030
1687,E1  5XE,E01004322,51.519027,-0.058048,E09000030
1688,E1  5XL,E01004322,51.519027,-0.058048,E09000030
1689,E1  5XQ,E01004322,51.519027,-0.058048,E09000030
1690,E1  5XU,E01004322,51.519027,-0.058048,E09000030
1691,E1  5XW,E01004322,51.519027,-0.058048,E09000030
1692,E1  5XX,E01004322,51.519027,-0.058048,E09000030
1693,E1  5XY,E01004322,51.519027,-0.058048,E09000030
1694,E1  5XZ,E01004322,51.519027,-0.058048,E09000030
1695,E1  5YB,E01004322,51.519019,-0.058106,E09000030
1696,E1  5YQ,E01004208,51.521215,-0.058734,E09000030
1697,E1  5YT,E01004322,51.519027,-0.058048,E09000030
1698,E1  5ZQ,E01004208,51.521215,-0.058734,E09000030
1699,E1  6AA,E01004307,51.519178,-0.075901,E09000030
1700,E1  6AB,E01004310,51.516493,-0.07231,E09000030
1701,E1  6AD,E01004307,51.519787,-0.076856,E09000030
1702,E1  6AE,E01004310,51.516798,-0.072283,E09000030
1703,E1  6AF,E01004307,51.519353,-0.077249,E09000030
1704,E1  6AG,E01004307,51.518945,-0.076517,E09000030
1705,E1  6AH,E01004307,51.518633,-0.077222,E09000030
1706,E1  6AJ,E01004307,51.519405,-0.07716,E09000030
1707,E1  6AL,E01004307,51.518842,-0.077343,E09000030
1709,E1  6AP,E01004307,51.520139,-0.074174,E09000030
1710,E1  6AQ,E01004307,51.5202,-0.078482,E09000030
1711,E1  6AR,E01004307,51.520139,-0.074174,E09000030
1712,E1  6AS,E01004307,51.520139,-0.074174,E09000030
1713,E1  6AT,E01004307,51.518957,-0.077266,E09000030
1714,E1  6AU,E01004322,51.519027,-0.058048,E09000030
1717,E1  6AZ,E01004307,51.520948,-0.074746,E09000030
1718,E1  6BA,E01004307,51.521894,-0.076508,E09000030
1719,E1  6BB,E01004310,51.516609,-0.074482,E09000030
1720,E1  6BD,E01004310,51.517736,-0.074088,E09000030
1721,E1  6BE,E01004310,51.517345,-0.073845,E09000030
1722,E1  6BF,E01004309,51.515663,-0.072691,E09000030
1723,E1  6BG,E01004307,51.519572,-0.074703,E09000030
1724,E1  6BH,E01004307,51.520228,-0.075771,E09000030
1725,E1  6BJ,E01004307,51.521152,-0.075631,E09000030
1726,E1  6BL,E01004307,51.52115,-0.077173,E09000030
1727,E1  6BN,E01004307,51.52115,-0.077173,E09000030
1728,E1  6BP,E01004307,51.521477,-0.07628,E09000030
1729,E1  6BQ,E01004307,51.520228,-0.075771,E09000030
1730,E1  6BS,E01004307,51.518805,-0.077286,E09000030
1731,E1  6BT,E01004307,51.521263,-0.076923,E09000030
1732,E1  6BU,E01004307,51.520139,-0.074174,E09000030
1734,E1  6BX,E01004307,51.520982,-0.077324,E09000030
1735,E1  6BY,E01004307,51.520275,-0.078652,E09000030
1736,E1  6BZ,E01004322,51.519027,-0.058048,E09000030
1737,E1  6DA,E01004307,51.520589,-0.078595,E09000030
1738,E1  6DB,E01004307,51.521252,-0.078452,E09000030
1739,E1  6DD,E01004307,51.521954,-0.076837,E09000030
1740,E1  6DE,E01004307,51.518961,-0.074757,E09000030
1741,E1  6DF,E01004307,51.521506,-0.076942,E09000030
1742,E1  6DG,E01004307,51.521553,-0.076522,E09000030
1743,E1  6DH,E01004310,51.516402,-0.073352,E09000030
1744,E1  6DJ,E01004310,51.516402,-0.073352,E09000030
1745,E1  6DL,E01004310,51.516402,-0.073352,E09000030
1746,E1  6DN,E01004307,51.519329,-0.075809,E09000030
1747,E1  6DP,E01004307,51.519329,-0.075809,E09000030
1748,E1  6DQ,E01004307,51.520856,-0.078425,E09000030
1749,E1  6DR,E01004307,51.519353,-0.077249,E09000030
1750,E1  6DS,E01004307,51.519353,-0.077249,E09000030
1751,E1  6DT,E01004307,51.51936,-0.076571,E09000030
1752,E1  6DU,E01004307,51.520503,-0.07831,E09000030
1753,E1  6DW,E01004307,51.519814,-0.076336,E09000030
1754,E1  6DX,E01004307,51.52063,-0.077296,E09000030
1755,E1  6DY,E01004307,51.520206,-0.078308,E09000030
1756,E1  6DZ,E01004307,51.51961,-0.075393,E09000030
1757,E1  6EA,E01004307,51.52007,-0.075489,E09000030
1758,E1  6EB,E01004307,51.520913,-0.075352,E09000030
1759,E1  6ED,E01004307,51.520453,-0.07579,E09000030
1760,E1  6EE,E01004307,51.521708,-0.072263,E09000030
1761,E1  6EF,E01004322,51.519027,-0.058048,E09000030
1762,E1  6EG,E01004307,51.519812,-0.077316,E09000030
1763,E1  6EH,E01004307,51.51843,-0.075846,E09000030
1764,E1  6EJ,E01004307,51.520139,-0.074174,E09000030
1765,E1  6EL,E01004307,51.518828,-0.075412,E09000030
1766,E1  6EN,E01004307,51.518828,-0.075412,E09000030
1767,E1  6EP,E01004307,51.518828,-0.075412,E09000030
1768,E1  6EQ,E01004307,51.520121,-0.078586,E09000030
1769,E1  6ER,E01004307,51.51843,-0.075846,E09000030
1770,E1  6ES,E01004307,51.51843,-0.075846,E09000030
1771,E1  6ET,E01004307,51.51843,-0.075846,E09000030
1772,E1  6EU,E01004307,51.518793,-0.075456,E09000030
1773,E1  6EW,E01004307,51.519803,-0.07563,E09000030
1774,E1  6EX,E01004307,51.518828,-0.075412,E09000030
1775,E1  6EY,E01004322,51.519027,-0.058048,E09000030
1776,E1  6EZ,E01004307,51.51843,-0.075846,E09000030
1778,E1  6FB,E01004322,51.519027,-0.058048,E09000030
1779,E1  6FD,E01004322,51.519027,-0.058048,E09000030
1780,E1  6FE,E01004322,51.519027,-0.058048,E09000030
1781,E1  6FF,E01004322,51.519027,-0.058048,E09000030
1782,E1  6FG,E01004307,51.520139,-0.074174,E09000030
1783,E1  6FH,E01004322,51.519027,-0.058048,E09000030
1784,E1  6FJ,E01004322,51.519027,-0.058048,E09000030
1785,E1  6FL,E01004307,51.520139,-0.074174,E09000030
1786,E1  6FN,E01004322,51.519027,-0.058048,E09000030
1787,E1  6FP,E01004307,51.520139,-0.074174,E09000030
1788,E1  6FQ,E01004307,51.518805,-0.077301,E09000030
1789,E1  6FR,E01004322,51.519027,-0.058048,E09000030
1790,E1  6FS,E01004322,51.519027,-0.058048,E09000030
1791,E1  6FT,E01004322,51.519027,-0.058048,E09000030
1792,E1  6FU,E01035669,51.523653,-0.07244,E09000030
1793,E1  6FW,E01004307,51.520139,-0.074174,E09000030
1794,E1  6FX,E01004307,51.520139,-0.074174,E09000030
1795,E1  6FY,E01004322,51.519027,-0.058048,E09000030
1796,E1  6FZ,E01004322,51.519027,-0.058048,E09000030
1797,E1  6GA,E01004322,51.519027,-0.058048,E09000030
1798,E1  6GB,E01004322,51.519027,-0.058048,E09000030
1799,E1  6GD,E01004322,51.519027,-0.058048,E09000030
1800,E1  6GE,E01004322,51.519027,-0.058048,E09000030
1801,E1  6GF,E01004322,51.519027,-0.058048,E09000030
1802,E1  6GG,E01004322,51.519027,-0.058048,E09000030
1803,E1  6GH,E01004307,51.520173,-0.077935,E09000030
1804,E1  6GJ,E01035669,51.523293,-0.075699,E09000030
1805,E1  6GL,E01004307,51.520905,-0.075929,E09000030
1806,E1  6GN,E01004307,51.518844,-0.076939,E09000030
1807,E1  6GP,E01035669,51.524231,-0.072603,E09000030
1808,E1  6GQ,E01035669,51.524373,-0.072496,E09000030
1809,E1  6GR,E01035669,51.523826,-0.073629,E09000030
1810,E1  6GS,E01035669,51.523826,-0.073629,E09000030
1811,E1  6GT,E01035669,51.524017,-0.073232,E09000030
1812,E1  6GU,E01035669,51.524049,-0.072986,E09000030
1813,E1  6GW,E01035669,51.523904,-0.07292,E09000030
1814,E1  6GX,E01035669,51.523696,-0.073419,E09000030
1816,E1  6HA,E01004307,51.51843,-0.075846,E09000030
1817,E1  6HB,E01004307,51.518793,-0.075456,E09000030
1818,E1  6HD,E01004307,51.51843,-0.075846,E09000030
1820,E1  6HF,E01004307,51.521676,-0.073634,E09000030
1821,E1  6HG,E01004307,51.518881,-0.076462,E09000030
1822,E1  6HH,E01004307,51.51843,-0.075846,E09000030
1823,E1  6HJ,E01004307,51.51843,-0.075846,E09000030
1824,E1  6HL,E01004307,51.520139,-0.074174,E09000030
1825,E1  6HN,E01004322,51.519019,-0.058106,E09000030
1827,E1  6HQ,E01004307,51.518757,-0.076582,E09000030
1828,E1  6HR,E01035669,51.52364,-0.072181,E09000030
1830,E1  6HT,E01035669,51.5237,-0.074226,E09000030
1832,E1  6HW,E01004322,51.519027,-0.058048,E09000030
1835,E1  6HZ,E01035669,51.52375,-0.073402,E09000030
1842,E1  6JH,E01004307,51.521189,-0.077907,E09000030
1846,E1  6JP,E01004322,51.519027,-0.058048,E09000030
1850,E1  6JT,E01035669,51.524125,-0.074885,E09000030
1851,E1  6JU,E01035669,51.524079,-0.074844,E09000030
1852,E1  6JW,E01035669,51.523921,-0.073438,E09000030
1853,E1  6JX,E01035669,51.52425,-0.074289,E09000030
1854,E1  6JY,E01035669,51.523732,-0.073936,E09000030
1855,E1  6JZ,E01035669,51.523822,-0.075619,E09000030
1856,E1  6LA,E01035669,51.524203,-0.073614,E09000030
1857,E1  6LB,E01035669,51.523696,-0.073419,E09000030
1858,E1  6LD,E01035669,51.524049,-0.072986,E09000030
1859,E1  6LE,E01035669,51.523799,-0.074178,E09000030
1860,E1  6LF,E01035669,51.524124,-0.072103,E09000030
1862,E1  6LH,E01004307,51.520139,-0.074174,E09000030
1863,E1  6LJ,E01004307,51.517772,-0.073568,E09000030
1864,E1  6LL,E01004307,51.519329,-0.075809,E09000030
1865,E1  6LN,E01004307,51.517826,-0.073566,E09000030
1866,E1  6LP,E01004310,51.516339,-0.072274,E09000030
1868,E1  6LR,E01004310,51.516493,-0.07231,E09000030
1869,E1  6LS,E01004310,51.51668,-0.07223,E09000030
1870,E1  6LT,E01004310,51.517445,-0.073337,E09000030
1871,E1  6LU,E01004310,51.516609,-0.074482,E09000030
1872,E1  6LW,E01004310,51.515988,-0.072764,E09000030
1873,E1  6LX,E01004307,51.518046,-0.073773,E09000030
1874,E1  6LY,E01004306,51.519115,-0.073699,E09000030
1875,E1  6LZ,E01004307,51.519914,-0.074184,E09000030
1876,E1  6NA,E01004306,51.519305,-0.074368,E09000030
1877,E1  6NB,E01004307,51.521708,-0.072263,E09000030
1878,E1  6ND,E01004307,51.521963,-0.075207,E09000030
1879,E1  6NE,E01004310,51.51599,-0.072879,E09000030
1880,E1  6NF,E01004307,51.520736,-0.074394,E09000030
1881,E1  6NG,E01004307,51.520948,-0.074746,E09000030
1882,E1  6NH,E01004307,51.520736,-0.074394,E09000030
1883,E1  6NJ,E01004307,51.521391,-0.074352,E09000030
1884,E1  6NN,E01004307,51.520736,-0.074394,E09000030
1885,E1  6NP,E01004307,51.521657,-0.07522,E09000030
1886,E1  6NQ,E01004307,51.520948,-0.074746,E09000030
1887,E1  6NR,E01004307,51.521724,-0.075419,E09000030
1888,E1  6NS,E01035669,51.52348,-0.075028,E09000030
1889,E1  6NT,E01004307,51.52115,-0.077173,E09000030
1890,E1  6NU,E01004307,51.521895,-0.076003,E09000030
1891,E1  6NW,E01004307,51.521654,-0.074471,E09000030
1892,E1  6NX,E01004307,51.52115,-0.077173,E09000030
1893,E1  6NY,E01004322,51.519027,-0.058048,E09000030
1894,E1  6NZ,E01004307,51.520139,-0.074174,E09000030
1898,E1  6PE,E01004307,51.521593,-0.077861,E09000030
1902,E1  6PL,E01004307,51.521233,-0.077847,E09000030
1906,E1  6PR,E01004306,51.519085,-0.071927,E09000030
1907,E1  6PS,E01004310,51.5168,-0.073479,E09000030
1908,E1  6PT,E01004310,51.517461,-0.071563,E09000030
1909,E1  6PU,E01004306,51.518305,-0.071499,E09000030
1910,E1  6PW,E01004307,51.518837,-0.075426,E09000030
1911,E1  6PX,E01004307,51.518547,-0.072555,E09000030
1912,E1  6PY,E01004307,51.518547,-0.072555,E09000030
1913,E1  6PZ,E01004307,51.518566,-0.073174,E09000030
1914,E1  6QA,E01004307,51.518299,-0.076054,E09000030
1915,E1  6QB,E01004307,51.521708,-0.072263,E09000030
1916,E1  6QD,E01004306,51.519346,-0.072997,E09000030
1917,E1  6QE,E01004306,51.519346,-0.072997,E09000030
1918,E1  6QF,E01004306,51.519858,-0.073523,E09000030
1919,E1  6QG,E01004306,51.51953,-0.073796,E09000030
1920,E1  6QH,E01004306,51.51987,-0.072586,E09000030
1921,E1  6QJ,E01004306,51.519605,-0.0729,E09000030
1922,E1  6QL,E01004307,51.520888,-0.072197,E09000030
1923,E1  6QN,E01004307,51.521079,-0.072852,E09000030
1924,E1  6QP,E01004307,51.520139,-0.074174,E09000030
1925,E1  6QQ,E01004306,51.519704,-0.07402,E09000030
1926,E1  6QR,E01004307,51.520229,-0.073104,E09000030
1927,E1  6QS,E01004306,51.520115,-0.073815,E09000030
1928,E1  6QT,E01004310,51.517759,-0.072185,E09000030
1929,E1  6QU,E01004322,51.519027,-0.058048,E09000030
1930,E1  6QW,E01004307,51.521079,-0.072852,E09000030
1931,E1  6QX,E01004322,51.519027,-0.058048,E09000030
1932,E1  6QY,E01004307,51.520139,-0.074174,E09000030
1933,E1  6QZ,E01004309,51.51715,-0.070178,E09000030
1935,E1  6RB,E01004307,51.52188,-0.077849,E09000030
1936,E1  6RD,E01004306,51.517515,-0.070509,E09000030
1937,E1  6RE,E01004306,51.517515,-0.070509,E09000030
1938,E1  6RF,E01004306,51.518017,-0.070949,E09000030
1939,E1  6RG,E01004310,51.517861,-0.071835,E09000030
1940,E1  6RH,E01004306,51.518553,-0.071243,E09000030
1941,E1  6RJ,E01004306,51.518707,-0.071338,E09000030
1942,E1  6RL,E01004306,51.519591,-0.071516,E09000030
1943,E1  6RN,E01004310,51.517503,-0.071922,E09000030
1944,E1  6RP,E01004306,51.519282,-0.072928,E09000030
1945,E1  6RQ,E01004306,51.518498,-0.071202,E09000030
1946,E1  6RR,E01004322,51.519019,-0.058106,E09000030
1947,E1  6RS,E01033708,51.52146,-0.077982,E09000030
1948,E1  6RT,E01004307,51.517879,-0.072915,E09000030
1949,E1  6RU,E01004306,51.521722,-0.071484,E09000030
1950,E1  6RW,E01004307,51.517646,-0.07353,E09000030
1951,E1  6RX,E01004307,51.520023,-0.074251,E09000030
1952,E1  6RY,E01035669,51.522876,-0.072776,E09000030
1953,E1  6RZ,E01035669,51.522876,-0.072776,E09000030
1954,E1  6SA,E01035669,51.524076,-0.071384,E09000030
1955,E1  6SB,E01035669,51.524118,-0.0717,E09000030
1956,E1  6SD,E01004307,51.522054,-0.073603,E09000030
1957,E1  6SE,E01035669,51.522347,-0.071731,E09000030
1958,E1  6SF,E01004307,51.521891,-0.073567,E09000030
1959,E1  6SG,E01004307,51.521978,-0.072814,E09000030
1960,E1  6SH,E01004307,51.521876,-0.077546,E09000030
1961,E1  6SJ,E01035669,51.522497,-0.072691,E09000030
1962,E1  6SL,E01035669,51.522277,-0.072989,E09000030
1963,E1  6SN,E01004307,51.522057,-0.073257,E09000030
1964,E1  6SP,E01004307,51.521126,-0.075733,E09000030
1965,E1  6SQ,E01004307,51.521978,-0.072814,E09000030
1966,E1  6SS,E01004307,51.52192,-0.074777,E09000030
1967,E1  6ST,E01035669,51.522296,-0.073593,E09000030
1968,E1  6SW,E01035669,51.522162,-0.072518,E09000030
1969,E1  6SX,E01035669,51.522357,-0.072913,E09000030
1970,E1  6SY,E01035669,51.522295,-0.075164,E09000030
1971,E1  6SZ,E01035669,51.522295,-0.075164,E09000030
1972,E1  6TA,E01004309,51.516342,-0.069708,E09000030
1973,E1  6TB,E01004310,51.517139,-0.072759,E09000030
1974,E1  6TD,E01004309,51.516821,-0.069875,E09000030
1975,E1  6TE,E01004309,51.516704,-0.069837,E09000030
1976,E1  6TF,E01004306,51.516538,-0.070161,E09000030
1977,E1  6TG,E01004306,51.517038,-0.070457,E09000030
1978,E1  6TH,E01004322,51.519027,-0.058048,E09000030
1979,E1  6TJ,E01004322,51.519027,-0.058048,E09000030
1980,E1  6TL,E01004310,51.51714,-0.072816,E09000030
1981,E1  6TN,E01004307,51.520023,-0.074251,E09000030
1982,E1  6TP,E01004307,51.520139,-0.074174,E09000030
1983,E1  6TQ,E01004310,51.516562,-0.071601,E09000030
1984,E1  6TR,E01004322,51.519027,-0.058048,E09000030
1985,E1  6TS,E01004322,51.519027,-0.058048,E09000030
1986,E1  6TT,E01004307,51.520139,-0.074174,E09000030
1987,E1  6TU,E01004307,51.520139,-0.074174,E09000030
1988,E1  6TW,E01004307,51.520139,-0.074174,E09000030
1989,E1  6TX,E01004322,51.519027,-0.058048,E09000030
1990,E1  6TY,E01004309,51.516342,-0.069693,E09000030
1991,E1  6UH,E01004307,51.520926,-0.076649,E09000030
1992,E1  6UJ,E01004307,51.520747,-0.076743,E09000030
1993,E1  6UL,E01004307,51.520692,-0.07614,E09000030
1994,E1  6UN,E01004307,51.52053,-0.074994,E09000030
1995,E1  6UP,E01004307,51.520604,-0.075711,E09000030
1996,E1  6UU,E01004322,51.519027,-0.058048,E09000030
1997,E1  6UW,E01004307,51.52053,-0.074994,E09000030
1998,E1  6UX,E01004322,51.519027,-0.058048,E09000030
1999,E1  6UY,E01004322,51.519019,-0.058106,E09000030
2000,E1  6UZ,E01004322,51.519027,-0.058048,E09000030
2001,E1  6WA,E01004322,51.519027,-0.058048,E09000030
2002,E1  6WB,E01004322,51.519027,-0.058048,E09000030
2003,E1  6WD,E01004322,51.519019,-0.058106,E09000030
2004,E1  6WE,E01004322,51.519027,-0.058048,E09000030
2005,E1  6WF,E01004322,51.519027,-0.058048,E09000030
2006,E1  6WG,E01004322,51.519027,-0.058048,E09000030
2007,E1  6WH,E01004322,51.519027,-0.058048,E09000030
2008,E1  6WJ,E01004322,51.519027,-0.058048,E09000030
2009,E1  6WL,E01004322,51.519019,-0.058106,E09000030
2010,E1  6WN,E01004322,51.519027,-0.058048,E09000030
2011,E1  6WP,E01004322,51.519027,-0.058048,E09000030
2012,E1  6WQ,E01004322,51.519027,-0.058048,E09000030
2013,E1  6WS,E01004322,51.519027,-0.058048,E09000030
2014,E1  6WT,E01004322,51.519027,-0.058048,E09000030
2015,E1  6WU,E01004322,51.519027,-0.058048,E09000030
2016,E1  6WW,E01004322,51.519027,-0.058048,E09000030
2017,E1  6WX,E01004322,51.519027,-0.058048,E09000030
2018,E1  6WY,E01004322,51.519027,-0.058048,E09000030
2019,E1  6WZ,E01004322,51.519027,-0.058048,E09000030
2020,E1  6XA,E01004322,51.519027,-0.058048,E09000030
2021,E1  6XB,E01004322,51.519027,-0.058048,E09000030
2022,E1  6XD,E01004322,51.519027,-0.058048,E09000030
2023,E1  6XE,E01004322,51.519027,-0.058048,E09000030
2024,E1  6XF,E01004322,51.519027,-0.058048,E09000030
2025,E1  6XH,E01004322,51.519027,-0.058048,E09000030
2026,E1  6XW,E01004322,51.519027,-0.058048,E09000030
2027,E1  6XX,E01004322,51.519027,-0.058048,E09000030
2028,E1  6XY,E01004322,51.519027,-0.058048,E09000030
2029,E1  6XZ,E01004322,51.519019,-0.058106,E09000030
2030,E1  6YB,E01004322,51.519027,-0.058048,E09000030
2031,E1  6YZ,E01004322,51.519027,-0.058048,E09000030
2034,E1  7AB,E01004307,51.517605,-0.076515,E09000030
2038,E1  7AG,E01004322,51.519027,-0.058048,E09000030
2039,E1  7AH,E01004310,51.516027,-0.073512,E09000030
2040,E1  7AJ,E01004310,51.51677,-0.07387,E09000030
2041,E1  7AL,E01004310,51.51677,-0.073855,E09000030
2042,E1  7AN,E01004309,51.515409,-0.072587,E09000030
2043,E1  7AP,E01004309,51.515398,-0.072457,E09000030
2044,E1  7AQ,E01004309,51.515398,-0.072457,E09000030
2045,E1  7AR,E01035687,51.514751,-0.070265,E09000030
2046,E1  7AS,E01035687,51.514947,-0.071295,E09000030
2047,E1  7AT,E01035687,51.514947,-0.071295,E09000030
2048,E1  7AU,E01004310,51.516919,-0.074714,E09000030
2051,E1  7AY,E01035687,51.515188,-0.071184,E09000030
2052,E1  7BB,E01004310,51.516947,-0.072579,E09000030
2053,E1  7BD,E01004310,51.516598,-0.071614,E09000030
2054,E1  7BE,E01004310,51.516788,-0.071692,E09000030
2055,E1  7BF,E01004310,51.516826,-0.071777,E09000030
2056,E1  7BG,E01004310,51.517089,-0.073554,E09000030
2058,E1  7BN,E01004310,51.515016,-0.074347,E09000030
2059,E1  7BQ,E01035687,51.515207,-0.070664,E09000030
2062,E1  7BU,E01035687,51.515207,-0.070664,E09000030
2071,E1  7DU,E01004307,51.519376,-0.078689,E09000030
2079,E1  7EP,E01004310,51.515049,-0.074202,E09000030
2082,E1  7ET,E01035687,51.517366,-0.065802,E09000030
2084,E1  7EX,E01004310,51.515697,-0.075299,E09000030
2085,E1  7EY,E01004310,51.515706,-0.075298,E09000030
2086,E1  7EZ,E01004307,51.516552,-0.076488,E09000030
2088,E1  7HB,E01004322,51.519027,-0.058048,E09000030
2089,E1  7HD,E01004307,51.517616,-0.076616,E09000030
2092,E1  7HJ,E01004307,51.517616,-0.076616,E09000030
2093,E1  7HL,E01004307,51.517555,-0.077325,E09000030
2095,E1  7HQ,E01004307,51.517962,-0.07689,E09000030
2096,E1  7HR,E01004307,51.517828,-0.077501,E09000030
2097,E1  7HS,E01004307,51.517759,-0.077143,E09000030
2100,E1  7HW,E01004307,51.518202,-0.077816,E09000030
2103,E1  7HZ,E01004307,51.518032,-0.0768,E09000030
2112,E1  7JU,E01004310,51.516637,-0.075072,E09000030
2113,E1  7JX,E01004310,51.516637,-0.075086,E09000030
2114,E1  7JY,E01004310,51.516637,-0.075072,E09000030
2115,E1  7LA,E01004307,51.517289,-0.075866,E09000030
2116,E1  7LB,E01004307,51.516899,-0.076242,E09000030
2117,E1  7LD,E01004307,51.518498,-0.077227,E09000030
2118,E1  7LE,E01004307,51.516899,-0.076228,E09000030
2119,E1  7LF,E01004307,51.517316,-0.07696,E09000030
2120,E1  7LG,E01004307,51.517042,-0.076755,E09000030
2121,E1  7LH,E01004310,51.517319,-0.075533,E09000030
2122,E1  7LJ,E01004307,51.518087,-0.077389,E09000030
2123,E1  7LL,E01004307,51.517136,-0.075872,E09000030
2124,E1  7LN,E01004307,51.517616,-0.076616,E09000030
2126,E1  7LQ,E01004307,51.517375,-0.076165,E09000030
2127,E1  7LR,E01004307,51.517555,-0.077325,E09000030
2129,E1  7LT,E01004307,51.518572,-0.077325,E09000030
2130,E1  7LU,E01004307,51.518127,-0.076522,E09000030
2134,E1  7LZ,E01004307,51.517555,-0.077325,E09000030
2135,E1  7NA,E01004307,51.518314,-0.077523,E09000030
2136,E1  7NB,E01004307,51.517987,-0.075663,E09000030
2137,E1  7ND,E01004310,51.517968,-0.075621,E09000030
2138,E1  7NE,E01004310,51.517703,-0.074292,E09000030
2139,E1  7NF,E01004307,51.518152,-0.075296,E09000030
2140,E1  7NG,E01004310,51.517532,-0.075884,E09000030
2141,E1  7NH,E01004307,51.517948,-0.076054,E09000030
2142,E1  7NJ,E01004310,51.518138,-0.075008,E09000030
2143,E1  7NL,E01004310,51.517532,-0.075884,E09000030
2144,E1  7NN,E01004310,51.517795,-0.074951,E09000030
2145,E1  7NP,E01004310,51.517573,-0.075133,E09000030
2146,E1  7NQ,E01004322,51.519027,-0.058048,E09000030
2147,E1  7NR,E01004310,51.517401,-0.074492,E09000030
2148,E1  7NS,E01004310,51.516462,-0.074272,E09000030
2149,E1  7NT,E01004310,51.515354,-0.073598,E09000030
2150,E1  7NU,E01004310,51.515946,-0.073515,E09000030
2151,E1  7NW,E01004310,51.517573,-0.075133,E09000030
2152,E1  7NX,E01004310,51.516088,-0.072846,E09000030
2153,E1  7NY,E01004310,51.516569,-0.074786,E09000030
2154,E1  7NZ,E01004310,51.518035,-0.075344,E09000030
2155,E1  7PA,E01004310,51.516717,-0.073382,E09000030
2156,E1  7PB,E01004310,51.517532,-0.075884,E09000030
2157,E1  7PD,E01035687,51.514928,-0.071195,E09000030
2158,E1  7PE,E01035687,51.515556,-0.070029,E09000030
2159,E1  7PF,E01035687,51.515556,-0.070029,E09000030
2160,E1  7PG,E01032767,51.514765,-0.071677,E09000030
2161,E1  7PH,E01035687,51.515352,-0.070744,E09000030
2162,E1  7PJ,E01032767,51.514419,-0.07309,E09000030
2163,E1  7PL,E01035687,51.515865,-0.06967,E09000030
2164,E1  7PN,E01004307,51.516362,-0.075862,E09000030
2165,E1  7PP,E01004322,51.519027,-0.058048,E09000030
2166,E1  7PQ,E01032767,51.515064,-0.071823,E09000030
2167,E1  7PR,E01004310,51.516042,-0.074967,E09000030
2168,E1  7PS,E01004310,51.515024,-0.073223,E09000030
2169,E1  7PT,E01004309,51.515381,-0.072487,E09000030
2170,E1  7PU,E01004310,51.515083,-0.072975,E09000030
2171,E1  7PW,E01035687,51.517366,-0.065802,E09000030
2172,E1  7PX,E01035687,51.51564,-0.070199,E09000030
2173,E1  7PY,E01004322,51.519019,-0.058106,E09000030
2175,E1  7QA,E01004310,51.515309,-0.073585,E09000030
2177,E1  7QD,E01004310,51.516042,-0.074967,E09000030
2179,E1  7QH,E01032767,51.514765,-0.071677,E09000030
2180,E1  7QL,E01035687,51.515472,-0.068721,E09000030
2181,E1  7QP,E01035687,51.515728,-0.069532,E09000030
2182,E1  7QR,E01035687,51.515588,-0.06925,E09000030
2183,E1  7QS,E01035687,51.515207,-0.06794,E09000030
2184,E1  7QT,E01035687,51.515199,-0.068531,E09000030
2185,E1  7QU,E01035687,51.515728,-0.069532,E09000030
2186,E1  7QX,E01004309,51.516012,-0.070399,E09000030
2187,E1  7QY,E01004309,51.515663,-0.071639,E09000030
2188,E1  7QZ,E01004310,51.516637,-0.075072,E09000030
2189,E1  7RA,E01004309,51.515702,-0.071234,E09000030
2190,E1  7RB,E01032767,51.514765,-0.071677,E09000030
2191,E1  7RD,E01032767,51.514765,-0.071677,E09000030
2192,E1  7RE,E01004309,51.516157,-0.069932,E09000030
2193,E1  7RG,E01004309,51.5161,-0.070857,E09000030
2194,E1  7RH,E01004310,51.514788,-0.073117,E09000030
2195,E1  7RJ,E01004322,51.519027,-0.058048,E09000030
2196,E1  7RL,E01004310,51.516843,-0.071748,E09000030
2197,E1  7RN,E01004310,51.516586,-0.073041,E09000030
2198,E1  7RP,E01004309,51.516274,-0.071008,E09000030
2199,E1  7RQ,E01004309,51.51585,-0.070954,E09000030
2200,E1  7RR,E01004309,51.515663,-0.071639,E09000030
2201,E1  7RW,E01004310,51.516791,-0.071851,E09000030
2202,E1  7SA,E01004306,51.517082,-0.070974,E09000030
2203,E1  7SB,E01004310,51.516586,-0.073041,E09000030
2204,E1  7SD,E01004310,51.516586,-0.073041,E09000030
2205,E1  7SE,E01004310,51.516908,-0.072394,E09000030
2206,E1  7SQ,E01004310,51.516586,-0.073041,E09000030
2207,E1  7TA,E01004310,51.516586,-0.073041,E09000030
2208,E1  7TB,E01004307,51.516597,-0.075938,E09000030
2209,E1  7TD,E01004310,51.516936,-0.074627,E09000030
2210,E1  7TE,E01004307,51.516633,-0.075922,E09000030
2211,E1  7TF,E01004310,51.516479,-0.075309,E09000030
2212,E1  7TG,E01004310,51.516425,-0.075282,E09000030
2213,E1  7TH,E01004310,51.516483,-0.075554,E09000030
2216,E1  7TN,E01004310,51.516684,-0.074652,E09000030
2217,E1  7TP,E01004310,51.516479,-0.075309,E09000030
2218,E1  7TQ,E01004310,51.517106,-0.074057,E09000030
2219,E1  7TR,E01004310,51.517245,-0.073778,E09000030
2220,E1  7TS,E01004310,51.516472,-0.075396,E09000030
2221,E1  7TW,E01004310,51.516225,-0.07408,E09000030
2222,E1  7TX,E01004310,51.515711,-0.07452,E09000030
2223,E1  7UD,E01004310,51.516637,-0.075072,E09000030
2224,E1  7UE,E01004310,51.516637,-0.075072,E09000030
2225,E1  7UF,E01004322,51.519027,-0.058048,E09000030
2226,E1  7UG,E01004322,51.519027,-0.058048,E09000030
2227,E1  7UH,E01004322,51.519027,-0.058048,E09000030
2228,E1  7UJ,E01004322,51.519027,-0.058048,E09000030
2229,E1  7UL,E01004322,51.519027,-0.058048,E09000030
2230,E1  7UN,E01004322,51.519027,-0.058048,E09000030
2231,E1  7UP,E01004310,51.516225,-0.07408,E09000030
2232,E1  7UQ,E01004322,51.519027,-0.058048,E09000030
2233,E1  7UW,E01004322,51.519027,-0.058048,E09000030
2234,E1  7UZ,E01004322,51.519027,-0.058048,E09000030
2235,E1  7WA,E01004322,51.519027,-0.058048,E09000030
2236,E1  7WB,E01004322,51.519027,-0.058048,E09000030
2237,E1  7WD,E01004322,51.519027,-0.058048,E09000030
2238,E1  7WE,E01004322,51.519027,-0.058048,E09000030
2239,E1  7WH,E01004322,51.519019,-0.058106,E09000030
2240,E1  7WJ,E01004322,51.519027,-0.058048,E09000030
2241,E1  7WL,E01004322,51.519027,-0.058048,E09000030
2242,E1  7WN,E01004322,51.519027,-0.058048,E09000030
2243,E1  7WP,E01004322,51.519027,-0.058048,E09000030
2244,E1  7WQ,E01004322,51.519027,-0.058048,E09000030
2245,E1  7WR,E01004322,51.519027,-0.058048,E09000030
2246,E1  7WS,E01004322,51.519027,-0.058048,E09000030
2247,E1  7WT,E01004322,51.519027,-0.058048,E09000030
2248,E1  7WU,E01004322,51.519027,-0.058048,E09000030
2249,E1  7WW,E01004322,51.519027,-0.058048,E09000030
2250,E1  7WX,E01004322,51.519027,-0.058048,E09000030
2251,E1  7WY,E01004322,51.519019,-0.058106,E09000030
2252,E1  7WZ,E01004322,51.519027,-0.058048,E09000030
2253,E1  7ZZ,E01004310,51.515024,-0.073223,E09000030
2254,E1  8AA,E01032767,51.513764,-0.073161,E09000030
2256,E1  8AD,E01032767,51.511391,-0.071056,E09000030
2258,E1  8AF,E01032767,51.513764,-0.073161,E09000030
2259,E1  8AG,E01032767,51.511801,-0.068646,E09000030
2261,E1  8AJ,E01032767,51.512243,-0.06978,E09000030
2263,E1  8AN,E01032767,51.512491,-0.072883,E09000030
2264,E1  8AP,E01032767,51.511652,-0.072688,E09000030
2267,E1  8AS,E01035697,51.510653,-0.071577,E09000030
2269,E1  8AU,E01004322,51.519019,-0.058106,E09000030
2271,E1  8AX,E01032767,51.511209,-0.072534,E09000030
2272,E1  8AY,E01032767,51.51163,-0.069172,E09000030
2273,E1  8AZ,E01032767,51.511465,-0.070635,E09000030
2274,E1  8BA,E01035696,51.509311,-0.067613,E09000030
2275,E1  8BB,E01032767,51.511408,-0.071502,E09000030
2276,E1  8BD,E01032767,51.513522,-0.072681,E09000030
2277,E1  8BE,E01004322,51.519027,-0.058048,E09000030
2278,E1  8BF,E01035689,51.512843,-0.068559,E09000030
2279,E1  8BG,E01004322,51.519019,-0.058106,E09000030
2280,E1  8BH,E01035689,51.513213,-0.067577,E09000030
2281,E1  8BJ,E01035696,51.509468,-0.067275,E09000030
2282,E1  8BL,E01032767,51.511194,-0.071079,E09000030
2284,E1  8BP,E01032767,51.511902,-0.068743,E09000030
2286,E1  8BS,E01035689,51.514116,-0.06777,E09000030
2288,E1  8BU,E01032767,51.51217,-0.06755,E09000030
2289,E1  8BW,E01032767,51.511183,-0.069868,E09000030
2291,E1  8BY,E01004322,51.519027,-0.058048,E09000030
2293,E1  8DA,E01032767,51.51365,-0.071148,E09000030
2294,E1  8DB,E01035688,51.514474,-0.070392,E09000030
2295,E1  8DD,E01032767,51.513051,-0.072485,E09000030
2296,E1  8DE,E01032767,51.513374,-0.071866,E09000030
2298,E1  8DG,E01032767,51.51389,-0.073155,E09000030
2299,E1  8DH,E01032767,51.513319,-0.071248,E09000030
2300,E1  8DJ,E01032767,51.512764,-0.070882,E09000030
2301,E1  8DL,E01032767,51.513287,-0.071523,E09000030
2302,E1  8DN,E01032767,51.513193,-0.070677,E09000030
2304,E1  8DQ,E01032767,51.513873,-0.071614,E09000030
2305,E1  8DR,E01032767,51.512459,-0.070895,E09000030
2306,E1  8DS,E01032767,51.513918,-0.071598,E09000030
2307,E1  8DT,E01032767,51.512506,-0.07268,E09000030
2309,E1  8DW,E01032767,51.511777,-0.071544,E09000030
2310,E1  8DX,E01032767,51.51448,-0.072943,E09000030
2311,E1  8DY,E01032767,51.513522,-0.072681,E09000030
2312,E1  8DZ,E01032767,51.513918,-0.071612,E09000030
2313,E1  8EA,E01032767,51.513987,-0.072474,E09000030
2314,E1  8EB,E01035688,51.514228,-0.070186,E09000030
2315,E1  8ED,E01032767,51.511421,-0.068504,E09000030
2316,E1  8EE,E01032767,51.513987,-0.072474,E09000030
2317,E1  8EF,E01032767,51.512764,-0.070882,E09000030
2318,E1  8EG,E01004322,51.519027,-0.058048,E09000030
2319,E1  8EH,E01035687,51.514556,-0.069899,E09000030
2320,E1  8EJ,E01035688,51.514289,-0.070631,E09000030
2321,E1  8EL,E01032767,51.513866,-0.071715,E09000030
2322,E1  8EN,E01035688,51.514155,-0.070665,E09000030
2323,E1  8EP,E01032767,51.51428,-0.071698,E09000030
2324,E1  8EQ,E01032767,51.513866,-0.071715,E09000030
2325,E1  8ER,E01032767,51.514153,-0.071098,E09000030
2326,E1  8ES,E01004322,51.519019,-0.058106,E09000030
2327,E1  8ET,E01032767,51.511421,-0.068504,E09000030
2328,E1  8EU,E01032767,51.512914,-0.07017,E09000030
2329,E1  8EW,E01032767,51.513946,-0.071078,E09000030
2330,E1  8EX,E01032767,51.512903,-0.069464,E09000030
2331,E1  8EY,E01032767,51.512559,-0.069349,E09000030
2332,E1  8EZ,E01004322,51.519027,-0.058048,E09000030
2333,E1  8FA,E01032767,51.514772,-0.072095,E09000030
2334,E1  8FB,E01032767,51.511421,-0.068504,E09000030
2335,E1  8FD,E01004322,51.519027,-0.058048,E09000030
2336,E1  8FE,E01032767,51.512039,-0.072715,E09000030
2337,E1  8FF,E01035688,51.513949,-0.069103,E09000030
2338,E1  8FG,E01004322,51.519027,-0.058048,E09000030
2339,E1  8FH,E01004322,51.519027,-0.058048,E09000030
2340,E1  8FJ,E01004322,51.519019,-0.058106,E09000030
2341,E1  8FL,E01004322,51.519019,-0.058106,E09000030
2342,E1  8FN,E01004322,51.519027,-0.058048,E09000030
2343,E1  8FP,E01004322,51.519019,-0.058106,E09000030
2344,E1  8FQ,E01004322,51.519027,-0.058048,E09000030
2345,E1  8FR,E01004322,51.519027,-0.058048,E09000030
2346,E1  8FS,E01004322,51.519027,-0.058048,E09000030
2347,E1  8FT,E01004322,51.519027,-0.058048,E09000030
2348,E1  8FU,E01035688,51.513425,-0.069485,E09000030
2349,E1  8FW,E01004322,51.519027,-0.058048,E09000030
2350,E1  8FX,E01004322,51.519027,-0.058048,E09000030
2351,E1  8FY,E01004322,51.519027,-0.058048,E09000030
2352,E1  8FZ,E01004322,51.519027,-0.058048,E09000030
2353,E1  8GA,E01004322,51.519027,-0.058048,E09000030
2354,E1  8GB,E01004322,51.519027,-0.058048,E09000030
2355,E1  8GD,E01032767,51.51239,-0.068347,E09000030
2356,E1  8GE,E01035689,51.512831,-0.068401,E09000030
2357,E1  8GF,E01032767,51.512372,-0.067829,E09000030
2358,E1  8GG,E01035689,51.512752,-0.067928,E09000030
2359,E1  8GH,E01032767,51.512212,-0.069032,E09000030
2360,E1  8GJ,E01032767,51.512433,-0.068792,E09000030
2361,E1  8GL,E01035689,51.514543,-0.068054,E09000030
2362,E1  8GN,E01004295,51.510803,-0.065892,E09000030
2363,E1  8GP,E01032767,51.511777,-0.071544,E09000030
2364,E1  8GQ,E01004295,51.510824,-0.06556,E09000030
2365,E1  8GR,E01004295,51.510873,-0.065255,E09000030
2366,E1  8GS,E01004295,51.510873,-0.065255,E09000030
2367,E1  8GT,E01004295,51.510924,-0.065066,E09000030
2368,E1  8GU,E01004295,51.510966,-0.064329,E09000030
2369,E1  8GW,E01004295,51.510966,-0.064329,E09000030
2370,E1  8GX,E01004295,51.510922,-0.063841,E09000030
2371,E1  8GY,E01004295,51.510922,-0.063841,E09000030
2372,E1  8GZ,E01032767,51.513297,-0.072085,E09000030
2373,E1  8HA,E01035697,51.510351,-0.069024,E09000030
2374,E1  8HB,E01035697,51.510194,-0.068815,E09000030
2375,E1  8HD,E01035697,51.509994,-0.068694,E09000030
2376,E1  8HE,E01035697,51.509831,-0.068614,E09000030
2377,E1  8HF,E01004295,51.510271,-0.061995,E09000030
2378,E1  8HG,E01032767,51.511955,-0.07034,E09000030
2379,E1  8HH,E01032767,51.512967,-0.071753,E09000030
2380,E1  8HJ,E01032767,51.513197,-0.070374,E09000030
2381,E1  8HL,E01004322,51.519019,-0.058106,E09000030
2382,E1  8HN,E01004295,51.509955,-0.061922,E09000030
2383,E1  8HP,E01004295,51.510447,-0.062852,E09000030
2384,E1  8HQ,E01032767,51.513545,-0.070806,E09000030
2385,E1  8HR,E01004295,51.510393,-0.063417,E09000030
2386,E1  8HS,E01004295,51.510915,-0.062919,E09000030
2387,E1  8HT,E01004295,51.510722,-0.064296,E09000030
2388,E1  8HU,E01004295,51.510722,-0.064296,E09000030
2389,E1  8HW,E01035696,51.510614,-0.066434,E09000030
2390,E1  8HX,E01004295,51.510911,-0.062126,E09000030
2391,E1  8HY,E01035696,51.510091,-0.065822,E09000030
2393,E1  8JA,E01035696,51.50965,-0.067426,E09000030
2394,E1  8JB,E01035696,51.510613,-0.066938,E09000030
2395,E1  8JD,E01035697,51.510591,-0.067775,E09000030
2396,E1  8JE,E01035697,51.510224,-0.068987,E09000030
2397,E1  8JF,E01004322,51.519027,-0.058048,E09000030
2398,E1  8JG,E01035696,51.510713,-0.068087,E09000030
2399,E1  8JH,E01004295,51.510535,-0.064938,E09000030
2400,E1  8JJ,E01004295,51.510535,-0.064938,E09000030
2401,E1  8JL,E01035696,51.509574,-0.067746,E09000030
2402,E1  8JN,E01035696,51.510099,-0.067925,E09000030
2403,E1  8JP,E01035696,51.510115,-0.068357,E09000030
2404,E1  8JQ,E01035696,51.510732,-0.067582,E09000030
2405,E1  8JR,E01035696,51.510496,-0.068557,E09000030
2406,E1  8JS,E01035696,51.510418,-0.066024,E09000030
2407,E1  8JT,E01035697,51.509922,-0.067573,E09000030
2408,E1  8JU,E01035697,51.509503,-0.068902,E09000030
2409,E1  8JW,E01004295,51.510922,-0.063841,E09000030
2410,E1  8JX,E01035697,51.510602,-0.069533,E09000030
2411,E1  8JY,E01035697,51.510312,-0.069386,E09000030
2412,E1  8JZ,E01035697,51.510388,-0.069643,E09000030
2413,E1  8LA,E01035697,51.510211,-0.069837,E09000030
2414,E1  8LB,E01035697,51.509885,-0.069664,E09000030
2415,E1  8LD,E01035697,51.509673,-0.069385,E09000030
2416,E1  8LE,E01035697,51.509914,-0.069274,E09000030
2417,E1  8LF,E01035697,51.510097,-0.070015,E09000030
2418,E1  8LG,E01035697,51.510393,-0.070493,E09000030
2419,E1  8LH,E01035697,51.509349,-0.070465,E09000030
2420,E1  8LJ,E01035696,51.509419,-0.067623,E09000030
2421,E1  8LL,E01035697,51.510341,-0.067901,E09000030
2424,E1  8LQ,E01035697,51.50998,-0.072196,E09000030
2425,E1  8LR,E01035697,51.509954,-0.070079,E09000030
2426,E1  8LS,E01035697,51.510409,-0.070391,E09000030
2427,E1  8LT,E01035697,51.509343,-0.070076,E09000030
2428,E1  8LU,E01035697,51.509294,-0.0693,E09000030
2430,E1  8LX,E01035697,51.508643,-0.070163,E09000030
2431,E1  8LY,E01035697,51.509867,-0.07076,E09000030
2432,E1  8LZ,E01035697,51.50895,-0.07028,E09000030
2433,E1  8NA,E01035697,51.509827,-0.06834,E09000030
2434,E1  8NB,E01035697,51.509295,-0.070986,E09000030
2435,E1  8ND,E01035696,51.509362,-0.067423,E09000030
2436,E1  8NE,E01032767,51.511271,-0.070845,E09000030
2437,E1  8NF,E01035687,51.514481,-0.069743,E09000030
2438,E1  8NG,E01035687,51.514481,-0.069743,E09000030
2439,E1  8NH,E01035689,51.514672,-0.069303,E09000030
2440,E1  8NJ,E01035687,51.514547,-0.069928,E09000030
2441,E1  8NL,E01035696,51.510744,-0.068331,E09000030
2442,E1  8NN,E01035688,51.514419,-0.070351,E09000030
2443,E1  8NP,E01035697,51.510224,-0.068987,E09000030
2444,E1  8NQ,E01035687,51.514554,-0.069769,E09000030
2445,E1  8NR,E01035696,51.511019,-0.067036,E09000030
2446,E1  8NS,E01004295,51.510983,-0.063175,E09000030
2447,E1  8NT,E01035696,51.51101,-0.067037,E09000030
2448,E1  8NU,E01004295,51.510933,-0.062342,E09000030
2449,E1  8NW,E01035688,51.514713,-0.071247,E09000030
2450,E1  8NX,E01032767,51.513079,-0.069803,E09000030
2451,E1  8NY,E01032767,51.513079,-0.069803,E09000030
2452,E1  8NZ,E01035688,51.513261,-0.069925,E09000030
2453,E1  8PA,E01032767,51.513079,-0.069803,E09000030
2454,E1  8PB,E01032767,51.513079,-0.069803,E09000030
2455,E1  8PD,E01032767,51.513079,-0.069803,E09000030
2456,E1  8PE,E01032767,51.513079,-0.069803,E09000030
2457,E1  8PF,E01032767,51.513079,-0.069803,E09000030
2458,E1  8PG,E01032767,51.513079,-0.069803,E09000030
2460,E1  8PJ,E01032767,51.513079,-0.069803,E09000030
2461,E1  8PL,E01032767,51.513079,-0.069803,E09000030
2462,E1  8PN,E01035697,51.51003,-0.069225,E09000030
2464,E1  8PQ,E01004233,51.534599,-0.03678,E09000030
2465,E1  8PR,E01032767,51.511683,-0.070208,E09000030
2466,E1  8PS,E01035688,51.513923,-0.069133,E09000030
2467,E1  8PT,E01035688,51.513706,-0.070208,E09000030
2468,E1  8PU,E01035688,51.513706,-0.070208,E09000030
2469,E1  8PW,E01035688,51.513786,-0.069557,E09000030
2470,E1  8PX,E01035688,51.51396,-0.069751,E09000030
2471,E1  8PY,E01035689,51.512753,-0.067496,E09000030
2472,E1  8PZ,E01035689,51.514348,-0.069302,E09000030
2473,E1  8QA,E01004322,51.519019,-0.058106,E09000030
2474,E1  8QB,E01035689,51.514583,-0.068802,E09000030
2475,E1  8QD,E01035689,51.514583,-0.068802,E09000030
2476,E1  8QE,E01035688,51.513831,-0.069065,E09000030
2477,E1  8QF,E01035688,51.513983,-0.068424,E09000030
2478,E1  8QG,E01035688,51.514489,-0.068561,E09000030
2479,E1  8QH,E01035688,51.513887,-0.068587,E09000030
2480,E1  8QJ,E01035687,51.514766,-0.07012,E09000030
2481,E1  8QL,E01035687,51.514766,-0.07012,E09000030
2482,E1  8QN,E01032767,51.514772,-0.072095,E09000030
2483,E1  8QP,E01035688,51.514066,-0.06855,E09000030
2484,E1  8QQ,E01032767,51.51448,-0.072943,E09000030
2485,E1  8QR,E01032767,51.51448,-0.072943,E09000030
2486,E1  8QS,E01032767,51.514453,-0.072973,E09000030
2487,E1  8QT,E01032767,51.513097,-0.072511,E09000030
2488,E1  8QU,E01035696,51.510351,-0.068491,E09000030
2489,E1  8QW,E01035696,51.51007,-0.068388,E09000030
2490,E1  8QX,E01035697,51.510192,-0.068671,E09000030
2491,E1  8QY,E01004322,51.519027,-0.058048,E09000030
2492,E1  8QZ,E01004295,51.511075,-0.066068,E09000030
2493,E1  8RA,E01032767,51.511209,-0.072534,E09000030
2495,E1  8RD,E01035697,51.510653,-0.071577,E09000030
2496,E1  8RE,E01032767,51.512317,-0.07266,E09000030
2497,E1  8RF,E01004322,51.519027,-0.058048,E09000030
2498,E1  8RG,E01032767,51.51117,-0.071829,E09000030
2499,E1  8RH,E01032767,51.511146,-0.070389,E09000030
2500,E1  8RJ,E01032767,51.51163,-0.069172,E09000030
2501,E1  8RL,E01032767,51.51163,-0.069172,E09000030
2502,E1  8RN,E01032767,51.511146,-0.070389,E09000030
2503,E1  8RP,E01004322,51.519019,-0.058106,E09000030
2504,E1  8RQ,E01032767,51.511146,-0.070389,E09000030
2505,E1  8RR,E01004322,51.519019,-0.058106,E09000030
2506,E1  8RS,E01004322,51.519019,-0.058106,E09000030
2507,E1  8RT,E01004322,51.519019,-0.058106,E09000030
2509,E1  8RW,E01004322,51.519019,-0.058106,E09000030
2510,E1  8RX,E01004322,51.519019,-0.058106,E09000030
2511,E1  8RY,E01032767,51.511808,-0.06794,E09000030
2512,E1  8RZ,E01032767,51.511639,-0.067529,E09000030
2513,E1  8SA,E01004322,51.519027,-0.058048,E09000030
2514,E1  8SB,E01004322,51.519027,-0.058048,E09000030
2515,E1  8SD,E01004322,51.519019,-0.058106,E09000030
2516,E1  8SE,E01004322,51.519027,-0.058048,E09000030
2517,E1  8SF,E01004322,51.519027,-0.058048,E09000030
2518,E1  8SG,E01004322,51.519027,-0.058048,E09000030
2519,E1  8SH,E01004322,51.519027,-0.058048,E09000030
2520,E1  8SJ,E01032767,51.511421,-0.068504,E09000030
2521,E1  8SL,E01032767,51.511421,-0.068504,E09000030
2522,E1  8SN,E01004322,51.519027,-0.058048,E09000030
2523,E1  8SP,E01004322,51.519027,-0.058048,E09000030
2524,E1  8SQ,E01035697,51.510653,-0.071577,E09000030
2525,E1  8SR,E01004322,51.519027,-0.058048,E09000030
2526,E1  8SS,E01004322,51.519027,-0.058048,E09000030
2527,E1  8ST,E01035696,51.511099,-0.067508,E09000030
2528,E1  8SU,E01004322,51.519019,-0.058106,E09000030
2529,E1  8SW,E01004322,51.519019,-0.058106,E09000030
2530,E1  8SX,E01004322,51.519027,-0.058048,E09000030
2531,E1  8SY,E01004322,51.519019,-0.058106,E09000030
2532,E1  8SZ,E01004322,51.519019,-0.058106,E09000030
2533,E1  8TA,E01004322,51.519027,-0.058048,E09000030
2534,E1  8TB,E01004322,51.519019,-0.058106,E09000030
2535,E1  8TD,E01032767,51.511421,-0.068504,E09000030
2536,E1  8TE,E01004322,51.519019,-0.058106,E09000030
2537,E1  8TF,E01004322,51.519019,-0.058106,E09000030
2538,E1  8TG,E01004322,51.519027,-0.058048,E09000030
2539,E1  8TH,E01004322,51.519019,-0.058106,E09000030
2540,E1  8TJ,E01032767,51.511421,-0.068504,E09000030
2541,E1  8TL,E01004322,51.519027,-0.058048,E09000030
2542,E1  8TN,E01004322,51.519019,-0.058106,E09000030
2543,E1  8TP,E01004322,51.519019,-0.058106,E09000030
2544,E1  8TQ,E01035696,51.511099,-0.067508,E09000030
2545,E1  8TR,E01004322,51.519027,-0.058048,E09000030
2546,E1  8TS,E01004322,51.519027,-0.058048,E09000030
2547,E1  8TU,E01032767,51.511421,-0.068504,E09000030
2548,E1  8TW,E01032767,51.511421,-0.068504,E09000030
2549,E1  8TX,E01032767,51.511421,-0.068504,E09000030
2550,E1  8TY,E01032767,51.511421,-0.068504,E09000030
2551,E1  8TZ,E01004322,51.519027,-0.058048,E09000030
2552,E1  8UA,E01004322,51.519027,-0.058048,E09000030
2553,E1  8UB,E01004322,51.519019,-0.058106,E09000030
2554,E1  8UD,E01032767,51.511421,-0.068504,E09000030
2555,E1  8UE,E01035696,51.510744,-0.068331,E09000030
2556,E1  8UF,E01004322,51.519027,-0.058048,E09000030
2557,E1  8UG,E01004322,51.519027,-0.058048,E09000030
2558,E1  8UH,E01004322,51.519027,-0.058048,E09000030
2559,E1  8UJ,E01032767,51.511421,-0.068504,E09000030
2560,E1  8UL,E01032767,51.511421,-0.068504,E09000030
2561,E1  8UN,E01032767,51.511421,-0.068504,E09000030
2562,E1  8UP,E01032767,51.511421,-0.068504,E09000030
2563,E1  8UQ,E01004322,51.519019,-0.058106,E09000030
2564,E1  8UR,E01032767,51.511421,-0.068504,E09000030
2565,E1  8US,E01032767,51.511421,-0.068504,E09000030
2566,E1  8UT,E01032767,51.511421,-0.068504,E09000030
2567,E1  8UU,E01004322,51.519027,-0.058048,E09000030
2568,E1  8UW,E01032767,51.511421,-0.068504,E09000030
2569,E1  8UX,E01032767,51.511421,-0.068504,E09000030
2570,E1  8UY,E01004322,51.519027,-0.058048,E09000030
2571,E1  8UZ,E01004322,51.519027,-0.058048,E09000030
2572,E1  8WA,E01035688,51.513949,-0.069103,E09000030
2573,E1  8WB,E01035688,51.513949,-0.069103,E09000030
2574,E1  8WD,E01004322,51.519027,-0.058048,E09000030
2575,E1  8WE,E01004322,51.519019,-0.058106,E09000030
2576,E1  8WF,E01004322,51.519019,-0.058106,E09000030
2577,E1  8WG,E01004322,51.519027,-0.058048,E09000030
2578,E1  8WH,E01004322,51.519019,-0.058106,E09000030
2579,E1  8WJ,E01035688,51.513949,-0.069103,E09000030
2580,E1  8WL,E01035688,51.513949,-0.069103,E09000030
2581,E1  8WN,E01004322,51.519027,-0.058048,E09000030
2582,E1  8WP,E01004322,51.519027,-0.058048,E09000030
2583,E1  8WQ,E01035688,51.513949,-0.069103,E09000030
2584,E1  8WR,E01004322,51.519027,-0.058048,E09000030
2585,E1  8WS,E01004322,51.519027,-0.058048,E09000030
2586,E1  8WT,E01004322,51.519027,-0.058048,E09000030
2587,E1  8WU,E01004322,51.519027,-0.058048,E09000030
2588,E1  8WW,E01004322,51.519027,-0.058048,E09000030
2589,E1  8WX,E01004322,51.519019,-0.058106,E09000030
2590,E1  8WY,E01004322,51.519027,-0.058048,E09000030
2591,E1  8WZ,E01004322,51.519027,-0.058048,E09000030
2592,E1  8XA,E01004322,51.519027,-0.058048,E09000030
2593,E1  8XB,E01004322,51.519027,-0.058048,E09000030
2594,E1  8XD,E01004322,51.519027,-0.058048,E09000030
2595,E1  8XE,E01004322,51.519019,-0.058106,E09000030
2596,E1  8XF,E01032767,51.511421,-0.068504,E09000030
2597,E1  8XG,E01032767,51.511421,-0.068504,E09000030
2598,E1  8XH,E01004322,51.519027,-0.058048,E09000030
2599,E1  8XJ,E01004322,51.519027,-0.058048,E09000030
2600,E1  8XL,E01004322,51.519027,-0.058048,E09000030
2601,E1  8XN,E01004322,51.519027,-0.058048,E09000030
2602,E1  8XP,E01032767,51.511421,-0.068504,E09000030
2603,E1  8XQ,E01004322,51.519027,-0.058048,E09000030
2604,E1  8XR,E01032767,51.511421,-0.068504,E09000030
2605,E1  8XS,E01032767,51.511421,-0.068504,E09000030
2606,E1  8XT,E01004322,51.519019,-0.058106,E09000030
2607,E1  8XU,E01004322,51.519027,-0.058048,E09000030
2608,E1  8XW,E01032767,51.511297,-0.069157,E09000030
2609,E1  8XX,E01004322,51.519019,-0.058106,E09000030
2610,E1  8XY,E01035688,51.513949,-0.069103,E09000030
2611,E1  8XZ,E01004322,51.519019,-0.058106,E09000030
2612,E1  8YA,E01004322,51.519027,-0.058048,E09000030
2613,E1  8YB,E01035688,51.513949,-0.069103,E09000030
2614,E1  8YE,E01004322,51.519027,-0.058048,E09000030
2615,E1  8YF,E01004322,51.519027,-0.058048,E09000030
2616,E1  8YG,E01004322,51.519027,-0.058048,E09000030
2617,E1  8YH,E01004322,51.519027,-0.058048,E09000030
2618,E1  8YN,E01004322,51.519027,-0.058048,E09000030
2619,E1  8YQ,E01004322,51.519027,-0.058048,E09000030
2620,E1  8YS,E01004322,51.519027,-0.058048,E09000030
2621,E1  8YW,E01004322,51.519027,-0.058048,E09000030
2622,E1  8ZA,E01035688,51.513949,-0.069103,E09000030
2623,E1  8ZB,E01035689,51.513437,-0.068044,E09000030
2624,E1  8ZD,E01035689,51.513321,-0.068121,E09000030
2625,E1  8ZE,E01035688,51.513157,-0.068488,E09000030
2626,E1  8ZF,E01035688,51.513471,-0.068489,E09000030
2627,E1  8ZG,E01035688,51.513471,-0.068489,E09000030
2628,E1  8ZH,E01035688,51.513435,-0.069024,E09000030
2629,E1  8ZJ,E01035688,51.513435,-0.069024,E09000030
2630,E1  8ZL,E01004322,51.519027,-0.058048,E09000030
2631,E1  8ZN,E01035688,51.513648,-0.068323,E09000030
2632,E1  8ZP,E01035688,51.513727,-0.068161,E09000030
2633,E1  8ZS,E01035687,51.514842,-0.069786,E09000030
2634,E1  8ZT,E01035687,51.514779,-0.069803,E09000030
2635,E1  8ZU,E01035697,51.510507,-0.070877,E09000030
2636,E1  8ZZ,E01035697,51.510653,-0.071577,E09000030
2637,E1  9AA,E01004293,51.508576,-0.073236,E09000030
2638,E1  9AB,E01004293,51.507599,-0.073421,E09000030
2639,E1  9AD,E01004293,51.507576,-0.071981,E09000030
2640,E1  9AE,E01004293,51.507576,-0.071981,E09000030
2641,E1  9AF,E01004293,51.507576,-0.071981,E09000030
2642,E1  9AG,E01004293,51.507481,-0.066221,E09000030
2643,E1  9AH,E01004293,51.505778,-0.072057,E09000030
2644,E1  9AJ,E01004293,51.507599,-0.073421,E09000030
2645,E1  9AL,E01035697,51.508451,-0.070503,E09000030
2646,E1  9AN,E01035697,51.508451,-0.070503,E09000030
2647,E1  9AP,E01035697,51.508598,-0.070713,E09000030
2648,E1  9AQ,E01035697,51.508403,-0.067623,E09000030
2649,E1  9AR,E01035697,51.508451,-0.070503,E09000030
2650,E1  9AS,E01004293,51.507576,-0.071981,E09000030
2651,E1  9AT,E01004293,51.507195,-0.07181,E09000030
2652,E1  9AU,E01035696,51.508026,-0.064367,E09000030
2653,E1  9AW,E01035697,51.508867,-0.069015,E09000030
2654,E1  9AX,E01004293,51.508281,-0.072225,E09000030
2655,E1  9AY,E01004296,51.506722,-0.058961,E09000030
2656,E1  9AZ,E01004293,51.508281,-0.072225,E09000030
2657,E1  9BA,E01004296,51.508284,-0.060422,E09000030
2658,E1  9BB,E01035696,51.508976,-0.060912,E09000030
2659,E1  9BD,E01004296,51.506722,-0.058961,E09000030
2660,E1  9BE,E01035696,51.508999,-0.06447,E09000030
2661,E1  9BG,E01035696,51.509177,-0.063281,E09000030
2662,E1  9BH,E01004296,51.506722,-0.058961,E09000030
2663,E1  9BJ,E01004296,51.506722,-0.058961,E09000030
2664,E1  9BL,E01004296,51.506722,-0.058961,E09000030
2665,E1  9BN,E01004295,51.509468,-0.063499,E09000030
2666,E1  9BP,E01004295,51.509574,-0.061751,E09000030
2667,E1  9BQ,E01035696,51.508951,-0.064847,E09000030
2668,E1  9BS,E01035696,51.509183,-0.060384,E09000030
2669,E1  9BT,E01004296,51.508284,-0.060422,E09000030
2670,E1  9BU,E01035696,51.509134,-0.061222,E09000030
2671,E1  9BW,E01004296,51.506722,-0.058961,E09000030
2672,E1  9BX,E01035696,51.509141,-0.06164,E09000030
2673,E1  9BY,E01004296,51.506722,-0.058961,E09000030
2674,E1  9BZ,E01004296,51.506722,-0.058961,E09000030
2675,E1  9DA,E01004296,51.508405,-0.057938,E09000030
2676,E1  9DB,E01004296,51.506722,-0.058961,E09000030
2677,E1  9DD,E01004296,51.506722,-0.058961,E09000030
2678,E1  9DE,E01035696,51.509183,-0.060384,E09000030
2679,E1  9DF,E01004301,51.510306,-0.055451,E09000030
2680,E1  9DG,E01004301,51.509878,-0.056233,E09000030
2681,E1  9DH,E01004303,51.509519,-0.05302,E09000030
2682,E1  9DJ,E01004303,51.509359,-0.05147,E09000030
2683,E1  9DL,E01035696,51.508332,-0.063302,E09000030
2684,E1  9DN,E01004296,51.506722,-0.058961,E09000030
2685,E1  9DP,E01004305,51.511462,-0.049233,E09000030
2686,E1  9DQ,E01004300,51.510504,-0.051652,E09000030
2687,E1  9DR,E01004305,51.511034,-0.049453,E09000030
2688,E1  9DS,E01004303,51.510413,-0.047289,E09000030
2689,E1  9DT,E01004300,51.510557,-0.047802,E09000030
2690,E1  9DU,E01004300,51.510294,-0.047698,E09000030
2691,E1  9DW,E01004296,51.506722,-0.058961,E09000030
2692,E1  9DX,E01004300,51.510304,-0.048303,E09000030
2693,E1  9DY,E01004300,51.510284,-0.048693,E09000030
2694,E1  9DZ,E01004300,51.510525,-0.048567,E09000030
2695,E1  9EA,E01004300,51.510367,-0.049352,E09000030
2696,E1  9EB,E01004300,51.510044,-0.051052,E09000030
2697,E1  9ED,E01004300,51.510044,-0.051052,E09000030
2698,E1  9EE,E01004300,51.510595,-0.050639,E09000030
2699,E1  9EF,E01004300,51.510003,-0.049123,E09000030
2700,E1  9EG,E01004300,51.509914,-0.050265,E09000030
2701,E1  9EH,E01004300,51.510768,-0.049176,E09000030
2702,E1  9EJ,E01004300,51.51029,-0.047986,E09000030
2703,E1  9EL,E01004300,51.510857,-0.048005,E09000030
2704,E1  9EP,E01032769,51.511849,-0.042241,E09000030
2705,E1  9EQ,E01004300,51.509914,-0.050265,E09000030
2706,E1  9ER,E01004303,51.511714,-0.04549,E09000030
2707,E1  9ES,E01004303,51.509901,-0.046216,E09000030
2708,E1  9ET,E01004303,51.509901,-0.046216,E09000030
2709,E1  9EU,E01004303,51.509901,-0.046216,E09000030
2710,E1  9EX,E01004303,51.510693,-0.043026,E09000030
2711,E1  9EY,E01004303,51.510693,-0.043026,E09000030
2712,E1  9EZ,E01004303,51.510693,-0.043026,E09000030
2713,E1  9FA,E01004296,51.506713,-0.058961,E09000030
2714,E1  9FB,E01004296,51.506722,-0.058961,E09000030
2715,E1  9FD,E01004296,51.506722,-0.058961,E09000030
2716,E1  9FE,E01004296,51.506722,-0.058961,E09000030
2717,E1  9FF,E01004296,51.506612,-0.057164,E09000030
2718,E1  9FG,E01004296,51.506722,-0.058961,E09000030
2719,E1  9FH,E01004296,51.506722,-0.058961,E09000030
2720,E1  9FJ,E01004296,51.506713,-0.058961,E09000030
2721,E1  9FL,E01004296,51.506722,-0.058961,E09000030
2722,E1  9FN,E01004296,51.506722,-0.058961,E09000030
2723,E1  9FP,E01004296,51.506722,-0.058961,E09000030
2724,E1  9FQ,E01004297,51.50729,-0.0547,E09000030
2725,E1  9FR,E01004296,51.506722,-0.058961,E09000030
2726,E1  9FS,E01004296,51.506722,-0.058961,E09000030
2727,E1  9FT,E01004296,51.506722,-0.058961,E09000030
2728,E1  9FU,E01004296,51.506722,-0.058961,E09000030
2729,E1  9FW,E01004296,51.506722,-0.058961,E09000030
2730,E1  9FX,E01004297,51.50729,-0.0547,E09000030
2731,E1  9FY,E01004296,51.506722,-0.058961,E09000030
2732,E1  9FZ,E01004296,51.506722,-0.058961,E09000030
2733,E1  9GA,E01004296,51.506722,-0.058961,E09000030
2734,E1  9GB,E01004296,51.506722,-0.058961,E09000030
2735,E1  9GD,E01004296,51.506722,-0.058961,E09000030
2736,E1  9GE,E01004296,51.506722,-0.058961,E09000030
2737,E1  9GF,E01004297,51.50729,-0.0547,E09000030
2738,E1  9GG,E01004296,51.506722,-0.058961,E09000030
2739,E1  9GH,E01004296,51.506722,-0.058961,E09000030
2740,E1  9GJ,E01004296,51.506722,-0.058961,E09000030
2741,E1  9GL,E01004297,51.50729,-0.0547,E09000030
2742,E1  9GN,E01004296,51.506713,-0.058961,E09000030
2743,E1  9GP,E01004296,51.506722,-0.058961,E09000030
2744,E1  9GQ,E01004296,51.506722,-0.058961,E09000030
2745,E1  9GR,E01004297,51.50729,-0.0547,E09000030
2746,E1  9GS,E01004296,51.506722,-0.058961,E09000030
2747,E1  9GT,E01004297,51.50729,-0.0547,E09000030
2748,E1  9GU,E01004296,51.506722,-0.058961,E09000030
2749,E1  9GW,E01004296,51.506722,-0.058961,E09000030
2750,E1  9GX,E01004296,51.506722,-0.058961,E09000030
2751,E1  9GY,E01004297,51.50729,-0.0547,E09000030
2752,E1  9GZ,E01004296,51.506722,-0.058961,E09000030
2753,E1  9HA,E01004296,51.509372,-0.057162,E09000030
2754,E1  9HB,E01004303,51.511446,-0.043397,E09000030
2755,E1  9HD,E01004303,51.511884,-0.045439,E09000030
2756,E1  9HE,E01004296,51.509452,-0.057606,E09000030
2757,E1  9HF,E01032769,51.512051,-0.04144,E09000030
2758,E1  9HG,E01004303,51.510717,-0.044466,E09000030
2759,E1  9HH,E01004296,51.50936,-0.058071,E09000030
2760,E1  9HJ,E01004303,51.510921,-0.04267,E09000030
2761,E1  9HL,E01004296,51.509079,-0.057348,E09000030
2762,E1  9HN,E01004303,51.510726,-0.043904,E09000030
2763,E1  9HP,E01032769,51.509818,-0.044504,E09000030
2764,E1  9HQ,E01004303,51.51121,-0.043825,E09000030
2765,E1  9HR,E01004303,51.510938,-0.045307,E09000030
2766,E1  9HS,E01004303,51.511035,-0.044668,E09000030
2767,E1  9HT,E01004300,51.510032,-0.047075,E09000030
2768,E1  9HU,E01032769,51.509956,-0.045234,E09000030
2769,E1  9HW,E01004296,51.508954,-0.057439,E09000030
2770,E1  9HX,E01004296,51.506722,-0.058961,E09000030
2771,E1  9HY,E01004303,51.510081,-0.046799,E09000030
2772,E1  9HZ,E01004303,51.510765,-0.047346,E09000030
2773,E1  9JA,E01004303,51.510782,-0.04674,E09000030
2774,E1  9JB,E01004293,51.507422,-0.065935,E09000030
2775,E1  9JD,E01004292,51.507374,-0.064683,E09000030
2776,E1  9JE,E01004296,51.506722,-0.058961,E09000030
2777,E1  9JF,E01004292,51.507503,-0.06266,E09000030
2778,E1  9JG,E01004296,51.507291,-0.059629,E09000030
2779,E1  9JH,E01004296,51.506965,-0.06006,E09000030
2780,E1  9JJ,E01004292,51.506696,-0.064424,E09000030
2781,E1  9JL,E01004292,51.506197,-0.065828,E09000030
2782,E1  9JN,E01004292,51.50646,-0.064866,E09000030
2783,E1  9JP,E01004292,51.506485,-0.062545,E09000030
2784,E1  9JQ,E01004292,51.50709,-0.060545,E09000030
2785,E1  9JR,E01004296,51.506398,-0.060574,E09000030
2786,E1  9JS,E01004293,51.507022,-0.066211,E09000030
2787,E1  9JT,E01004293,51.507092,-0.065531,E09000030
2788,E1  9JU,E01004292,51.507066,-0.064494,E09000030
2789,E1  9JW,E01004292,51.50647,-0.063814,E09000030
2790,E1  9JX,E01004292,51.507161,-0.062127,E09000030
2791,E1  9JY,E01004292,51.507091,-0.063341,E09000030
2792,E1  9JZ,E01004292,51.507091,-0.063341,E09000030
2793,E1  9LA,E01004293,51.505778,-0.072057,E09000030
2794,E1  9LB,E01004293,51.506261,-0.070797,E09000030
2795,E1  9LD,E01004293,51.5066,-0.073348,E09000030
2796,E1  9LE,E01004293,51.506504,-0.068078,E09000030
2797,E1  9LF,E01004293,51.505328,-0.068761,E09000030
2798,E1  9LG,E01004293,51.505328,-0.068761,E09000030
2799,E1  9LH,E01004293,51.504832,-0.069215,E09000030
2800,E1  9LJ,E01004296,51.506722,-0.058961,E09000030
2801,E1  9LL,E01004293,51.506797,-0.072777,E09000030
2802,E1  9LN,E01004293,51.504931,-0.067035,E09000030
2803,E1  9LP,E01004293,51.504809,-0.067775,E09000030
2804,E1  9LQ,E01004293,51.505328,-0.068761,E09000030
2805,E1  9LR,E01004293,51.506139,-0.071566,E09000030
2806,E1  9LS,E01004293,51.504518,-0.065943,E09000030
2807,E1  9LT,E01004293,51.506504,-0.068078,E09000030
2808,E1  9LU,E01004293,51.506319,-0.068287,E09000030
2809,E1  9LW,E01004293,51.504805,-0.065916,E09000030
2810,E1  9LX,E01004293,51.503886,-0.066373,E09000030
2811,E1  9LY,E01004293,51.504257,-0.065968,E09000030
2812,E1  9LZ,E01004293,51.50595,-0.069917,E09000030
2813,E1  9NA,E01004293,51.504372,-0.06422,E09000030
2814,E1  9NB,E01004293,51.505989,-0.070102,E09000030
2815,E1  9ND,E01004293,51.506251,-0.069097,E09000030
2816,E1  9NE,E01004291,51.502999,-0.058946,E09000030
2817,E1  9NF,E01004291,51.504694,-0.057549,E09000030
2818,E1  9NG,E01004292,51.505895,-0.063305,E09000030
2819,E1  9NH,E01004291,51.504014,-0.056151,E09000030
2820,E1  9NJ,E01004296,51.505443,-0.056105,E09000030
2821,E1  9NL,E01004296,51.505201,-0.05672,E09000030
2822,E1  9NN,E01004296,51.505661,-0.056268,E09000030
2823,E1  9NP,E01004297,51.506513,-0.054993,E09000030
2824,E1  9NQ,E01004297,51.505427,-0.055125,E09000030
2825,E1  9NR,E01004296,51.504963,-0.056975,E09000030
2826,E1  9NS,E01004291,51.504823,-0.057226,E09000030
2827,E1  9NT,E01004291,51.503993,-0.058126,E09000030
2828,E1  9NU,E01004291,51.504344,-0.058183,E09000030
2829,E1  9NW,E01004296,51.506195,-0.055928,E09000030
2830,E1  9NX,E01004291,51.504563,-0.056214,E09000030
2831,E1  9NY,E01004293,51.504599,-0.06653,E09000030
2832,E1  9NZ,E01004293,51.504521,-0.065035,E09000030
2833,E1  9PA,E01004291,51.504224,-0.061229,E09000030
2834,E1  9PB,E01004291,51.504143,-0.057442,E09000030
2835,E1  9PD,E01004291,51.503542,-0.058088,E09000030
2836,E1  9PE,E01004291,51.503599,-0.059353,E09000030
2837,E1  9PF,E01004291,51.503709,-0.059464,E09000030
2838,E1  9PG,E01004296,51.505517,-0.056217,E09000030
2839,E1  9PH,E01004291,51.503699,-0.060502,E09000030
2840,E1  9PJ,E01004291,51.503371,-0.061841,E09000030
2841,E1  9PL,E01004292,51.504059,-0.063757,E09000030
2842,E1  9PN,E01004291,51.503692,-0.062231,E09000030
2843,E1  9PP,E01004291,51.50331,-0.059827,E09000030
2844,E1  9PQ,E01004291,51.503987,-0.059942,E09000030
2845,E1  9PR,E01004291,51.503231,-0.057741,E09000030
2846,E1  9PS,E01004291,51.503511,-0.059991,E09000030
2847,E1  9PT,E01004292,51.505021,-0.064826,E09000030
2848,E1  9PU,E01004291,51.504861,-0.058435,E09000030
2849,E1  9PW,E01004292,51.504059,-0.063757,E09000030
2850,E1  9PX,E01004291,51.50504,-0.058355,E09000030
2851,E1  9PY,E01004291,51.505118,-0.058755,E09000030
2852,E1  9PZ,E01004291,51.504944,-0.05908,E09000030
2853,E1  9QA,E01004291,51.504635,-0.05892,E09000030
2854,E1  9QB,E01004291,51.504313,-0.059006,E09000030
2855,E1  9QD,E01004292,51.50486,-0.061605,E09000030
2856,E1  9QE,E01004291,51.504527,-0.059458,E09000030
2857,E1  9QF,E01004291,51.504869,-0.059487,E09000030
2858,E1  9QG,E01004292,51.505362,-0.059365,E09000030
2859,E1  9QH,E01004292,51.50559,-0.059571,E09000030
2860,E1  9QJ,E01004296,51.506562,-0.059602,E09000030
2861,E1  9QL,E01004291,51.506137,-0.058928,E09000030
2862,E1  9QN,E01004292,51.506296,-0.061443,E09000030
2863,E1  9QP,E01004292,51.505544,-0.064905,E09000030
2864,E1  9QQ,E01004292,51.505767,-0.060457,E09000030
2865,E1  9QR,E01004292,51.505787,-0.061148,E09000030
2866,E1  9QS,E01004291,51.505564,-0.059097,E09000030
2867,E1  9QT,E01004297,51.507045,-0.055128,E09000030
2868,E1  9QU,E01004297,51.50917,-0.056335,E09000030
2869,E1  9QW,E01004292,51.507028,-0.0617,E09000030
2870,E1  9QX,E01004297,51.508691,-0.055692,E09000030
2871,E1  9QY,E01004297,51.506527,-0.05479,E09000030
2872,E1  9QZ,E01004303,51.509156,-0.0539,E09000030
2873,E1  9RA,E01004297,51.506835,-0.054936,E09000030
2874,E1  9RB,E01004296,51.506727,-0.055445,E09000030
2875,E1  9RD,E01004296,51.50667,-0.055779,E09000030
2876,E1  9RE,E01004296,51.506795,-0.056825,E09000030
2877,E1  9RF,E01004296,51.50645,-0.056091,E09000030
2878,E1  9RG,E01004296,51.50668,-0.057507,E09000030
2879,E1  9RH,E01004296,51.506758,-0.056222,E09000030
2880,E1  9RJ,E01004296,51.506722,-0.058961,E09000030
2881,E1  9RL,E01004291,51.505339,-0.05853,E09000030
2882,E1  9RN,E01004296,51.507037,-0.056238,E09000030
2883,E1  9RP,E01004296,51.505026,-0.05752,E09000030
2884,E1  9RQ,E01004297,51.507421,-0.055516,E09000030
2885,E1  9RR,E01004296,51.506126,-0.056638,E09000030
2886,E1  9RS,E01004296,51.505552,-0.057282,E09000030
2887,E1  9RT,E01004296,51.505911,-0.057785,E09000030
2888,E1  9RU,E01004296,51.506129,-0.057343,E09000030
2889,E1  9RW,E01004296,51.505382,-0.05788,E09000030
2890,E1  9RX,E01004291,51.504263,-0.057077,E09000030
2891,E1  9RY,E01004303,51.508704,-0.054842,E09000030
2892,E1  9RZ,E01004297,51.508213,-0.056102,E09000030
2893,E1  9SA,E01004296,51.506722,-0.058961,E09000030
2894,E1  9SB,E01035696,51.508356,-0.064742,E09000030
2895,E1  9SD,E01035696,51.509187,-0.063381,E09000030
2896,E1  9SE,E01004296,51.506722,-0.058961,E09000030
2897,E1  9SF,E01004296,51.50831,-0.059254,E09000030
2898,E1  9SG,E01004296,51.50831,-0.059254,E09000030
2899,E1  9SH,E01004296,51.508284,-0.060422,E09000030
2900,E1  9SJ,E01004296,51.507314,-0.05614,E09000030
2901,E1  9SL,E01004297,51.507089,-0.051279,E09000030
2902,E1  9SN,E01004296,51.50831,-0.059254,E09000030
2903,E1  9SP,E01004297,51.506074,-0.054017,E09000030
2904,E1  9SR,E01004303,51.508831,-0.051118,E09000030
2905,E1  9SS,E01004297,51.506551,-0.052412,E09000030
2906,E1  9ST,E01004297,51.506256,-0.054153,E09000030
2907,E1  9SU,E01004297,51.507324,-0.052969,E09000030
2908,E1  9SW,E01004296,51.50831,-0.059254,E09000030
2909,E1  9SX,E01004297,51.507197,-0.053436,E09000030
2910,E1  9SY,E01004297,51.507381,-0.053644,E09000030
2911,E1  9SZ,E01004297,51.507152,-0.053986,E09000030
2912,E1  9TA,E01004297,51.507392,-0.05435,E09000030
2913,E1  9TB,E01004297,51.507109,-0.05465,E09000030
2914,E1  9TD,E01004303,51.508339,-0.050159,E09000030
2915,E1  9TE,E01004297,51.506391,-0.054738,E09000030
2916,E1  9TF,E01004297,51.507362,-0.050907,E09000030
2917,E1  9TG,E01004297,51.506758,-0.051913,E09000030
2918,E1  9TH,E01004297,51.506154,-0.052918,E09000030
2919,E1  9TJ,E01004297,51.506535,-0.053118,E09000030
2920,E1  9TL,E01004292,51.506535,-0.063379,E09000030
2921,E1  9TN,E01004293,51.506724,-0.074899,E09000030
2922,E1  9TP,E01004297,51.506368,-0.053298,E09000030
2923,E1  9TQ,E01004297,51.506368,-0.053298,E09000030
2924,E1  9TR,E01004297,51.507748,-0.054637,E09000030
2925,E1  9TS,E01004297,51.506042,-0.05373,E09000030
2926,E1  9TT,E01004296,51.506722,-0.058961,E09000030
2927,E1  9TU,E01004297,51.506042,-0.05373,E09000030
2928,E1  9TW,E01004293,51.507316,-0.073692,E09000030
2929,E1  9TX,E01004297,51.506042,-0.05373,E09000030
2930,E1  9TY,E01004296,51.506722,-0.058961,E09000030
2931,E1  9UA,E01004293,51.506984,-0.068259,E09000030
2932,E1  9UB,E01004293,51.506984,-0.068259,E09000030
2933,E1  9UD,E01004293,51.50663,-0.069139,E09000030
2934,E1  9UE,E01004293,51.505802,-0.073497,E09000030
2935,E1  9UF,E01004293,51.505418,-0.070948,E09000030
2936,E1  9UG,E01004293,51.506563,-0.069459,E09000030
2937,E1  9UH,E01004293,51.506441,-0.070242,E09000030
2938,E1  9UJ,E01004293,51.505755,-0.070617,E09000030
2939,E1  9UL,E01004293,51.505802,-0.073497,E09000030
2940,E1  9UN,E01004293,51.507316,-0.073692,E09000030
2941,E1  9UP,E01004291,51.503756,-0.061234,E09000030
2942,E1  9UQ,E01004293,51.505484,-0.07057,E09000030
2943,E1  9UR,E01004293,51.50493,-0.068605,E09000030
2944,E1  9US,E01004296,51.506722,-0.058961,E09000030
2945,E1  9UT,E01004292,51.505875,-0.063709,E09000030
2946,E1  9UU,E01004291,51.504498,-0.05662,E09000030
2947,E1  9UW,E01004293,51.505755,-0.070617,E09000030
2948,E1  9UX,E01004292,51.505237,-0.064284,E09000030
2949,E1  9UY,E01004292,51.505427,-0.063267,E09000030
2950,E1  9UZ,E01004292,51.505716,-0.064436,E09000030
2951,E1  9WA,E01032769,51.510118,-0.044117,E09000030
2952,E1  9WB,E01032769,51.509984,-0.043676,E09000030
2953,E1  9WD,E01032769,51.510183,-0.043739,E09000030
2954,E1  9WE,E01032769,51.510042,-0.043385,E09000030
2955,E1  9WF,E01032769,51.510042,-0.043385,E09000030
2956,E1  9WG,E01004293,51.504761,-0.064895,E09000030
2957,E1  9WH,E01004293,51.504761,-0.064895,E09000030
2958,E1  9WJ,E01004293,51.504761,-0.064895,E09000030
2959,E1  9WL,E01004293,51.504761,-0.064895,E09000030
2960,E1  9WN,E01004293,51.504761,-0.064895,E09000030
2961,E1  9WP,E01004293,51.504761,-0.064895,E09000030
2962,E1  9WQ,E01004293,51.504761,-0.064895,E09000030
2963,E1  9WR,E01004293,51.504761,-0.064895,E09000030
2964,E1  9WS,E01004293,51.504761,-0.064895,E09000030
2965,E1  9WT,E01004293,51.504761,-0.064895,E09000030
2966,E1  9WW,E01004293,51.504761,-0.064895,E09000030
2967,E1  9WY,E01004293,51.504761,-0.064895,E09000030
2968,E1  9WZ,E01004293,51.504761,-0.064895,E09000030
2969,E1  9XA,E01004292,51.50552,-0.061865,E09000030
2970,E1  9XB,E01004291,51.503257,-0.061515,E09000030
2971,E1  9XD,E01004291,51.503261,-0.061198,E09000030
2972,E1  9XE,E01004291,51.503156,-0.060842,E09000030
2973,E1  9XF,E01004291,51.504841,-0.055064,E09000030
2974,E1  9XG,E01004297,51.505032,-0.054623,E09000030
2975,E1  9XH,E01004296,51.506713,-0.058961,E09000030
2976,E1  9XJ,E01004296,51.506722,-0.058961,E09000030
2977,E1  9XL,E01004296,51.506722,-0.058961,E09000030
2978,E1  9XN,E01035696,51.508026,-0.064367,E09000030
2979,E1  9XP,E01035696,51.508026,-0.064367,E09000030
2980,E1  9XQ,E01004297,51.505041,-0.055733,E09000030
2981,E1  9XR,E01035696,51.508026,-0.064367,E09000030
2982,E1  9XS,E01035696,51.508026,-0.064367,E09000030
2983,E1  9XT,E01035696,51.508356,-0.064742,E09000030
2984,E1  9XU,E01004296,51.506722,-0.058961,E09000030
2985,E1  9XW,E01035696,51.508026,-0.064367,E09000030
2986,E1  9XX,E01004297,51.505404,-0.054276,E09000030
2987,E1  9XY,E01004296,51.506722,-0.058961,E09000030
2988,E1  9XZ,E01004296,51.506722,-0.058961,E09000030
2989,E1  9YA,E01004293,51.505707,-0.067737,E09000030
2990,E1  9YB,E01004293,51.505707,-0.067737,E09000030
2991,E1  9YD,E01004293,51.506766,-0.06762,E09000030
2992,E1  9YE,E01004293,51.504785,-0.066335,E09000030
2993,E1  9YF,E01004291,51.50344,-0.061118,E09000030
2994,E1  9YG,E01004291,51.503463,-0.060353,E09000030
2995,E1  9YH,E01004296,51.506722,-0.058961,E09000030
2996,E1  9YJ,E01004296,51.506722,-0.058961,E09000030
2997,E1  9YL,E01004293,51.507316,-0.073692,E09000030
2998,E1  9YN,E01035697,51.508143,-0.068224,E09000030
2999,E1  9YP,E01004293,51.504651,-0.065879,E09000030
3000,E1  9YQ,E01004293,51.506624,-0.067179,E09000030
3001,E1  9YR,E01035697,51.508632,-0.067872,E09000030
3002,E1  9YS,E01004293,51.50516,-0.069993,E09000030
3003,E1  9YT,E01035697,51.50812,-0.067361,E09000030
3004,E1  9YU,E01004293,51.50526,-0.070076,E09000030
3005,E1  9YW,E01004293,51.507299,-0.067223,E09000030
3006,E1  9YX,E01004296,51.506722,-0.058961,E09000030
3007,E1  9YY,E01004293,51.507212,-0.067932,E09000030
3008,E1  9YZ,E01004293,51.507625,-0.067886,E09000030
3009,E1  9ZT,E01004293,51.505707,-0.067737,E09000030
3010,E1  9ZU,E01004293,51.505707,-0.067737,E09000030
3011,E1  9ZX,E01004293,51.505707,-0.067737,E09000030
3012,E1  9ZY,E01004293,51.505707,-0.067737,E09000030
3013,E1  9ZZ,E01004293,51.505707,-0.067737,E09000030
7417,E14 0AA,E01004257,51.509979,-0.014983,E09000030
7418,E14 0AB,E01004219,51.50862,-0.010128,E09000030
7419,E14 0AD,E01004257,51.509953,-0.015561,E09000030
7420,E14 0AE,E01004257,51.508996,-0.015357,E09000030
7421,E14 0AF,E01004256,51.508546,-0.016948,E09000030
7422,E14 0AG,E01004256,51.508635,-0.015834,E09000030
7423,E14 0AH,E01004256,51.508517,-0.015234,E09000030
7424,E14 0AJ,E01004256,51.508375,-0.015312,E09000030
7425,E14 0AL,E01004256,51.508543,-0.015694,E09000030
7426,E14 0AN,E01004256,51.508348,-0.014794,E09000030
7427,E14 0AP,E01004256,51.508447,-0.014257,E09000030
7428,E14 0AQ,E01004256,51.508762,-0.015324,E09000030
7429,E14 0AR,E01004257,51.508463,-0.013637,E09000030
7430,E14 0AS,E01004257,51.508782,-0.013349,E09000030
7431,E14 0AT,E01004257,51.508508,-0.013073,E09000030
7432,E14 0AU,E01004256,51.508964,-0.019307,E09000030
7433,E14 0AW,E01004256,51.508763,-0.014877,E09000030
7434,E14 0AX,E01004219,51.509001,-0.011941,E09000030
7435,E14 0AY,E01004219,51.509234,-0.011888,E09000030
7436,E14 0AZ,E01004219,51.508964,-0.011367,E09000030
7437,E14 0BA,E01004219,51.508896,-0.011067,E09000030
7438,E14 0BB,E01004219,51.508606,-0.010936,E09000030
7439,E14 0BD,E01004245,51.513531,-0.001727,E09000030
7440,E14 0BE,E01004219,51.508932,-0.00997,E09000030
7441,E14 0BF,E01004257,51.509519,-0.017554,E09000030
7442,E14 0BG,E01004219,51.508635,-0.011583,E09000030
7443,E14 0BH,E01004257,51.509072,-0.014014,E09000030
7444,E14 0BJ,E01004256,51.508645,-0.018024,E09000030
7445,E14 0BL,E01004256,51.507796,-0.015107,E09000030
7446,E14 0BN,E01004219,51.508654,-0.009521,E09000030
7447,E14 0BP,E01004257,51.510881,-0.015679,E09000030
7448,E14 0BQ,E01004219,51.508584,-0.010129,E09000030
7449,E14 0BS,E01004257,51.510502,-0.017713,E09000030
7450,E14 0BT,E01004257,51.50971,-0.018208,E09000030
7451,E14 0BU,E01004257,51.50971,-0.018208,E09000030
7452,E14 0BW,E01004249,51.516012,-0.007485,E09000030
7453,E14 0BX,E01004257,51.509159,-0.018103,E09000030
7454,E14 0BY,E01004256,51.5083,-0.018875,E09000030
7455,E14 0BZ,E01035702,51.511184,0.005102,E09000030
7456,E14 0DA,E01004257,51.50931,-0.019033,E09000030
7457,E14 0DB,E01004256,51.50978,-0.018666,E09000030
7458,E14 0DD,E01004256,51.50978,-0.018666,E09000030
7459,E14 0DE,E01004256,51.510145,-0.019501,E09000030
7460,E14 0DF,E01004256,51.510449,-0.019387,E09000030
7461,E14 0DG,E01004257,51.510633,-0.020172,E09000030
7462,E14 0DH,E01004256,51.510213,-0.020334,E09000030
7463,E14 0DJ,E01004257,51.50931,-0.019033,E09000030
7464,E14 0DL,E01004256,51.509081,-0.020412,E09000030
7465,E14 0DN,E01004256,51.508819,-0.020322,E09000030
7466,E14 0DP,E01004256,51.508533,-0.021502,E09000030
7467,E14 0DQ,E01004256,51.510383,-0.021364,E09000030
7468,E14 0DR,E01004256,51.509005,-0.019075,E09000030
7469,E14 0DS,E01004256,51.507796,-0.015107,E09000030
7470,E14 0DT,E01004256,51.508638,-0.019192,E09000030
7471,E14 0DU,E01004256,51.509432,-0.021463,E09000030
7472,E14 0DW,E01004257,51.50931,-0.019033,E09000030
7473,E14 0DX,E01035694,51.513198,-0.028275,E09000030
7474,E14 0DY,E01004256,51.509703,-0.020471,E09000030
7475,E14 0DZ,E01004256,51.50972,-0.022027,E09000030
7476,E14 0EA,E01004247,51.511396,-0.013682,E09000030
7477,E14 0EB,E01004244,51.511384,-0.015138,E09000030
7478,E14 0ED,E01004247,51.511435,-0.011735,E09000030
7479,E14 0EE,E01004219,51.510184,-0.012783,E09000030
7480,E14 0EF,E01004247,51.5114,-0.012875,E09000030
7481,E14 0EG,E01004247,51.511549,-0.010015,E09000030
7482,E14 0EH,E01004257,51.511033,-0.013496,E09000030
7483,E14 0EJ,E01004219,51.510571,-0.0101,E09000030
7484,E14 0EL,E01004219,51.510754,-0.010842,E09000030
7485,E14 0EN,E01004219,51.510283,-0.007966,E09000030
7486,E14 0EP,E01004219,51.510114,-0.00914,E09000030
7487,E14 0EQ,E01004219,51.510136,-0.009903,E09000030
7488,E14 0ER,E01004219,51.511007,-0.009318,E09000030
7489,E14 0ES,E01004219,51.509796,-0.010567,E09000030
7490,E14 0ET,E01004219,51.509356,-0.011119,E09000030
7491,E14 0EU,E01004219,51.509242,-0.010216,E09000030
7492,E14 0EW,E01004219,51.51026,-0.008759,E09000030
7493,E14 0EX,E01004219,51.509727,-0.01129,E09000030
7494,E14 0EY,E01004219,51.510478,-0.012598,E09000030
7495,E14 0EZ,E01004219,51.509557,-0.011831,E09000030
7496,E14 0FA,E01004245,51.516395,-0.003043,E09000030
7497,E14 0FB,E01004245,51.514922,0.001591,E09000030
7498,E14 0FD,E01004245,51.51438,0.001711,E09000030
7499,E14 0FE,E01004245,51.514538,0.001949,E09000030
7500,E14 0FF,E01004245,51.514756,0.001843,E09000030
7501,E14 0FG,E01035702,51.508257,0.008489,E09000030
7502,E14 0FH,E01035702,51.508493,0.008889,E09000030
7503,E14 0FJ,E01035702,51.50784,0.008702,E09000030
7504,E14 0FL,E01035702,51.507822,0.008153,E09000030
7505,E14 0FN,E01035702,51.508165,0.008082,E09000030
7506,E14 0FP,E01035702,51.507825,0.007447,E09000030
7507,E14 0FQ,E01004219,51.510579,-0.010071,E09000030
7508,E14 0FR,E01035702,51.508175,0.00752,E09000030
7509,E14 0FS,E01004247,51.513698,-0.013149,E09000030
7510,E14 0FT,E01004256,51.509526,-0.021171,E09000030
7511,E14 0FU,E01004257,51.510646,-0.020906,E09000030
7512,E14 0FX,E01004219,51.510922,-0.010114,E09000030
7513,E14 0FY,E01004257,51.509071,-0.015022,E09000030
7514,E14 0FZ,E01004219,51.510996,-0.009736,E09000030
7515,E14 0GA,E01004249,51.51566,-0.006362,E09000030
7516,E14 0GB,E01004219,51.510479,-0.010004,E09000030
7517,E14 0GD,E01004245,51.51356,-0.000818,E09000030
7518,E14 0GE,E01004245,51.513673,-0.001101,E09000030
7519,E14 0GF,E01004245,51.514454,-0.002091,E09000030
7520,E14 0GG,E01004245,51.513314,-0.002213,E09000030
7521,E14 0GH,E01004245,51.513082,-0.000724,E09000030
7522,E14 0GJ,E01004245,51.513253,-0.001812,E09000030
7523,E14 0GL,E01004245,51.512899,-0.001582,E09000030
7524,E14 0GN,E01004245,51.51278,-0.001472,E09000030
7525,E14 0GP,E01004245,51.514315,-0.002356,E09000030
7526,E14 0GQ,E01004245,51.514454,-0.002091,E09000030
7527,E14 0GR,E01004245,51.514738,-0.000262,E09000030
7528,E14 0GS,E01004245,51.514721,0.000184,E09000030
7529,E14 0GU,E01004245,51.515942,-0.006018,E09000030
7530,E14 0GW,E01004249,51.516137,-0.007436,E09000030
7531,E14 0GX,E01004249,51.516587,-0.00746,E09000030
7532,E14 0GY,E01004249,51.516813,-0.007493,E09000030
7533,E14 0GZ,E01004249,51.516976,-0.007587,E09000030
7534,E14 0HA,E01004219,51.509709,-0.012314,E09000030
7535,E14 0HB,E01004257,51.510034,-0.013439,E09000030
7536,E14 0HD,E01004257,51.509833,-0.013779,E09000030
7537,E14 0HE,E01004257,51.51018,-0.014628,E09000030
7538,E14 0HF,E01004257,51.509461,-0.013636,E09000030
7539,E14 0HG,E01004219,51.509388,-0.007731,E09000030
7540,E14 0HH,E01004244,51.511651,-0.014953,E09000030
7541,E14 0HJ,E01004247,51.511624,-0.010199,E09000030
7542,E14 0HL,E01032780,51.504719,-0.008699,E09000030
7543,E14 0HN,E01004219,51.509486,-0.00924,E09000030
7544,E14 0HP,E01035694,51.513198,-0.028275,E09000030
7545,E14 0HQ,E01004219,51.509388,-0.007731,E09000030
7546,E14 0HR,E01004245,51.513112,-0.000391,E09000030
7547,E14 0HS,E01004219,51.510985,-0.006984,E09000030
7548,E14 0HT,E01004245,51.514274,0.001072,E09000030
7549,E14 0HU,E01004245,51.513892,0.000321,E09000030
7550,E14 0HW,E01004219,51.509486,-0.00924,E09000030
7551,E14 0HX,E01004245,51.516092,-0.005838,E09000030
7552,E14 0HY,E01004243,51.513209,-0.004999,E09000030
7553,E14 0HZ,E01004245,51.513981,-0.00018,E09000030
7554,E14 0JA,E01004245,51.514843,-0.000618,E09000030
7555,E14 0JB,E01004245,51.515219,0.000552,E09000030
7557,E14 0JE,E01035702,51.50989,0.004497,E09000030
7558,E14 0JF,E01004245,51.515277,0.002413,E09000030
7559,E14 0JG,E01035702,51.511667,0.001059,E09000030
7560,E14 0JH,E01035700,51.512461,0.005648,E09000030
7561,E14 0JJ,E01004221,51.49905,-0.013254,E09000030
7562,E14 0JL,E01004245,51.513366,-0.002599,E09000030
7563,E14 0JN,E01035702,51.508068,0.005858,E09000030
7564,E14 0JP,E01004245,51.515901,0.001115,E09000030
7565,E14 0JQ,E01004243,51.513106,-0.003158,E09000030
7566,E14 0JR,E01035694,51.513198,-0.028275,E09000030
7567,E14 0JS,E01035702,51.50989,0.004497,E09000030
7568,E14 0JT,E01004245,51.512755,-0.002093,E09000030
7569,E14 0JU,E01035702,51.509475,0.005646,E09000030
7570,E14 0JW,E01035702,51.50865,0.007613,E09000030
7571,E14 0JX,E01035702,51.50989,0.004497,E09000030
7572,E14 0JY,E01035702,51.508118,0.008195,E09000030
7573,E14 0JZ,E01035702,51.508044,0.007298,E09000030
7574,E14 0LA,E01004249,51.517699,-0.006763,E09000030
7575,E14 0LB,E01004245,51.512639,-0.002703,E09000030
7576,E14 0LD,E01004245,51.512765,-0.002179,E09000030
7577,E14 0LE,E01004249,51.517902,-0.007547,E09000030
7578,E14 0LF,E01004249,51.517298,-0.008005,E09000030
7579,E14 0LG,E01035701,51.511424,0.005271,E09000030
7580,E14 0LH,E01035701,51.511215,0.005925,E09000030
7581,E14 0LJ,E01004249,51.516933,-0.008223,E09000030
7582,E14 0LL,E01004245,51.515672,-0.005496,E09000030
7583,E14 0LN,E01004249,51.51566,-0.006362,E09000030
7584,E14 0LP,E01004245,51.515889,-0.005026,E09000030
7585,E14 0LQ,E01004249,51.516452,-0.00797,E09000030
7586,E14 0LR,E01004245,51.513706,0.000111,E09000030
7587,E14 0LS,E01004245,51.513444,-0.000304,E09000030
7588,E14 0LT,E01004245,51.513379,-0.001259,E09000030
7589,E14 0LU,E01035701,51.511512,0.006399,E09000030
7590,E14 0LW,E01035701,51.51178,0.006512,E09000030
7591,E14 0LX,E01004245,51.513379,-0.001259,E09000030
7592,E14 0LY,E01004245,51.513738,-0.002799,E09000030
7593,E14 0LZ,E01004245,51.513738,-0.002799,E09000030
7594,E14 0NA,E01004245,51.514016,-0.001202,E09000030
7595,E14 0NB,E01004243,51.514499,-0.004178,E09000030
7596,E14 0ND,E01004245,51.513289,-0.000182,E09000030
7597,E14 0NE,E01004249,51.515448,-0.006573,E09000030
7598,E14 0NF,E01004249,51.515581,-0.008037,E09000030
7599,E14 0NG,E01004249,51.516207,-0.008356,E09000030
7600,E14 0NH,E01004245,51.513289,-0.000182,E09000030
7601,E14 0NJ,E01035701,51.51178,0.006512,E09000030
7602,E14 0NL,E01004243,51.51217,-0.00526,E09000030
7603,E14 0NN,E01004243,51.512508,-0.003444,E09000030
7604,E14 0NP,E01004243,51.512249,-0.006727,E09000030
7605,E14 0NQ,E01004243,51.513756,-0.005436,E09000030
7606,E14 0NR,E01004245,51.513943,-0.003237,E09000030
7607,E14 0NS,E01004243,51.512431,-0.00473,E09000030
7608,E14 0NT,E01004243,51.512484,-0.00418,E09000030
7609,E14 0NU,E01004243,51.513401,-0.00574,E09000030
7610,E14 0NW,E01004243,51.512783,-0.006905,E09000030
7611,E14 0NX,E01004243,51.512739,-0.005927,E09000030
7612,E14 0NY,E01004243,51.512782,-0.00581,E09000030
7613,E14 0NZ,E01004249,51.515029,-0.007297,E09000030
7614,E14 0PA,E01004243,51.512782,-0.003706,E09000030
7615,E14 0PB,E01004249,51.514636,-0.006925,E09000030
7616,E14 0PD,E01004243,51.51383,-0.00771,E09000030
7617,E14 0PE,E01004243,51.51393,-0.007216,E09000030
7618,E14 0PF,E01004243,51.51405,-0.006879,E09000030
7619,E14 0PG,E01004243,51.512969,-0.00462,E09000030
7620,E14 0PH,E01004243,51.513161,-0.003776,E09000030
7621,E14 0PJ,E01004243,51.513632,-0.00449,E09000030
7622,E14 0PL,E01004243,51.51366,-0.004042,E09000030
7623,E14 0PN,E01004243,51.513842,-0.003616,E09000030
7624,E14 0PP,E01004243,51.512769,-0.002957,E09000030
7625,E14 0PQ,E01004243,51.513549,-0.004912,E09000030
7626,E14 0PR,E01004245,51.512788,-0.002481,E09000030
7627,E14 0PS,E01004245,51.512942,-0.001998,E09000030
7628,E14 0PT,E01004243,51.514225,-0.004983,E09000030
7629,E14 0PU,E01004243,51.514484,-0.0049,E09000030
7630,E14 0PW,E01004245,51.513273,-0.002978,E09000030
7631,E14 0PX,E01004249,51.514283,-0.007344,E09000030
7632,E14 0PY,E01004243,51.514139,-0.004165,E09000030
7633,E14 0PZ,E01004243,51.512981,-0.004836,E09000030
7634,E14 0QA,E01004243,51.512575,-0.005286,E09000030
7635,E14 0QB,E01004243,51.514734,-0.006359,E09000030
7636,E14 0QD,E01004243,51.514199,-0.005561,E09000030
7637,E14 0QE,E01035702,51.511073,0.005774,E09000030
7638,E14 0QF,E01035702,51.511073,0.005774,E09000030
7639,E14 0QG,E01035700,51.512111,0.005604,E09000030
7640,E14 0QH,E01004243,51.51364,-0.003395,E09000030
7641,E14 0QJ,E01004243,51.512783,-0.006905,E09000030
7642,E14 0QL,E01035700,51.512111,0.005604,E09000030
7643,E14 0QN,E01004257,51.510341,-0.01354,E09000030
7644,E14 0QP,E01004247,51.512832,-0.009786,E09000030
7645,E14 0QQ,E01004219,51.508223,-0.007955,E09000030
7646,E14 0QR,E01004243,51.51358,-0.008859,E09000030
7647,E14 0QS,E01004243,51.51358,-0.008859,E09000030
7648,E14 0QT,E01004243,51.51358,-0.008859,E09000030
7649,E14 0QU,E01004243,51.51308,-0.009054,E09000030
7650,E14 0QW,E01004219,51.508223,-0.007955,E09000030
7651,E14 0QX,E01004247,51.51292,-0.009724,E09000030
7652,E14 0QY,E01004247,51.513202,-0.00987,E09000030
7653,E14 0QZ,E01035679,51.515257,-0.010718,E09000030
7654,E14 0RA,E01035679,51.514746,-0.010279,E09000030
7655,E14 0RB,E01004247,51.511616,-0.010213,E09000030
7656,E14 0RD,E01035679,51.51545,-0.009873,E09000030
7657,E14 0RE,E01004219,51.508478,-0.008174,E09000030
7658,E14 0RF,E01004219,51.508553,-0.008344,E09000030
7659,E14 0RG,E01004219,51.508598,-0.007809,E09000030
7660,E14 0RH,E01035679,51.51549,-0.010102,E09000030
7661,E14 0RJ,E01004219,51.50867,-0.007777,E09000030
7662,E14 0RL,E01035679,51.515294,-0.011264,E09000030
7663,E14 0RN,E01004249,51.515998,-0.009821,E09000030
7664,E14 0RP,E01035701,51.512229,0.006056,E09000030
7665,E14 0RQ,E01035700,51.512555,0.005926,E09000030
7666,E14 0RR,E01035700,51.512555,0.005926,E09000030
7667,E14 0RS,E01035679,51.515294,-0.011278,E09000030
7668,E14 0RT,E01004249,51.515901,-0.012592,E09000030
7669,E14 0RU,E01035679,51.514678,-0.012588,E09000030
7670,E14 0RW,E01004249,51.516246,-0.010689,E09000030
7671,E14 0RX,E01035679,51.514678,-0.012588,E09000030
7672,E14 0RY,E01035679,51.515527,-0.011772,E09000030
7673,E14 0RZ,E01035679,51.514787,-0.012122,E09000030
7674,E14 0SA,E01004247,51.513779,-0.012627,E09000030
7675,E14 0SB,E01035694,51.513198,-0.028275,E09000030
7676,E14 0SD,E01004247,51.511624,-0.010199,E09000030
7677,E14 0SE,E01004247,51.511624,-0.010199,E09000030
7678,E14 0SF,E01035694,51.513198,-0.028275,E09000030
7679,E14 0SG,E01004247,51.511624,-0.010199,E09000030
7680,E14 0SH,E01004247,51.513765,-0.011777,E09000030
7681,E14 0SJ,E01035679,51.513803,-0.014067,E09000030
7682,E14 0SL,E01035679,51.514025,-0.010714,E09000030
7683,E14 0SN,E01004249,51.514087,-0.009601,E09000030
7684,E14 0SP,E01004249,51.516715,-0.010207,E09000030
7685,E14 0SQ,E01035694,51.513198,-0.028275,E09000030
7686,E14 0SR,E01004249,51.517069,-0.010927,E09000030
7687,E14 0SS,E01035700,51.513134,0.005735,E09000030
7688,E14 0ST,E01035700,51.513134,0.005735,E09000030
7689,E14 0SU,E01035700,51.512925,0.005827,E09000030
7690,E14 0SW,E01004249,51.514087,-0.009601,E09000030
7691,E14 0SX,E01035700,51.513045,0.005659,E09000030
7692,E14 0SY,E01035701,51.513468,0.006672,E09000030
7693,E14 0SZ,E01035700,51.512521,0.006299,E09000030
7694,E14 0TA,E01004243,51.512355,-0.003984,E09000030
7695,E14 0TB,E01004243,51.512706,-0.004545,E09000030
7696,E14 0TD,E01004243,51.513167,-0.003603,E09000030
7697,E14 0TE,E01004243,51.512376,-0.004156,E09000030
7698,E14 0TF,E01004243,51.512321,-0.004634,E09000030
7699,E14 0TG,E01035700,51.513818,0.006212,E09000030
7700,E14 0TH,E01035700,51.513818,0.006212,E09000030
7701,E14 0TJ,E01035700,51.513818,0.006212,E09000030
7702,E14 0TL,E01035701,51.513438,0.006844,E09000030
7703,E14 0TN,E01035701,51.513438,0.006844,E09000030
7704,E14 0TP,E01035701,51.513438,0.006844,E09000030
7705,E14 0TQ,E01035701,51.513438,0.006844,E09000030
7706,E14 0TR,E01004257,51.510558,-0.018373,E09000030
7707,E14 0TS,E01035701,51.51266,0.007141,E09000030
7708,E14 0TT,E01035701,51.512288,0.006779,E09000030
7709,E14 0TU,E01035701,51.512968,0.006982,E09000030
7710,E14 0TW,E01035701,51.512968,0.006982,E09000030
7711,E14 0TX,E01035701,51.512968,0.006982,E09000030
7712,E14 0TY,E01035702,51.511687,0.00142,E09000030
7713,E14 0TZ,E01035702,51.511687,0.00142,E09000030
7714,E14 0UA,E01004256,51.510306,-0.019984,E09000030
7715,E14 0UB,E01004247,51.511624,-0.010199,E09000030
7716,E14 0UD,E01035694,51.513198,-0.028275,E09000030
7717,E14 0UE,E01004247,51.511624,-0.010199,E09000030
7718,E14 0UF,E01035694,51.513198,-0.028275,E09000030
7719,E14 0UG,E01035694,51.513198,-0.028275,E09000030
7720,E14 0UH,E01004247,51.511624,-0.010199,E09000030
7721,E14 0UJ,E01035694,51.513198,-0.028275,E09000030
7722,E14 0UL,E01035694,51.513198,-0.028275,E09000030
7723,E14 0UN,E01004257,51.510558,-0.018373,E09000030
7724,E14 0UP,E01035702,51.511227,0.001025,E09000030
7725,E14 0UQ,E01035694,51.513162,-0.028291,E09000030
7726,E14 0UR,E01035702,51.511482,0.000806,E09000030
7727,E14 0US,E01035702,51.51141,0.000817,E09000030
7728,E14 0UT,E01035702,51.51177,0.000818,E09000030
7729,E14 0UU,E01035702,51.511786,0.000891,E09000030
7730,E14 0UW,E01035694,51.513198,-0.028275,E09000030
7731,E14 0UX,E01004249,51.516737,-0.008895,E09000030
7732,E14 0UY,E01004243,51.51358,-0.008859,E09000030
7733,E14 0UZ,E01035702,51.511227,0.001025,E09000030
7734,E14 0WA,E01035694,51.513198,-0.028275,E09000030
7735,E14 0WB,E01035694,51.513198,-0.028275,E09000030
7736,E14 0WD,E01004219,51.508984,-0.008815,E09000030
7737,E14 0WF,E01004219,51.508984,-0.008815,E09000030
7738,E14 0WG,E01004219,51.509405,-0.009229,E09000030
7739,E14 0WH,E01004219,51.50939,-0.009446,E09000030
7740,E14 0WJ,E01004219,51.509168,-0.009038,E09000030
7741,E14 0WL,E01004219,51.509398,-0.009373,E09000030
7742,E14 0WN,E01004219,51.509555,-0.009612,E09000030
7743,E14 0WP,E01004219,51.509837,-0.009815,E09000030
7744,E14 0WQ,E01004219,51.510117,-0.009328,E09000030
7745,E14 0WR,E01004219,51.510172,-0.00885,E09000030
7746,E14 0WS,E01004219,51.510046,-0.009907,E09000030
7747,E14 0WT,E01004219,51.508984,-0.008815,E09000030
7748,E14 0WU,E01035702,51.508268,0.006775,E09000030
7749,E14 0WW,E01035702,51.508268,0.006775,E09000030
7750,E14 0WX,E01035702,51.508268,0.006775,E09000030
7751,E14 0WY,E01035694,51.513198,-0.028275,E09000030
7752,E14 0WZ,E01035694,51.513198,-0.028275,E09000030
7753,E14 0XA,E01004243,51.512639,-0.005312,E09000030
7754,E14 0XB,E01035702,51.509187,0.005677,E09000030
7755,E14 0XD,E01035702,51.509143,0.006136,E09000030
7756,E14 0XE,E01035702,51.509143,0.006136,E09000030
7757,E14 0XF,E01035702,51.509106,0.006711,E09000030
7758,E14 0XG,E01035702,51.509024,0.007284,E09000030
7759,E14 0XH,E01035702,51.509024,0.007284,E09000030
7760,E14 0XJ,E01035702,51.508954,0.007713,E09000030
7761,E14 0XL,E01035702,51.508881,0.008272,E09000030
7762,E14 0XN,E01035702,51.508881,0.008272,E09000030
7763,E14 0XP,E01032777,51.508723,0.008582,E09000030
7764,E14 0XQ,E01035702,51.508374,0.007414,E09000030
7765,E14 0XR,E01035702,51.508108,0.007243,E09000030
7766,E14 0XS,E01004245,51.516009,-0.005208,E09000030
7767,E14 0XT,E01004245,51.516009,-0.005208,E09000030
7768,E14 0XU,E01004243,51.51358,-0.008859,E09000030
7769,E14 0XW,E01004245,51.516136,-0.00366,E09000030
7770,E14 0XY,E01004245,51.515653,-0.003278,E09000030
7771,E14 0XZ,E01004245,51.515269,-0.003482,E09000030
7772,E14 0YA,E01004245,51.515269,-0.003482,E09000030
7773,E14 0YB,E01004245,51.515497,-0.004149,E09000030
7774,E14 0YD,E01004245,51.515862,-0.004494,E09000030
7775,E14 0YE,E01004245,51.515754,-0.003922,E09000030
7776,E14 0YF,E01004245,51.515651,-0.003191,E09000030
7777,E14 0YH,E01004245,51.515569,-0.004723,E09000030
7778,E14 0YN,E01035679,51.515715,-0.012225,E09000030
7779,E14 0YP,E01035679,51.515577,-0.012087,E09000030
7780,E14 0YQ,E01035694,51.513198,-0.028275,E09000030
7781,E14 0YR,E01035679,51.515365,-0.011779,E09000030
7782,E14 0YS,E01035679,51.515441,-0.011459,E09000030
7783,E14 0YW,E01004245,51.516251,-0.004116,E09000030
7784,E14 1AA,E01035694,51.513162,-0.028291,E09000030
7785,E14 1AB,E01035694,51.513198,-0.028275,E09000030
7786,E14 1AD,E01035694,51.513162,-0.028291,E09000030
7787,E14 1AE,E01035694,51.513162,-0.028291,E09000030
7788,E14 1AF,E01035694,51.513162,-0.028291,E09000030
7789,E14 1AG,E01035694,51.513162,-0.028291,E09000030
7790,E14 1AH,E01035694,51.513162,-0.028291,E09000030
7791,E14 1AJ,E01035694,51.513198,-0.028275,E09000030
7792,E14 1AL,E01035694,51.513162,-0.028291,E09000030
7793,E14 1AN,E01035694,51.513162,-0.028291,E09000030
7794,E14 1AP,E01035694,51.513162,-0.028291,E09000030
7795,E14 1AQ,E01035694,51.513162,-0.028291,E09000030
7796,E14 1AR,E01035694,51.513162,-0.028291,E09000030
7797,E14 1AS,E01035694,51.513162,-0.028291,E09000030
7798,E14 1AT,E01035694,51.513162,-0.028291,E09000030
7799,E14 1AU,E01035694,51.513162,-0.028291,E09000030
7800,E14 1AW,E01035694,51.513162,-0.028291,E09000030
7801,E14 1AX,E01035694,51.513162,-0.028291,E09000030
7802,E14 1AY,E01035694,51.513162,-0.028291,E09000030
7803,E14 1AZ,E01035694,51.513162,-0.028291,E09000030
7804,E14 1BA,E01035694,51.513162,-0.028291,E09000030
7805,E14 1BB,E01035694,51.513162,-0.028291,E09000030
7806,E14 1BD,E01035694,51.513162,-0.028291,E09000030
7807,E14 1BE,E01035694,51.513162,-0.028291,E09000030
7808,E14 1BF,E01035694,51.513162,-0.028291,E09000030
7809,E14 1BG,E01035694,51.513162,-0.028291,E09000030
7810,E14 1BH,E01035694,51.513162,-0.028291,E09000030
7811,E14 1BJ,E01035694,51.513162,-0.028291,E09000030
7812,E14 1BL,E01035694,51.513162,-0.028291,E09000030
7813,E14 1BN,E01035694,51.513162,-0.028291,E09000030
7814,E14 1BP,E01035694,51.513198,-0.028275,E09000030
7815,E14 1BQ,E01035694,51.513162,-0.028291,E09000030
7816,E14 1BR,E01035694,51.513198,-0.028275,E09000030
7817,E14 1BS,E01035694,51.513162,-0.028291,E09000030
7818,E14 1BT,E01035694,51.513162,-0.028291,E09000030
7819,E14 1BU,E01035694,51.513162,-0.028291,E09000030
7820,E14 1BW,E01035694,51.513198,-0.028275,E09000030
7821,E14 1BX,E01035694,51.513162,-0.028291,E09000030
7822,E14 1BY,E01035694,51.513198,-0.028275,E09000030
7823,E14 1BZ,E01035694,51.513162,-0.028291,E09000030
7824,E14 1DA,E01035694,51.513162,-0.028291,E09000030
7825,E14 1DB,E01035694,51.513162,-0.028291,E09000030
7826,E14 1DD,E01035694,51.513162,-0.028291,E09000030
7827,E14 1DE,E01035694,51.513162,-0.028291,E09000030
7828,E14 1DF,E01035694,51.513162,-0.028291,E09000030
7829,E14 1DG,E01035694,51.513198,-0.028275,E09000030
7830,E14 1DH,E01035694,51.513162,-0.028291,E09000030
7831,E14 1DJ,E01035694,51.513198,-0.028275,E09000030
7832,E14 1DL,E01035694,51.513198,-0.028275,E09000030
7833,E14 1DN,E01035694,51.513198,-0.028275,E09000030
7834,E14 1DP,E01035694,51.513162,-0.028291,E09000030
7835,E14 1DQ,E01035694,51.513162,-0.028291,E09000030
7836,E14 1DR,E01035694,51.513162,-0.028291,E09000030
7837,E14 1DS,E01035694,51.513162,-0.028291,E09000030
7838,E14 1DT,E01035694,51.513198,-0.028275,E09000030
7839,E14 1DU,E01035694,51.513198,-0.028275,E09000030
7840,E14 1DW,E01035694,51.513162,-0.028291,E09000030
7841,E14 1DX,E01035694,51.513198,-0.028275,E09000030
7842,E14 1DY,E01035694,51.513198,-0.028275,E09000030
7843,E14 1DZ,E01035694,51.513162,-0.028291,E09000030
7844,E14 1EA,E01035694,51.513162,-0.028291,E09000030
7845,E14 1EB,E01035694,51.513162,-0.028291,E09000030
7846,E14 1ED,E01035694,51.513198,-0.028275,E09000030
7847,E14 1EE,E01035694,51.513198,-0.028275,E09000030
7848,E14 1EF,E01035694,51.513198,-0.028275,E09000030
7849,E14 1EG,E01035694,51.513198,-0.028275,E09000030
7850,E14 1EH,E01035694,51.513198,-0.028275,E09000030
7851,E14 1EJ,E01035694,51.513198,-0.028275,E09000030
7852,E14 1EL,E01035694,51.513198,-0.028275,E09000030
7853,E14 1EN,E01035694,51.513198,-0.028275,E09000030
7854,E14 1EP,E01035694,51.513198,-0.028275,E09000030
7855,E14 1EQ,E01035694,51.513198,-0.028275,E09000030
7856,E14 1ER,E01035694,51.513198,-0.028275,E09000030
7857,E14 1ES,E01035694,51.513198,-0.028275,E09000030
7858,E14 1ET,E01035694,51.513198,-0.028275,E09000030
7859,E14 1EU,E01035694,51.513198,-0.028275,E09000030
7860,E14 1EW,E01035694,51.513198,-0.028275,E09000030
7861,E14 1EX,E01035694,51.513198,-0.028275,E09000030
7862,E14 1EY,E01035694,51.513198,-0.028275,E09000030
7863,E14 1EZ,E01035694,51.513198,-0.028275,E09000030
7864,E14 1FA,E01035694,51.513162,-0.028291,E09000030
7865,E14 1FB,E01035694,51.513198,-0.028275,E09000030
7866,E14 1FD,E01035694,51.513198,-0.028275,E09000030
7867,E14 1FE,E01035694,51.513198,-0.028275,E09000030
7868,E14 1FF,E01035694,51.513198,-0.028275,E09000030
7869,E14 1FG,E01035694,51.513198,-0.028275,E09000030
7870,E14 1FH,E01035694,51.513198,-0.028275,E09000030
7871,E14 1FJ,E01035694,51.513198,-0.028275,E09000030
7872,E14 1FL,E01035694,51.513198,-0.028275,E09000030
7873,E14 1FN,E01035694,51.513198,-0.028275,E09000030
7874,E14 1FP,E01035694,51.513198,-0.028275,E09000030
7875,E14 1FQ,E01035694,51.513198,-0.028275,E09000030
7876,E14 1FR,E01035694,51.513198,-0.028275,E09000030
7877,E14 1FS,E01035694,51.513198,-0.028275,E09000030
7878,E14 1FT,E01035694,51.513198,-0.028275,E09000030
7879,E14 1FU,E01035694,51.513198,-0.028275,E09000030
7880,E14 1FW,E01035694,51.513198,-0.028275,E09000030
7881,E14 1FX,E01035694,51.513162,-0.028291,E09000030
7882,E14 1FY,E01035694,51.513198,-0.028275,E09000030
7883,E14 1FZ,E01035694,51.513198,-0.028275,E09000030
7884,E14 1GA,E01035694,51.513198,-0.028275,E09000030
7885,E14 1GB,E01035694,51.513198,-0.028275,E09000030
7886,E14 1GD,E01035694,51.513198,-0.028275,E09000030
7887,E14 1GE,E01035694,51.513198,-0.028275,E09000030
7888,E14 1GF,E01035694,51.513198,-0.028275,E09000030
7889,E14 1GG,E01035694,51.513198,-0.028275,E09000030
7890,E14 1GH,E01035694,51.513162,-0.028291,E09000030
7891,E14 1GJ,E01035694,51.513198,-0.028275,E09000030
7892,E14 1GL,E01035694,51.513198,-0.028275,E09000030
7893,E14 1GN,E01035694,51.513198,-0.028275,E09000030
7894,E14 1GP,E01035694,51.513162,-0.028291,E09000030
7895,E14 1GQ,E01035694,51.513198,-0.028275,E09000030
7896,E14 1GR,E01035694,51.513198,-0.028275,E09000030
7897,E14 1GS,E01035694,51.513162,-0.028291,E09000030
7898,E14 1GT,E01035694,51.513198,-0.028275,E09000030
7899,E14 1GU,E01035694,51.513162,-0.028291,E09000030
7900,E14 1GW,E01035694,51.513162,-0.028291,E09000030
7901,E14 1GX,E01035694,51.513198,-0.028275,E09000030
7902,E14 1GY,E01035694,51.513198,-0.028275,E09000030
7903,E14 1GZ,E01035694,51.513198,-0.028275,E09000030
7904,E14 1HA,E01035694,51.513198,-0.028275,E09000030
7905,E14 1HB,E01035694,51.513198,-0.028275,E09000030
7906,E14 1HD,E01035694,51.513198,-0.028275,E09000030
7907,E14 1HE,E01035694,51.513162,-0.028291,E09000030
7908,E14 1HF,E01035694,51.513198,-0.028275,E09000030
7909,E14 1HG,E01035694,51.513198,-0.028275,E09000030
7910,E14 1HH,E01035694,51.513162,-0.028291,E09000030
7911,E14 1HJ,E01035694,51.513198,-0.028275,E09000030
7912,E14 1HL,E01035694,51.513198,-0.028275,E09000030
7913,E14 1HN,E01035694,51.513198,-0.028275,E09000030
7914,E14 1HP,E01035694,51.513198,-0.028275,E09000030
7915,E14 1HQ,E01035694,51.513198,-0.028275,E09000030
7916,E14 1HR,E01035694,51.513198,-0.028275,E09000030
7917,E14 1HS,E01035694,51.513198,-0.028275,E09000030
7918,E14 1HT,E01035694,51.513198,-0.028275,E09000030
7919,E14 1HU,E01035694,51.513198,-0.028275,E09000030
7920,E14 1HW,E01035694,51.513198,-0.028275,E09000030
7921,E14 1HX,E01035694,51.513198,-0.028275,E09000030
7922,E14 1HY,E01035694,51.513198,-0.028275,E09000030
7923,E14 1HZ,E01035694,51.513198,-0.028275,E09000030
7924,E14 1JA,E01035694,51.513162,-0.028291,E09000030
7925,E14 1JB,E01035694,51.513198,-0.028275,E09000030
7926,E14 1JD,E01035694,51.513162,-0.028291,E09000030
7927,E14 1JE,E01035694,51.513162,-0.028291,E09000030
7928,E14 1JF,E01035694,51.513198,-0.028275,E09000030
7929,E14 1JG,E01035694,51.513198,-0.028275,E09000030
7930,E14 1JH,E01035694,51.513198,-0.028275,E09000030
7931,E14 1JJ,E01035694,51.513162,-0.028291,E09000030
7932,E14 1JL,E01035694,51.513198,-0.028275,E09000030
7933,E14 1JN,E01035694,51.513198,-0.028275,E09000030
7934,E14 1JP,E01035694,51.513198,-0.028275,E09000030
7935,E14 1JQ,E01035694,51.513198,-0.028275,E09000030
7936,E14 1JR,E01035694,51.513198,-0.028275,E09000030
7937,E14 1JS,E01035694,51.513198,-0.028275,E09000030
7938,E14 1JT,E01035694,51.513198,-0.028275,E09000030
7939,E14 1JU,E01035694,51.513198,-0.028275,E09000030
7940,E14 1JW,E01035694,51.513198,-0.028275,E09000030
7941,E14 1JX,E01035694,51.513198,-0.028275,E09000030
7942,E14 1JY,E01035694,51.513162,-0.028291,E09000030
7943,E14 1JZ,E01035694,51.513198,-0.028275,E09000030
7944,E14 1LA,E01035694,51.513162,-0.028291,E09000030
7945,E14 1LB,E01035694,51.513198,-0.028275,E09000030
7946,E14 1LD,E01035694,51.513198,-0.028275,E09000030
7947,E14 1LE,E01035694,51.513198,-0.028275,E09000030
7948,E14 1LF,E01035694,51.513198,-0.028275,E09000030
7949,E14 1LG,E01035694,51.513198,-0.028275,E09000030
7950,E14 1LH,E01035694,51.513198,-0.028275,E09000030
7951,E14 1LJ,E01035694,51.513162,-0.028291,E09000030
7952,E14 1LL,E01035694,51.513198,-0.028275,E09000030
7953,E14 1LN,E01035694,51.513198,-0.028275,E09000030
7954,E14 1LP,E01035694,51.513162,-0.028291,E09000030
7955,E14 1LQ,E01035694,51.513198,-0.028275,E09000030
7956,E14 1LR,E01035694,51.513198,-0.028275,E09000030
7957,E14 1LS,E01035694,51.513162,-0.028291,E09000030
7958,E14 1LT,E01035694,51.513162,-0.028291,E09000030
7959,E14 1LU,E01035694,51.513198,-0.028275,E09000030
7960,E14 1LW,E01035694,51.513162,-0.028291,E09000030
7961,E14 1LX,E01035694,51.513198,-0.028275,E09000030
7962,E14 1LY,E01035694,51.513198,-0.028275,E09000030
7963,E14 1LZ,E01035694,51.513198,-0.028275,E09000030
7964,E14 1NA,E01035694,51.513198,-0.028275,E09000030
7965,E14 1NB,E01035694,51.513198,-0.028275,E09000030
7966,E14 1ND,E01035694,51.513162,-0.028291,E09000030
7967,E14 1NE,E01035694,51.513198,-0.028275,E09000030
7968,E14 1NF,E01035694,51.513198,-0.028275,E09000030
7969,E14 1NG,E01035694,51.513198,-0.028275,E09000030
7970,E14 1NH,E01035694,51.513198,-0.028275,E09000030
7971,E14 1NJ,E01035694,51.513162,-0.028291,E09000030
7972,E14 1NL,E01035694,51.513162,-0.028291,E09000030
7973,E14 1NN,E01035694,51.513198,-0.028275,E09000030
7974,E14 1NP,E01035694,51.513198,-0.028275,E09000030
7975,E14 1NQ,E01035694,51.513198,-0.028275,E09000030
7976,E14 1NR,E01035694,51.513198,-0.028275,E09000030
7977,E14 1NS,E01035694,51.513198,-0.028275,E09000030
7978,E14 1NT,E01035694,51.513198,-0.028275,E09000030
7979,E14 1NU,E01035694,51.513198,-0.028275,E09000030
7980,E14 1NX,E01035694,51.513198,-0.028275,E09000030
7981,E14 1NZ,E01035694,51.513198,-0.028275,E09000030
7982,E14 1PA,E01035694,51.513198,-0.028275,E09000030
7983,E14 1PB,E01035694,51.513162,-0.028291,E09000030
7984,E14 1PD,E01035694,51.513198,-0.028275,E09000030
7985,E14 1PE,E01035694,51.513198,-0.028275,E09000030
7986,E14 1PF,E01035694,51.513198,-0.028275,E09000030
7987,E14 1PG,E01035694,51.513198,-0.028275,E09000030
7988,E14 1PH,E01035694,51.513198,-0.028275,E09000030
7989,E14 1PJ,E01035694,51.513198,-0.028275,E09000030
7990,E14 1PL,E01035694,51.513162,-0.028291,E09000030
7991,E14 1PN,E01035694,51.513198,-0.028275,E09000030
7992,E14 1PP,E01035694,51.513198,-0.028275,E09000030
7993,E14 1PQ,E01035694,51.513162,-0.028291,E09000030
7994,E14 1PR,E01035694,51.513162,-0.028291,E09000030
7995,E14 1PS,E01035694,51.513162,-0.028291,E09000030
7996,E14 1PT,E01035694,51.513162,-0.028291,E09000030
7997,E14 1PU,E01035694,51.513198,-0.028275,E09000030
7998,E14 1PW,E01035694,51.513198,-0.028275,E09000030
7999,E14 1PX,E01035694,51.513198,-0.028275,E09000030
8000,E14 1PY,E01035694,51.513162,-0.028291,E09000030
8001,E14 1QA,E01035694,51.513162,-0.028291,E09000030
8002,E14 1QB,E01035694,51.513198,-0.028275,E09000030
8003,E14 1QD,E01035694,51.513198,-0.028275,E09000030
8004,E14 1QE,E01035694,51.513162,-0.028291,E09000030
8005,E14 1QF,E01035694,51.513162,-0.028291,E09000030
8006,E14 1QG,E01035694,51.513162,-0.028291,E09000030
8007,E14 1QH,E01035694,51.513198,-0.028275,E09000030
8008,E14 1QJ,E01035694,51.513198,-0.028275,E09000030
8009,E14 1QL,E01035694,51.513162,-0.028291,E09000030
8010,E14 1QN,E01035694,51.513198,-0.028275,E09000030
8011,E14 1QP,E01035694,51.513162,-0.028291,E09000030
8012,E14 1QQ,E01035694,51.513162,-0.028291,E09000030
8013,E14 1QR,E01035694,51.513162,-0.028291,E09000030
8014,E14 1QS,E01035694,51.513162,-0.028291,E09000030
8015,E14 1QU,E01035694,51.513162,-0.028291,E09000030
8016,E14 1QW,E01035694,51.513162,-0.028291,E09000030
8017,E14 1QX,E01035694,51.513162,-0.028291,E09000030
8018,E14 1QY,E01035694,51.513162,-0.028291,E09000030
8019,E14 1QZ,E01035694,51.513162,-0.028291,E09000030
8020,E14 1RA,E01035694,51.513162,-0.028291,E09000030
8021,E14 1RB,E01035694,51.513162,-0.028291,E09000030
8022,E14 1RD,E01035694,51.513162,-0.028291,E09000030
8023,E14 1RE,E01035694,51.513162,-0.028291,E09000030
8024,E14 1RF,E01035694,51.513162,-0.028291,E09000030
8025,E14 1RG,E01035694,51.513162,-0.028291,E09000030
8026,E14 1RH,E01035694,51.513162,-0.028291,E09000030
8027,E14 1RJ,E01035694,51.513162,-0.028291,E09000030
8028,E14 1RL,E01035694,51.513162,-0.028291,E09000030
8029,E14 1RN,E01035694,51.513162,-0.028291,E09000030
8030,E14 1RP,E01035694,51.513162,-0.028291,E09000030
8031,E14 1RQ,E01035694,51.513162,-0.028291,E09000030
8032,E14 1RR,E01035694,51.513162,-0.028291,E09000030
8033,E14 1RS,E01035694,51.513162,-0.028291,E09000030
8034,E14 1RT,E01035694,51.513162,-0.028291,E09000030
8035,E14 1RU,E01035694,51.513162,-0.028291,E09000030
8036,E14 1RW,E01035694,51.513162,-0.028291,E09000030
8037,E14 1RX,E01035694,51.513162,-0.028291,E09000030
8038,E14 1RY,E01035694,51.513162,-0.028291,E09000030
8039,E14 1RZ,E01035694,51.513162,-0.028291,E09000030
8040,E14 1SA,E01032777,51.51,-0.006148,E09000030
8041,E14 1SB,E01032777,51.51,-0.006148,E09000030
8042,E14 1SD,E01035694,51.513162,-0.028291,E09000030
8043,E14 1SE,E01035694,51.513162,-0.028291,E09000030
8044,E14 1SF,E01035694,51.513162,-0.028291,E09000030
8045,E14 1SG,E01035694,51.513162,-0.028291,E09000030
8046,E14 1SH,E01035694,51.513162,-0.028291,E09000030
8047,E14 1SJ,E01035694,51.513162,-0.028291,E09000030
8048,E14 1SL,E01035694,51.513162,-0.028291,E09000030
8049,E14 1SN,E01035694,51.513162,-0.028291,E09000030
8050,E14 1SP,E01035694,51.513162,-0.028291,E09000030
8051,E14 1SQ,E01035694,51.513162,-0.028291,E09000030
8052,E14 1SR,E01035694,51.513162,-0.028291,E09000030
8053,E14 1SS,E01035694,51.513162,-0.028291,E09000030
8054,E14 1ST,E01035694,51.513162,-0.028291,E09000030
8055,E14 1SU,E01035694,51.513162,-0.028291,E09000030
8056,E14 1SW,E01035694,51.513162,-0.028291,E09000030
8057,E14 1SX,E01035694,51.513162,-0.028291,E09000030
8058,E14 1SY,E01035694,51.513162,-0.028291,E09000030
8059,E14 1SZ,E01035694,51.513162,-0.028291,E09000030
8060,E14 1TA,E01035694,51.513162,-0.028291,E09000030
8061,E14 1TB,E01035694,51.513162,-0.028291,E09000030
8062,E14 1TD,E01032777,51.51,-0.006148,E09000030
8063,E14 1TE,E01032777,51.51,-0.006148,E09000030
8064,E14 1TF,E01032777,51.51,-0.006148,E09000030
8065,E14 1TG,E01032777,51.51,-0.006148,E09000030
8066,E14 1TH,E01032777,51.51,-0.006148,E09000030
8067,E14 1TJ,E01032777,51.51,-0.006148,E09000030
8068,E14 1TL,E01032777,51.51,-0.006148,E09000030
8069,E14 1TN,E01032777,51.51,-0.006148,E09000030
8070,E14 1TP,E01032777,51.51,-0.006148,E09000030
8071,E14 1TQ,E01032777,51.51,-0.006148,E09000030
8072,E14 1TR,E01032777,51.51,-0.006148,E09000030
8073,E14 1TS,E01032777,51.51,-0.006148,E09000030
8074,E14 1TT,E01032777,51.51,-0.006148,E09000030
8075,E14 1TU,E01032777,51.51,-0.006148,E09000030
8076,E14 1TW,E01032777,51.51,-0.006148,E09000030
8077,E14 1TX,E01032777,51.51,-0.006148,E09000030
8078,E14 1TY,E01032777,51.51,-0.006148,E09000030
8079,E14 1TZ,E01032777,51.51,-0.006148,E09000030
8080,E14 1UA,E01032777,51.51,-0.006148,E09000030
8081,E14 1UB,E01032777,51.51,-0.006148,E09000030
8082,E14 1UD,E01035694,51.513162,-0.028291,E09000030
8083,E14 1UE,E01035694,51.513162,-0.028291,E09000030
8084,E14 1UF,E01035694,51.513162,-0.028291,E09000030
8085,E14 1UG,E01035694,51.513162,-0.028291,E09000030
8086,E14 1UH,E01035694,51.513162,-0.028291,E09000030
8087,E14 1UJ,E01035694,51.513162,-0.028291,E09000030
8088,E14 1UL,E01035694,51.513162,-0.028291,E09000030
8089,E14 1UN,E01035694,51.513162,-0.028291,E09000030
8090,E14 1UP,E01035694,51.513162,-0.028291,E09000030
8091,E14 1UQ,E01035694,51.513162,-0.028291,E09000030
8092,E14 1UR,E01035694,51.513162,-0.028291,E09000030
8093,E14 1US,E01035694,51.513162,-0.028291,E09000030
8094,E14 1UT,E01035694,51.513162,-0.028291,E09000030
8095,E14 1UU,E01035694,51.513162,-0.028291,E09000030
8096,E14 1UW,E01035694,51.513162,-0.028291,E09000030
8097,E14 1UX,E01035694,51.513162,-0.028291,E09000030
8098,E14 1UY,E01035694,51.513162,-0.028291,E09000030
8099,E14 1UZ,E01035694,51.513162,-0.028291,E09000030
8100,E14 1WA,E01035694,51.513162,-0.028291,E09000030
8101,E14 1WB,E01035694,51.513162,-0.028291,E09000030
8102,E14 1WD,E01035694,51.513162,-0.028291,E09000030
8103,E14 1WE,E01035694,51.513162,-0.028291,E09000030
8104,E14 1WF,E01035694,51.513162,-0.028291,E09000030
8105,E14 1WG,E01035694,51.513162,-0.028291,E09000030
8106,E14 1WH,E01035694,51.513162,-0.028291,E09000030
8107,E14 1WJ,E01035694,51.513162,-0.028291,E09000030
8108,E14 1WL,E01035694,51.513162,-0.028291,E09000030
8109,E14 1WN,E01035694,51.513162,-0.028291,E09000030
8110,E14 1WP,E01035694,51.513162,-0.028291,E09000030
8111,E14 1WQ,E01035694,51.513162,-0.028291,E09000030
8112,E14 1WR,E01035694,51.513162,-0.028291,E09000030
8113,E14 1WS,E01035694,51.513162,-0.028291,E09000030
8114,E14 1WT,E01035694,51.513162,-0.028291,E09000030
8115,E14 1WU,E01035694,51.513162,-0.028291,E09000030
8116,E14 1WW,E01035694,51.513162,-0.028291,E09000030
8117,E14 1WX,E01035694,51.513162,-0.028291,E09000030
8118,E14 1WY,E01035694,51.513162,-0.028291,E09000030
8119,E14 1WZ,E01035694,51.513162,-0.028291,E09000030
8120,E14 1XA,E01035694,51.513162,-0.028291,E09000030
8121,E14 1XB,E01035694,51.513162,-0.028291,E09000030
8122,E14 1XD,E01035694,51.513162,-0.028291,E09000030
8123,E14 1XE,E01035694,51.513162,-0.028291,E09000030
8124,E14 1XF,E01035694,51.513162,-0.028291,E09000030
8125,E14 1XG,E01035694,51.513162,-0.028291,E09000030
8126,E14 1XH,E01035694,51.513162,-0.028291,E09000030
8127,E14 1XJ,E01035694,51.513162,-0.028291,E09000030
8128,E14 1XL,E01035694,51.513162,-0.028291,E09000030
8129,E14 1XN,E01035694,51.513162,-0.028291,E09000030
8130,E14 1XP,E01035694,51.513162,-0.028291,E09000030
8131,E14 1XQ,E01035694,51.513162,-0.028291,E09000030
8132,E14 1XR,E01035694,51.513162,-0.028291,E09000030
8133,E14 1XS,E01035694,51.513162,-0.028291,E09000030
8134,E14 1XT,E01035694,51.513162,-0.028291,E09000030
8135,E14 1XU,E01035694,51.513162,-0.028291,E09000030
8136,E14 1XW,E01035694,51.513162,-0.028291,E09000030
8137,E14 1XX,E01035694,51.513162,-0.028291,E09000030
8138,E14 1XY,E01035694,51.513162,-0.028291,E09000030
8139,E14 1YA,E01035694,51.513162,-0.028291,E09000030
8140,E14 1YB,E01035694,51.513162,-0.028291,E09000030
8141,E14 1YD,E01035694,51.513162,-0.028291,E09000030
8142,E14 1YE,E01035694,51.513162,-0.028291,E09000030
8143,E14 1YF,E01035694,51.513162,-0.028291,E09000030
8144,E14 1YG,E01035694,51.513162,-0.028291,E09000030
8145,E14 1YH,E01035694,51.513162,-0.028291,E09000030
8146,E14 1YJ,E01035694,51.513162,-0.028291,E09000030
8147,E14 1YL,E01035694,51.513162,-0.028291,E09000030
8148,E14 1YN,E01035694,51.513162,-0.028291,E09000030
8149,E14 1YP,E01035694,51.513162,-0.028291,E09000030
8150,E14 1YR,E01035694,51.513162,-0.028291,E09000030
8151,E14 1YS,E01035694,51.513162,-0.028291,E09000030
8152,E14 1YT,E01035694,51.513162,-0.028291,E09000030
8153,E14 1YU,E01035694,51.513162,-0.028291,E09000030
8154,E14 1YW,E01035694,51.513162,-0.028291,E09000030
8155,E14 1YX,E01035694,51.513162,-0.028291,E09000030
8156,E14 1YY,E01035694,51.513162,-0.028291,E09000030
8157,E14 1YZ,E01035694,51.513162,-0.028291,E09000030
8158,E14 1ZZ,E01035694,51.513198,-0.028275,E09000030
8159,E14 2AA,E01035702,51.51207,-0.002022,E09000030
8160,E14 2AB,E01032776,51.50765,-0.00125,E09000030
8161,E14 2AE,E01035702,51.511333,-0.000483,E09000030
8162,E14 2AH,E01035702,51.51159,-0.000746,E09000030
8163,E14 2AX,E01032777,51.510943,-0.003455,E09000030
8164,E14 2BA,E01032777,51.509743,-0.004804,E09000030
8165,E14 2BB,E01032777,51.509516,-0.005722,E09000030
8166,E14 2BD,E01032777,51.510315,-0.006192,E09000030
8167,E14 2BE,E01032777,51.510185,-0.0049,E09000030
8168,E14 2BG,E01032777,51.51,-0.006148,E09000030
8169,E14 2BH,E01032777,51.509622,-0.004579,E09000030
8170,E14 2DA,E01032776,51.508209,-0.001355,E09000030
8171,E14 2DB,E01032776,51.508209,-0.001355,E09000030
8172,E14 2DD,E01032776,51.507738,-0.000612,E09000030
8173,E14 2DE,E01035702,51.508261,0.000362,E09000030
8174,E14 2DF,E01035702,51.508643,0.001719,E09000030
8175,E14 2DG,E01035702,51.509169,0.00092,E09000030
8176,E14 2DH,E01035702,51.508138,0.001264,E09000030
8177,E14 2DJ,E01035702,51.509413,0.001364,E09000030
8178,E14 2DL,E01035702,51.508685,0.000827,E09000030
8179,E14 2DN,E01032777,51.508537,2.8e-05,E09000030
8180,E14 2DP,E01032777,51.508685,-0.002343,E09000030
8181,E14 2DQ,E01035702,51.509223,0.000361,E09000030
8182,E14 2DR,E01032776,51.508311,-0.002028,E09000030
8183,E14 2DS,E01032777,51.509131,-3.2e-05,E09000030
8184,E14 2DT,E01032777,51.509102,-0.000437,E09000030
8185,E14 2DU,E01032777,51.509055,-0.000857,E09000030
8186,E14 2DW,E01032777,51.508397,-0.000742,E09000030
8187,E14 2DY,E01032776,51.507923,-0.001944,E09000030
8188,E14 2EA,E01032777,51.509154,-0.001876,E09000030
8189,E14 2EB,E01032777,51.509154,-0.001876,E09000030
8190,E14 2ED,E01032777,51.509011,-0.001969,E09000030
8191,E14 2EH,E01032776,51.507269,-0.003702,E09000030
8192,E14 2NX,E01035694,51.513198,-0.028275,E09000030
8193,E14 2QT,E01035694,51.513162,-0.028291,E09000030
8194,E14 2WA,E01035694,51.513162,-0.028291,E09000030
8195,E14 2WB,E01032776,51.507131,-0.003478,E09000030
8196,E14 2WH,E01032776,51.507131,-0.003478,E09000030
8197,E14 2WT,E01032776,51.507131,-0.003478,E09000030
8198,E14 2WY,E01035694,51.513198,-0.028275,E09000030
8199,E14 2WZ,E01035694,51.513198,-0.028275,E09000030
8200,E14 2XA,E01035694,51.513198,-0.028275,E09000030
8201,E14 2XG,E01035694,51.513162,-0.028291,E09000030
8202,E14 2ZH,E01035694,51.513162,-0.028291,E09000030
8203,E14 2ZU,E01032777,51.51,-0.006148,E09000030
8204,E14 2ZZ,E01035694,51.513162,-0.028291,E09000030
8205,E14 3AA,E01004275,51.489866,-0.018969,E09000030
8206,E14 3AB,E01004275,51.489596,-0.017338,E09000030
8207,E14 3AD,E01004275,51.48985,-0.017486,E09000030
8208,E14 3AE,E01004275,51.488666,-0.018733,E09000030
8209,E14 3AF,E01004276,51.487633,-0.018259,E09000030
8210,E14 3AG,E01004275,51.488061,-0.018601,E09000030
8211,E14 3AH,E01004275,51.487638,-0.014816,E09000030
8212,E14 3AJ,E01004275,51.488161,-0.014405,E09000030
8213,E14 3AL,E01004280,51.493137,-0.025742,E09000030
8214,E14 3AN,E01004275,51.487591,-0.016331,E09000030
8215,E14 3AP,E01004276,51.487082,-0.018139,E09000030
8216,E14 3AQ,E01004275,51.488465,-0.018036,E09000030
8217,E14 3AR,E01004276,51.487229,-0.018824,E09000030
8218,E14 3AS,E01004275,51.488582,-0.016403,E09000030
8219,E14 3AT,E01004275,51.488196,-0.016477,E09000030
8220,E14 3AU,E01004275,51.489504,-0.015614,E09000030
8221,E14 3AW,E01004276,51.487844,-0.018524,E09000030
8222,E14 3AX,E01004275,51.489908,-0.016115,E09000030
8223,E14 3AY,E01004275,51.488428,-0.013716,E09000030
8224,E14 3AZ,E01004218,51.490808,-0.004523,E09000030
8225,E14 3BA,E01004217,51.489181,-0.013582,E09000030
8226,E14 3BB,E01004217,51.487655,-0.013173,E09000030
8227,E14 3BD,E01004217,51.487496,-0.012316,E09000030
8228,E14 3BE,E01004217,51.487283,-0.011936,E09000030
8229,E14 3BF,E01004218,51.49075,-0.0032,E09000030
8230,E14 3BG,E01004217,51.487888,-0.012069,E09000030
8231,E14 3BH,E01004218,51.487789,-0.005749,E09000030
8232,E14 3BJ,E01004218,51.488295,-0.005353,E09000030
8233,E14 3BL,E01004218,51.488698,-0.006848,E09000030
8234,E14 3BN,E01004217,51.489292,-0.006318,E09000030
8235,E14 3BP,E01004217,51.489303,-0.008002,E09000030
8236,E14 3BQ,E01035705,51.495358,-0.013486,E09000030
8237,E14 3BS,E01004217,51.486228,-0.012299,E09000030
8238,E14 3BT,E01035705,51.494254,-0.013592,E09000030
8239,E14 3BU,E01004217,51.486914,-0.012975,E09000030
8240,E14 3BW,E01004218,51.488736,-0.006385,E09000030
8241,E14 3BX,E01004218,51.490589,-0.008033,E09000030
8242,E14 3BY,E01004218,51.487695,-0.005984,E09000030
8243,E14 3BZ,E01004218,51.490427,-0.003805,E09000030
8244,E14 3DA,E01004217,51.4903,-0.007412,E09000030
8245,E14 3DB,E01004217,51.489561,-0.00789,E09000030
8246,E14 3DD,E01004218,51.490538,-0.007142,E09000030
8247,E14 3DE,E01004218,51.491192,-0.005428,E09000030
8248,E14 3DF,E01004217,51.489017,-0.008634,E09000030
8249,E14 3DG,E01004217,51.4885,-0.008959,E09000030
8250,E14 3DH,E01004217,51.488439,-0.008501,E09000030
8251,E14 3DJ,E01004217,51.488956,-0.008248,E09000030
8252,E14 3DL,E01004217,51.488956,-0.008248,E09000030
8253,E14 3DN,E01004217,51.48871,-0.008072,E09000030
8254,E14 3DP,E01004218,51.490498,-0.006351,E09000030
8255,E14 3DQ,E01004217,51.488206,-0.009116,E09000030
8256,E14 3DR,E01004217,51.489544,-0.00684,E09000030
8257,E14 3DS,E01004217,51.486974,-0.012281,E09000030
8258,E14 3DT,E01004217,51.486412,-0.012536,E09000030
8259,E14 3DU,E01004218,51.492292,-0.005567,E09000030
8260,E14 3DW,E01004217,51.488127,-0.007607,E09000030
8261,E14 3DX,E01004218,51.491611,-0.004156,E09000030
8262,E14 3DY,E01004217,51.486254,-0.011708,E09000030
8263,E14 3DZ,E01004217,51.486333,-0.01107,E09000030
8264,E14 3EA,E01004218,51.489629,-0.004992,E09000030
8265,E14 3EB,E01004218,51.489593,-0.005512,E09000030
8266,E14 3ED,E01032783,51.492831,-0.025193,E09000030
8267,E14 3EE,E01004218,51.489177,-0.00432,E09000030
8268,E14 3EF,E01004218,51.488886,-0.00465,E09000030
8269,E14 3EG,E01004218,51.492364,-0.004527,E09000030
8270,E14 3EH,E01004218,51.490975,-0.00695,E09000030
8271,E14 3EJ,E01035694,51.513198,-0.028275,E09000030
8272,E14 3EL,E01004218,51.491391,-0.003921,E09000030
8273,E14 3EN,E01004218,51.489604,-0.003524,E09000030
8274,E14 3EP,E01004217,51.486899,-0.011031,E09000030
8275,E14 3EQ,E01004218,51.492376,-0.003662,E09000030
8276,E14 3ER,E01004217,51.489144,-0.008701,E09000030
8277,E14 3ES,E01004221,51.499571,-0.008952,E09000030
8278,E14 3ET,E01004221,51.499126,-0.008712,E09000030
8279,E14 3EU,E01004221,51.498595,-0.007611,E09000030
8280,E14 3EW,E01004218,51.489816,-0.004336,E09000030
8281,E14 3EX,E01004221,51.49987,-0.008046,E09000030
8282,E14 3EY,E01004214,51.497939,-0.008173,E09000030
8283,E14 3EZ,E01004214,51.49794,-0.007726,E09000030
8284,E14 3FA,E01004217,51.487344,-0.01022,E09000030
8285,E14 3FB,E01004221,51.500605,-0.007898,E09000030
8286,E14 3FD,E01004221,51.500211,-0.008521,E09000030
8287,E14 3FE,E01035694,51.513198,-0.028275,E09000030
8288,E14 3FF,E01035694,51.513198,-0.028275,E09000030
8289,E14 3FG,E01035694,51.513198,-0.028275,E09000030
8290,E14 3FH,E01004217,51.490642,-0.014844,E09000030
8291,E14 3FJ,E01004217,51.490642,-0.014844,E09000030
8292,E14 3FL,E01035694,51.513198,-0.028275,E09000030
8293,E14 3FN,E01035694,51.513198,-0.028275,E09000030
8294,E14 3FP,E01004217,51.490642,-0.014844,E09000030
8295,E14 3FQ,E01004217,51.490642,-0.014844,E09000030
8296,E14 3FR,E01004217,51.491462,-0.009666,E09000030
8297,E14 3FS,E01004217,51.491462,-0.009666,E09000030
8298,E14 3FT,E01004217,51.491462,-0.009666,E09000030
8299,E14 3FU,E01035706,51.497147,-0.013481,E09000030
8300,E14 3FW,E01035694,51.513198,-0.028275,E09000030
8301,E14 3FX,E01035694,51.513198,-0.028275,E09000030
8302,E14 3FY,E01035694,51.513198,-0.028275,E09000030
8303,E14 3FZ,E01004217,51.490642,-0.014844,E09000030
8304,E14 3GA,E01004218,51.492551,-0.006017,E09000030
8305,E14 3GB,E01004218,51.492703,-0.00542,E09000030
8306,E14 3GD,E01004216,51.492819,-0.004867,E09000030
8307,E14 3GE,E01004216,51.493003,-0.004038,E09000030
8308,E14 3GF,E01004216,51.493294,-0.004241,E09000030
8309,E14 3GG,E01004216,51.493404,-0.005922,E09000030
8310,E14 3GH,E01004216,51.493877,-0.004648,E09000030
8311,E14 3GJ,E01004216,51.493624,-0.00512,E09000030
8312,E14 3GL,E01004216,51.492986,-0.006747,E09000030
8313,E14 3GN,E01004216,51.492986,-0.006747,E09000030
8314,E14 3GP,E01032783,51.492525,-0.025206,E09000030
8315,E14 3GQ,E01004216,51.493838,-0.006047,E09000030
8316,E14 3GR,E01004217,51.487204,-0.009923,E09000030
8317,E14 3GS,E01004275,51.487554,-0.013581,E09000030
8318,E14 3GT,E01004275,51.48747,-0.013959,E09000030
8319,E14 3GU,E01004275,51.488861,-0.019603,E09000030
8320,E14 3GW,E01004275,51.488988,-0.018632,E09000030
8321,E14 3GX,E01004275,51.488561,-0.01891,E09000030
8322,E14 3GY,E01004275,51.489136,-0.018871,E09000030
8323,E14 3GZ,E01004274,51.489444,-0.021681,E09000030
8324,E14 3HA,E01004214,51.498547,-0.00904,E09000030
8325,E14 3HB,E01035705,51.495996,-0.008704,E09000030
8326,E14 3HD,E01004214,51.495526,-0.008019,E09000030
8327,E14 3HE,E01035705,51.496581,-0.010321,E09000030
8328,E14 3HF,E01035705,51.496403,-0.010977,E09000030
8329,E14 3HG,E01035705,51.495904,-0.011201,E09000030
8330,E14 3HH,E01035705,51.495997,-0.010347,E09000030
8331,E14 3HJ,E01035705,51.495926,-0.009874,E09000030
8332,E14 3HL,E01004214,51.498112,-0.007287,E09000030
8333,E14 3HN,E01004216,51.493153,-0.007546,E09000030
8334,E14 3HP,E01004217,51.491462,-0.009666,E09000030
8335,E14 3HQ,E01035705,51.49571,-0.010936,E09000030
8336,E14 3HR,E01004216,51.492311,-0.007742,E09000030
8337,E14 3HS,E01004216,51.492265,-0.007715,E09000030
8338,E14 3HT,E01004216,51.491658,-0.007957,E09000030
8339,E14 3HU,E01004216,51.491811,-0.006913,E09000030
8340,E14 3HW,E01035705,51.494246,-0.007844,E09000030
8341,E14 3HX,E01004216,51.492266,-0.006706,E09000030
8342,E14 3HY,E01004216,51.491716,-0.006068,E09000030
8343,E14 3HZ,E01004216,51.491355,-0.006559,E09000030
8344,E14 3JA,E01004216,51.494435,-0.007303,E09000030
8345,E14 3JB,E01035705,51.495059,-0.007521,E09000030
8346,E14 3JD,E01004214,51.496674,-0.008877,E09000030
8347,E14 3JE,E01004214,51.496834,-0.008279,E09000030
8348,E14 3JF,E01004214,51.496237,-0.007527,E09000030
8349,E14 3JG,E01004214,51.496237,-0.007527,E09000030
8350,E14 3JH,E01004214,51.496403,-0.008312,E09000030
8351,E14 3JJ,E01004216,51.49457,-0.006822,E09000030
8352,E14 3JL,E01004214,51.496359,-0.006773,E09000030
8353,E14 3JN,E01004214,51.496359,-0.006773,E09000030
8354,E14 3JP,E01004214,51.497507,-0.008682,E09000030
8355,E14 3JQ,E01004214,51.496359,-0.006773,E09000030
8356,E14 3JR,E01004214,51.497905,-0.008823,E09000030
8357,E14 3JS,E01004214,51.497359,-0.006859,E09000030
8358,E14 3JT,E01004214,51.497158,-0.007761,E09000030
8359,E14 3JU,E01004214,51.497167,-0.007227,E09000030
8360,E14 3JW,E01004214,51.497065,-0.009162,E09000030
8361,E14 3JX,E01004214,51.497655,-0.00735,E09000030
8362,E14 3JY,E01004217,51.493993,-0.01042,E09000030
8363,E14 3JZ,E01004217,51.493988,-0.009628,E09000030
8364,E14 3LA,E01004221,51.499234,-0.010307,E09000030
8365,E14 3LB,E01004221,51.499126,-0.009807,E09000030
8366,E14 3LD,E01004221,51.49902,-0.010964,E09000030
8367,E14 3LE,E01004221,51.498781,-0.011176,E09000030
8368,E14 3LF,E01004221,51.498537,-0.011086,E09000030
8369,E14 3LG,E01035705,51.497579,-0.011891,E09000030
8370,E14 3LH,E01035706,51.496373,-0.013947,E09000030
8371,E14 3LJ,E01004221,51.498133,-0.011694,E09000030
8372,E14 3LL,E01035705,51.497634,-0.012465,E09000030
8373,E14 3LN,E01035705,51.497609,-0.011516,E09000030
8374,E14 3LP,E01035705,51.496878,-0.01136,E09000030
8375,E14 3LQ,E01004221,51.498502,-0.013292,E09000030
8376,E14 3LR,E01035705,51.496578,-0.0112,E09000030
8377,E14 3LS,E01035705,51.496351,-0.01157,E09000030
8378,E14 3LT,E01035705,51.496882,-0.012657,E09000030
8379,E14 3LU,E01035705,51.49644,-0.012575,E09000030
8380,E14 3LW,E01035705,51.497065,-0.01236,E09000030
8381,E14 3LX,E01035705,51.496522,-0.013191,E09000030
8382,E14 3LY,E01035705,51.496053,-0.01203,E09000030
8383,E14 3LZ,E01035694,51.513198,-0.028275,E09000030
8384,E14 3NA,E01035706,51.4958,-0.013554,E09000030
8385,E14 3NB,E01035706,51.496052,-0.013053,E09000030
8386,E14 3ND,E01035705,51.495709,-0.011944,E09000030
8387,E14 3NE,E01035705,51.495321,-0.01186,E09000030
8388,E14 3NF,E01004217,51.488954,-0.007629,E09000030
8389,E14 3NG,E01004221,51.498448,-0.010658,E09000030
8390,E14 3NH,E01035705,51.498053,-0.012779,E09000030
8391,E14 3NJ,E01004221,51.498552,-0.012512,E09000030
8392,E14 3NL,E01004216,51.493725,-0.00683,E09000030
8393,E14 3NN,E01004217,51.49438,-0.008833,E09000030
8394,E14 3NP,E01035705,51.495254,-0.013203,E09000030
8395,E14 3NQ,E01004217,51.488957,-0.008853,E09000030
8396,E14 3NR,E01004214,51.496813,-0.007545,E09000030
8397,E14 3NS,E01004214,51.496905,-0.007166,E09000030
8398,E14 3NT,E01004221,51.499965,-0.00941,E09000030
8399,E14 3NU,E01004221,51.500468,-0.009388,E09000030
8400,E14 3NW,E01035706,51.497147,-0.013481,E09000030
8401,E14 3NX,E01004221,51.498244,-0.009716,E09000030
8402,E14 3NY,E01004221,51.49941,-0.00955,E09000030
8403,E14 3NZ,E01004217,51.494204,-0.008523,E09000030
8404,E14 3PA,E01004221,51.498603,-0.009729,E09000030
8405,E14 3PB,E01004221,51.497913,-0.009831,E09000030
8406,E14 3PD,E01035705,51.497768,-0.010284,E09000030
8407,E14 3PE,E01035705,51.497899,-0.010595,E09000030
8408,E14 3PF,E01035705,51.498064,-0.010242,E09000030
8409,E14 3PG,E01004221,51.498483,-0.010022,E09000030
8410,E14 3PH,E01035705,51.497756,-0.011192,E09000030
8411,E14 3PJ,E01004214,51.498099,-0.008094,E09000030
8412,E14 3PL,E01035694,51.513198,-0.028275,E09000030
8413,E14 3PN,E01004214,51.49766,-0.008171,E09000030
8414,E14 3PP,E01004214,51.497868,-0.007197,E09000030
8415,E14 3PQ,E01004221,51.49821,-0.010899,E09000030
8416,E14 3PR,E01004214,51.497749,-0.007619,E09000030
8417,E14 3PS,E01004218,51.486896,-0.009793,E09000030
8418,E14 3PT,E01035706,51.497147,-0.013481,E09000030
8419,E14 3PU,E01004275,51.487953,-0.015926,E09000030
8420,E14 3PW,E01004275,51.487791,-0.015371,E09000030
8421,E14 3PX,E01035705,51.49668,-0.011931,E09000030
8422,E14 3PY,E01004214,51.497178,-0.007327,E09000030
8423,E14 3PZ,E01004214,51.496998,-0.006788,E09000030
8424,E14 3QA,E01032783,51.492349,-0.024897,E09000030
8425,E14 3QB,E01004274,51.488301,-0.021082,E09000030
8426,E14 3QD,E01004274,51.488716,-0.021151,E09000030
8427,E14 3QE,E01004274,51.488171,-0.021909,E09000030
8428,E14 3QF,E01004274,51.488524,-0.022542,E09000030
8429,E14 3QG,E01004274,51.488222,-0.021734,E09000030
8430,E14 3QH,E01032783,51.488745,-0.022892,E09000030
8431,E14 3QJ,E01004274,51.489015,-0.020749,E09000030
8432,E14 3QL,E01004276,51.487093,-0.013443,E09000030
8433,E14 3QN,E01004274,51.488822,-0.022658,E09000030
8434,E14 3QP,E01004275,51.489309,-0.020088,E09000030
8435,E14 3QQ,E01004274,51.488673,-0.021801,E09000030
8436,E14 3QR,E01004275,51.490201,-0.019084,E09000030
8437,E14 3QS,E01004280,51.494323,-0.024624,E09000030
8438,E14 3QT,E01004281,51.490606,-0.019628,E09000030
8439,E14 3QU,E01004274,51.490228,-0.019616,E09000030
8440,E14 3QW,E01004274,51.488786,-0.022113,E09000030
8441,E14 3QX,E01004274,51.490415,-0.020054,E09000030
8442,E14 3QY,E01004274,51.490052,-0.019868,E09000030
8443,E14 3QZ,E01004274,51.489833,-0.020209,E09000030
8444,E14 3RA,E01004274,51.49002,-0.020648,E09000030
8445,E14 3RB,E01004274,51.489604,-0.020478,E09000030
8446,E14 3RD,E01004274,51.48942,-0.020803,E09000030
8447,E14 3RE,E01032783,51.489057,-0.023253,E09000030
8448,E14 3RF,E01032783,51.489057,-0.023253,E09000030
8449,E14 3RG,E01004274,51.48949,-0.022241,E09000030
8450,E14 3RH,E01004274,51.489534,-0.02113,E09000030
8451,E14 3RJ,E01004274,51.489154,-0.021549,E09000030
8452,E14 3RL,E01004274,51.489694,-0.022621,E09000030
8453,E14 3RN,E01004274,51.489608,-0.023388,E09000030
8454,E14 3RP,E01004280,51.495317,-0.026526,E09000030
8455,E14 3RQ,E01004274,51.489451,-0.021565,E09000030
8456,E14 3RR,E01032783,51.490533,-0.02329,E09000030
8457,E14 3RS,E01032783,51.492167,-0.024199,E09000030
8458,E14 3RT,E01032783,51.490872,-0.023693,E09000030
8459,E14 3RU,E01032775,51.495012,-0.027606,E09000030
8460,E14 3RW,E01032783,51.490615,-0.023935,E09000030
8461,E14 3RX,E01032783,51.491978,-0.023703,E09000030
8462,E14 3RY,E01032783,51.491904,-0.024614,E09000030
8463,E14 3RZ,E01032783,51.491367,-0.024263,E09000030
8464,E14 3SA,E01032783,51.490321,-0.022997,E09000030
8465,E14 3SB,E01004280,51.493518,-0.025408,E09000030
8466,E14 3SD,E01032775,51.49345,-0.026737,E09000030
8467,E14 3SE,E01004280,51.493445,-0.025873,E09000030
8468,E14 3SF,E01032783,51.492168,-0.024833,E09000030
8469,E14 3SG,E01004280,51.494792,-0.025757,E09000030
8470,E14 3SH,E01032783,51.489612,-0.024166,E09000030
8471,E14 3SJ,E01032783,51.490182,-0.02489,E09000030
8472,E14 3SL,E01035694,51.513198,-0.028275,E09000030
8473,E14 3SN,E01004280,51.49456,-0.025363,E09000030
8474,E14 3SP,E01032775,51.492116,-0.02544,E09000030
8475,E14 3SQ,E01004214,51.497397,-0.008053,E09000030
8476,E14 3SR,E01032781,51.500518,-0.026172,E09000030
8477,E14 3SS,E01004280,51.496093,-0.02668,E09000030
8478,E14 3ST,E01004280,51.496093,-0.02668,E09000030
8479,E14 3SU,E01004214,51.497015,-0.00781,E09000030
8480,E14 3SW,E01004280,51.494378,-0.02625,E09000030
8481,E14 3SX,E01004280,51.494241,-0.025593,E09000030
8482,E14 3SY,E01032775,51.494337,-0.027044,E09000030
8483,E14 3SZ,E01004214,51.497583,-0.006849,E09000030
8484,E14 3TA,E01004276,51.487429,-0.020573,E09000030
8485,E14 3TB,E01004276,51.487429,-0.020573,E09000030
8486,E14 3TD,E01004276,51.487911,-0.020364,E09000030
8487,E14 3TE,E01035694,51.513198,-0.028275,E09000030
8488,E14 3TF,E01035694,51.513198,-0.028275,E09000030
8489,E14 3TG,E01004276,51.487861,-0.020064,E09000030
8490,E14 3TH,E01004276,51.488111,-0.019434,E09000030
8491,E14 3TJ,E01004276,51.487624,-0.019325,E09000030
8492,E14 3TL,E01004276,51.487316,-0.01918,E09000030
8493,E14 3TN,E01004276,51.487143,-0.019605,E09000030
8494,E14 3TP,E01004276,51.48804,-0.018933,E09000030
8495,E14 3TQ,E01004275,51.488291,-0.018331,E09000030
8496,E14 3TR,E01004276,51.488567,-0.019774,E09000030
8497,E14 3TS,E01032775,51.492399,-0.02622,E09000030
8498,E14 3TT,E01032775,51.49282,-0.026678,E09000030
8499,E14 3TU,E01032775,51.491802,-0.02603,E09000030
8500,E14 3TW,E01004276,51.487143,-0.019605,E09000030
8501,E14 3TX,E01032775,51.491802,-0.02603,E09000030
8502,E14 3TY,E01035694,51.513198,-0.028275,E09000030
8503,E14 3TZ,E01035694,51.513198,-0.028275,E09000030
8504,E14 3UA,E01032783,51.491556,-0.024802,E09000030
8505,E14 3UB,E01032775,51.491415,-0.025499,E09000030
8506,E14 3UD,E01032775,51.49171,-0.025386,E09000030
8507,E14 3UE,E01032775,51.491415,-0.025499,E09000030
8508,E14 3UF,E01032775,51.491415,-0.025499,E09000030
8509,E14 3UG,E01032775,51.491415,-0.025499,E09000030
8510,E14 3UH,E01032775,51.491415,-0.025499,E09000030
8511,E14 3UJ,E01032775,51.491415,-0.025499,E09000030
8512,E14 3UL,E01032775,51.491415,-0.025499,E09000030
8513,E14 3UN,E01032774,51.493183,-0.017845,E09000030
8514,E14 3UP,E01035694,51.513198,-0.028275,E09000030
8515,E14 3UQ,E01032775,51.491415,-0.025499,E09000030
8516,E14 3UR,E01035705,51.494834,-0.00913,E09000030
8517,E14 3US,E01035694,51.513162,-0.028291,E09000030
8518,E14 3UT,E01035694,51.513198,-0.028275,E09000030
8519,E14 3UU,E01004214,51.495418,-0.007491,E09000030
8520,E14 3UW,E01035694,51.513198,-0.028275,E09000030
8521,E14 3UX,E01004216,51.495206,-0.00665,E09000030
8522,E14 3UY,E01004216,51.494695,-0.006197,E09000030
8523,E14 3UZ,E01004216,51.494423,-0.005589,E09000030
8524,E14 3WA,E01004276,51.486201,-0.013885,E09000030
8525,E14 3WB,E01004276,51.486786,-0.013946,E09000030
8526,E14 3WD,E01004276,51.486611,-0.01476,E09000030
8527,E14 3WE,E01004276,51.486194,-0.015585,E09000030
8528,E14 3WF,E01004276,51.486677,-0.015477,E09000030
8529,E14 3WG,E01004276,51.486806,-0.016178,E09000030
8530,E14 3WH,E01004276,51.487131,-0.015688,E09000030
8531,E14 3WJ,E01004276,51.487132,-0.013643,E09000030
8532,E14 3WL,E01004276,51.487258,-0.016835,E09000030
8533,E14 3WN,E01004276,51.486956,-0.017064,E09000030
8534,E14 3WP,E01035694,51.513198,-0.028275,E09000030
8535,E14 3WQ,E01004276,51.486352,-0.016457,E09000030
8536,E14 3WR,E01035694,51.513198,-0.028275,E09000030
8537,E14 3WS,E01035694,51.513162,-0.028291,E09000030
8538,E14 3WT,E01035694,51.513198,-0.028275,E09000030
8539,E14 3WU,E01035694,51.513198,-0.028275,E09000030
8540,E14 3WW,E01004276,51.487007,-0.017408,E09000030
8541,E14 3WX,E01035694,51.513198,-0.028275,E09000030
8542,E14 3WY,E01035694,51.513198,-0.028275,E09000030
8543,E14 3WZ,E01035694,51.513198,-0.028275,E09000030
8544,E14 3XA,E01004216,51.494423,-0.005589,E09000030
8545,E14 3XB,E01004217,51.493441,-0.008614,E09000030
8546,E14 3XD,E01004217,51.493093,-0.00935,E09000030
8547,E14 3XE,E01035694,51.513198,-0.028275,E09000030
8548,E14 3XF,E01035694,51.513198,-0.028275,E09000030
8549,E14 3XG,E01035694,51.513198,-0.028275,E09000030
8550,E14 3XH,E01035694,51.513198,-0.028275,E09000030
8551,E14 3XJ,E01035694,51.513198,-0.028275,E09000030
8552,E14 3XL,E01004217,51.490642,-0.014844,E09000030
8553,E14 3XN,E01035694,51.513198,-0.028275,E09000030
8554,E14 3XP,E01035694,51.513198,-0.028275,E09000030
8555,E14 3XQ,E01035694,51.513198,-0.028275,E09000030
8556,E14 3XR,E01035694,51.513198,-0.028275,E09000030
8557,E14 3XS,E01035694,51.513162,-0.028291,E09000030
8558,E14 3XT,E01035694,51.513198,-0.028275,E09000030
8559,E14 3XU,E01035694,51.513198,-0.028275,E09000030
8560,E14 3XW,E01035694,51.513198,-0.028275,E09000030
8561,E14 3XX,E01004217,51.490642,-0.014844,E09000030
8562,E14 3XY,E01035694,51.513198,-0.028275,E09000030
8563,E14 3XZ,E01035694,51.513198,-0.028275,E09000030
8564,E14 3YA,E01035694,51.513198,-0.028275,E09000030
8565,E14 3YB,E01035694,51.513198,-0.028275,E09000030
8566,E14 3YD,E01035694,51.513198,-0.028275,E09000030
8567,E14 3YE,E01035694,51.513198,-0.028275,E09000030
8568,E14 3YF,E01035694,51.513198,-0.028275,E09000030
8569,E14 3YG,E01035694,51.513198,-0.028275,E09000030
8570,E14 3YH,E01004221,51.499108,-0.007647,E09000030
8571,E14 3YJ,E01004277,51.506153,-0.017959,E09000030
8572,E14 3YL,E01035694,51.513198,-0.028275,E09000030
8573,E14 3YN,E01035705,51.494254,-0.013592,E09000030
8574,E14 3YP,E01035694,51.513198,-0.028275,E09000030
8575,E14 3YQ,E01035694,51.513198,-0.028275,E09000030
8576,E14 3YR,E01035694,51.513198,-0.028275,E09000030
8577,E14 3YS,E01004217,51.490642,-0.014844,E09000030
8578,E14 3YT,E01035694,51.513198,-0.028275,E09000030
8579,E14 3YU,E01035694,51.513198,-0.028275,E09000030
8580,E14 3YW,E01035694,51.513198,-0.028275,E09000030
8581,E14 3YX,E01035694,51.513198,-0.028275,E09000030
8582,E14 3YY,E01035694,51.513198,-0.028275,E09000030
8583,E14 3YZ,E01035694,51.513198,-0.028275,E09000030
8584,E14 3ZA,E01035694,51.513198,-0.028275,E09000030
8585,E14 3ZB,E01035694,51.513198,-0.028275,E09000030
8586,E14 3ZD,E01035694,51.513198,-0.028275,E09000030
8587,E14 3ZE,E01035694,51.513198,-0.028275,E09000030
8588,E14 3ZF,E01035694,51.513198,-0.028275,E09000030
8589,E14 3ZG,E01035694,51.513198,-0.028275,E09000030
8590,E14 3ZH,E01035694,51.513198,-0.028275,E09000030
8591,E14 3ZJ,E01035694,51.513198,-0.028275,E09000030
8592,E14 3ZL,E01035694,51.513198,-0.028275,E09000030
8593,E14 3ZN,E01035694,51.513198,-0.028275,E09000030
8594,E14 3ZP,E01035694,51.513198,-0.028275,E09000030
8595,E14 3ZQ,E01035694,51.513198,-0.028275,E09000030
8596,E14 3ZR,E01035694,51.513198,-0.028275,E09000030
8597,E14 3ZS,E01004214,51.497269,-0.006862,E09000030
8598,E14 3ZT,E01004214,51.498211,-0.008853,E09000030
8599,E14 3ZU,E01035694,51.513198,-0.028275,E09000030
8600,E14 3ZZ,E01035694,51.513198,-0.028275,E09000030
8601,E14 4AA,E01004277,51.50721,-0.0246,E09000030
8602,E14 4AB,E01004277,51.50721,-0.0246,E09000030
8603,E14 4AD,E01032771,51.502977,-0.022103,E09000030
8604,E14 4AE,E01004277,51.507538,-0.022741,E09000030
8605,E14 4AF,E01004277,51.507518,-0.022612,E09000030
8606,E14 4AG,E01032771,51.504761,-0.023913,E09000030
8607,E14 4AH,E01004277,51.506022,-0.023484,E09000030
8608,E14 4AJ,E01004277,51.50721,-0.0246,E09000030
8609,E14 4AL,E01004277,51.507613,-0.024539,E09000030
8610,E14 4AN,E01004277,51.50789,-0.022812,E09000030
8611,E14 4AP,E01004277,51.505437,-0.024014,E09000030
8612,E14 4AQ,E01004277,51.506809,-0.0259,E09000030
8613,E14 4AR,E01035694,51.513198,-0.028275,E09000030
8614,E14 4AS,E01004277,51.507627,-0.026441,E09000030
8615,E14 4AT,E01004221,51.499401,-0.013253,E09000030
8616,E14 4AU,E01004277,51.506809,-0.0259,E09000030
8617,E14 4AW,E01004277,51.507759,-0.021463,E09000030
8618,E14 4AX,E01004277,51.507518,-0.022612,E09000030
8619,E14 4AY,E01004277,51.507518,-0.022612,E09000030
8620,E14 4AZ,E01004277,51.507518,-0.022612,E09000030
8621,E14 4BA,E01004277,51.50591,-0.021688,E09000030
8622,E14 4BB,E01032780,51.50464,-0.013558,E09000030
8623,E14 4BD,E01004277,51.50721,-0.0246,E09000030
8624,E14 4BE,E01004277,51.505127,-0.02482,E09000030
8625,E14 4BF,E01004277,51.50591,-0.021688,E09000030
8626,E14 4BG,E01032771,51.503452,-0.024172,E09000030
8627,E14 4BH,E01032771,51.504455,-0.024993,E09000030
8628,E14 4BJ,E01032771,51.504087,-0.025038,E09000030
8629,E14 4BL,E01032771,51.504087,-0.025038,E09000030
8630,E14 4BN,E01032771,51.504087,-0.025038,E09000030
8631,E14 4BP,E01032771,51.504087,-0.025038,E09000030
8632,E14 4BQ,E01032771,51.504087,-0.025038,E09000030
8633,E14 4BS,E01032771,51.504087,-0.025038,E09000030
8634,E14 4BT,E01004277,51.506022,-0.023484,E09000030
8635,E14 4BU,E01004277,51.506022,-0.023484,E09000030
8636,E14 4BW,E01032771,51.504087,-0.025038,E09000030
8637,E14 4BX,E01004277,51.506022,-0.023484,E09000030
8638,E14 4BY,E01004277,51.506022,-0.023484,E09000030
8639,E14 4BZ,E01004277,51.506022,-0.023484,E09000030
8640,E14 4DA,E01004277,51.505929,-0.025462,E09000030
8641,E14 4DB,E01032771,51.504087,-0.025038,E09000030
8642,E14 4DE,E01004277,51.50591,-0.021688,E09000030
8643,E14 4DF,E01032771,51.503079,-0.021248,E09000030
8644,E14 4DH,E01004277,51.505911,-0.021702,E09000030
8645,E14 4DL,E01004277,51.505911,-0.021702,E09000030
8646,E14 4EB,E01032771,51.505182,-0.021676,E09000030
8647,E14 4ED,E01004277,51.507109,-0.02129,E09000030
8648,E14 4EE,E01004277,51.505871,-0.020954,E09000030
8649,E14 4EF,E01004277,51.507248,-0.02101,E09000030
8650,E14 4EG,E01004277,51.507121,-0.020958,E09000030
8651,E14 4ER,E01004277,51.504841,-0.015898,E09000030
8652,E14 4EU,E01032771,51.505308,-0.021181,E09000030
8653,E14 4EY,E01004277,51.50591,-0.021688,E09000030
8654,E14 4GB,E01004277,51.50591,-0.021688,E09000030
8655,E14 4HA,E01004277,51.506569,-0.026083,E09000030
8656,E14 4HB,E01004277,51.506578,-0.026068,E09000030
8657,E14 4HD,E01004277,51.505921,-0.025535,E09000030
8658,E14 4HE,E01004277,51.505921,-0.025535,E09000030
8659,E14 4HH,E01004277,51.505929,-0.025477,E09000030
8660,E14 4HJ,E01004277,51.505127,-0.02482,E09000030
8661,E14 4HL,E01004277,51.505929,-0.025477,E09000030
8662,E14 4HR,E01004277,51.506578,-0.026068,E09000030
8663,E14 4HZ,E01035694,51.513198,-0.028275,E09000030
8664,E14 4JA,E01032771,51.504064,-0.024693,E09000030
8665,E14 4JB,E01032771,51.503364,-0.023715,E09000030
8666,E14 4JD,E01032771,51.504064,-0.024693,E09000030
8667,E14 4JE,E01032771,51.503855,-0.022987,E09000030
8668,E14 4JF,E01032771,51.503863,-0.023477,E09000030
8669,E14 4JH,E01032771,51.503387,-0.021927,E09000030
8670,E14 4JL,E01032771,51.503855,-0.022987,E09000030
8671,E14 4JP,E01032771,51.503652,-0.02484,E09000030
8672,E14 4JU,E01032771,51.503166,-0.023176,E09000030
8673,E14 4JX,E01032771,51.504064,-0.024693,E09000030
8674,E14 4PA,E01032771,51.504458,-0.020886,E09000030
8675,E14 4PH,E01032771,51.504514,-0.022051,E09000030
8676,E14 4PR,E01032771,51.504963,-0.023098,E09000030
8677,E14 4PS,E01032771,51.504963,-0.023098,E09000030
8678,E14 4PT,E01032771,51.504963,-0.023098,E09000030
8679,E14 4PU,E01032771,51.504532,-0.022079,E09000030
8680,E14 4PX,E01032771,51.505182,-0.021662,E09000030
8681,E14 4PZ,E01032771,51.504514,-0.022051,E09000030
8682,E14 4QA,E01032771,51.504805,-0.023854,E09000030
8683,E14 4QB,E01004277,51.505911,-0.021702,E09000030
8684,E14 4QD,E01032771,51.504761,-0.023913,E09000030
8685,E14 4QF,E01032771,51.505181,-0.021633,E09000030
8686,E14 4QH,E01004277,51.50234,-0.027534,E09000030
8687,E14 4QJ,E01004277,51.50596,-0.023544,E09000030
8688,E14 4QL,E01004277,51.503214,-0.026055,E09000030
8689,E14 4QP,E01004277,51.506578,-0.026068,E09000030
8690,E14 4QQ,E01004277,51.505706,-0.021812,E09000030
8691,E14 4QR,E01004277,51.50596,-0.023544,E09000030
8692,E14 4QS,E01032771,51.506022,-0.023484,E09000030
8693,E14 4QT,E01032771,51.505088,-0.020931,E09000030
8694,E14 4QU,E01004277,51.503214,-0.026055,E09000030
8695,E14 4QW,E01032771,51.505485,-0.023118,E09000030
8696,E14 4QZ,E01032771,51.504805,-0.023854,E09000030
8697,E14 4SG,E01032771,51.503386,-0.02452,E09000030
8698,E14 4UA,E01035694,51.513198,-0.028275,E09000030
8699,E14 4UB,E01035694,51.513198,-0.028275,E09000030
8700,E14 4UD,E01004277,51.506022,-0.023484,E09000030
8701,E14 4UE,E01035694,51.513198,-0.028275,E09000030
8702,E14 4UH,E01035694,51.513198,-0.028275,E09000030
8703,E14 4UJ,E01035694,51.513198,-0.028275,E09000030
8704,E14 4UL,E01035694,51.513198,-0.028275,E09000030
8705,E14 4UN,E01035694,51.513198,-0.028275,E09000030
8706,E14 4WA,E01035694,51.513162,-0.028291,E09000030
8707,E14 4WJ,E01035694,51.513162,-0.028291,E09000030
8708,E14 4WQ,E01035694,51.513198,-0.028275,E09000030
8709,E14 4WX,E01035694,51.513162,-0.028291,E09000030
8710,E14 4WY,E01035694,51.513198,-0.028275,E09000030
8711,E14 4WZ,E01035694,51.513198,-0.028275,E09000030
8712,E14 5AA,E01032771,51.504938,-0.019496,E09000030
8713,E14 5AB,E01032771,51.504938,-0.019496,E09000030
8714,E14 5AD,E01032771,51.504955,-0.019424,E09000030
8715,E14 5AE,E01032771,51.504938,-0.019496,E09000030
8716,E14 5AF,E01032771,51.504955,-0.019424,E09000030
8717,E14 5AG,E01032771,51.504955,-0.019424,E09000030
8718,E14 5AH,E01032771,51.504454,-0.017428,E09000030
8719,E14 5AJ,E01032771,51.504219,-0.019484,E09000030
8720,E14 5AL,E01032771,51.504938,-0.019496,E09000030
8721,E14 5AN,E01035694,51.513162,-0.028291,E09000030
8722,E14 5AP,E01032771,51.504938,-0.019496,E09000030
8723,E14 5AQ,E01004277,51.505641,-0.018529,E09000030
8724,E14 5AR,E01004277,51.506133,-0.017816,E09000030
8725,E14 5AS,E01004277,51.505914,-0.016601,E09000030
8726,E14 5AT,E01032771,51.504955,-0.019424,E09000030
8727,E14 5AU,E01032771,51.504955,-0.019424,E09000030
8728,E14 5AW,E01035694,51.513162,-0.028291,E09000030
8729,E14 5AX,E01032771,51.504939,-0.019568,E09000030
8730,E14 5AY,E01032771,51.504955,-0.019424,E09000030
8731,E14 5AZ,E01032771,51.504955,-0.019424,E09000030
8732,E14 5BA,E01035694,51.513162,-0.028291,E09000030
8733,E14 5BB,E01035694,51.513198,-0.028275,E09000030
8734,E14 5BD,E01035694,51.513162,-0.028291,E09000030
8735,E14 5BE,E01035694,51.513198,-0.028275,E09000030
8736,E14 5BF,E01032771,51.502592,-0.016904,E09000030
8737,E14 5BG,E01035694,51.513162,-0.028291,E09000030
8738,E14 5BH,E01035694,51.513162,-0.028291,E09000030
8739,E14 5BJ,E01035694,51.513162,-0.028291,E09000030
8740,E14 5BL,E01035694,51.513198,-0.028275,E09000030
8741,E14 5BN,E01035694,51.513198,-0.028275,E09000030
8742,E14 5BP,E01035694,51.513198,-0.028275,E09000030
8743,E14 5BQ,E01035694,51.513162,-0.028291,E09000030
8744,E14 5BS,E01035694,51.513162,-0.028291,E09000030
8745,E14 5BT,E01035694,51.513162,-0.028291,E09000030
8746,E14 5BU,E01035694,51.513198,-0.028275,E09000030
8747,E14 5BW,E01035694,51.513198,-0.028275,E09000030
8748,E14 5BX,E01035694,51.513162,-0.028291,E09000030
8749,E14 5BY,E01035694,51.513162,-0.028291,E09000030
8750,E14 5BZ,E01035694,51.513162,-0.028291,E09000030
8751,E14 5DA,E01032771,51.502535,-0.019384,E09000030
8752,E14 5DB,E01032771,51.504027,-0.018801,E09000030
8753,E14 5DD,E01035694,51.513162,-0.028291,E09000030
8754,E14 5DE,E01035694,51.513198,-0.028275,E09000030
8755,E14 5DF,E01035694,51.513162,-0.028291,E09000030
8756,E14 5DG,E01035694,51.513162,-0.028291,E09000030
8757,E14 5DH,E01004256,51.509076,-0.023842,E09000030
8758,E14 5DJ,E01032771,51.504955,-0.019424,E09000030
8759,E14 5DL,E01032771,51.504955,-0.019424,E09000030
8760,E14 5DN,E01032771,51.504143,-0.018234,E09000030
8761,E14 5DP,E01032771,51.504955,-0.019424,E09000030
8762,E14 5DQ,E01035694,51.513162,-0.028291,E09000030
8763,E14 5DR,E01032771,51.504938,-0.019496,E09000030
8764,E14 5DS,E01032771,51.502714,-0.019348,E09000030
8765,E14 5DT,E01032771,51.504955,-0.019424,E09000030
8766,E14 5DU,E01032771,51.502552,-0.01934,E09000030
8767,E14 5DW,E01032771,51.502552,-0.01934,E09000030
8768,E14 5DX,E01032771,51.504938,-0.019496,E09000030
8769,E14 5DY,E01032771,51.504938,-0.019496,E09000030
8770,E14 5DZ,E01032771,51.504955,-0.019424,E09000030
8771,E14 5EA,E01032771,51.504438,-0.021305,E09000030
8772,E14 5EB,E01032771,51.502552,-0.01934,E09000030
8773,E14 5ED,E01032771,51.502406,-0.018136,E09000030
8774,E14 5EE,E01032771,51.502669,-0.017174,E09000030
8775,E14 5EF,E01004277,51.505147,-0.014328,E09000030
8776,E14 5EG,E01032771,51.502714,-0.019348,E09000030
8777,E14 5EH,E01032771,51.504155,-0.020496,E09000030
8778,E14 5EJ,E01032771,51.502535,-0.019384,E09000030
8779,E14 5EL,E01004277,51.506796,-0.019805,E09000030
8780,E14 5EN,E01032771,51.502535,-0.019384,E09000030
8781,E14 5EP,E01032771,51.504351,-0.02043,E09000030
8782,E14 5EQ,E01004277,51.504623,-0.016268,E09000030
8783,E14 5ER,E01032771,51.504577,-0.016227,E09000030
8784,E14 5ES,E01035694,51.513198,-0.028275,E09000030
8785,E14 5ET,E01032771,51.504326,-0.020503,E09000030
8786,E14 5EU,E01032771,51.503757,-0.015066,E09000030
8787,E14 5EW,E01032771,51.504577,-0.016227,E09000030
8788,E14 5EX,E01032771,51.504326,-0.020503,E09000030
8789,E14 5EY,E01032771,51.503706,-0.014679,E09000030
8790,E14 5EZ,E01032771,51.504316,-0.020446,E09000030
8791,E14 5FA,E01032771,51.504938,-0.019496,E09000030
8792,E14 5FB,E01035694,51.513198,-0.028275,E09000030
8793,E14 5FD,E01035694,51.513198,-0.028275,E09000030
8794,E14 5FE,E01035694,51.513198,-0.028275,E09000030
8795,E14 5FF,E01035694,51.513198,-0.028275,E09000030
8796,E14 5FG,E01035694,51.513198,-0.028275,E09000030
8797,E14 5FH,E01035694,51.513198,-0.028275,E09000030
8798,E14 5FJ,E01035694,51.513198,-0.028275,E09000030
8799,E14 5FL,E01035694,51.513198,-0.028275,E09000030
8800,E14 5FN,E01035694,51.513198,-0.028275,E09000030
8801,E14 5FP,E01035694,51.513198,-0.028275,E09000030
8802,E14 5FQ,E01035694,51.513198,-0.028275,E09000030
8803,E14 5FR,E01035694,51.513198,-0.028275,E09000030
8804,E14 5FS,E01035694,51.513198,-0.028275,E09000030
8805,E14 5FT,E01035694,51.513198,-0.028275,E09000030
8806,E14 5FU,E01004277,51.505448,-0.01665,E09000030
8807,E14 5FW,E01032771,51.504864,-0.018822,E09000030
8808,E14 5FX,E01035694,51.513198,-0.028275,E09000030
8809,E14 5FY,E01035694,51.513162,-0.028291,E09000030
8810,E14 5FZ,E01035694,51.513162,-0.028291,E09000030
8811,E14 5GA,E01032780,51.505552,-0.01006,E09000030
8812,E14 5GB,E01032780,51.505502,-0.00976,E09000030
8813,E14 5GD,E01032780,51.505653,-0.009695,E09000030
8814,E14 5GE,E01032780,51.505703,-0.009981,E09000030
8815,E14 5GH,E01032771,51.502619,-0.016902,E09000030
8816,E14 5GJ,E01004277,51.507088,-0.016867,E09000030
8817,E14 5GL,E01004277,51.505396,-0.016249,E09000030
8818,E14 5GN,E01004277,51.505338,-0.016021,E09000030
8819,E14 5GP,E01032771,51.504577,-0.016227,E09000030
8820,E14 5GQ,E01004277,51.506739,-0.016997,E09000030
8821,E14 5GR,E01004277,51.507047,-0.017099,E09000030
8822,E14 5GS,E01032771,51.504955,-0.019424,E09000030
8823,E14 5GT,E01004277,51.505047,-0.016912,E09000030
8824,E14 5GU,E01032780,51.504413,-0.014519,E09000030
8825,E14 5GW,E01032771,51.502583,-0.016904,E09000030
8826,E14 5GX,E01032771,51.502783,-0.014907,E09000030
8827,E14 5GY,E01032771,51.50381,-0.01394,E09000030
8828,E14 5GZ,E01032780,51.503116,-0.012803,E09000030
8829,E14 5HA,E01004277,51.505782,-0.020468,E09000030
8830,E14 5HB,E01004277,51.505147,-0.014328,E09000030
8831,E14 5HD,E01004277,51.505703,-0.020083,E09000030
8832,E14 5HE,E01032771,51.502794,-0.015007,E09000030
8833,E14 5HF,E01032780,51.5042,-0.01254,E09000030
8834,E14 5HG,E01032780,51.504322,-0.012318,E09000030
8835,E14 5HH,E01032771,51.504955,-0.019424,E09000030
8836,E14 5HJ,E01032771,51.503819,-0.01394,E09000030
8837,E14 5HL,E01032771,51.503597,-0.019425,E09000030
8838,E14 5HN,E01004277,51.505147,-0.014328,E09000030
8839,E14 5HP,E01004277,51.504924,-0.014381,E09000030
8840,E14 5HQ,E01004277,51.505532,-0.017395,E09000030
8841,E14 5HR,E01004277,51.505459,-0.017312,E09000030
8842,E14 5HS,E01004277,51.505761,-0.020296,E09000030
8843,E14 5HT,E01004277,51.504733,-0.017488,E09000030
8844,E14 5HU,E01032780,51.504691,-0.013369,E09000030
8845,E14 5HX,E01004277,51.504623,-0.016268,E09000030
8846,E14 5HY,E01032771,51.504577,-0.016227,E09000030
8847,E14 5HZ,E01004277,51.505761,-0.020296,E09000030
8848,E14 5JJ,E01032771,51.502592,-0.016904,E09000030
8849,E14 5JP,E01032771,51.502937,-0.020808,E09000030
8850,E14 5LB,E01032771,51.504065,-0.01841,E09000030
8851,E14 5LE,E01032771,51.502901,-0.020795,E09000030
8852,E14 5LG,E01032771,51.504027,-0.018801,E09000030
8853,E14 5LH,E01032771,51.503872,-0.01656,E09000030
8854,E14 5LJ,E01032771,51.503978,-0.017463,E09000030
8855,E14 5LL,E01032771,51.504083,-0.018366,E09000030
8856,E14 5LN,E01004277,51.505147,-0.014328,E09000030
8857,E14 5LP,E01004277,51.505147,-0.014328,E09000030
8858,E14 5LQ,E01032771,51.504143,-0.018234,E09000030
8859,E14 5LS,E01032771,51.502901,-0.020795,E09000030
8860,E14 5LT,E01004277,51.505147,-0.014328,E09000030
8861,E14 5NJ,E01032771,51.504057,-0.01684,E09000030
8862,E14 5NL,E01032771,51.503891,-0.016573,E09000030
8863,E14 5NN,E01032771,51.504067,-0.016883,E09000030
8864,E14 5NP,E01032771,51.502592,-0.016904,E09000030
8865,E14 5NQ,E01032771,51.502901,-0.020795,E09000030
8866,E14 5NR,E01032771,51.502714,-0.019348,E09000030
8867,E14 5NS,E01032771,51.502406,-0.018151,E09000030
8868,E14 5NT,E01032771,51.502388,-0.018123,E09000030
8869,E14 5NU,E01032771,51.502901,-0.020795,E09000030
8870,E14 5NW,E01032771,51.502647,-0.020143,E09000030
8871,E14 5NX,E01032771,51.502578,-0.018705,E09000030
8872,E14 5NY,E01032771,51.50307,-0.018583,E09000030
8873,E14 5NZ,E01032771,51.504955,-0.019424,E09000030
8874,E14 5RA,E01032780,51.504458,-0.013436,E09000030
8875,E14 5RB,E01032780,51.504413,-0.014519,E09000030
8876,E14 5RD,E01004277,51.505088,-0.014518,E09000030
8877,E14 5RE,E01032771,51.503691,-0.014911,E09000030
8878,E14 5RT,E01035694,51.513162,-0.028291,E09000030
8879,E14 5SA,E01004277,51.50574,-0.015859,E09000030
8880,E14 5SE,E01032780,51.505712,-0.0105,E09000030
8881,E14 5SF,E01032780,51.505074,-0.011075,E09000030
8882,E14 5SG,E01032780,51.504968,-0.009581,E09000030
8883,E14 5SH,E01032780,51.505978,-0.009768,E09000030
8884,E14 5SP,E01032780,51.507067,-0.009288,E09000030
8885,E14 5SQ,E01032780,51.505044,-0.010356,E09000030
8886,E14 5ST,E01004277,51.506327,-0.013341,E09000030
8887,E14 5SU,E01004277,51.506639,-0.014768,E09000030
8888,E14 5SW,E01004277,51.506327,-0.013341,E09000030
8889,E14 5SX,E01004277,51.506324,-0.014767,E09000030
8890,E14 5SY,E01004277,51.507683,-0.024421,E09000030
8891,E14 5TA,E01004277,51.506336,-0.013326,E09000030
8892,E14 5TB,E01004277,51.507683,-0.024421,E09000030
8893,E14 5TD,E01004277,51.506327,-0.013341,E09000030
8894,E14 5TE,E01004277,51.506324,-0.014767,E09000030
8895,E14 5TG,E01032780,51.506279,-0.011051,E09000030
8896,E14 5TH,E01004277,51.507683,-0.024421,E09000030
8897,E14 5TJ,E01004277,51.506324,-0.014767,E09000030
8898,E14 5TN,E01004277,51.506639,-0.014768,E09000030
8899,E14 5TQ,E01004277,51.506327,-0.013341,E09000030
8900,E14 5UA,E01035694,51.513198,-0.028275,E09000030
8901,E14 5UD,E01035694,51.513198,-0.028275,E09000030
8902,E14 5UE,E01035694,51.513198,-0.028275,E09000030
8903,E14 5UG,E01035694,51.513198,-0.028275,E09000030
8904,E14 5UT,E01035694,51.513198,-0.028275,E09000030
8905,E14 5UU,E01035694,51.513198,-0.028275,E09000030
8906,E14 5UX,E01035694,51.513198,-0.028275,E09000030
8907,E14 5UY,E01035694,51.513198,-0.028275,E09000030
8908,E14 5UZ,E01035694,51.513198,-0.028275,E09000030
8909,E14 5WA,E01035694,51.513198,-0.028275,E09000030
8910,E14 5WB,E01035694,51.513198,-0.028275,E09000030
8911,E14 5WD,E01035694,51.513198,-0.028275,E09000030
8912,E14 5WE,E01035694,51.513198,-0.028275,E09000030
8913,E14 5WF,E01035694,51.513162,-0.028291,E09000030
8914,E14 5WG,E01035694,51.513162,-0.028291,E09000030
8915,E14 5WJ,E01035694,51.513198,-0.028275,E09000030
8916,E14 5WL,E01035694,51.513198,-0.028275,E09000030
8917,E14 5WP,E01035694,51.513162,-0.028291,E09000030
8918,E14 5WQ,E01035694,51.513162,-0.028291,E09000030
8919,E14 5WR,E01035694,51.513162,-0.028291,E09000030
8920,E14 5WS,E01035694,51.513198,-0.028275,E09000030
8921,E14 5WT,E01035694,51.513198,-0.028275,E09000030
8922,E14 5WU,E01035694,51.513162,-0.028291,E09000030
8923,E14 5WW,E01035694,51.513198,-0.028275,E09000030
8924,E14 5WX,E01035694,51.513198,-0.028275,E09000030
8925,E14 5WY,E01035694,51.513198,-0.028275,E09000030
8926,E14 5WZ,E01035694,51.513198,-0.028275,E09000030
8927,E14 5XF,E01035694,51.513162,-0.028291,E09000030
8928,E14 5XL,E01035694,51.513198,-0.028275,E09000030
8929,E14 5XT,E01035694,51.513162,-0.028291,E09000030
8930,E14 5YB,E01035694,51.513198,-0.028275,E09000030
8931,E14 5YF,E01035694,51.513198,-0.028275,E09000030
8932,E14 6AA,E01004244,51.512929,-0.015546,E09000030
8933,E14 6AB,E01004244,51.51209,-0.015381,E09000030
8934,E14 6AD,E01004244,51.512391,-0.015627,E09000030
8935,E14 6AE,E01004244,51.512284,-0.016742,E09000030
8936,E14 6AF,E01035679,51.516109,-0.016374,E09000030
8937,E14 6AG,E01004247,51.512437,-0.014617,E09000030
8938,E14 6AH,E01004244,51.513191,-0.015103,E09000030
8939,E14 6AJ,E01004244,51.511674,-0.015788,E09000030
8940,E14 6AL,E01004244,51.513449,-0.017066,E09000030
8941,E14 6AN,E01004244,51.512555,-0.016312,E09000030
8942,E14 6AP,E01035679,51.513571,-0.015735,E09000030
8943,E14 6AQ,E01004247,51.512868,-0.014612,E09000030
8944,E14 6AR,E01035679,51.513608,-0.015286,E09000030
8945,E14 6AS,E01004244,51.513838,-0.018764,E09000030
8946,E14 6AT,E01035679,51.514077,-0.015857,E09000030
8947,E14 6AU,E01035685,51.514655,-0.016581,E09000030
8948,E14 6AW,E01004244,51.51272,-0.015383,E09000030
8949,E14 6AX,E01035679,51.515216,-0.016744,E09000030
8950,E14 6AY,E01035685,51.515378,-0.017285,E09000030
8951,E14 6AZ,E01035679,51.515788,-0.017598,E09000030
8952,E14 6BA,E01035685,51.515247,-0.018573,E09000030
8953,E14 6BB,E01035685,51.516377,-0.017328,E09000030
8954,E14 6BD,E01035684,51.517355,-0.016694,E09000030
8955,E14 6BE,E01035684,51.517884,-0.016614,E09000030
8956,E14 6BF,E01035684,51.517679,-0.018295,E09000030
8957,E14 6BG,E01035684,51.517955,-0.017043,E09000030
8958,E14 6BH,E01035684,51.517323,-0.019074,E09000030
8959,E14 6BJ,E01035678,51.516115,-0.016244,E09000030
8960,E14 6BL,E01035685,51.516552,-0.018142,E09000030
8961,E14 6BN,E01035685,51.515873,-0.018416,E09000030
8962,E14 6BP,E01004247,51.511496,-0.01375,E09000030
8963,E14 6BQ,E01035684,51.516467,-0.018924,E09000030
8964,E14 6BS,E01004244,51.511604,-0.015359,E09000030
8965,E14 6BT,E01004244,51.511725,-0.014547,E09000030
8966,E14 6BU,E01004244,51.512138,-0.0145,E09000030
8967,E14 6BW,E01004247,51.511889,-0.014107,E09000030
8968,E14 6BX,E01035684,51.51715,-0.018909,E09000030
8969,E14 6BY,E01004247,51.511834,-0.014081,E09000030
8970,E14 6BZ,E01035685,51.515723,-0.018048,E09000030
8971,E14 6DA,E01004244,51.511361,-0.016422,E09000030
8972,E14 6DB,E01004244,51.511563,-0.01611,E09000030
8973,E14 6DD,E01004256,51.510306,-0.019984,E09000030
8974,E14 6DE,E01004244,51.511159,-0.018275,E09000030
8975,E14 6DF,E01004244,51.511377,-0.018943,E09000030
8976,E14 6DG,E01035694,51.513198,-0.028275,E09000030
8977,E14 6DH,E01004244,51.511401,-0.018236,E09000030
8978,E14 6DJ,E01004244,51.511588,-0.018141,E09000030
8979,E14 6DL,E01004244,51.511817,-0.017857,E09000030
8980,E14 6DN,E01004244,51.512515,-0.018159,E09000030
8981,E14 6DP,E01004244,51.511897,-0.01941,E09000030
8982,E14 6DQ,E01035695,51.511697,-0.024607,E09000030
8983,E14 6DR,E01004244,51.512032,-0.017819,E09000030
8984,E14 6DS,E01004244,51.511205,-0.019945,E09000030
8985,E14 6DT,E01035693,51.514682,-0.01978,E09000030
8986,E14 6DU,E01004244,51.511588,-0.020289,E09000030
8987,E14 6DW,E01004244,51.512568,-0.017565,E09000030
8988,E14 6DX,E01004244,51.513097,-0.01907,E09000030
8989,E14 6DY,E01004244,51.51424,-0.019165,E09000030
8990,E14 6DZ,E01004244,51.513522,-0.019253,E09000030
8991,E14 6EA,E01004244,51.514317,-0.018383,E09000030
8992,E14 6EB,E01035685,51.514842,-0.018029,E09000030
8993,E14 6ED,E01004244,51.513852,-0.017481,E09000030
8994,E14 6EE,E01035685,51.51469,-0.017545,E09000030
8995,E14 6EF,E01035685,51.514195,-0.017538,E09000030
8996,E14 6EG,E01004244,51.513269,-0.018616,E09000030
8997,E14 6EH,E01004244,51.512441,-0.019675,E09000030
8998,E14 6EJ,E01004244,51.511519,-0.017222,E09000030
8999,E14 6EL,E01035685,51.515136,-0.0195,E09000030
9000,E14 6EN,E01004244,51.513279,-0.019725,E09000030
9001,E14 6EP,E01035695,51.512191,-0.021358,E09000030
9002,E14 6EQ,E01004244,51.512767,-0.017672,E09000030
9003,E14 6ER,E01035693,51.513091,-0.020843,E09000030
9004,E14 6ES,E01035695,51.512062,-0.024361,E09000030
9005,E14 6ET,E01035679,51.514808,-0.014427,E09000030
9006,E14 6EU,E01035695,51.511147,-0.021302,E09000030
9007,E14 6EW,E01004244,51.513181,-0.01983,E09000030
9008,E14 6EX,E01035695,51.512031,-0.022028,E09000030
9009,E14 6EY,E01035695,51.511629,-0.022146,E09000030
9010,E14 6EZ,E01035695,51.511898,-0.021053,E09000030
9011,E14 6FA,E01004247,51.513652,-0.013065,E09000030
9012,E14 6FB,E01004249,51.518638,-0.009633,E09000030
9013,E14 6FD,E01035678,51.516961,-0.015717,E09000030
9014,E14 6FE,E01035678,51.517154,-0.015435,E09000030
9015,E14 6FF,E01035678,51.516276,-0.015603,E09000030
9016,E14 6FG,E01035678,51.516757,-0.015351,E09000030
9017,E14 6FH,E01035678,51.516921,-0.014955,E09000030
9018,E14 6FL,E01035693,51.512484,-0.021143,E09000030
9019,E14 6FN,E01035693,51.512773,-0.02175,E09000030
9020,E14 6FP,E01035693,51.513044,-0.021811,E09000030
9021,E14 6FQ,E01035693,51.513142,-0.021763,E09000030
9022,E14 6FR,E01035693,51.513127,-0.021375,E09000030
9023,E14 6FS,E01035693,51.513131,-0.021086,E09000030
9024,E14 6FT,E01035693,51.512897,-0.021111,E09000030
9025,E14 6FU,E01035692,51.513885,-0.024196,E09000030
9026,E14 6FW,E01035693,51.512664,-0.021135,E09000030
9027,E14 6FX,E01035693,51.513093,-0.020425,E09000030
9028,E14 6FY,E01035693,51.512713,-0.020341,E09000030
9029,E14 6FZ,E01004248,51.519432,-0.014024,E09000030
9030,E14 6GA,E01004248,51.519547,-0.013341,E09000030
9031,E14 6GB,E01004248,51.519373,-0.013681,E09000030
9032,E14 6GD,E01004244,51.513097,-0.019603,E09000030
9033,E14 6GE,E01004248,51.519641,-0.013597,E09000030
9034,E14 6GF,E01004247,51.513652,-0.013065,E09000030
9035,E14 6GG,E01035679,51.514391,-0.014777,E09000030
9036,E14 6GH,E01035679,51.514193,-0.014771,E09000030
9037,E14 6GJ,E01035679,51.514113,-0.015351,E09000030
9038,E14 6GL,E01035684,51.515906,-0.020317,E09000030
9039,E14 6GN,E01035679,51.515053,-0.013508,E09000030
9040,E14 6GP,E01035692,51.513537,-0.021703,E09000030
9041,E14 6GQ,E01035678,51.518907,-0.014321,E09000030
9042,E14 6GR,E01035678,51.519109,-0.014557,E09000030
9043,E14 6GS,E01035692,51.513558,-0.021356,E09000030
9044,E14 6GT,E01035693,51.513487,-0.020869,E09000030
9045,E14 6GU,E01035693,51.513343,-0.020342,E09000030
9046,E14 6GW,E01035693,51.513524,-0.020392,E09000030
9047,E14 6GX,E01035679,51.515058,-0.015396,E09000030
9048,E14 6GY,E01035679,51.515297,-0.016236,E09000030
9049,E14 6GZ,E01035679,51.515236,-0.015835,E09000030
9050,E14 6HA,E01035695,51.511664,-0.021582,E09000030
9051,E14 6HB,E01035695,51.51133,-0.020963,E09000030
9052,E14 6HD,E01035695,51.511388,-0.021738,E09000030
9053,E14 6HE,E01035695,51.511314,-0.022145,E09000030
9054,E14 6HF,E01035695,51.511382,-0.022964,E09000030
9055,E14 6HG,E01035695,51.511663,-0.022577,E09000030
9056,E14 6HH,E01035695,51.511555,-0.024167,E09000030
9057,E14 6HJ,E01035695,51.512161,-0.0228,E09000030
9058,E14 6HL,E01035695,51.512109,-0.023408,E09000030
9059,E14 6HN,E01035695,51.512506,-0.024054,E09000030
9060,E14 6HP,E01035693,51.513021,-0.023109,E09000030
9061,E14 6HQ,E01035695,51.511678,-0.02347,E09000030
9062,E14 6HR,E01035693,51.512685,-0.022907,E09000030
9063,E14 6HS,E01035692,51.513618,-0.023876,E09000030
9064,E14 6HT,E01035692,51.513531,-0.022986,E09000030
9065,E14 6HU,E01035693,51.513002,-0.024104,E09000030
9066,E14 6HW,E01035693,51.512743,-0.022112,E09000030
9067,E14 6HX,E01035695,51.51175,-0.024548,E09000030
9068,E14 6HY,E01035678,51.515258,-0.015503,E09000030
9069,E14 6HZ,E01004247,51.513091,-0.012369,E09000030
9070,E14 6JA,E01035692,51.51466,-0.023759,E09000030
9071,E14 6JB,E01035692,51.514847,-0.02365,E09000030
9072,E14 6JD,E01035692,51.515025,-0.023541,E09000030
9073,E14 6JE,E01035695,51.511078,-0.024663,E09000030
9074,E14 6JF,E01035692,51.515203,-0.023461,E09000030
9075,E14 6JG,E01035694,51.512291,-0.02572,E09000030
9076,E14 6JH,E01035695,51.510998,-0.023672,E09000030
9077,E14 6JJ,E01035694,51.511461,-0.026607,E09000030
9078,E14 6JL,E01035692,51.515426,-0.02387,E09000030
9079,E14 6JN,E01035692,51.515408,-0.023856,E09000030
9080,E14 6JP,E01035692,51.513858,-0.02473,E09000030
9081,E14 6JQ,E01004256,51.510744,-0.021968,E09000030
9082,E14 6JR,E01035692,51.514116,-0.024056,E09000030
9083,E14 6JS,E01035692,51.515046,-0.024794,E09000030
9084,E14 6JT,E01035692,51.515253,-0.024281,E09000030
9085,E14 6JW,E01035694,51.511925,-0.025347,E09000030
9086,E14 6JX,E01035692,51.51559,-0.022954,E09000030
9087,E14 6JY,E01035692,51.515806,-0.022441,E09000030
9088,E14 6JZ,E01035692,51.514472,-0.023853,E09000030
9089,E14 6LA,E01035685,51.515728,-0.019907,E09000030
9090,E14 6LB,E01035685,51.515627,-0.018715,E09000030
9091,E14 6LD,E01035685,51.514834,-0.019153,E09000030
9092,E14 6LE,E01035685,51.515003,-0.018526,E09000030
9093,E14 6LF,E01035693,51.51488,-0.020852,E09000030
9094,E14 6LG,E01004247,51.511492,-0.010349,E09000030
9095,E14 6LH,E01035693,51.514652,-0.021698,E09000030
9096,E14 6LJ,E01035694,51.513162,-0.028291,E09000030
9097,E14 6LL,E01004247,51.511913,-0.013443,E09000030
9098,E14 6LN,E01004247,51.512274,-0.009767,E09000030
9099,E14 6LP,E01004247,51.51297,-0.014233,E09000030
9100,E14 6LQ,E01004247,51.511535,-0.009669,E09000030
9101,E14 6LR,E01035679,51.513333,-0.0139,E09000030
9102,E14 6LS,E01004247,51.51196,-0.011957,E09000030
9103,E14 6LT,E01004247,51.512016,-0.011536,E09000030
9104,E14 6LU,E01004247,51.512016,-0.011003,E09000030
9105,E14 6LW,E01004247,51.51206,-0.009906,E09000030
9106,E14 6LX,E01004247,51.511721,-0.010065,E09000030
9107,E14 6LY,E01004247,51.512279,-0.010631,E09000030
9108,E14 6LZ,E01004247,51.512458,-0.010061,E09000030
9109,E14 6NA,E01004247,51.511759,-0.00966,E09000030
9110,E14 6NB,E01004247,51.513541,-0.011297,E09000030
9111,E14 6ND,E01004247,51.513016,-0.011104,E09000030
9112,E14 6NE,E01004247,51.512771,-0.01257,E09000030
9113,E14 6NF,E01004247,51.512543,-0.011874,E09000030
9114,E14 6NG,E01004247,51.513446,-0.011532,E09000030
9115,E14 6NH,E01035679,51.515613,-0.015804,E09000030
9116,E14 6NJ,E01035678,51.518227,-0.015604,E09000030
9117,E14 6NL,E01035679,51.514808,-0.014427,E09000030
9118,E14 6NN,E01035679,51.514495,-0.016141,E09000030
9119,E14 6NP,E01035685,51.516669,-0.016508,E09000030
9120,E14 6NQ,E01035678,51.518689,-0.015829,E09000030
9121,E14 6NR,E01035678,51.51589,-0.015144,E09000030
9122,E14 6NS,E01004247,51.512963,-0.01383,E09000030
9123,E14 6NT,E01004247,51.511886,-0.013416,E09000030
9124,E14 6NU,E01035678,51.517741,-0.015568,E09000030
9125,E14 6NW,E01035679,51.514707,-0.015411,E09000030
9126,E14 6NX,E01035678,51.517666,-0.01596,E09000030
9127,E14 6NY,E01035684,51.517067,-0.017759,E09000030
9128,E14 6NZ,E01004247,51.512085,-0.013465,E09000030
9129,E14 6PA,E01035678,51.51839,-0.016217,E09000030
9130,E14 6PB,E01035678,51.516485,-0.015233,E09000030
9131,E14 6PD,E01035678,51.517644,-0.015154,E09000030
9132,E14 6PE,E01035678,51.517422,-0.015351,E09000030
9133,E14 6PF,E01035684,51.51808,-0.016461,E09000030
9134,E14 6PG,E01035679,51.514212,-0.014309,E09000030
9135,E14 6PH,E01004249,51.515966,-0.0122,E09000030
9136,E14 6PJ,E01004249,51.515785,-0.011069,E09000030
9137,E14 6PL,E01004249,51.516475,-0.012509,E09000030
9138,E14 6PN,E01004249,51.516992,-0.012256,E09000030
9139,E14 6PP,E01004249,51.516953,-0.011537,E09000030
9140,E14 6PQ,E01035678,51.516125,-0.016258,E09000030
9141,E14 6PR,E01004248,51.517261,-0.012187,E09000030
9142,E14 6PS,E01004249,51.516378,-0.011548,E09000030
9143,E14 6PT,E01004248,51.51808,-0.01169,E09000030
9144,E14 6PU,E01004248,51.51808,-0.01169,E09000030
9145,E14 6PW,E01004249,51.516896,-0.012433,E09000030
9146,E14 6PX,E01004248,51.517893,-0.01128,E09000030
9147,E14 6PY,E01004248,51.518442,-0.011862,E09000030
9148,E14 6PZ,E01004249,51.51661,-0.010932,E09000030
9149,E14 6QA,E01035678,51.519138,-0.012033,E09000030
9150,E14 6QB,E01035678,51.518847,-0.012911,E09000030
9151,E14 6QD,E01035678,51.518634,-0.013597,E09000030
9152,E14 6QE,E01035678,51.519385,-0.012282,E09000030
9153,E14 6QF,E01004248,51.520001,-0.012024,E09000030
9154,E14 6QG,E01004248,51.519739,-0.013002,E09000030
9155,E14 6QH,E01035678,51.519256,-0.014219,E09000030
9156,E14 6QJ,E01035678,51.518823,-0.014685,E09000030
9157,E14 6QL,E01035678,51.518,-0.014403,E09000030
9158,E14 6QN,E01035678,51.517727,-0.014242,E09000030
9159,E14 6QP,E01004249,51.517131,-0.013547,E09000030
9160,E14 6QQ,E01004248,51.519541,-0.013529,E09000030
9161,E14 6QR,E01004248,51.518261,-0.010688,E09000030
9162,E14 6QS,E01004248,51.518938,-0.010845,E09000030
9163,E14 6QT,E01004248,51.51994,-0.011076,E09000030
9164,E14 6QU,E01004248,51.520225,-0.011467,E09000030
9165,E14 6QW,E01035678,51.517504,-0.013791,E09000030
9166,E14 6QX,E01035678,51.519171,-0.012392,E09000030
9167,E14 6QY,E01004248,51.519612,-0.012416,E09000030
9168,E14 6QZ,E01004248,51.519901,-0.011971,E09000030
9169,E14 6RA,E01004248,51.517349,-0.01103,E09000030
9170,E14 6RB,E01035678,51.517649,-0.012271,E09000030
9171,E14 6RD,E01035685,51.517228,-0.017161,E09000030
9172,E14 6RE,E01004248,51.520844,-0.010849,E09000030
9173,E14 6RF,E01035684,51.517351,-0.016954,E09000030
9174,E14 6RG,E01035684,51.517516,-0.01663,E09000030
9175,E14 6RH,E01004248,51.519631,-0.009821,E09000030
9176,E14 6RJ,E01035685,51.517062,-0.016909,E09000030
9177,E14 6RL,E01035684,51.517229,-0.016671,E09000030
9178,E14 6RN,E01004249,51.518889,-0.009579,E09000030
9179,E14 6RP,E01004248,51.519183,-0.009379,E09000030
9180,E14 6RQ,E01035684,51.517377,-0.016405,E09000030
9181,E14 6RR,E01035684,51.51753,-0.016427,E09000030
9182,E14 6RS,E01035685,51.5165,-0.016112,E09000030
9183,E14 6RT,E01035685,51.516595,-0.01641,E09000030
9184,E14 6RU,E01035685,51.516716,-0.01665,E09000030
9185,E14 6RW,E01035685,51.51695,-0.016654,E09000030
9186,E14 6RX,E01035685,51.51688,-0.016239,E09000030
9187,E14 6RY,E01035685,51.516913,-0.016627,E09000030
9188,E14 6SA,E01035679,51.514908,-0.016657,E09000030
9189,E14 6SB,E01035679,51.514908,-0.016657,E09000030
9190,E14 6SE,E01035694,51.513198,-0.028275,E09000030
9191,E14 6SF,E01035679,51.514908,-0.016657,E09000030
9192,E14 6SG,E01035679,51.514908,-0.016657,E09000030
9193,E14 6SH,E01035694,51.513162,-0.028291,E09000030
9194,E14 6SJ,E01035679,51.514855,-0.016673,E09000030
9195,E14 6SL,E01035679,51.514908,-0.016657,E09000030
9196,E14 6SN,E01035694,51.513198,-0.028275,E09000030
9197,E14 6SP,E01035679,51.514855,-0.016673,E09000030
9198,E14 6SQ,E01035694,51.513198,-0.028275,E09000030
9199,E14 6SR,E01035694,51.513198,-0.028275,E09000030
9200,E14 6SS,E01035679,51.514908,-0.016657,E09000030
9201,E14 6ST,E01035694,51.513198,-0.028275,E09000030
9202,E14 6SU,E01035694,51.513198,-0.028275,E09000030
9203,E14 6SW,E01035694,51.513198,-0.028275,E09000030
9204,E14 6SX,E01035694,51.513198,-0.028275,E09000030
9205,E14 6SY,E01035694,51.513198,-0.028275,E09000030
9206,E14 6SZ,E01035694,51.513198,-0.028275,E09000030
9207,E14 6TA,E01035684,51.516973,-0.020141,E09000030
9208,E14 6TB,E01035684,51.516562,-0.019813,E09000030
9209,E14 6TH,E01004248,51.519974,-0.012559,E09000030
9210,E14 6TJ,E01035692,51.515461,-0.023263,E09000030
9211,E14 6TL,E01035692,51.515643,-0.02288,E09000030
9212,E14 6TN,E01004248,51.520602,-0.010845,E09000030
9213,E14 6TP,E01004248,51.520826,-0.01085,E09000030
9214,E14 6TQ,E01035678,51.516262,-0.014796,E09000030
9215,E14 6TR,E01035678,51.516089,-0.014703,E09000030
9216,E14 6TS,E01035678,51.516433,-0.014832,E09000030
9217,E14 6TT,E01035678,51.515947,-0.015329,E09000030
9218,E14 6TU,E01035684,51.516229,-0.020837,E09000030
9219,E14 6TW,E01035684,51.516321,-0.020977,E09000030
9220,E14 6TX,E01035684,51.516479,-0.021244,E09000030
9221,E14 6TY,E01004248,51.519899,-0.01236,E09000030
9222,E14 6TZ,E01004247,51.513444,-0.010379,E09000030
9223,E14 6UA,E01035678,51.515366,-0.014979,E09000030
9224,E14 6UB,E01035678,51.515641,-0.014751,E09000030
9225,E14 6UD,E01035679,51.515125,-0.0146,E09000030
9226,E14 6UE,E01035679,51.515125,-0.0146,E09000030
9227,E14 6UF,E01035678,51.515612,-0.015199,E09000030
9228,E14 6UG,E01035684,51.516636,-0.020978,E09000030
9229,E14 6UH,E01035684,51.516247,-0.020331,E09000030
9230,E14 6UJ,E01004248,51.518722,-0.010321,E09000030
9231,E14 6UL,E01035684,51.517343,-0.017574,E09000030
9232,E14 6UN,E01035684,51.517633,-0.017187,E09000030
9233,E14 6UP,E01035684,51.517909,-0.01755,E09000030
9234,E14 6UQ,E01035684,51.516344,-0.020212,E09000030
9235,E14 6UR,E01035693,51.514858,-0.020608,E09000030
9236,E14 6US,E01035693,51.514745,-0.021348,E09000030
9237,E14 6WA,E01035684,51.516571,-0.019813,E09000030
9238,E14 6WB,E01035694,51.513198,-0.028275,E09000030
9239,E14 6WD,E01035684,51.516571,-0.019813,E09000030
9240,E14 6WE,E01035684,51.516571,-0.019813,E09000030
9241,E14 6WF,E01035694,51.513198,-0.028275,E09000030
9242,E14 6WG,E01035694,51.513162,-0.028291,E09000030
9243,E14 6WJ,E01035684,51.516571,-0.019813,E09000030
9244,E14 6WP,E01035684,51.516571,-0.019813,E09000030
9245,E14 6WQ,E01035694,51.513198,-0.028275,E09000030
9246,E14 6WY,E01035694,51.513198,-0.028275,E09000030
9247,E14 6WZ,E01035694,51.513198,-0.028275,E09000030
9248,E14 6XA,E01035694,51.513162,-0.028291,E09000030
9249,E14 6XB,E01035694,51.513198,-0.028275,E09000030
9250,E14 6XD,E01035694,51.513198,-0.028275,E09000030
9251,E14 6XE,E01035694,51.513198,-0.028275,E09000030
9252,E14 6XF,E01035694,51.513198,-0.028275,E09000030
9253,E14 6XG,E01035694,51.513198,-0.028275,E09000030
9254,E14 6XH,E01035694,51.513198,-0.028275,E09000030
9255,E14 6XQ,E01035694,51.513162,-0.028291,E09000030
9256,E14 6XZ,E01035694,51.513198,-0.028275,E09000030
9257,E14 6YA,E01035694,51.513198,-0.028275,E09000030
9258,E14 6YN,E01035694,51.513198,-0.028275,E09000030
9259,E14 6YQ,E01035694,51.513198,-0.028275,E09000030
9260,E14 6YX,E01035694,51.513198,-0.028275,E09000030
9261,E14 6YZ,E01035694,51.513198,-0.028275,E09000030
9262,E14 6ZQ,E01035694,51.513198,-0.028275,E09000030
9263,E14 7AA,E01035676,51.515176,-0.027743,E09000030
9264,E14 7AB,E01035676,51.515482,-0.028292,E09000030
9265,E14 7AD,E01035677,51.51679,-0.025843,E09000030
9266,E14 7AE,E01035694,51.513162,-0.028291,E09000030
9267,E14 7AF,E01035677,51.51453,-0.027267,E09000030
9268,E14 7AG,E01035676,51.517145,-0.028263,E09000030
9269,E14 7AH,E01035676,51.517053,-0.02759,E09000030
9270,E14 7AJ,E01035677,51.516246,-0.027697,E09000030
9271,E14 7AL,E01035676,51.515921,-0.027639,E09000030
9272,E14 7AN,E01035677,51.515764,-0.026867,E09000030
9273,E14 7AP,E01004272,51.516404,-0.025355,E09000030
9274,E14 7AQ,E01035676,51.517548,-0.027583,E09000030
9275,E14 7AR,E01004272,51.51677,-0.025209,E09000030
9276,E14 7AS,E01004272,51.517263,-0.026154,E09000030
9277,E14 7AT,E01004272,51.517606,-0.025692,E09000030
9278,E14 7AU,E01004272,51.517151,-0.024861,E09000030
9279,E14 7AW,E01035677,51.516063,-0.026984,E09000030
9280,E14 7AX,E01004272,51.517631,-0.025028,E09000030
9281,E14 7AY,E01004272,51.517544,-0.023619,E09000030
9282,E14 7AZ,E01004272,51.517112,-0.024114,E09000030
9283,E14 7BA,E01004272,51.516874,-0.024441,E09000030
9284,E14 7BB,E01004272,51.516632,-0.02448,E09000030
9285,E14 7BD,E01004272,51.517144,-0.023363,E09000030
9286,E14 7BE,E01035677,51.516132,-0.025237,E09000030
9287,E14 7BF,E01035683,51.515862,-0.034819,E09000030
9288,E14 7BG,E01004272,51.51762,-0.024394,E09000030
9289,E14 7BH,E01004286,51.515432,-0.03602,E09000030
9290,E14 7BJ,E01035677,51.515101,-0.02704,E09000030
9291,E14 7BL,E01004272,51.516799,-0.024761,E09000030
9292,E14 7BN,E01035677,51.515853,-0.024701,E09000030
9293,E14 7BP,E01035683,51.517127,-0.037921,E09000030
9294,E14 7BQ,E01035683,51.517612,-0.037872,E09000030
9295,E14 7BS,E01035683,51.516616,-0.038001,E09000030
9296,E14 7BT,E01004272,51.518001,-0.025675,E09000030
9297,E14 7BU,E01035683,51.515935,-0.037627,E09000030
9298,E14 7BW,E01035676,51.516519,-0.028463,E09000030
9299,E14 7BX,E01004286,51.515467,-0.037603,E09000030
9300,E14 7BY,E01035676,51.514906,-0.028259,E09000030
9301,E14 7BZ,E01004286,51.514557,-0.035884,E09000030
9302,E14 7DA,E01004251,51.513461,-0.030556,E09000030
9303,E14 7DB,E01035694,51.512372,-0.026783,E09000030
9304,E14 7DD,E01004251,51.514178,-0.030395,E09000030
9305,E14 7DE,E01004251,51.514999,-0.030042,E09000030
9306,E14 7DF,E01004251,51.51492,-0.029613,E09000030
9307,E14 7DG,E01004251,51.51536,-0.02958,E09000030
9308,E14 7DH,E01035694,51.513154,-0.025683,E09000030
9309,E14 7DJ,E01035694,51.51353,-0.025595,E09000030
9310,E14 7DL,E01035694,51.512476,-0.028148,E09000030
9311,E14 7DN,E01035694,51.512828,-0.026591,E09000030
9312,E14 7DP,E01035676,51.516765,-0.029188,E09000030
9313,E14 7DQ,E01004251,51.515225,-0.029038,E09000030
9314,E14 7DR,E01035694,51.513681,-0.027591,E09000030
9315,E14 7DS,E01035695,51.512584,-0.025491,E09000030
9316,E14 7DT,E01035694,51.51337,-0.025126,E09000030
9317,E14 7DU,E01035694,51.513159,-0.026475,E09000030
9318,E14 7DW,E01035694,51.512935,-0.025462,E09000030
9319,E14 7DX,E01004251,51.513621,-0.029352,E09000030
9320,E14 7DY,E01035694,51.514085,-0.025398,E09000030
9321,E14 7DZ,E01035694,51.513937,-0.025736,E09000030
9322,E14 7EA,E01035694,51.513791,-0.026117,E09000030
9323,E14 7EB,E01035694,51.513644,-0.026483,E09000030
9324,E14 7ED,E01035694,51.513155,-0.027355,E09000030
9325,E14 7EE,E01035694,51.513422,-0.027156,E09000030
9326,E14 7EF,E01035694,51.514149,-0.024934,E09000030
9327,E14 7EG,E01035694,51.51404,-0.026495,E09000030
9328,E14 7EH,E01004251,51.515943,-0.031083,E09000030
9329,E14 7EJ,E01035676,51.516675,-0.031296,E09000030
9330,E14 7EL,E01035694,51.51378,-0.027602,E09000030
9331,E14 7EN,E01035694,51.513034,-0.026005,E09000030
9332,E14 7EP,E01035694,51.514511,-0.026158,E09000030
9333,E14 7EQ,E01035694,51.514058,-0.026509,E09000030
9334,E14 7ER,E01035676,51.51632,-0.02889,E09000030
9335,E14 7ES,E01035692,51.513773,-0.025051,E09000030
9336,E14 7ET,E01035694,51.514601,-0.024539,E09000030
9337,E14 7EU,E01004251,51.512894,-0.032122,E09000030
9338,E14 7EW,E01035676,51.515867,-0.028693,E09000030
9339,E14 7EX,E01004251,51.513227,-0.031647,E09000030
9340,E14 7EY,E01004251,51.513014,-0.031281,E09000030
9341,E14 7EZ,E01004251,51.513086,-0.03073,E09000030
9342,E14 7FA,E01035690,51.512313,-0.035577,E09000030
9343,E14 7FB,E01035691,51.512011,-0.034178,E09000030
9344,E14 7FD,E01004286,51.514448,-0.035817,E09000030
9345,E14 7FE,E01035694,51.514031,-0.029162,E09000030
9346,E14 7FF,E01004251,51.513979,-0.029798,E09000030
9347,E14 7FG,E01035677,51.51647,-0.024992,E09000030
9348,E14 7FH,E01035692,51.513492,-0.02489,E09000030
9349,E14 7FJ,E01004255,51.511346,-0.029379,E09000030
9350,E14 7FL,E01004255,51.512066,-0.029448,E09000030
9351,E14 7FN,E01004286,51.514935,-0.03532,E09000030
9352,E14 7FP,E01035677,51.514333,-0.02788,E09000030
9353,E14 7FQ,E01035690,51.51216,-0.035555,E09000030
9354,E14 7FR,E01004286,51.515172,-0.035007,E09000030
9355,E14 7FS,E01035677,51.516687,-0.022921,E09000030
9356,E14 7FT,E01035677,51.516781,-0.022629,E09000030
9357,E14 7FU,E01004286,51.515491,-0.03472,E09000030
9358,E14 7FW,E01035677,51.51643,-0.022601,E09000030
9359,E14 7FX,E01035677,51.516429,-0.022586,E09000030
9360,E14 7FY,E01035677,51.5168,-0.022152,E09000030
9361,E14 7FZ,E01035677,51.5169,-0.022249,E09000030
9362,E14 7GA,E01035677,51.514641,-0.028026,E09000030
9363,E14 7GB,E01035691,51.512578,-0.029412,E09000030
9364,E14 7GD,E01035694,51.513198,-0.028275,E09000030
9365,E14 7GE,E01035691,51.512667,-0.028817,E09000030
9366,E14 7GF,E01035690,51.513192,-0.034905,E09000030
9367,E14 7GG,E01035690,51.513095,-0.033944,E09000030
9368,E14 7GH,E01035690,51.512984,-0.033199,E09000030
9369,E14 7GJ,E01035690,51.512793,-0.034187,E09000030
9370,E14 7GL,E01035690,51.512645,-0.033358,E09000030
9371,E14 7GN,E01035690,51.512645,-0.033358,E09000030
9372,E14 7GP,E01035694,51.512277,-0.028632,E09000030
9373,E14 7GQ,E01035690,51.512315,-0.03624,E09000030
9374,E14 7GR,E01035676,51.515712,-0.028023,E09000030
9375,E14 7GS,E01035676,51.515193,-0.027685,E09000030
9376,E14 7GT,E01035690,51.512194,-0.035957,E09000030
9377,E14 7GU,E01004251,51.513309,-0.030072,E09000030
9378,E14 7GW,E01035694,51.513198,-0.028275,E09000030
9379,E14 7GX,E01035683,51.516277,-0.034383,E09000030
9380,E14 7GY,E01004286,51.516245,-0.035177,E09000030
9381,E14 7GZ,E01035691,51.512634,-0.028977,E09000030
9382,E14 7HA,E01004255,51.511559,-0.028706,E09000030
9383,E14 7HB,E01004255,51.511763,-0.029044,E09000030
9384,E14 7HD,E01004255,51.511974,-0.029308,E09000030
9385,E14 7HE,E01035691,51.511375,-0.030026,E09000030
9386,E14 7HF,E01004255,51.511493,-0.029026,E09000030
9387,E14 7HG,E01035691,51.512327,-0.028904,E09000030
9388,E14 7HH,E01004251,51.513174,-0.030582,E09000030
9389,E14 7HJ,E01004251,51.513001,-0.029927,E09000030
9390,E14 7HL,E01035691,51.512273,-0.029987,E09000030
9391,E14 7HN,E01035691,51.512679,-0.02899,E09000030
9392,E14 7HP,E01035691,51.511522,-0.031331,E09000030
9393,E14 7HQ,E01035691,51.51192,-0.031415,E09000030
9394,E14 7HR,E01035691,51.511945,-0.031846,E09000030
9395,E14 7HS,E01035690,51.512299,-0.034713,E09000030
9396,E14 7HT,E01035691,51.511885,-0.033665,E09000030
9397,E14 7HU,E01035691,51.511141,-0.033264,E09000030
9398,E14 7HW,E01035691,51.511815,-0.032716,E09000030
9399,E14 7HX,E01035691,51.511968,-0.033762,E09000030
9400,E14 7HY,E01035691,51.511801,-0.034,E09000030
9401,E14 7HZ,E01035690,51.512199,-0.034703,E09000030
9402,E14 7JA,E01035690,51.511858,-0.035813,E09000030
9403,E14 7JB,E01035690,51.51176,-0.035313,E09000030
9404,E14 7JD,E01032769,51.512606,-0.040177,E09000030
9405,E14 7JE,E01032769,51.512313,-0.039353,E09000030
9406,E14 7JF,E01032769,51.512068,-0.039739,E09000030
9407,E14 7JG,E01035691,51.51158,-0.034211,E09000030
9408,E14 7JH,E01032769,51.512079,-0.040387,E09000030
9409,E14 7JJ,E01035691,51.511292,-0.034194,E09000030
9410,E14 7JL,E01032769,51.511334,-0.039424,E09000030
9411,E14 7JN,E01035691,51.510835,-0.033753,E09000030
9412,E14 7JP,E01004258,51.510963,-0.031744,E09000030
9413,E14 7JQ,E01032769,51.511697,-0.040158,E09000030
9414,E14 7JR,E01032768,51.512503,-0.037817,E09000030
9415,E14 7JS,E01035691,51.51087,-0.033161,E09000030
9416,E14 7JT,E01032768,51.510819,-0.038178,E09000030
9417,E14 7JU,E01032768,51.511058,-0.038528,E09000030
9418,E14 7JW,E01035691,51.511545,-0.031575,E09000030
9419,E14 7JX,E01032768,51.511298,-0.038878,E09000030
9420,E14 7JY,E01032769,51.511837,-0.038855,E09000030
9421,E14 7JZ,E01032768,51.512035,-0.038299,E09000030
9422,E14 7LA,E01035690,51.51266,-0.034265,E09000030
9423,E14 7LB,E01032768,51.512389,-0.0369,E09000030
9424,E14 7LD,E01035690,51.512346,-0.034308,E09000030
9425,E14 7LE,E01035690,51.51262,-0.032422,E09000030
9426,E14 7LF,E01035690,51.512717,-0.035517,E09000030
9427,E14 7LG,E01035690,51.513091,-0.035846,E09000030
9428,E14 7LH,E01035690,51.513598,-0.035508,E09000030
9429,E14 7LJ,E01004272,51.517864,-0.024456,E09000030
9430,E14 7LL,E01004286,51.513185,-0.037716,E09000030
9431,E14 7LN,E01035683,51.51711,-0.037432,E09000030
9432,E14 7LP,E01004286,51.51313,-0.038151,E09000030
9433,E14 7LQ,E01004286,51.515631,-0.034483,E09000030
9434,E14 7LR,E01004286,51.513318,-0.038143,E09000030
9435,E14 7LS,E01004286,51.51368,-0.038833,E09000030
9436,E14 7LT,E01004286,51.512928,-0.03901,E09000030
9437,E14 7LU,E01004286,51.513384,-0.039394,E09000030
9438,E14 7LW,E01004286,51.512919,-0.037915,E09000030
9439,E14 7LX,E01004286,51.513655,-0.038388,E09000030
9440,E14 7LY,E01004286,51.513434,-0.038628,E09000030
9441,E14 7LZ,E01004286,51.514345,-0.03879,E09000030
9442,E14 7NA,E01004286,51.514493,-0.038481,E09000030
9443,E14 7NB,E01004286,51.515036,-0.037089,E09000030
9444,E14 7ND,E01004286,51.51462,-0.038,E09000030
9445,E14 7NE,E01004286,51.515057,-0.038846,E09000030
9446,E14 7NF,E01004286,51.514969,-0.038446,E09000030
9447,E14 7NG,E01035683,51.516155,-0.038367,E09000030
9448,E14 7NH,E01035682,51.517287,-0.039385,E09000030
9449,E14 7NJ,E01035682,51.516678,-0.039022,E09000030
9450,E14 7NL,E01035683,51.515789,-0.039103,E09000030
9451,E14 7NN,E01004286,51.515472,-0.039477,E09000030
9452,E14 7NP,E01004286,51.514222,-0.039473,E09000030
9453,E14 7NQ,E01035683,51.517132,-0.038181,E09000030
9454,E14 7NR,E01004288,51.514556,-0.040122,E09000030
9455,E14 7NS,E01004286,51.513643,-0.040377,E09000030
9456,E14 7NT,E01004286,51.512898,-0.039371,E09000030
9457,E14 7NU,E01004286,51.51483,-0.037141,E09000030
9458,E14 7NW,E01004286,51.513913,-0.039847,E09000030
9459,E14 7NX,E01004286,51.514215,-0.038551,E09000030
9460,E14 7NZ,E01004286,51.515897,-0.034241,E09000030
9461,E14 7PA,E01004251,51.513233,-0.030378,E09000030
9462,E14 7PB,E01032768,51.51236,-0.037305,E09000030
9463,E14 7PD,E01035691,51.512238,-0.033246,E09000030
9464,E14 7PE,E01035677,51.51489,-0.026761,E09000030
9465,E14 7PF,E01035691,51.51278,-0.029648,E09000030
9466,E14 7PG,E01035690,51.513454,-0.032833,E09000030
9467,E14 7PH,E01035690,51.514057,-0.033398,E09000030
9468,E14 7PJ,E01035690,51.513825,-0.034013,E09000030
9469,E14 7PL,E01004286,51.51386,-0.036635,E09000030
9470,E14 7PN,E01004286,51.513525,-0.036505,E09000030
9471,E14 7PP,E01035694,51.51384,-0.026922,E09000030
9472,E14 7PQ,E01035690,51.51373,-0.033758,E09000030
9473,E14 7PR,E01004286,51.514218,-0.036533,E09000030
9474,E14 7PS,E01035690,51.513127,-0.035312,E09000030
9475,E14 7PT,E01004251,51.51298,-0.029784,E09000030
9476,E14 7PU,E01004286,51.514338,-0.036773,E09000030
9477,E14 7PW,E01004286,51.513862,-0.036217,E09000030
9478,E14 7PX,E01004286,51.515245,-0.036676,E09000030
9479,E14 7PY,E01004286,51.514651,-0.03663,E09000030
9480,E14 7PZ,E01004286,51.515285,-0.035824,E09000030
9481,E14 7QA,E01035691,51.512565,-0.029686,E09000030
9482,E14 7QB,E01004251,51.513187,-0.02927,E09000030
9483,E14 7QD,E01004286,51.51563,-0.035521,E09000030
9484,E14 7QE,E01004286,51.515832,-0.035181,E09000030
9485,E14 7QF,E01004286,51.516173,-0.035152,E09000030
9486,E14 7QG,E01004286,51.516282,-0.035752,E09000030
9487,E14 7QH,E01004286,51.51558,-0.036273,E09000030
9488,E14 7QJ,E01004286,51.515885,-0.036245,E09000030
9489,E14 7QL,E01004286,51.516074,-0.036237,E09000030
9490,E14 7QN,E01004286,51.515902,-0.036677,E09000030
9491,E14 7QP,E01004286,51.516124,-0.037085,E09000030
9492,E14 7QQ,E01004286,51.515851,-0.035814,E09000030
9493,E14 7QR,E01004286,51.515722,-0.037203,E09000030
9494,E14 7QS,E01004286,51.515506,-0.037227,E09000030
9495,E14 7QT,E01004286,51.515613,-0.037698,E09000030
9496,E14 7QU,E01035683,51.516107,-0.037662,E09000030
9497,E14 7QW,E01035683,51.516348,-0.037047,E09000030
9498,E14 7QX,E01035683,51.516287,-0.037655,E09000030
9499,E14 7QY,E01035683,51.51615,-0.038064,E09000030
9500,E14 7QZ,E01035694,51.51337,-0.028902,E09000030
9501,E14 7RA,E01004286,51.516692,-0.036109,E09000030
9502,E14 7RB,E01035694,51.513109,-0.028884,E09000030
9503,E14 7RD,E01035691,51.512877,-0.028981,E09000030
9504,E14 7RE,E01035683,51.516996,-0.034929,E09000030
9505,E14 7RF,E01035683,51.51702,-0.034207,E09000030
9506,E14 7RG,E01004286,51.516555,-0.035942,E09000030
9507,E14 7RH,E01004286,51.51562,-0.035435,E09000030
9508,E14 7RJ,E01004286,51.515244,-0.035509,E09000030
9509,E14 7RL,E01004286,51.51496,-0.036271,E09000030
9510,E14 7RN,E01004286,51.514829,-0.036017,E09000030
9511,E14 7RP,E01035683,51.516166,-0.034734,E09000030
9512,E14 7RQ,E01035683,51.516537,-0.034905,E09000030
9513,E14 7RR,E01035683,51.516508,-0.034734,E09000030
9514,E14 7RS,E01035683,51.516646,-0.037077,E09000030
9515,E14 7RT,E01035683,51.51667,-0.034237,E09000030
9516,E14 7RU,E01035683,51.517055,-0.034148,E09000030
9517,E14 7RW,E01004286,51.51546,-0.035024,E09000030
9518,E14 7RX,E01035683,51.517214,-0.035006,E09000030
9519,E14 7RY,E01035683,51.517074,-0.035271,E09000030
9520,E14 7RZ,E01035683,51.516813,-0.035268,E09000030
9521,E14 7SA,E01035683,51.51659,-0.03535,E09000030
9522,E14 7SB,E01004286,51.516695,-0.035749,E09000030
9523,E14 7SD,E01035683,51.516984,-0.03578,E09000030
9524,E14 7SE,E01035683,51.517261,-0.03571,E09000030
9525,E14 7SF,E01035683,51.517663,-0.036082,E09000030
9526,E14 7SG,E01035683,51.517277,-0.036113,E09000030
9527,E14 7SH,E01035683,51.517096,-0.036597,E09000030
9528,E14 7SJ,E01035683,51.517614,-0.036891,E09000030
9529,E14 7SL,E01035683,51.517408,-0.036929,E09000030
9530,E14 7SN,E01035683,51.516616,-0.038001,E09000030
9531,E14 7SP,E01004286,51.51646,-0.035658,E09000030
9532,E14 7SQ,E01004286,51.516685,-0.036182,E09000030
9533,E14 7SR,E01004286,51.516506,-0.035714,E09000030
9534,E14 7SS,E01035683,51.517707,-0.036008,E09000030
9535,E14 7ST,E01004251,51.515098,-0.0322,E09000030
9536,E14 7SU,E01035683,51.51701,-0.035735,E09000030
9537,E14 7SW,E01035683,51.517468,-0.037849,E09000030
9538,E14 7SX,E01035683,51.517733,-0.03543,E09000030
9539,E14 7SY,E01035683,51.516885,-0.03528,E09000030
9540,E14 7SZ,E01035694,51.5138,-0.027168,E09000030
9541,E14 7TA,E01035694,51.514061,-0.027186,E09000030
9542,E14 7TB,E01035694,51.514289,-0.026859,E09000030
9543,E14 7TD,E01035694,51.513996,-0.026555,E09000030
9544,E14 7TE,E01004251,51.513744,-0.030832,E09000030
9545,E14 7TF,E01004251,51.51394,-0.03176,E09000030
9546,E14 7TG,E01004251,51.514254,-0.031184,E09000030
9547,E14 7TH,E01004251,51.514943,-0.032596,E09000030
9548,E14 7TJ,E01004251,51.514487,-0.032731,E09000030
9549,E14 7TL,E01004251,51.51569,-0.033688,E09000030
9550,E14 7TN,E01035676,51.516673,-0.033314,E09000030
9551,E14 7TP,E01004251,51.515266,-0.032034,E09000030
9552,E14 7TQ,E01004251,51.51459,-0.031934,E09000030
9553,E14 7TR,E01035676,51.516197,-0.031749,E09000030
9554,E14 7TS,E01004251,51.515878,-0.032556,E09000030
9555,E14 7TT,E01004251,51.515401,-0.033124,E09000030
9556,E14 7TU,E01004251,51.513925,-0.033029,E09000030
9557,E14 7TW,E01004251,51.514913,-0.032972,E09000030
9558,E14 7TX,E01004251,51.514439,-0.034693,E09000030
9559,E14 7TY,E01035694,51.513858,-0.026892,E09000030
9560,E14 7TZ,E01004251,51.514763,-0.034708,E09000030
9561,E14 7UA,E01035676,51.516912,-0.027236,E09000030
9562,E14 7UB,E01035690,51.513244,-0.034269,E09000030
9563,E14 7UD,E01004272,51.517089,-0.026522,E09000030
9564,E14 7UE,E01004251,51.514962,-0.033719,E09000030
9565,E14 7UF,E01004251,51.514568,-0.034356,E09000030
9566,E14 7UJ,E01035682,51.516862,-0.03874,E09000030
9567,E14 7UL,E01035682,51.516752,-0.039119,E09000030
9568,E14 7UN,E01035682,51.516362,-0.038934,E09000030
9569,E14 7UP,E01035682,51.516028,-0.038848,E09000030
9570,E14 7UQ,E01035682,51.516145,-0.038872,E09000030
9571,E14 7UR,E01035683,51.515736,-0.039134,E09000030
9572,E14 7UT,E01035677,51.515098,-0.026276,E09000030
9573,E14 7UU,E01035677,51.515098,-0.026276,E09000030
9574,E14 7UW,E01035677,51.51544,-0.026334,E09000030
9575,E14 7UX,E01035677,51.515498,-0.026043,E09000030
9576,E14 7UY,E01035694,51.513738,-0.027272,E09000030
9577,E14 7UZ,E01004251,51.514568,-0.034356,E09000030
9578,E14 7WA,E01004251,51.514568,-0.034356,E09000030
9579,E14 7WB,E01035694,51.513198,-0.028275,E09000030
9580,E14 7WD,E01004251,51.514568,-0.034356,E09000030
9581,E14 7WE,E01004251,51.514568,-0.034356,E09000030
9582,E14 7WF,E01035694,51.513198,-0.028275,E09000030
9583,E14 7WG,E01004251,51.514568,-0.034356,E09000030
9584,E14 7WH,E01035694,51.513198,-0.028275,E09000030
9585,E14 7WJ,E01035694,51.513198,-0.028275,E09000030
9586,E14 7WL,E01035694,51.513198,-0.028275,E09000030
9587,E14 7WN,E01035694,51.513198,-0.028275,E09000030
9588,E14 7WP,E01035694,51.513162,-0.028291,E09000030
9589,E14 7WQ,E01035694,51.513198,-0.028275,E09000030
9590,E14 7WR,E01035694,51.513198,-0.028275,E09000030
9591,E14 7WS,E01035694,51.513198,-0.028275,E09000030
9592,E14 7WT,E01035694,51.513198,-0.028275,E09000030
9593,E14 7WU,E01035694,51.513198,-0.028275,E09000030
9594,E14 7WW,E01035694,51.513198,-0.028275,E09000030
9595,E14 7WX,E01035694,51.513198,-0.028275,E09000030
9596,E14 7WY,E01035694,51.513198,-0.028275,E09000030
9597,E14 7WZ,E01004251,51.514568,-0.034356,E09000030
9598,E14 7XA,E01035694,51.513198,-0.028275,E09000030
9599,E14 7XB,E01035694,51.513198,-0.028275,E09000030
9600,E14 7XD,E01004251,51.515098,-0.0322,E09000030
9601,E14 7XE,E01004251,51.514997,-0.032608,E09000030
9602,E14 7XF,E01035694,51.513198,-0.028275,E09000030
9603,E14 7XG,E01004251,51.514997,-0.032608,E09000030
9604,E14 7XH,E01004251,51.514997,-0.032608,E09000030
9605,E14 7XJ,E01035694,51.513162,-0.028291,E09000030
9606,E14 7XL,E01035690,51.514143,-0.03423,E09000030
9607,E14 7XN,E01004251,51.514753,-0.032546,E09000030
9608,E14 7XP,E01035694,51.513198,-0.028275,E09000030
9609,E14 7XQ,E01004251,51.514997,-0.032608,E09000030
9610,E14 7XR,E01035694,51.513198,-0.028275,E09000030
9611,E14 7XS,E01035694,51.513198,-0.028275,E09000030
9612,E14 7XT,E01035694,51.513198,-0.028275,E09000030
9613,E14 7XU,E01004251,51.514239,-0.03512,E09000030
9614,E14 7XW,E01035694,51.513198,-0.028275,E09000030
9615,E14 7XY,E01004286,51.51314,-0.040413,E09000030
9616,E14 7XZ,E01035694,51.513198,-0.028275,E09000030
9617,E14 7YB,E01035694,51.513198,-0.028275,E09000030
9618,E14 7YQ,E01035694,51.513198,-0.028275,E09000030
9619,E14 7YT,E01035694,51.513198,-0.028275,E09000030
9620,E14 7YX,E01035677,51.515322,-0.025704,E09000030
9621,E14 7YZ,E01035694,51.513198,-0.028275,E09000030
9622,E14 8AA,E01004255,51.509694,-0.027418,E09000030
9623,E14 8AB,E01004255,51.509611,-0.027263,E09000030
9624,E14 8AD,E01004255,51.509569,-0.028014,E09000030
9625,E14 8AE,E01004255,51.510113,-0.02825,E09000030
9626,E14 8AF,E01004255,51.509732,-0.028584,E09000030
9627,E14 8AG,E01004255,51.509492,-0.029286,E09000030
9628,E14 8AH,E01004255,51.509937,-0.02954,E09000030
9629,E14 8AJ,E01004255,51.509937,-0.02954,E09000030
9630,E14 8AL,E01004255,51.510609,-0.027277,E09000030
9631,E14 8AN,E01004255,51.510053,-0.028411,E09000030
9632,E14 8AP,E01004258,51.508547,-0.029816,E09000030
9633,E14 8AQ,E01004255,51.510365,-0.029882,E09000030
9634,E14 8AR,E01004258,51.508679,-0.030142,E09000030
9635,E14 8AS,E01004255,51.508843,-0.027051,E09000030
9636,E14 8AT,E01004255,51.508449,-0.028783,E09000030
9637,E14 8AU,E01004255,51.508123,-0.028105,E09000030
9638,E14 8AW,E01004258,51.50778,-0.030181,E09000030
9639,E14 8AX,E01004258,51.507738,-0.03037,E09000030
9640,E14 8AY,E01004258,51.508,-0.030935,E09000030
9641,E14 8AZ,E01004258,51.508015,-0.029724,E09000030
9642,E14 8BA,E01004255,51.510108,-0.027948,E09000030
9643,E14 8BB,E01004258,51.508459,-0.032054,E09000030
9644,E14 8BD,E01004258,51.508633,-0.031167,E09000030
9645,E14 8BE,E01004255,51.509852,-0.026676,E09000030
9646,E14 8BF,E01004258,51.509005,-0.034581,E09000030
9647,E14 8BG,E01035691,51.510597,-0.035132,E09000030
9648,E14 8BH,E01004255,51.509859,-0.027051,E09000030
9649,E14 8BJ,E01035691,51.510272,-0.035031,E09000030
9650,E14 8BL,E01004258,51.509728,-0.032129,E09000030
9651,E14 8BN,E01004255,51.509185,-0.029241,E09000030
9652,E14 8BP,E01004258,51.508547,-0.032987,E09000030
9653,E14 8BQ,E01035691,51.510385,-0.034277,E09000030
9654,E14 8BS,E01004258,51.510247,-0.031977,E09000030
9655,E14 8BT,E01035691,51.509954,-0.03431,E09000030
9656,E14 8BU,E01004258,51.508468,-0.032572,E09000030
9657,E14 8BW,E01004258,51.50865,-0.032737,E09000030
9658,E14 8BX,E01004258,51.509174,-0.033392,E09000030
9659,E14 8BY,E01035691,51.509655,-0.034741,E09000030
9660,E14 8BZ,E01004258,51.509221,-0.035638,E09000030
9661,E14 8DA,E01004258,51.509496,-0.033321,E09000030
9662,E14 8DB,E01004258,51.509389,-0.033902,E09000030
9663,E14 8DD,E01035691,51.509401,-0.036769,E09000030
9664,E14 8DE,E01004258,51.509317,-0.030662,E09000030
9665,E14 8DF,E01032768,51.510306,-0.03869,E09000030
9666,E14 8DG,E01032768,51.509881,-0.039112,E09000030
9667,E14 8DH,E01032769,51.509966,-0.042019,E09000030
9668,E14 8DJ,E01032768,51.509706,-0.038312,E09000030
9669,E14 8DL,E01032769,51.510445,-0.04112,E09000030
9670,E14 8DN,E01032768,51.510306,-0.03869,E09000030
9671,E14 8DP,E01032769,51.510074,-0.039896,E09000030
9672,E14 8DQ,E01032769,51.509968,-0.041083,E09000030
9673,E14 8DR,E01004258,51.50996,-0.030937,E09000030
9674,E14 8DS,E01032769,51.511594,-0.041488,E09000030
9675,E14 8DT,E01035694,51.511175,-0.026201,E09000030
9676,E14 8DU,E01032769,51.51081,-0.041435,E09000030
9677,E14 8DW,E01032768,51.510319,-0.039482,E09000030
9678,E14 8DX,E01032768,51.510319,-0.039482,E09000030
9679,E14 8DY,E01032768,51.510241,-0.03803,E09000030
9680,E14 8DZ,E01032769,51.510538,-0.040179,E09000030
9681,E14 8EA,E01032768,51.510306,-0.03869,E09000030
9682,E14 8EB,E01032769,51.510376,-0.040229,E09000030
9683,E14 8ED,E01035694,51.51105,-0.025702,E09000030
9684,E14 8EE,E01004303,51.510693,-0.043026,E09000030
9685,E14 8EF,E01032769,51.511519,-0.038667,E09000030
9686,E14 8EG,E01032768,51.510468,-0.037646,E09000030
9687,E14 8EH,E01035691,51.509706,-0.035617,E09000030
9688,E14 8EJ,E01035691,51.509744,-0.035198,E09000030
9689,E14 8EL,E01004256,51.510276,-0.021931,E09000030
9690,E14 8EN,E01035691,51.509772,-0.03635,E09000030
9691,E14 8EP,E01035695,51.509878,-0.023908,E09000030
9692,E14 8EQ,E01032768,51.510045,-0.037102,E09000030
9693,E14 8ER,E01035695,51.510441,-0.023725,E09000030
9694,E14 8ES,E01035695,51.510553,-0.024498,E09000030
9695,E14 8ET,E01035695,51.51099,-0.025344,E09000030
9696,E14 8EU,E01032768,51.510306,-0.03869,E09000030
9697,E14 8EW,E01035695,51.509878,-0.023908,E09000030
9698,E14 8EX,E01035694,51.510645,-0.025662,E09000030
9699,E14 8EY,E01035695,51.510242,-0.025218,E09000030
9700,E14 8EZ,E01035694,51.511406,-0.027603,E09000030
9701,E14 8FA,E01032772,51.499753,-0.023424,E09000030
9702,E14 8FB,E01035694,51.513198,-0.028275,E09000030
9703,E14 8FD,E01032781,51.501427,-0.025657,E09000030
9704,E14 8FE,E01004277,51.502864,-0.026056,E09000030
9705,E14 8FF,E01035694,51.513198,-0.028275,E09000030
9706,E14 8FG,E01035694,51.513198,-0.028275,E09000030
9707,E14 8FH,E01035694,51.513198,-0.028275,E09000030
9708,E14 8FJ,E01004255,51.510428,-0.027184,E09000030
9709,E14 8FL,E01004277,51.502864,-0.026056,E09000030
9710,E14 8FN,E01035695,51.51126,-0.025347,E09000030
9711,E14 8FP,E01035694,51.513198,-0.028275,E09000030
9712,E14 8FQ,E01032782,51.50264,-0.02559,E09000030
9713,E14 8FR,E01035694,51.513198,-0.028275,E09000030
9714,E14 8FS,E01035694,51.513198,-0.028275,E09000030
9715,E14 8FT,E01035694,51.513198,-0.028275,E09000030
9716,E14 8FU,E01004255,51.50971,-0.026754,E09000030
9717,E14 8FW,E01004255,51.507921,-0.028936,E09000030
9718,E14 8FX,E01035694,51.513198,-0.028275,E09000030
9719,E14 8FY,E01035694,51.511091,-0.026536,E09000030
9720,E14 8FZ,E01035694,51.513198,-0.028275,E09000030
9721,E14 8GA,E01035694,51.513198,-0.028275,E09000030
9722,E14 8GB,E01032781,51.500995,-0.025647,E09000030
9723,E14 8GD,E01032781,51.500981,-0.025316,E09000030
9724,E14 8GE,E01032782,51.500974,-0.024899,E09000030
9725,E14 8GF,E01032781,51.500626,-0.025648,E09000030
9726,E14 8GG,E01032782,51.500646,-0.025215,E09000030
9727,E14 8GH,E01032782,51.500658,-0.024869,E09000030
9728,E14 8GJ,E01032782,51.500669,-0.024998,E09000030
9729,E14 8GL,E01004255,51.511449,-0.029634,E09000030
9730,E14 8GN,E01004255,51.511619,-0.029597,E09000030
9731,E14 8GP,E01004255,51.511798,-0.029518,E09000030
9732,E14 8GQ,E01004255,51.512023,-0.029551,E09000030
9733,E14 8GR,E01004277,51.508303,-0.025965,E09000030
9734,E14 8GS,E01004277,51.508165,-0.025769,E09000030
9735,E14 8GT,E01032772,51.49985,-0.023881,E09000030
9736,E14 8GU,E01032774,51.496559,-0.020667,E09000030
9737,E14 8GW,E01032782,51.501911,-0.025579,E09000030
9738,E14 8GX,E01035694,51.513198,-0.028275,E09000030
9739,E14 8GY,E01004255,51.510828,-0.030122,E09000030
9740,E14 8GZ,E01032782,51.501658,-0.024941,E09000030
9741,E14 8HA,E01004255,51.510428,-0.027184,E09000030
9742,E14 8HB,E01035694,51.511238,-0.027221,E09000030
9743,E14 8HD,E01004255,51.511149,-0.028349,E09000030
9744,E14 8HE,E01004255,51.510751,-0.028741,E09000030
9745,E14 8HF,E01004255,51.510751,-0.028741,E09000030
9746,E14 8HG,E01004255,51.510824,-0.029372,E09000030
9747,E14 8HH,E01004255,51.51119,-0.029731,E09000030
9748,E14 8HJ,E01004258,51.510459,-0.030671,E09000030
9749,E14 8HL,E01004255,51.510287,-0.027392,E09000030
9750,E14 8HN,E01004255,51.509864,-0.02522,E09000030
9751,E14 8HP,E01004255,51.509701,-0.024607,E09000030
9752,E14 8HQ,E01004255,51.511254,-0.02872,E09000030
9753,E14 8HR,E01004277,51.508582,-0.024382,E09000030
9754,E14 8HS,E01004256,51.509337,-0.023312,E09000030
9755,E14 8HT,E01004256,51.508996,-0.021741,E09000030
9756,E14 8HU,E01004258,51.509998,-0.031051,E09000030
9757,E14 8HW,E01004255,51.509763,-0.025109,E09000030
9758,E14 8HX,E01004255,51.510262,-0.028042,E09000030
9759,E14 8HY,E01004256,51.510525,-0.022842,E09000030
9760,E14 8HZ,E01004258,51.510804,-0.030843,E09000030
9761,E14 8JA,E01035694,51.511244,-0.028144,E09000030
9762,E14 8JB,E01004277,51.508289,-0.025663,E09000030
9763,E14 8JD,E01004255,51.509639,-0.026296,E09000030
9764,E14 8JE,E01032781,51.498268,-0.026039,E09000030
9765,E14 8JF,E01004280,51.498373,-0.026394,E09000030
9766,E14 8JG,E01004277,51.508639,-0.025619,E09000030
9767,E14 8JH,E01032781,51.500807,-0.025698,E09000030
9768,E14 8JJ,E01004277,51.508195,-0.024399,E09000030
9769,E14 8JL,E01004277,51.502456,-0.026981,E09000030
9770,E14 8JN,E01004277,51.502456,-0.026981,E09000030
9771,E14 8JP,E01032782,51.499405,-0.026292,E09000030
9772,E14 8JQ,E01004277,51.508253,-0.026745,E09000030
9773,E14 8JR,E01032781,51.499303,-0.027147,E09000030
9774,E14 8JS,E01004280,51.498472,-0.026923,E09000030
9775,E14 8JT,E01004277,51.502864,-0.026056,E09000030
9776,E14 8JU,E01004277,51.506988,-0.02801,E09000030
9777,E14 8JW,E01004277,51.502456,-0.026981,E09000030
9778,E14 8JX,E01032781,51.49968,-0.027116,E09000030
9779,E14 8JY,E01032781,51.498923,-0.026471,E09000030
9780,E14 8JZ,E01032781,51.501266,-0.025693,E09000030
9781,E14 8LA,E01004277,51.502104,-0.026348,E09000030
9782,E14 8LB,E01004277,51.501696,-0.02615,E09000030
9783,E14 8LD,E01032782,51.501289,-0.023848,E09000030
9784,E14 8LE,E01032781,51.499303,-0.027147,E09000030
9785,E14 8LF,E01032782,51.501423,-0.024346,E09000030
9786,E14 8LG,E01032771,51.500912,-0.02336,E09000030
9787,E14 8LH,E01032772,51.499137,-0.02371,E09000030
9788,E14 8LJ,E01032781,51.499303,-0.027147,E09000030
9789,E14 8LL,E01032772,51.498994,-0.022722,E09000030
9790,E14 8LN,E01032781,51.497999,-0.027188,E09000030
9791,E14 8LP,E01032772,51.500213,-0.024081,E09000030
9792,E14 8LQ,E01032782,51.500358,-0.02517,E09000030
9793,E14 8LR,E01032781,51.501328,-0.02618,E09000030
9794,E14 8LS,E01032781,51.500844,-0.026302,E09000030
9795,E14 8LT,E01032772,51.49998,-0.02412,E09000030
9796,E14 8LU,E01032781,51.500186,-0.026201,E09000030
9797,E14 8LW,E01032781,51.499017,-0.026222,E09000030
9798,E14 8LX,E01032772,51.50023,-0.023476,E09000030
9799,E14 8LY,E01032772,51.498379,-0.023584,E09000030
9800,E14 8LZ,E01032781,51.500236,-0.027049,E09000030
9801,E14 8NA,E01032772,51.499692,-0.024075,E09000030
9802,E14 8NB,E01032782,51.500825,-0.024617,E09000030
9803,E14 8ND,E01004280,51.497847,-0.027728,E09000030
9804,E14 8NE,E01004277,51.501945,-0.027061,E09000030
9805,E14 8NF,E01004277,51.501945,-0.027061,E09000030
9806,E14 8NG,E01032781,51.501485,-0.026966,E09000030
9807,E14 8NH,E01032781,51.498133,-0.025526,E09000030
9808,E14 8NJ,E01004280,51.495959,-0.022969,E09000030
9809,E14 8NL,E01004280,51.496025,-0.026366,E09000030
9810,E14 8NN,E01004280,51.496278,-0.023214,E09000030
9811,E14 8NP,E01004280,51.496766,-0.024951,E09000030
9812,E14 8NQ,E01032781,51.500859,-0.027151,E09000030
9813,E14 8NR,E01004280,51.495753,-0.021955,E09000030
9814,E14 8NS,E01032770,51.496989,-0.023774,E09000030
9815,E14 8NT,E01004280,51.49697,-0.025346,E09000030
9816,E14 8NU,E01004280,51.49697,-0.025346,E09000030
9817,E14 8NW,E01004255,51.509832,-0.027066,E09000030
9818,E14 8NX,E01032774,51.494925,-0.021948,E09000030
9819,E14 8NY,E01032771,51.500333,-0.022664,E09000030
9820,E14 8NZ,E01032772,51.499193,-0.022771,E09000030
9821,E14 8PA,E01004280,51.495977,-0.023487,E09000030
9822,E14 8PB,E01004280,51.49742,-0.023741,E09000030
9823,E14 8PD,E01004280,51.495994,-0.025561,E09000030
9824,E14 8PE,E01032774,51.495861,-0.02087,E09000030
9825,E14 8PF,E01032774,51.496132,-0.02044,E09000030
9826,E14 8PG,E01032770,51.497949,-0.023099,E09000030
9827,E14 8PH,E01032770,51.49709,-0.0223,E09000030
9828,E14 8PJ,E01032774,51.496849,-0.020294,E09000030
9829,E14 8PL,E01032774,51.497099,-0.021263,E09000030
9830,E14 8PN,E01032774,51.497109,-0.020268,E09000030
9831,E14 8PP,E01032774,51.495949,-0.019699,E09000030
9832,E14 8PQ,E01032770,51.497761,-0.02266,E09000030
9833,E14 8PR,E01004280,51.496744,-0.02367,E09000030
9834,E14 8PS,E01032774,51.496216,-0.021128,E09000030
9835,E14 8PT,E01032774,51.496555,-0.021517,E09000030
9836,E14 8PU,E01032774,51.496542,-0.022324,E09000030
9837,E14 8PW,E01032774,51.496559,-0.020177,E09000030
9838,E14 8PX,E01004280,51.496112,-0.024576,E09000030
9839,E14 8PY,E01004280,51.496476,-0.024315,E09000030
9840,E14 8PZ,E01004280,51.496474,-0.024157,E09000030
9841,E14 8QA,E01004280,51.495127,-0.026405,E09000030
9842,E14 8QB,E01004280,51.498039,-0.026308,E09000030
9843,E14 8QD,E01004280,51.496025,-0.026366,E09000030
9844,E14 8QE,E01004280,51.497331,-0.024883,E09000030
9845,E14 8QF,E01032770,51.49769,-0.023787,E09000030
9846,E14 8QG,E01004255,51.50971,-0.026754,E09000030
9847,E14 8QJ,E01004275,51.489613,-0.019441,E09000030
9848,E14 8QL,E01004275,51.490512,-0.019402,E09000030
9849,E14 8QN,E01004255,51.509631,-0.026354,E09000030
9850,E14 8QP,E01035694,51.513198,-0.028275,E09000030
9851,E14 8QQ,E01032774,51.496802,-0.021751,E09000030
9852,E14 8QR,E01004275,51.490512,-0.019402,E09000030
9853,E14 8QS,E01032782,51.500928,-0.023791,E09000030
9854,E14 8QT,E01004281,51.490536,-0.020841,E09000030
9855,E14 8QU,E01004281,51.490536,-0.020841,E09000030
9856,E14 8QW,E01032782,51.500928,-0.023791,E09000030
9857,E14 8QX,E01004274,51.489638,-0.02088,E09000030
9858,E14 8QY,E01004274,51.489638,-0.02088,E09000030
9859,E14 8QZ,E01004274,51.489638,-0.02088,E09000030
9860,E14 8RA,E01004274,51.489638,-0.02088,E09000030
9861,E14 8RB,E01004274,51.489638,-0.02088,E09000030
9862,E14 8RD,E01004274,51.488739,-0.020919,E09000030
9863,E14 8RE,E01035694,51.511502,-0.027441,E09000030
9864,E14 8RF,E01035694,51.513198,-0.028275,E09000030
9865,E14 8RG,E01004274,51.488763,-0.022359,E09000030
9866,E14 8RH,E01004277,51.506164,-0.028219,E09000030
9867,E14 8RJ,E01004277,51.50715,-0.02907,E09000030
9868,E14 8RL,E01004277,51.50715,-0.02907,E09000030
9869,E14 8RN,E01004277,51.507232,-0.028043,E09000030
9870,E14 8RP,E01004277,51.506372,-0.027734,E09000030
9871,E14 8RQ,E01004275,51.490512,-0.019402,E09000030
9872,E14 8RR,E01004277,51.506089,-0.028035,E09000030
9873,E14 8RS,E01004277,51.50669,-0.027951,E09000030
9874,E14 8RT,E01004277,51.506227,-0.027683,E09000030
9875,E14 8RU,E01032775,51.492431,-0.026521,E09000030
9876,E14 8RW,E01004277,51.507232,-0.028043,E09000030
9877,E14 8RX,E01004277,51.509027,-0.027836,E09000030
9878,E14 8RY,E01032775,51.490609,-0.02516,E09000030
9879,E14 8RZ,E01032775,51.491508,-0.025121,E09000030
9880,E14 8SA,E01004277,51.508468,-0.026707,E09000030
9881,E14 8SB,E01004277,51.508834,-0.026533,E09000030
9882,E14 8SD,E01004277,51.508965,-0.026297,E09000030
9883,E14 8SE,E01004277,51.508938,-0.025765,E09000030
9884,E14 8SF,E01004277,51.508872,-0.025594,E09000030
9885,E14 8SG,E01004280,51.494228,-0.026444,E09000030
9886,E14 8SH,E01032781,51.498809,-0.025079,E09000030
9887,E14 8SJ,E01032770,51.49792,-0.024584,E09000030
9888,E14 8SL,E01032772,51.499787,-0.024907,E09000030
9889,E14 8SN,E01032772,51.499787,-0.024907,E09000030
9890,E14 8SP,E01032781,51.498746,-0.024534,E09000030
9891,E14 8SQ,E01032781,51.498809,-0.025079,E09000030
9892,E14 8SR,E01004280,51.497892,-0.02509,E09000030
9893,E14 8SS,E01004280,51.497892,-0.02509,E09000030
9894,E14 8ST,E01004277,51.506833,-0.02734,E09000030
9895,E14 8SU,E01004277,51.507683,-0.024421,E09000030
9896,E14 8SW,E01032781,51.498746,-0.024534,E09000030
9897,E14 8SX,E01004277,51.507683,-0.024421,E09000030
9898,E14 8SY,E01032781,51.498746,-0.024534,E09000030
9899,E14 8SZ,E01004277,51.507683,-0.024421,E09000030
9900,E14 8TA,E01004277,51.507683,-0.024421,E09000030
9901,E14 8TB,E01004277,51.507683,-0.024421,E09000030
9902,E14 8TD,E01004277,51.507683,-0.024421,E09000030
9903,E14 8TE,E01004277,51.507683,-0.024421,E09000030
9904,E14 8TF,E01032781,51.498746,-0.024534,E09000030
9905,E14 8TG,E01004277,51.507683,-0.024421,E09000030
9906,E14 8TH,E01004277,51.507683,-0.024421,E09000030
9907,E14 8TJ,E01004277,51.507683,-0.024421,E09000030
9908,E14 8TL,E01032781,51.498746,-0.024534,E09000030
9909,E14 8TN,E01004277,51.507683,-0.024421,E09000030
9910,E14 8TP,E01032781,51.498746,-0.024534,E09000030
9911,E14 8TQ,E01004277,51.507683,-0.024421,E09000030
9912,E14 8TW,E01004277,51.507683,-0.024421,E09000030
9913,E14 8UA,E01032775,51.491508,-0.025121,E09000030
9914,E14 8UB,E01032775,51.491508,-0.025121,E09000030
9915,E14 8UD,E01032775,51.491508,-0.025121,E09000030
9916,E14 8UE,E01032775,51.491508,-0.025121,E09000030
9917,E14 8UF,E01032775,51.491508,-0.025121,E09000030
9918,E14 8UG,E01032775,51.491508,-0.025121,E09000030
9919,E14 8UH,E01032775,51.491532,-0.02656,E09000030
9920,E14 8UJ,E01032775,51.491532,-0.02656,E09000030
9921,E14 8UL,E01032775,51.491532,-0.02656,E09000030
9922,E14 8UQ,E01035694,51.513198,-0.028275,E09000030
9923,E14 8UZ,E01035694,51.513198,-0.028275,E09000030
9924,E14 8WA,E01032781,51.498746,-0.024534,E09000030
9925,E14 8WB,E01032781,51.498746,-0.024534,E09000030
9926,E14 8WD,E01032781,51.498746,-0.024534,E09000030
9927,E14 8WE,E01032781,51.498746,-0.024534,E09000030
9928,E14 8WF,E01035694,51.513198,-0.028275,E09000030
9929,E14 8WG,E01032781,51.498746,-0.024534,E09000030
9930,E14 8WH,E01032781,51.498746,-0.024534,E09000030
9931,E14 8WJ,E01035694,51.513198,-0.028275,E09000030
9932,E14 8WL,E01035694,51.513198,-0.028275,E09000030
9933,E14 8WN,E01035694,51.513198,-0.028275,E09000030
9934,E14 8WP,E01032781,51.498746,-0.024534,E09000030
9935,E14 8WQ,E01035694,51.513198,-0.028275,E09000030
9936,E14 8WR,E01035694,51.513198,-0.028275,E09000030
9937,E14 8WS,E01032781,51.498746,-0.024534,E09000030
9938,E14 8WT,E01035694,51.513198,-0.028275,E09000030
9939,E14 8WU,E01032781,51.498746,-0.024534,E09000030
9940,E14 8WW,E01035694,51.513198,-0.028275,E09000030
9941,E14 8WX,E01035694,51.513198,-0.028275,E09000030
9942,E14 8WY,E01035694,51.513198,-0.028275,E09000030
9943,E14 8WZ,E01032781,51.498746,-0.024534,E09000030
9944,E14 8XA,E01035694,51.513198,-0.028275,E09000030
9945,E14 8XB,E01035694,51.513198,-0.028275,E09000030
9946,E14 8XD,E01004255,51.507921,-0.028936,E09000030
9947,E14 8XE,E01004277,51.502864,-0.02607,E09000030
9948,E14 8XF,E01035694,51.513198,-0.028275,E09000030
9949,E14 8XH,E01035694,51.513198,-0.028275,E09000030
9950,E14 8XJ,E01004255,51.507921,-0.028936,E09000030
9951,E14 8XL,E01004255,51.507921,-0.028936,E09000030
9952,E14 8XN,E01004255,51.507921,-0.028936,E09000030
9953,E14 8XP,E01004255,51.507921,-0.028936,E09000030
9954,E14 8XQ,E01035694,51.513198,-0.028275,E09000030
9955,E14 8XR,E01004277,51.502864,-0.026056,E09000030
9956,E14 8XS,E01004277,51.502864,-0.026056,E09000030
9957,E14 8XT,E01035694,51.513198,-0.028275,E09000030
9958,E14 8XU,E01004277,51.502864,-0.026056,E09000030
9959,E14 8XW,E01004277,51.502864,-0.026056,E09000030
9960,E14 8XX,E01035694,51.513198,-0.028275,E09000030
9961,E14 8XY,E01035694,51.513198,-0.028275,E09000030
9962,E14 8XZ,E01032775,51.491532,-0.02656,E09000030
9963,E14 8YB,E01035694,51.513198,-0.028275,E09000030
9964,E14 8YE,E01035694,51.513198,-0.028275,E09000030
9965,E14 8YF,E01035694,51.513198,-0.028275,E09000030
9966,E14 8YG,E01035694,51.513198,-0.028275,E09000030
9967,E14 8YH,E01035694,51.513198,-0.028275,E09000030
9968,E14 8YP,E01035694,51.513198,-0.028275,E09000030
9969,E14 8YQ,E01035694,51.513198,-0.028275,E09000030
9970,E14 8YT,E01035694,51.513198,-0.028275,E09000030
9971,E14 8YW,E01035694,51.513198,-0.028275,E09000030
9972,E14 8YX,E01035694,51.513198,-0.028275,E09000030
9973,E14 8YZ,E01035694,51.513198,-0.028275,E09000030
9974,E14 8ZR,E01032775,51.491532,-0.02656,E09000030
9975,E14 8ZZ,E01035694,51.513198,-0.028275,E09000030
9976,E14 9AA,E01032776,51.506406,-0.005844,E09000030
9977,E14 9AB,E01032782,51.502095,-0.02472,E09000030
9978,E14 9AD,E01004221,51.500724,-0.010155,E09000030
9979,E14 9AE,E01032771,51.500363,-0.021741,E09000030
9980,E14 9AF,E01032782,51.502277,-0.025419,E09000030
9981,E14 9AG,E01035694,51.513162,-0.028291,E09000030
9982,E14 9AH,E01032782,51.502277,-0.025419,E09000030
9983,E14 9AJ,E01032771,51.500327,-0.021209,E09000030
9984,E14 9AL,E01032782,51.502277,-0.025419,E09000030
9985,E14 9AN,E01032770,51.498815,-0.020065,E09000030
9986,E14 9AP,E01032782,51.502458,-0.023883,E09000030
9987,E14 9AQ,E01035703,51.497207,-0.01538,E09000030
9988,E14 9AR,E01032771,51.5003,-0.021758,E09000030
9989,E14 9AS,E01032782,51.501773,-0.022155,E09000030
9990,E14 9AT,E01032780,51.502111,-0.015037,E09000030
9991,E14 9AU,E01032776,51.50699,-0.006308,E09000030
9992,E14 9AW,E01032772,51.500076,-0.021278,E09000030
9993,E14 9AX,E01032782,51.501942,-0.024741,E09000030
9994,E14 9AY,E01032776,51.506823,-0.00548,E09000030
9995,E14 9AZ,E01032782,51.501773,-0.022155,E09000030
9996,E14 9BA,E01032776,51.506752,-0.006607,E09000030
9997,E14 9BB,E01032780,51.502111,-0.015037,E09000030
9998,E14 9BD,E01032770,51.498458,-0.019187,E09000030
9999,E14 9BE,E01032776,51.506823,-0.00548,E09000030
10000,E14 9BF,E01032776,51.506823,-0.00548,E09000030
10001,E14 9BG,E01032776,51.506823,-0.00548,E09000030
10002,E14 9BH,E01032779,51.505039,-0.006855,E09000030
10003,E14 9BJ,E01032770,51.498203,-0.021128,E09000030
10004,E14 9BL,E01032770,51.498465,-0.019619,E09000030
10005,E14 9BN,E01032770,51.498465,-0.019619,E09000030
10006,E14 9BP,E01032770,51.498726,-0.019607,E09000030
10007,E14 9BQ,E01032776,51.506823,-0.00548,E09000030
10008,E14 9BS,E01032770,51.498183,-0.021,E09000030
10009,E14 9BT,E01032782,51.502014,-0.024738,E09000030
10010,E14 9BU,E01032770,51.498726,-0.019607,E09000030
10011,E14 9BW,E01035699,51.498075,-0.019419,E09000030
10012,E14 9BX,E01004221,51.500724,-0.010155,E09000030
10013,E14 9BY,E01004218,51.486747,-0.009482,E09000030
10014,E14 9BZ,E01004218,51.488495,-0.006525,E09000030
10015,E14 9DA,E01032782,51.501773,-0.022155,E09000030
10016,E14 9DB,E01032782,51.502014,-0.024738,E09000030
10017,E14 9DD,E01032772,51.499265,-0.020117,E09000030
10018,E14 9DE,E01032780,51.506346,-0.006509,E09000030
10019,E14 9DF,E01035698,51.498332,-0.018126,E09000030
10020,E14 9DG,E01035699,51.498167,-0.020611,E09000030
10021,E14 9DH,E01032774,51.497533,-0.017671,E09000030
10022,E14 9DJ,E01035699,51.497291,-0.019281,E09000030
10023,E14 9DL,E01035698,51.498332,-0.018126,E09000030
10024,E14 9DN,E01032772,51.499265,-0.020117,E09000030
10025,E14 9DP,E01032772,51.499265,-0.020117,E09000030
10026,E14 9DQ,E01032770,51.49877,-0.020614,E09000030
10027,E14 9DR,E01035699,51.498178,-0.02015,E09000030
10028,E14 9DS,E01032770,51.4984,-0.021077,E09000030
10029,E14 9DT,E01035698,51.498268,-0.018575,E09000030
10030,E14 9DU,E01032782,51.501773,-0.022155,E09000030
10031,E14 9DW,E01032776,51.506664,-0.006697,E09000030
10032,E14 9DX,E01032772,51.499265,-0.020117,E09000030
10033,E14 9DY,E01032782,51.501773,-0.022155,E09000030
10034,E14 9DZ,E01035704,51.496332,-0.014698,E09000030
10035,E14 9EA,E01035704,51.49664,-0.015894,E09000030
10036,E14 9EB,E01032782,51.502014,-0.024738,E09000030
10037,E14 9ED,E01032782,51.501773,-0.022155,E09000030
10038,E14 9EE,E01035694,51.513198,-0.028275,E09000030
10039,E14 9EF,E01035694,51.513198,-0.028275,E09000030
10040,E14 9EG,E01032782,51.502014,-0.024738,E09000030
10041,E14 9EH,E01032779,51.505929,-0.006311,E09000030
10042,E14 9EJ,E01032782,51.501773,-0.022155,E09000030
10043,E14 9EL,E01004219,51.508217,-0.00918,E09000030
10044,E14 9EN,E01032780,51.499961,-0.012335,E09000030
10045,E14 9EP,E01035704,51.496839,-0.015425,E09000030
10046,E14 9EQ,E01035704,51.497172,-0.01492,E09000030
10047,E14 9ER,E01035704,51.497298,-0.014439,E09000030
10048,E14 9ES,E01032780,51.499975,-0.013718,E09000030
10049,E14 9ET,E01035706,51.496646,-0.014655,E09000030
10050,E14 9EU,E01035704,51.496315,-0.015332,E09000030
10051,E14 9EW,E01032770,51.498726,-0.019607,E09000030
10052,E14 9EX,E01004219,51.508217,-0.00918,E09000030
10053,E14 9EY,E01035704,51.496837,-0.015857,E09000030
10054,E14 9EZ,E01032770,51.498832,-0.021072,E09000030
10055,E14 9FA,E01035704,51.49664,-0.015894,E09000030
10056,E14 9FB,E01035704,51.496856,-0.015914,E09000030
10057,E14 9FD,E01035704,51.496641,-0.014929,E09000030
10058,E14 9FE,E01032780,51.500559,-0.012612,E09000030
10059,E14 9FF,E01032780,51.500652,-0.013328,E09000030
10060,E14 9FG,E01035703,51.49724,-0.015753,E09000030
10061,E14 9FH,E01035706,51.495511,-0.015598,E09000030
10062,E14 9FJ,E01032780,51.500566,-0.011459,E09000030
10063,E14 9FL,E01035699,51.498075,-0.019419,E09000030
10064,E14 9FN,E01032776,51.507198,-0.005867,E09000030
10065,E14 9FP,E01035706,51.496646,-0.014655,E09000030
10066,E14 9FQ,E01035698,51.498268,-0.018575,E09000030
10067,E14 9FR,E01032782,51.502736,-0.025428,E09000030
10068,E14 9FS,E01035704,51.496793,-0.01485,E09000030
10069,E14 9FT,E01035703,51.49724,-0.015753,E09000030
10070,E14 9FU,E01004221,51.504613,-0.007205,E09000030
10071,E14 9FW,E01032780,51.499883,-0.011993,E09000030
10072,E14 9FX,E01032776,51.507198,-0.005867,E09000030
10073,E14 9FY,E01032782,51.502736,-0.025428,E09000030
10074,E14 9FZ,E01035699,51.49808,-0.019174,E09000030
10075,E14 9GA,E01004274,51.491417,-0.022949,E09000030
10076,E14 9GB,E01032777,51.50979,-0.001762,E09000030
10077,E14 9GD,E01032780,51.502472,-0.014041,E09000030
10078,E14 9GE,E01035703,51.498848,-0.014574,E09000030
10079,E14 9GF,E01032777,51.50979,-0.001762,E09000030
10080,E14 9GG,E01032780,51.502111,-0.015037,E09000030
10081,E14 9GH,E01035706,51.495954,-0.01578,E09000030
10082,E14 9GJ,E01035706,51.49575,-0.015904,E09000030
10083,E14 9GL,E01035706,51.494888,-0.014933,E09000030
10084,E14 9GN,E01032777,51.509742,-0.001029,E09000030
10085,E14 9GP,E01032777,51.509742,-0.001029,E09000030
10086,E14 9GQ,E01035703,51.4994,-0.015875,E09000030
10087,E14 9GR,E01035706,51.494311,-0.015938,E09000030
10088,E14 9GS,E01004274,51.500825,-0.018767,E09000030
10089,E14 9GT,E01035702,51.509848,-0.000376,E09000030
10090,E14 9GU,E01032782,51.502736,-0.025428,E09000030
10091,E14 9GW,E01035702,51.509848,-0.000376,E09000030
10092,E14 9GX,E01032771,51.500961,-0.017234,E09000030
10093,E14 9GY,E01035706,51.495745,-0.016149,E09000030
10094,E14 9GZ,E01035704,51.496641,-0.014929,E09000030
10095,E14 9HA,E01032772,51.500066,-0.018051,E09000030
10096,E14 9HB,E01035698,51.498332,-0.018126,E09000030
10097,E14 9HD,E01032772,51.500066,-0.018051,E09000030
10098,E14 9HE,E01035703,51.498108,-0.014433,E09000030
10099,E14 9HF,E01035703,51.498187,-0.01538,E09000030
10100,E14 9HG,E01032772,51.500066,-0.018051,E09000030
10101,E14 9HH,E01032771,51.500825,-0.018767,E09000030
10102,E14 9HJ,E01032772,51.500066,-0.018051,E09000030
10103,E14 9HL,E01032772,51.500066,-0.018051,E09000030
10104,E14 9HN,E01032771,51.499803,-0.017342,E09000030
10105,E14 9HP,E01032771,51.499803,-0.017342,E09000030
10106,E14 9HQ,E01032771,51.499803,-0.017342,E09000030
10107,E14 9HR,E01032771,51.499803,-0.017342,E09000030
10108,E14 9HS,E01032768,51.511024,-0.038054,E09000030
10109,E14 9HT,E01035699,51.497492,-0.021102,E09000030
10110,E14 9HU,E01035699,51.497563,-0.019456,E09000030
10111,E14 9HW,E01035698,51.498332,-0.018126,E09000030
10112,E14 9HX,E01035699,51.497588,-0.01934,E09000030
10113,E14 9HY,E01035699,51.497605,-0.019238,E09000030
10114,E14 9HZ,E01035699,51.497371,-0.020343,E09000030
10115,E14 9JA,E01032776,51.506981,-0.004709,E09000030
10116,E14 9JB,E01032776,51.506981,-0.004709,E09000030
10117,E14 9JD,E01032776,51.506981,-0.004709,E09000030
10118,E14 9JE,E01035698,51.499159,-0.019171,E09000030
10119,E14 9JF,E01032782,51.501477,-0.022744,E09000030
10120,E14 9JG,E01035699,51.497861,-0.020596,E09000030
10121,E14 9JH,E01035699,51.497861,-0.020596,E09000030
10122,E14 9JJ,E01035699,51.497861,-0.020596,E09000030
10123,E14 9JL,E01035699,51.497861,-0.020596,E09000030
10124,E14 9JN,E01035699,51.497861,-0.020596,E09000030
10125,E14 9JP,E01035699,51.497799,-0.019561,E09000030
10126,E14 9JQ,E01032782,51.502736,-0.025428,E09000030
10127,E14 9JR,E01032771,51.500579,-0.017539,E09000030
10128,E14 9JS,E01035699,51.497667,-0.019235,E09000030
10129,E14 9JT,E01035699,51.497738,-0.019146,E09000030
10130,E14 9JU,E01035699,51.497738,-0.019146,E09000030
10131,E14 9JW,E01035699,51.497622,-0.019727,E09000030
10132,E14 9JX,E01032780,51.502472,-0.014041,E09000030
10133,E14 9JY,E01035703,51.498205,-0.01538,E09000030
10134,E14 9JZ,E01032777,51.509203,-0.004252,E09000030
10135,E14 9LA,E01035706,51.495524,-0.015885,E09000030
10136,E14 9LB,E01032770,51.497421,-0.022214,E09000030
10137,E14 9LD,E01032770,51.49737,-0.021885,E09000030
10138,E14 9LE,E01032782,51.501477,-0.022744,E09000030
10139,E14 9LF,E01032774,51.497473,-0.021549,E09000030
10140,E14 9LG,E01032774,51.497327,-0.021455,E09000030
10141,E14 9LH,E01032770,51.497842,-0.021576,E09000030
10142,E14 9LJ,E01032770,51.497843,-0.022153,E09000030
10143,E14 9LL,E01032770,51.49841,-0.022229,E09000030
10144,E14 9LN,E01032770,51.498409,-0.021581,E09000030
10145,E14 9LP,E01032770,51.497719,-0.022288,E09000030
10146,E14 9LQ,E01032770,51.498664,-0.021786,E09000030
10147,E14 9LR,E01032770,51.498664,-0.021786,E09000030
10148,E14 9LS,E01035704,51.497677,-0.013429,E09000030
10149,E14 9LT,E01032771,51.501432,-0.019029,E09000030
10150,E14 9LU,E01035704,51.497677,-0.013429,E09000030
10151,E14 9LW,E01032771,51.500961,-0.017234,E09000030
10152,E14 9LX,E01032780,51.502111,-0.015037,E09000030
10153,E14 9LY,E01032780,51.500068,-0.013382,E09000030
10154,E14 9LZ,E01032780,51.499961,-0.012335,E09000030
10155,E14 9NA,E01032774,51.497785,-0.018193,E09000030
10156,E14 9NB,E01032774,51.497785,-0.018193,E09000030
10157,E14 9ND,E01032774,51.497785,-0.018193,E09000030
10158,E14 9NE,E01032774,51.497785,-0.018193,E09000030
10159,E14 9NF,E01032780,51.499852,-0.012282,E09000030
10160,E14 9NG,E01032774,51.497214,-0.017944,E09000030
10161,E14 9NH,E01032774,51.497719,-0.018052,E09000030
10162,E14 9NJ,E01032780,51.502897,-0.010464,E09000030
10163,E14 9NL,E01004221,51.503702,-0.007071,E09000030
10164,E14 9NN,E01032774,51.494694,-0.018342,E09000030
10165,E14 9NP,E01004221,51.502331,-0.008385,E09000030
10166,E14 9NQ,E01035706,51.497203,-0.013565,E09000030
10167,E14 9NR,E01032779,51.505612,-0.006195,E09000030
10168,E14 9NS,E01004221,51.502415,-0.007531,E09000030
10169,E14 9NT,E01004221,51.502208,-0.008016,E09000030
10170,E14 9NU,E01004221,51.502228,-0.007611,E09000030
10171,E14 9NW,E01004219,51.507795,-0.011331,E09000030
10172,E14 9NX,E01004221,51.502556,-0.007856,E09000030
10173,E14 9NY,E01004221,51.502884,-0.008159,E09000030
10174,E14 9NZ,E01032779,51.505478,-0.006273,E09000030
10175,E14 9PA,E01032779,51.505738,-0.005167,E09000030
10176,E14 9PB,E01032779,51.505738,-0.005167,E09000030
10177,E14 9PD,E01032772,51.499549,-0.019341,E09000030
10178,E14 9PE,E01032780,51.507121,-0.007138,E09000030
10179,E14 9PF,E01032776,51.506197,-0.00519,E09000030
10180,E14 9PG,E01032782,51.502736,-0.025428,E09000030
10181,E14 9PH,E01032780,51.499961,-0.012335,E09000030
10182,E14 9PJ,E01032776,51.506197,-0.00519,E09000030
10183,E14 9PL,E01032779,51.506292,-0.004379,E09000030
10184,E14 9PN,E01004219,51.511044,-0.008869,E09000030
10185,E14 9PP,E01004219,51.511137,-0.007986,E09000030
10186,E14 9PQ,E01032776,51.506857,-0.004297,E09000030
10187,E14 9PR,E01032782,51.502736,-0.025428,E09000030
10188,E14 9PS,E01032777,51.509083,-0.004617,E09000030
10189,E14 9PT,E01032780,51.503381,-0.008829,E09000030
10190,E14 9PU,E01032777,51.508948,-0.005127,E09000030
10191,E14 9PW,E01032779,51.506292,-0.004379,E09000030
10192,E14 9PX,E01032779,51.506292,-0.004379,E09000030
10193,E14 9PY,E01032780,51.503284,-0.009424,E09000030
10194,E14 9PZ,E01032780,51.502894,-0.009758,E09000030
10195,E14 9QA,E01032771,51.500961,-0.017234,E09000030
10196,E14 9QB,E01032780,51.507425,-0.007024,E09000030
10197,E14 9QD,E01035706,51.495841,-0.014906,E09000030
10198,E14 9QE,E01004219,51.508524,-0.00663,E09000030
10199,E14 9QF,E01032772,51.499311,-0.019121,E09000030
10200,E14 9QG,E01032780,51.502181,-0.013362,E09000030
10201,E14 9QH,E01032780,51.501966,-0.009698,E09000030
10202,E14 9QJ,E01032779,51.506292,-0.004379,E09000030
10203,E14 9QL,E01032780,51.502181,-0.013362,E09000030
10204,E14 9QN,E01032777,51.509429,-0.002181,E09000030
10205,E14 9QP,E01032780,51.505007,-0.00762,E09000030
10206,E14 9QQ,E01032780,51.504616,-0.008458,E09000030
10207,E14 9QR,E01032780,51.50591,-0.006773,E09000030
10208,E14 9QS,E01035702,51.510125,0.000213,E09000030
10209,E14 9QT,E01032776,51.506406,-0.005815,E09000030
10210,E14 9QU,E01032776,51.506281,-0.005892,E09000030
10211,E14 9QW,E01032780,51.504104,-0.008466,E09000030
10212,E14 9QX,E01032779,51.505813,-0.005855,E09000030
10213,E14 9QY,E01032780,51.502472,-0.014041,E09000030
10214,E14 9QZ,E01032780,51.506474,-0.007167,E09000030
10215,E14 9RA,E01032771,51.500961,-0.017234,E09000030
10216,E14 9RB,E01035706,51.496343,-0.016426,E09000030
10217,E14 9RD,E01035706,51.496018,-0.015849,E09000030
10218,E14 9RE,E01035706,51.49604,-0.01556,E09000030
10219,E14 9RF,E01032779,51.505813,-0.005855,E09000030
10220,E14 9RG,E01032779,51.505039,-0.006855,E09000030
10221,E14 9RH,E01035704,51.497198,-0.014357,E09000030
10222,E14 9RJ,E01032771,51.500961,-0.017234,E09000030
10223,E14 9RL,E01004219,51.508085,-0.009906,E09000030
10224,E14 9RN,E01004221,51.50412,-0.007284,E09000030
10225,E14 9RP,E01032774,51.49639,-0.01762,E09000030
10226,E14 9RQ,E01032779,51.504534,-0.006271,E09000030
10227,E14 9RR,E01032771,51.500976,-0.018645,E09000030
10228,E14 9RS,E01032780,51.502181,-0.013362,E09000030
10229,E14 9RT,E01032771,51.501432,-0.019029,E09000030
10230,E14 9RU,E01032771,51.501291,-0.018142,E09000030
10231,E14 9RW,E01032771,51.500961,-0.017234,E09000030
10232,E14 9RX,E01032779,51.505446,-0.006462,E09000030
10233,E14 9RY,E01032777,51.509395,-0.00652,E09000030
10234,E14 9RZ,E01032771,51.501291,-0.018142,E09000030
10235,E14 9SA,E01032779,51.505413,-0.00668,E09000030
10236,E14 9SB,E01032780,51.502111,-0.015037,E09000030
10237,E14 9SD,E01032780,51.499832,-0.011116,E09000030
10238,E14 9SE,E01032780,51.500068,-0.013382,E09000030
10239,E14 9SF,E01032780,51.50168,-0.009768,E09000030
10240,E14 9SG,E01032780,51.500729,-0.014146,E09000030
10241,E14 9SH,E01032771,51.500547,-0.017237,E09000030
10242,E14 9SJ,E01032782,51.501865,-0.023362,E09000030
10243,E14 9SL,E01032771,51.499982,-0.017824,E09000030
10244,E14 9SN,E01032771,51.501485,-0.020064,E09000030
10245,E14 9SP,E01032771,51.501177,-0.019371,E09000030
10246,E14 9SQ,E01032780,51.502111,-0.015037,E09000030
10247,E14 9SR,E01032771,51.500989,-0.01729,E09000030
10248,E14 9SS,E01035703,51.497722,-0.015545,E09000030
10249,E14 9ST,E01004221,51.50094,-0.008546,E09000030
10250,E14 9SU,E01032779,51.505383,-0.007012,E09000030
10251,E14 9SW,E01032779,51.500825,-0.018767,E09000030
10252,E14 9SX,E01004219,51.508055,-0.011334,E09000030
10253,E14 9SY,E01032780,51.501734,-0.009232,E09000030
10254,E14 9SZ,E01032774,51.496789,-0.018337,E09000030
10255,E14 9TA,E01035703,51.497722,-0.015545,E09000030
10256,E14 9TB,E01032782,51.502736,-0.025428,E09000030
10257,E14 9TD,E01032774,51.496312,-0.018848,E09000030
10258,E14 9TE,E01035698,51.4986,-0.018014,E09000030
10259,E14 9TF,E01004219,51.507877,-0.011414,E09000030
10260,E14 9TG,E01035706,51.495511,-0.015598,E09000030
10261,E14 9TH,E01032780,51.502897,-0.010464,E09000030
10262,E14 9TJ,E01032780,51.502606,-0.009771,E09000030
10263,E14 9TL,E01035706,51.496157,-0.016592,E09000030
10264,E14 9TN,E01032782,51.502736,-0.025428,E09000030
10265,E14 9TP,E01032771,51.500761,-0.021392,E09000030
10266,E14 9TQ,E01035703,51.499508,-0.014271,E09000030
10267,E14 9TR,E01032774,51.496851,-0.01881,E09000030
10268,E14 9TS,E01004221,51.499196,-0.01283,E09000030
10269,E14 9TT,E01032771,51.500961,-0.017234,E09000030
10270,E14 9TU,E01035699,51.497687,-0.020373,E09000030
10271,E14 9TW,E01032780,51.500068,-0.013382,E09000030
10272,E14 9TX,E01035698,51.498336,-0.017838,E09000030
10273,E14 9TY,E01032772,51.499534,-0.019558,E09000030
10274,E14 9TZ,E01032782,51.501477,-0.022744,E09000030
10275,E14 9UA,E01032772,51.499311,-0.019121,E09000030
10276,E14 9UB,E01032771,51.499498,-0.021649,E09000030
10277,E14 9UD,E01032771,51.501756,-0.021147,E09000030
10278,E14 9UE,E01035703,51.497722,-0.015545,E09000030
10279,E14 9UF,E01032771,51.501663,-0.020964,E09000030
10280,E14 9UG,E01032771,51.501704,-0.020746,E09000030
10281,E14 9UH,E01032771,51.501572,-0.020392,E09000030
10282,E14 9UJ,E01032771,51.501516,-0.020264,E09000030
10283,E14 9UL,E01004281,51.491141,-0.016695,E09000030
10284,E14 9UN,E01004281,51.492187,-0.017961,E09000030
10285,E14 9UP,E01004281,51.491941,-0.016185,E09000030
10286,E14 9UQ,E01032771,51.501656,-0.020575,E09000030
10287,E14 9UR,E01004281,51.491999,-0.016932,E09000030
10288,E14 9US,E01004275,51.489878,-0.014906,E09000030
10289,E14 9UT,E01004281,51.491551,-0.01757,E09000030
10290,E14 9UU,E01004281,51.493113,-0.020081,E09000030
10291,E14 9UW,E01004281,51.492406,-0.015473,E09000030
10292,E14 9UX,E01004281,51.490728,-0.018341,E09000030
10293,E14 9UY,E01004281,51.492847,-0.0192,E09000030
10294,E14 9UZ,E01004281,51.492313,-0.019554,E09000030
10295,E14 9WA,E01032783,51.493315,-0.022983,E09000030
10296,E14 9WB,E01032783,51.49338,-0.024175,E09000030
10297,E14 9WD,E01032783,51.492463,-0.023624,E09000030
10298,E14 9WE,E01032783,51.492814,-0.023105,E09000030
10299,E14 9WF,E01032783,51.492516,-0.023046,E09000030
10300,E14 9WG,E01004274,51.491823,-0.022457,E09000030
10301,E14 9WH,E01004281,51.492259,-0.021703,E09000030
10302,E14 9WJ,E01004281,51.492259,-0.021703,E09000030
10303,E14 9WL,E01004281,51.49271,-0.021222,E09000030
10304,E14 9WN,E01004274,51.491563,-0.021474,E09000030
10305,E14 9WP,E01004274,51.492083,-0.02135,E09000030
10306,E14 9WQ,E01004281,51.492322,-0.022233,E09000030
10307,E14 9WR,E01004274,51.491825,-0.020987,E09000030
10308,E14 9WS,E01032771,51.500961,-0.017234,E09000030
10309,E14 9WT,E01032772,51.499927,-0.020449,E09000030
10310,E14 9WU,E01004274,51.491152,-0.021117,E09000030
10311,E14 9WW,E01004274,51.491472,-0.02191,E09000030
10312,E14 9WX,E01032772,51.499331,-0.02082,E09000030
10313,E14 9WY,E01032783,51.492959,-0.022119,E09000030
10314,E14 9WZ,E01004281,51.493163,-0.021433,E09000030
10315,E14 9XA,E01004281,51.491289,-0.02016,E09000030
10316,E14 9XB,E01004281,51.492125,-0.019591,E09000030
10317,E14 9XD,E01004281,51.491598,-0.018735,E09000030
10318,E14 9XE,E01004281,51.492286,-0.019022,E09000030
10319,E14 9XF,E01032771,51.500825,-0.018767,E09000030
10320,E14 9XG,E01032771,51.501791,-0.021636,E09000030
10321,E14 9XH,E01032774,51.497244,-0.018649,E09000030
10322,E14 9XJ,E01032782,51.501477,-0.022744,E09000030
10323,E14 9XL,E01032771,51.501148,-0.020324,E09000030
10324,E14 9XN,E01035704,51.497298,-0.014439,E09000030
10325,E14 9XP,E01035698,51.498627,-0.018041,E09000030
10326,E14 9XQ,E01032771,51.501295,-0.021038,E09000030
10327,E14 9XR,E01032774,51.497231,-0.018404,E09000030
10328,E14 9XS,E01032772,51.499528,-0.020797,E09000030
10329,E14 9XT,E01004219,51.508219,-0.011442,E09000030
10330,E14 9XU,E01032780,51.502015,-0.013082,E09000030
10331,E14 9XW,E01032771,51.501344,-0.021814,E09000030
10332,E14 9XX,E01004219,51.507993,-0.011366,E09000030
10333,E14 9XY,E01032772,51.499528,-0.020797,E09000030
10334,E14 9XZ,E01032782,51.502736,-0.025428,E09000030
10335,E14 9YA,E01004281,51.490479,-0.020671,E09000030
10336,E14 9YB,E01004274,51.490135,-0.021579,E09000030
10337,E14 9YD,E01004274,51.490735,-0.021985,E09000030
10338,E14 9YE,E01032771,51.500768,-0.018597,E09000030
10339,E14 9YF,E01035703,51.497722,-0.015545,E09000030
10340,E14 9YG,E01032780,51.500472,-0.01067,E09000030
10341,E14 9YH,E01032780,51.502187,-0.009976,E09000030
10342,E14 9YJ,E01004221,51.500679,-0.010128,E09000030
10343,E14 9YL,E01032780,51.502181,-0.013362,E09000030
10344,E14 9YN,E01032772,51.499428,-0.020153,E09000030
10345,E14 9YP,E01004277,51.502316,-0.026094,E09000030
10346,E14 9YQ,E01004221,51.500168,-0.010251,E09000030
10347,E14 9YR,E01032771,51.501286,-0.021038,E09000030
10348,E14 9YS,E01032771,51.501286,-0.021038,E09000030
10349,E14 9YT,E01032780,51.499965,-0.013099,E09000030
10350,E14 9YU,E01035694,51.513162,-0.028291,E09000030
10351,E14 9YW,E01004277,51.502316,-0.026094,E09000030
10352,E14 9YX,E01032772,51.499562,-0.019038,E09000030
10353,E14 9YY,E01004219,51.511149,-0.006054,E09000030
10354,E14 9YZ,E01032771,51.500446,-0.021852,E09000030
10355,E14 9ZA,E01032772,51.499311,-0.019121,E09000030
10356,E14 9ZB,E01032771,51.500825,-0.018767,E09000030
10357,E14 9ZD,E01032782,51.501477,-0.022744,E09000030
10358,E14 9ZE,E01032772,51.499547,-0.01924,E09000030
10359,E14 9ZF,E01032772,51.4996,-0.020218,E09000030
10360,E14 9ZG,E01032771,51.500446,-0.021852,E09000030
10361,E14 9ZH,E01032780,51.499975,-0.013718,E09000030
10362,E14 9ZJ,E01035703,51.497722,-0.015545,E09000030
10363,E14 9ZN,E01032780,51.500068,-0.013382,E09000030
10364,E14 9ZP,E01032772,51.499534,-0.019558,E09000030
10365,E14 9ZQ,E01032780,51.50168,-0.009768,E09000030
10366,E14 9ZR,E01032780,51.503257,-0.010477,E09000030
10367,E14 9ZS,E01032771,51.500961,-0.017234,E09000030
10368,E14 9ZT,E01004281,51.491133,-0.015687,E09000030
10369,E14 9ZU,E01035706,51.496157,-0.016592,E09000030
10370,E14 9ZW,E01032780,51.502472,-0.014041,E09000030
10371,E14 9ZX,E01032772,51.499311,-0.019121,E09000030
10372,E14 9ZY,E01032780,51.50168,-0.009768,E09000030
10373,E14 9ZZ,E01035706,51.496157,-0.016592,E09000030
10789,E15 2DU,E01035657,51.542281,-0.01923,E09000030
10793,E15 2DZ,E01035657,51.540747,-0.019441,E09000030
10795,E15 2EB,E01035657,51.543074,-0.017739,E09000030
10796,E15 2ED,E01035657,51.543174,-0.017259,E09000030
10856,E15 2HD,E01035657,51.54322,-0.020531,E09000030
10859,E15 2HG,E01035657,51.543363,-0.020496,E09000030
12034,E16 1JY,E01035694,51.513198,-0.028275,E09000030
12120,E16 1RF,E01035694,51.513198,-0.028275,E09000030
12121,E16 1RG,E01035694,51.513198,-0.028275,E09000030
12123,E16 1RJ,E01035694,51.513198,-0.028275,E09000030
12126,E16 1RP,E01035694,51.513198,-0.028275,E09000030
12133,E16 1RX,E01035694,51.513198,-0.028275,E09000030
12134,E16 1RY,E01035694,51.513198,-0.028275,E09000030
12194,E16 1UY,E01035694,51.513198,-0.028275,E09000030
12195,E16 1UZ,E01035694,51.513198,-0.028275,E09000030
12197,E16 1WB,E01035694,51.513198,-0.028275,E09000030
12198,E16 1WD,E01035694,51.513198,-0.028275,E09000030
12199,E16 1WE,E01035694,51.513198,-0.028275,E09000030
12201,E16 1WG,E01035694,51.513198,-0.028275,E09000030
12202,E16 1WH,E01035694,51.513198,-0.028275,E09000030
12203,E16 1WJ,E01035694,51.513198,-0.028275,E09000030
12204,E16 1WL,E01035694,51.513198,-0.028275,E09000030
12205,E16 1WN,E01035694,51.513198,-0.028275,E09000030
12206,E16 1WP,E01035694,51.513198,-0.028275,E09000030
12207,E16 1WQ,E01035694,51.513198,-0.028275,E09000030
12209,E16 1WS,E01035694,51.513198,-0.028275,E09000030
12211,E16 1WU,E01035694,51.513198,-0.028275,E09000030
12212,E16 1WW,E01035694,51.513198,-0.028275,E09000030
12213,E16 1WX,E01035694,51.513198,-0.028275,E09000030
12214,E16 1WY,E01035694,51.513198,-0.028275,E09000030
12216,E16 1XA,E01035694,51.513198,-0.028275,E09000030
12227,E16 1XQ,E01035694,51.513198,-0.028275,E09000030
12228,E16 1XR,E01035694,51.513198,-0.028275,E09000030
12230,E16 1XT,E01035694,51.513198,-0.028275,E09000030
12231,E16 1XU,E01035694,51.513198,-0.028275,E09000030
12232,E16 1XW,E01035694,51.513198,-0.028275,E09000030
12236,E16 1YB,E01035694,51.513198,-0.028275,E09000030
12239,E16 1YF,E01035694,51.513198,-0.028275,E09000030
12246,E16 1YQ,E01035694,51.513198,-0.028275,E09000030
12334,E16 2EU,E01035694,51.513198,-0.028275,E09000030
12451,E16 2NR,E01035694,51.513198,-0.028275,E09000030
12453,E16 2NT,E01035694,51.513198,-0.028275,E09000030
12570,E16 2UR,E01035694,51.513198,-0.028275,E09000030
12571,E16 2US,E01035694,51.513198,-0.028275,E09000030
12572,E16 2UT,E01035694,51.513198,-0.028275,E09000030
12573,E16 2UU,E01035694,51.513198,-0.028275,E09000030
12574,E16 2UW,E01035694,51.513198,-0.028275,E09000030
12577,E16 2UZ,E01035694,51.513198,-0.028275,E09000030
12578,E16 2WA,E01035694,51.513198,-0.028275,E09000030
12579,E16 2WB,E01035694,51.513198,-0.028275,E09000030
12580,E16 2WD,E01035694,51.513198,-0.028275,E09000030
12581,E16 2WE,E01035694,51.513198,-0.028275,E09000030
12582,E16 2WF,E01035694,51.513198,-0.028275,E09000030
12583,E16 2WG,E01035694,51.513198,-0.028275,E09000030
12584,E16 2WH,E01035694,51.513198,-0.028275,E09000030
12585,E16 2WJ,E01035694,51.513198,-0.028275,E09000030
12586,E16 2WL,E01035694,51.513198,-0.028275,E09000030
12587,E16 2WN,E01035694,51.513198,-0.028275,E09000030
12588,E16 2WP,E01035694,51.513198,-0.028275,E09000030
12589,E16 2WQ,E01035694,51.513198,-0.028275,E09000030
12590,E16 2WR,E01035694,51.513198,-0.028275,E09000030
12591,E16 2WS,E01035694,51.513198,-0.028275,E09000030
12592,E16 2WT,E01035694,51.513198,-0.028275,E09000030
12593,E16 2WU,E01035694,51.513198,-0.028275,E09000030
12594,E16 2WW,E01035694,51.513198,-0.028275,E09000030
12595,E16 2WX,E01035694,51.513198,-0.028275,E09000030
12596,E16 2WY,E01035694,51.513198,-0.028275,E09000030
12597,E16 2WZ,E01035694,51.513198,-0.028275,E09000030
12598,E16 2XA,E01035694,51.513198,-0.028275,E09000030
12599,E16 2XB,E01035694,51.513198,-0.028275,E09000030
12609,E16 2XQ,E01035694,51.513198,-0.028275,E09000030
12679,E16 3BH,E01035694,51.513198,-0.028275,E09000030
12717,E16 3EP,E01035694,51.513198,-0.028275,E09000030
12724,E16 3FB,E01035694,51.513198,-0.028275,E09000030
12725,E16 3FD,E01035694,51.513198,-0.028275,E09000030
12727,E16 3FH,E01035694,51.513198,-0.028275,E09000030
12728,E16 3FJ,E01035694,51.513198,-0.028275,E09000030
12729,E16 3FL,E01035694,51.513198,-0.028275,E09000030
12730,E16 3FN,E01035694,51.513198,-0.028275,E09000030
12731,E16 3FP,E01035694,51.513198,-0.028275,E09000030
12732,E16 3FR,E01035694,51.513198,-0.028275,E09000030
12733,E16 3FS,E01035694,51.513198,-0.028275,E09000030
12736,E16 3FX,E01035694,51.513198,-0.028275,E09000030
12915,E16 3UH,E01035694,51.513198,-0.028275,E09000030
12916,E16 3UJ,E01035694,51.513198,-0.028275,E09000030
12918,E16 3UN,E01035694,51.513198,-0.028275,E09000030
12927,E16 3UZ,E01035694,51.513198,-0.028275,E09000030
12928,E16 3WA,E01004322,51.519027,-0.058048,E09000030
12929,E16 3WB,E01035694,51.513198,-0.028275,E09000030
12930,E16 3WD,E01035694,51.513198,-0.028275,E09000030
12931,E16 3WE,E01004322,51.519027,-0.058048,E09000030
12932,E16 3WF,E01035694,51.513198,-0.028275,E09000030
12933,E16 3WG,E01004322,51.519027,-0.058048,E09000030
12934,E16 3WH,E01035694,51.513198,-0.028275,E09000030
12935,E16 3WJ,E01035694,51.513198,-0.028275,E09000030
12936,E16 3WN,E01035694,51.513198,-0.028275,E09000030
12937,E16 3WP,E01035694,51.513198,-0.028275,E09000030
12938,E16 3WQ,E01035694,51.513198,-0.028275,E09000030
12939,E16 3WR,E01035694,51.513198,-0.028275,E09000030
12940,E16 3WS,E01035694,51.513198,-0.028275,E09000030
12941,E16 3WT,E01035694,51.513198,-0.028275,E09000030
12942,E16 3WU,E01035694,51.513198,-0.028275,E09000030
12943,E16 3WW,E01035694,51.513198,-0.028275,E09000030
12944,E16 3WX,E01035694,51.513198,-0.028275,E09000030
12946,E16 3WZ,E01035694,51.513198,-0.028275,E09000030
12947,E16 3XA,E01035694,51.513198,-0.028275,E09000030
12948,E16 3XB,E01035694,51.513198,-0.028275,E09000030
12949,E16 3XD,E01035694,51.513198,-0.028275,E09000030
12950,E16 3XS,E01035694,51.513198,-0.028275,E09000030
12951,E16 3XT,E01035694,51.513198,-0.028275,E09000030
12952,E16 3XU,E01035694,51.513198,-0.028275,E09000030
12953,E16 3XW,E01035694,51.513198,-0.028275,E09000030
12954,E16 3XX,E01035694,51.513198,-0.028275,E09000030
12955,E16 3XY,E01035694,51.513198,-0.028275,E09000030
12956,E16 3XZ,E01035694,51.513198,-0.028275,E09000030
12957,E16 3YQ,E01035694,51.513198,-0.028275,E09000030
12958,E16 3YT,E01004322,51.519027,-0.058048,E09000030
12959,E16 3ZR,E01004322,51.519027,-0.058048,E09000030
13031,E16 4FY,E01035694,51.513198,-0.028275,E09000030
13168,E16 4TN,E01035694,51.513198,-0.028275,E09000030
13169,E16 4TP,E01035694,51.513198,-0.028275,E09000030
13171,E16 4TR,E01035694,51.513198,-0.028275,E09000030
13172,E16 4TS,E01035694,51.513198,-0.028275,E09000030
13178,E16 4TZ,E01035694,51.513198,-0.028275,E09000030
13181,E16 4UD,E01035694,51.513198,-0.028275,E09000030
13182,E16 4UE,E01035694,51.513198,-0.028275,E09000030
13183,E16 4UF,E01035694,51.513198,-0.028275,E09000030
13185,E16 4UH,E01035694,51.513198,-0.028275,E09000030
13186,E16 4UP,E01035694,51.513198,-0.028275,E09000030
13187,E16 4UQ,E01035694,51.513198,-0.028275,E09000030
13188,E16 4WA,E01035694,51.513198,-0.028275,E09000030
13190,E16 4WD,E01035694,51.513198,-0.028275,E09000030
13191,E16 4WE,E01035694,51.513198,-0.028275,E09000030
13192,E16 4WF,E01035694,51.513198,-0.028275,E09000030
13193,E16 4WG,E01035694,51.513198,-0.028275,E09000030
13194,E16 4WH,E01035694,51.513198,-0.028275,E09000030
13195,E16 4WL,E01035694,51.513198,-0.028275,E09000030
13196,E16 4WQ,E01035694,51.513198,-0.028275,E09000030
13197,E16 4WU,E01035694,51.513198,-0.028275,E09000030
13198,E16 4WW,E01035694,51.513198,-0.028275,E09000030
13199,E16 4WX,E01035694,51.513198,-0.028275,E09000030
13200,E16 4WY,E01035694,51.513198,-0.028275,E09000030
13201,E16 4WZ,E01035694,51.513198,-0.028275,E09000030
16764,E1W 1AA,E01004293,51.506797,-0.072777,E09000030
16765,E1W 1AB,E01004293,51.508042,-0.069194,E09000030
16766,E1W 1AD,E01004293,51.508042,-0.069194,E09000030
16767,E1W 1AE,E01035697,51.508272,-0.069487,E09000030
16768,E1W 1AF,E01035697,51.508272,-0.069487,E09000030
16769,E1W 1AG,E01035697,51.508202,-0.070124,E09000030
16770,E1W 1AH,E01004293,51.508131,-0.070732,E09000030
16771,E1W 1AJ,E01004293,51.508131,-0.070732,E09000030
16772,E1W 1AL,E01004322,51.519027,-0.058048,E09000030
16773,E1W 1AN,E01004293,51.508645,-0.073564,E09000030
16774,E1W 1AP,E01035697,51.508598,-0.070713,E09000030
16775,E1W 1AQ,E01035697,51.508202,-0.070124,E09000030
16776,E1W 1AR,E01004293,51.507873,-0.068726,E09000030
16777,E1W 1AS,E01004293,51.507601,-0.068622,E09000030
16778,E1W 1AT,E01004293,51.507265,-0.071706,E09000030
16779,E1W 1AU,E01004293,51.507459,-0.068729,E09000030
16780,E1W 1AW,E01035697,51.508867,-0.069015,E09000030
16781,E1W 1AX,E01004293,51.508281,-0.072225,E09000030
16782,E1W 1AY,E01004293,51.508009,-0.073706,E09000030
16783,E1W 1AZ,E01004293,51.508103,-0.071786,E09000030
16784,E1W 1BA,E01004293,51.50852,-0.073079,E09000030
16785,E1W 1BB,E01004293,51.507625,-0.067886,E09000030
16786,E1W 1BD,E01004293,51.506268,-0.070119,E09000030
16787,E1W 1BE,E01004293,51.50516,-0.069979,E09000030
16788,E1W 1BF,E01004293,51.508103,-0.071786,E09000030
16789,E1W 1BG,E01004291,51.503466,-0.063264,E09000030
16790,E1W 1BH,E01004293,51.504972,-0.067321,E09000030
16791,E1W 1BJ,E01004293,51.504972,-0.067321,E09000030
16792,E1W 1BL,E01004293,51.50732,-0.071199,E09000030
16793,E1W 1BN,E01004293,51.50732,-0.071199,E09000030
16794,E1W 1BP,E01004293,51.50732,-0.071199,E09000030
16795,E1W 1BQ,E01004293,51.50576,-0.067662,E09000030
16796,E1W 1BS,E01004293,51.508018,-0.070435,E09000030
16797,E1W 1BT,E01004293,51.508281,-0.072225,E09000030
16798,E1W 1BW,E01004293,51.50732,-0.071199,E09000030
16799,E1W 1BX,E01035697,51.509079,-0.068271,E09000030
16800,E1W 1DD,E01004293,51.508645,-0.073564,E09000030
16801,E1W 1DS,E01004322,51.519027,-0.058048,E09000030
16802,E1W 1DT,E01004322,51.519027,-0.058048,E09000030
16803,E1W 1FR,E01004293,51.505699,-0.06778,E09000030
16804,E1W 1FY,E01004322,51.519027,-0.058048,E09000030
16805,E1W 1GE,E01004322,51.519027,-0.058048,E09000030
16806,E1W 1GL,E01004322,51.519027,-0.058048,E09000030
16807,E1W 1GN,E01004322,51.519027,-0.058048,E09000030
16808,E1W 1GP,E01004322,51.519027,-0.058048,E09000030
16809,E1W 1GR,E01004293,51.506319,-0.068287,E09000030
16810,E1W 1GS,E01004322,51.519027,-0.058048,E09000030
16811,E1W 1GT,E01004293,51.505647,-0.067883,E09000030
16812,E1W 1GU,E01004322,51.519027,-0.058048,E09000030
16813,E1W 1GW,E01004322,51.519027,-0.058048,E09000030
16814,E1W 1GX,E01004322,51.519027,-0.058048,E09000030
16815,E1W 1JP,E01004293,51.50609,-0.071309,E09000030
16816,E1W 1JR,E01004293,51.506139,-0.071566,E09000030
16817,E1W 1JS,E01004293,51.505647,-0.067883,E09000030
16818,E1W 1JT,E01004293,51.506139,-0.071566,E09000030
16819,E1W 1JU,E01004293,51.506139,-0.071566,E09000030
16820,E1W 1JX,E01004293,51.506072,-0.071338,E09000030
16821,E1W 1JZ,E01004293,51.506139,-0.071566,E09000030
16822,E1W 1LA,E01004293,51.506379,-0.071916,E09000030
16823,E1W 1LB,E01004293,51.506072,-0.071338,E09000030
16824,E1W 1LD,E01004293,51.506502,-0.073395,E09000030
16825,E1W 1LE,E01004293,51.506502,-0.073395,E09000030
16826,E1W 1LF,E01004293,51.505328,-0.068761,E09000030
16827,E1W 1LG,E01004293,51.505328,-0.068761,E09000030
16828,E1W 1LH,E01004293,51.504888,-0.067152,E09000030
16829,E1W 1LJ,E01004322,51.519027,-0.058048,E09000030
16830,E1W 1LL,E01004293,51.506797,-0.072777,E09000030
16831,E1W 1LN,E01004293,51.505057,-0.067015,E09000030
16832,E1W 1LP,E01004293,51.506077,-0.070517,E09000030
16833,E1W 1LQ,E01004293,51.505328,-0.068761,E09000030
16834,E1W 1LR,E01004293,51.506139,-0.071566,E09000030
16835,E1W 1LS,E01004293,51.504763,-0.067171,E09000030
16836,E1W 1LT,E01004293,51.506504,-0.068078,E09000030
16837,E1W 1LU,E01004293,51.506215,-0.069084,E09000030
16838,E1W 1LW,E01004293,51.504805,-0.065916,E09000030
16839,E1W 1LX,E01004292,51.504059,-0.063757,E09000030
16840,E1W 1LY,E01004291,51.503683,-0.063845,E09000030
16841,E1W 1LZ,E01004293,51.50595,-0.069917,E09000030
16842,E1W 1NA,E01004293,51.504372,-0.06422,E09000030
16843,E1W 1NB,E01004293,51.505989,-0.070102,E09000030
16844,E1W 1ND,E01004293,51.506251,-0.069097,E09000030
16845,E1W 1NG,E01004293,51.5038,-0.064993,E09000030
16846,E1W 1NH,E01004293,51.504131,-0.064331,E09000030
16847,E1W 1NJ,E01004293,51.5042,-0.066316,E09000030
16848,E1W 1NP,E01004292,51.504053,-0.063412,E09000030
16849,E1W 1NQ,E01004293,51.504054,-0.06566,E09000030
16850,E1W 1NR,E01004292,51.504053,-0.063412,E09000030
16851,E1W 1NS,E01004293,51.504101,-0.064678,E09000030
16852,E1W 1NT,E01004293,51.50414,-0.064849,E09000030
16853,E1W 1NU,E01004293,51.504226,-0.065191,E09000030
16854,E1W 1NX,E01004293,51.504518,-0.065943,E09000030
16855,E1W 1NY,E01004293,51.504592,-0.066617,E09000030
16856,E1W 1NZ,E01004293,51.504521,-0.065035,E09000030
16857,E1W 1PH,E01004292,51.504238,-0.063188,E09000030
16858,E1W 1PN,E01004291,51.503495,-0.062312,E09000030
16859,E1W 1PW,E01004292,51.504053,-0.063412,E09000030
16860,E1W 1TW,E01004293,51.507316,-0.073692,E09000030
16861,E1W 1UA,E01004293,51.506984,-0.068259,E09000030
16862,E1W 1UB,E01004293,51.506984,-0.068259,E09000030
16863,E1W 1UE,E01004293,51.50526,-0.070076,E09000030
16864,E1W 1UF,E01004293,51.505418,-0.070948,E09000030
16865,E1W 1UG,E01004293,51.506545,-0.069459,E09000030
16866,E1W 1UH,E01004293,51.506441,-0.070242,E09000030
16867,E1W 1UJ,E01004293,51.504887,-0.068189,E09000030
16868,E1W 1UL,E01004293,51.50516,-0.069993,E09000030
16869,E1W 1UN,E01004293,51.507316,-0.073707,E09000030
16870,E1W 1UP,E01004293,51.50516,-0.069993,E09000030
16871,E1W 1UQ,E01004293,51.505484,-0.07057,E09000030
16872,E1W 1UR,E01004293,51.50493,-0.068605,E09000030
16873,E1W 1US,E01004322,51.519027,-0.058048,E09000030
16874,E1W 1UT,E01004293,51.507316,-0.073692,E09000030
16875,E1W 1UU,E01004293,51.508009,-0.073706,E09000030
16876,E1W 1UW,E01004293,51.507316,-0.073692,E09000030
16877,E1W 1UX,E01004293,51.507316,-0.073692,E09000030
16878,E1W 1UY,E01004293,51.508009,-0.073706,E09000030
16879,E1W 1UZ,E01004293,51.507316,-0.073692,E09000030
16880,E1W 1WA,E01004322,51.519027,-0.058048,E09000030
16881,E1W 1WB,E01004322,51.519027,-0.058048,E09000030
16882,E1W 1WD,E01004322,51.519027,-0.058048,E09000030
16883,E1W 1WE,E01004322,51.519027,-0.058048,E09000030
16884,E1W 1WF,E01004322,51.519027,-0.058048,E09000030
16885,E1W 1WG,E01004322,51.519027,-0.058048,E09000030
16886,E1W 1WH,E01004322,51.519027,-0.058048,E09000030
16887,E1W 1WJ,E01004293,51.505699,-0.06778,E09000030
16888,E1W 1WL,E01004322,51.519027,-0.058048,E09000030
16889,E1W 1WN,E01004322,51.519027,-0.058048,E09000030
16890,E1W 1WP,E01004322,51.519027,-0.058048,E09000030
16891,E1W 1WQ,E01004322,51.519027,-0.058048,E09000030
16892,E1W 1WR,E01004322,51.519027,-0.058048,E09000030
16893,E1W 1WS,E01004322,51.519027,-0.058048,E09000030
16894,E1W 1WT,E01004322,51.519027,-0.058048,E09000030
16895,E1W 1WU,E01004322,51.519019,-0.058106,E09000030
16896,E1W 1WW,E01004322,51.519027,-0.058048,E09000030
16897,E1W 1WX,E01035697,51.50812,-0.067361,E09000030
16898,E1W 1WY,E01035697,51.50812,-0.067361,E09000030
16899,E1W 1WZ,E01035697,51.50812,-0.067361,E09000030
16900,E1W 1XA,E01004293,51.508009,-0.073706,E09000030
16901,E1W 1XB,E01004293,51.508009,-0.073706,E09000030
16902,E1W 1XD,E01004293,51.508009,-0.073706,E09000030
16903,E1W 1XE,E01004293,51.508009,-0.073706,E09000030
16904,E1W 1XF,E01004293,51.508009,-0.073706,E09000030
16905,E1W 1XG,E01004293,51.507316,-0.073692,E09000030
16906,E1W 1XH,E01004293,51.507316,-0.073692,E09000030
16907,E1W 1XL,E01004322,51.519027,-0.058048,E09000030
16908,E1W 1XP,E01004322,51.519027,-0.058048,E09000030
16909,E1W 1XQ,E01004293,51.507316,-0.073692,E09000030
16910,E1W 1XR,E01004293,51.507625,-0.067886,E09000030
16911,E1W 1XS,E01004322,51.519027,-0.058048,E09000030
16912,E1W 1XU,E01004293,51.507625,-0.067886,E09000030
16913,E1W 1XW,E01004322,51.519027,-0.058048,E09000030
16914,E1W 1XX,E01004322,51.519027,-0.058048,E09000030
16915,E1W 1XY,E01004293,51.507625,-0.067886,E09000030
16916,E1W 1XZ,E01004293,51.507652,-0.067885,E09000030
16917,E1W 1YA,E01004322,51.519027,-0.058048,E09000030
16918,E1W 1YB,E01035697,51.508536,-0.068582,E09000030
16919,E1W 1YD,E01004293,51.506061,-0.067376,E09000030
16920,E1W 1YE,E01004293,51.507585,-0.06711,E09000030
16921,E1W 1YF,E01004293,51.507299,-0.067223,E09000030
16922,E1W 1YG,E01004293,51.507291,-0.067237,E09000030
16923,E1W 1YH,E01035697,51.50812,-0.067361,E09000030
16924,E1W 1YJ,E01004293,51.506504,-0.068078,E09000030
16925,E1W 1YL,E01004293,51.507316,-0.073707,E09000030
16926,E1W 1YN,E01035697,51.508632,-0.067872,E09000030
16927,E1W 1YP,E01004293,51.504651,-0.065879,E09000030
16928,E1W 1YQ,E01004293,51.506624,-0.067179,E09000030
16929,E1W 1YR,E01035697,51.508632,-0.067872,E09000030
16930,E1W 1YS,E01004293,51.507299,-0.067223,E09000030
16931,E1W 1YT,E01035697,51.50812,-0.067361,E09000030
16932,E1W 1YU,E01004293,51.507625,-0.067886,E09000030
16933,E1W 1YW,E01004293,51.507488,-0.0672,E09000030
16934,E1W 1YX,E01004322,51.519019,-0.058106,E09000030
16935,E1W 1YY,E01004293,51.506878,-0.067298,E09000030
16936,E1W 1YZ,E01035697,51.508205,-0.068712,E09000030
16937,E1W 2AA,E01035697,51.508298,-0.066676,E09000030
16938,E1W 2AB,E01004296,51.50557,-0.0578,E09000030
16939,E1W 2AD,E01035696,51.508542,-0.065109,E09000030
16940,E1W 2AE,E01035696,51.508458,-0.066049,E09000030
16941,E1W 2AF,E01035697,51.508017,-0.066558,E09000030
16942,E1W 2AG,E01035696,51.507819,-0.066538,E09000030
16943,E1W 2AH,E01035697,51.508136,-0.066683,E09000030
16944,E1W 2AJ,E01035696,51.508838,-0.061825,E09000030
16945,E1W 2AL,E01035696,51.509123,-0.06386,E09000030
16946,E1W 2AN,E01004291,51.503498,-0.059775,E09000030
16947,E1W 2AP,E01004292,51.508584,-0.063306,E09000030
16948,E1W 2AQ,E01035696,51.509008,-0.067208,E09000030
16949,E1W 2AR,E01035696,51.508818,-0.067158,E09000030
16950,E1W 2AS,E01035696,51.508818,-0.067158,E09000030
16951,E1W 2AT,E01004292,51.505804,-0.061061,E09000030
16952,E1W 2AU,E01035696,51.508026,-0.064367,E09000030
16953,E1W 2AW,E01035696,51.507789,-0.065804,E09000030
16954,E1W 2AX,E01035696,51.509141,-0.06164,E09000030
16955,E1W 2AY,E01004292,51.505804,-0.061061,E09000030
16956,E1W 2AZ,E01035696,51.509141,-0.06164,E09000030
16957,E1W 2BA,E01035696,51.508942,-0.063248,E09000030
16958,E1W 2BB,E01035696,51.508987,-0.061603,E09000030
16959,E1W 2BD,E01035696,51.509086,-0.064294,E09000030
16960,E1W 2BE,E01035696,51.508999,-0.06447,E09000030
16961,E1W 2BF,E01035696,51.509203,-0.062689,E09000030
16962,E1W 2BG,E01035696,51.50914,-0.063225,E09000030
16963,E1W 2BH,E01004292,51.505804,-0.061061,E09000030
16964,E1W 2BJ,E01004292,51.505804,-0.061061,E09000030
16965,E1W 2BL,E01004292,51.505804,-0.061061,E09000030
16966,E1W 2BN,E01004295,51.509521,-0.063439,E09000030
16967,E1W 2BP,E01004295,51.509574,-0.061751,E09000030
16968,E1W 2BQ,E01035696,51.508986,-0.064817,E09000030
16969,E1W 2BS,E01035696,51.508986,-0.064817,E09000030
16970,E1W 2BT,E01035696,51.508408,-0.065187,E09000030
16971,E1W 2BU,E01035696,51.509284,-0.060524,E09000030
16972,E1W 2BW,E01004292,51.505804,-0.061061,E09000030
16973,E1W 2BX,E01035696,51.509141,-0.06164,E09000030
16974,E1W 2BY,E01004322,51.519027,-0.058048,E09000030
16975,E1W 2BZ,E01004292,51.505804,-0.061061,E09000030
16976,E1W 2DA,E01004296,51.508405,-0.057938,E09000030
16977,E1W 2DB,E01004292,51.505804,-0.061061,E09000030
16978,E1W 2DD,E01004292,51.505804,-0.061061,E09000030
16979,E1W 2DE,E01035696,51.508863,-0.063352,E09000030
16980,E1W 2DF,E01035696,51.5083,-0.064673,E09000030
16981,E1W 2DG,E01035696,51.5083,-0.064673,E09000030
16982,E1W 2DH,E01004296,51.508651,-0.057049,E09000030
16983,E1W 2DJ,E01004296,51.508003,-0.057004,E09000030
16984,E1W 2DL,E01004292,51.505804,-0.061061,E09000030
16985,E1W 2DN,E01004292,51.505804,-0.061061,E09000030
16986,E1W 2DP,E01035696,51.507887,-0.064661,E09000030
16987,E1W 2DQ,E01035696,51.504805,-0.057746,E09000030
16988,E1W 2DR,E01035696,51.508219,-0.064647,E09000030
16989,E1W 2DS,E01035696,51.507949,-0.064644,E09000030
16990,E1W 2DW,E01004292,51.505804,-0.061061,E09000030
16991,E1W 2DX,E01035696,51.508268,-0.063809,E09000030
16992,E1W 2DY,E01035696,51.508219,-0.064647,E09000030
16993,E1W 2FD,E01004322,51.519027,-0.058048,E09000030
16994,E1W 2FE,E01004292,51.505804,-0.061061,E09000030
16995,E1W 2FH,E01004322,51.519027,-0.058048,E09000030
16996,E1W 2FN,E01004322,51.519027,-0.058048,E09000030
16997,E1W 2FP,E01004292,51.505804,-0.061061,E09000030
16998,E1W 2FQ,E01004292,51.505804,-0.061061,E09000030
16999,E1W 2FS,E01004322,51.519027,-0.058048,E09000030
17000,E1W 2FT,E01004297,51.50729,-0.0547,E09000030
17001,E1W 2FW,E01004292,51.505804,-0.061061,E09000030
17002,E1W 2FX,E01004322,51.519027,-0.058048,E09000030
17003,E1W 2GD,E01004292,51.505804,-0.061061,E09000030
17004,E1W 2GH,E01004322,51.519027,-0.058048,E09000030
17005,E1W 2GL,E01004292,51.505804,-0.061061,E09000030
17006,E1W 2GN,E01004322,51.519027,-0.058048,E09000030
17007,E1W 2GP,E01004322,51.519027,-0.058048,E09000030
17008,E1W 2GR,E01004322,51.519027,-0.058048,E09000030
17009,E1W 2GS,E01004322,51.519027,-0.058048,E09000030
17010,E1W 2GT,E01004322,51.519027,-0.058048,E09000030
17011,E1W 2GY,E01004322,51.519027,-0.058048,E09000030
17012,E1W 2JA,E01004293,51.506647,-0.065809,E09000030
17013,E1W 2JB,E01004293,51.507422,-0.065935,E09000030
17014,E1W 2JD,E01004292,51.507374,-0.064683,E09000030
17015,E1W 2JE,E01004322,51.519027,-0.058048,E09000030
17016,E1W 2JF,E01004292,51.507503,-0.06266,E09000030
17017,E1W 2JG,E01004296,51.507291,-0.059629,E09000030
17018,E1W 2JH,E01004296,51.506965,-0.06006,E09000030
17019,E1W 2JJ,E01004292,51.506685,-0.063761,E09000030
17020,E1W 2JL,E01004292,51.506197,-0.065828,E09000030
17021,E1W 2JN,E01004292,51.50646,-0.064866,E09000030
17022,E1W 2JP,E01004292,51.506449,-0.062575,E09000030
17023,E1W 2JQ,E01004292,51.50709,-0.060545,E09000030
17024,E1W 2JR,E01004296,51.506362,-0.060561,E09000030
17025,E1W 2JS,E01004293,51.507022,-0.066211,E09000030
17026,E1W 2JT,E01004293,51.507092,-0.065531,E09000030
17027,E1W 2JU,E01004292,51.507066,-0.064494,E09000030
17028,E1W 2JW,E01004292,51.50647,-0.063814,E09000030
17029,E1W 2JX,E01004292,51.507161,-0.062127,E09000030
17030,E1W 2JY,E01004292,51.507091,-0.063341,E09000030
17031,E1W 2JZ,E01004292,51.507091,-0.063341,E09000030
17032,E1W 2LL,E01004292,51.505612,-0.061977,E09000030
17033,E1W 2NA,E01004291,51.503422,-0.057905,E09000030
17034,E1W 2NB,E01004291,51.503001,-0.060675,E09000030
17035,E1W 2ND,E01004291,51.502999,-0.058946,E09000030
17036,E1W 2NE,E01004291,51.503027,-0.060098,E09000030
17037,E1W 2NG,E01004292,51.505895,-0.063305,E09000030
17038,E1W 2NH,E01004291,51.504014,-0.056165,E09000030
17039,E1W 2NJ,E01004291,51.503833,-0.056605,E09000030
17040,E1W 2NL,E01004291,51.503771,-0.056709,E09000030
17041,E1W 2NN,E01004291,51.503257,-0.061515,E09000030
17042,E1W 2NP,E01004291,51.502879,-0.060926,E09000030
17043,E1W 2NR,E01004291,51.503125,-0.056794,E09000030
17044,E1W 2NS,E01004291,51.503765,-0.05743,E09000030
17045,E1W 2NT,E01004291,51.504088,-0.05792,E09000030
17046,E1W 2NU,E01004291,51.504344,-0.058183,E09000030
17047,E1W 2NW,E01004291,51.503261,-0.061198,E09000030
17048,E1W 2NX,E01004291,51.504498,-0.05662,E09000030
17049,E1W 2PA,E01004291,51.504234,-0.061272,E09000030
17050,E1W 2PB,E01004291,51.504143,-0.057442,E09000030
17051,E1W 2PD,E01004291,51.503542,-0.058088,E09000030
17052,E1W 2PE,E01004291,51.5036,-0.059411,E09000030
17053,E1W 2PF,E01004291,51.503709,-0.059464,E09000030
17054,E1W 2PH,E01004291,51.504005,-0.060503,E09000030
17055,E1W 2PJ,E01004291,51.503362,-0.061842,E09000030
17056,E1W 2PL,E01004291,51.503692,-0.062231,E09000030
17057,E1W 2PN,E01004291,51.503365,-0.062058,E09000030
17058,E1W 2PP,E01004291,51.50331,-0.059827,E09000030
17059,E1W 2PQ,E01004291,51.503987,-0.059942,E09000030
17060,E1W 2PR,E01004291,51.503266,-0.058215,E09000030
17061,E1W 2PS,E01004291,51.503511,-0.059991,E09000030
17062,E1W 2PT,E01004292,51.505021,-0.064826,E09000030
17063,E1W 2PU,E01004291,51.504861,-0.058435,E09000030
17064,E1W 2PX,E01004291,51.50504,-0.058355,E09000030
17065,E1W 2PY,E01004291,51.505118,-0.058755,E09000030
17066,E1W 2PZ,E01004291,51.504944,-0.05908,E09000030
17067,E1W 2QA,E01004291,51.504635,-0.05892,E09000030
17068,E1W 2QB,E01004291,51.504313,-0.059006,E09000030
17069,E1W 2QD,E01004291,51.504224,-0.061229,E09000030
17070,E1W 2QE,E01004291,51.504527,-0.059458,E09000030
17071,E1W 2QF,E01004291,51.504869,-0.059487,E09000030
17072,E1W 2QG,E01004292,51.505362,-0.059365,E09000030
17073,E1W 2QH,E01004292,51.50559,-0.059571,E09000030
17074,E1W 2QJ,E01004296,51.506562,-0.059602,E09000030
17075,E1W 2QL,E01004291,51.506137,-0.058928,E09000030
17076,E1W 2QN,E01004292,51.506296,-0.061443,E09000030
17077,E1W 2QP,E01004292,51.505508,-0.064921,E09000030
17078,E1W 2QQ,E01004292,51.505617,-0.060103,E09000030
17079,E1W 2QR,E01004292,51.505787,-0.061148,E09000030
17080,E1W 2QS,E01004296,51.506919,-0.058881,E09000030
17081,E1W 2QT,E01004292,51.506167,-0.059619,E09000030
17082,E1W 2QW,E01004292,51.507028,-0.0617,E09000030
17083,E1W 2RB,E01004291,51.504751,-0.057777,E09000030
17084,E1W 2RD,E01004291,51.504796,-0.057746,E09000030
17085,E1W 2RE,E01004291,51.504786,-0.057732,E09000030
17086,E1W 2RF,E01004291,51.504751,-0.057777,E09000030
17087,E1W 2RG,E01004296,51.509361,-0.058633,E09000030
17088,E1W 2RH,E01004296,51.507225,-0.057801,E09000030
17089,E1W 2RJ,E01004296,51.506722,-0.058961,E09000030
17090,E1W 2RL,E01004291,51.505339,-0.05853,E09000030
17091,E1W 2RN,E01004296,51.505918,-0.058203,E09000030
17092,E1W 2RP,E01004296,51.505026,-0.05752,E09000030
17093,E1W 2RR,E01004291,51.504675,-0.056959,E09000030
17094,E1W 2RS,E01004291,51.504751,-0.057777,E09000030
17095,E1W 2RT,E01004291,51.504666,-0.057535,E09000030
17096,E1W 2RU,E01004291,51.504528,-0.05734,E09000030
17097,E1W 2RW,E01004296,51.505382,-0.05788,E09000030
17098,E1W 2RX,E01004291,51.504263,-0.057077,E09000030
17099,E1W 2RZ,E01004322,51.519027,-0.058048,E09000030
17100,E1W 2SA,E01004292,51.505804,-0.061061,E09000030
17101,E1W 2SD,E01035696,51.509187,-0.063381,E09000030
17102,E1W 2SE,E01004292,51.505804,-0.061061,E09000030
17103,E1W 2SF,E01004296,51.50831,-0.059254,E09000030
17104,E1W 2SG,E01004296,51.508464,-0.059319,E09000030
17105,E1W 2SH,E01004296,51.508284,-0.060422,E09000030
17106,E1W 2SN,E01004296,51.50831,-0.059254,E09000030
17107,E1W 2SW,E01004296,51.50842,-0.058831,E09000030
17108,E1W 2UP,E01004291,51.504054,-0.061308,E09000030
17109,E1W 2UT,E01004292,51.505875,-0.063709,E09000030
17110,E1W 2UX,E01004292,51.505237,-0.064284,E09000030
17111,E1W 2UY,E01004292,51.5054,-0.063297,E09000030
17112,E1W 2UZ,E01004292,51.505714,-0.063802,E09000030
17113,E1W 2WA,E01004322,51.519019,-0.058106,E09000030
17114,E1W 2WB,E01004322,51.519027,-0.058048,E09000030
17115,E1W 2WD,E01004322,51.519027,-0.058048,E09000030
17116,E1W 2WE,E01004322,51.519019,-0.058106,E09000030
17117,E1W 2WF,E01004322,51.519027,-0.058048,E09000030
17118,E1W 2WG,E01004322,51.519027,-0.058048,E09000030
17119,E1W 2WH,E01004322,51.519027,-0.058048,E09000030
17120,E1W 2WL,E01004292,51.505804,-0.061061,E09000030
17121,E1W 2WN,E01004292,51.505804,-0.061061,E09000030
17122,E1W 2WP,E01004322,51.519027,-0.058048,E09000030
17123,E1W 2WR,E01004322,51.519027,-0.058048,E09000030
17124,E1W 2WS,E01004322,51.519027,-0.058048,E09000030
17125,E1W 2WT,E01004322,51.519027,-0.058048,E09000030
17126,E1W 2WU,E01004322,51.519027,-0.058048,E09000030
17127,E1W 2WW,E01004322,51.519027,-0.058048,E09000030
17128,E1W 2WX,E01004322,51.519019,-0.058106,E09000030
17129,E1W 2WY,E01004322,51.519027,-0.058048,E09000030
17130,E1W 2WZ,E01004322,51.519027,-0.058048,E09000030
17131,E1W 2XA,E01004292,51.50552,-0.061865,E09000030
17132,E1W 2XJ,E01004292,51.505804,-0.061061,E09000030
17133,E1W 2XN,E01035696,51.508026,-0.064367,E09000030
17134,E1W 2XP,E01035696,51.508026,-0.064367,E09000030
17135,E1W 2XR,E01035696,51.508026,-0.064367,E09000030
17136,E1W 2XS,E01035696,51.508026,-0.064367,E09000030
17137,E1W 2XU,E01004292,51.505804,-0.061061,E09000030
17138,E1W 2XW,E01035696,51.508026,-0.064367,E09000030
17139,E1W 2XY,E01004292,51.505804,-0.061061,E09000030
17140,E1W 2YE,E01004322,51.519027,-0.058048,E09000030
17141,E1W 2YF,E01004291,51.50344,-0.061118,E09000030
17142,E1W 2YG,E01004291,51.503463,-0.060353,E09000030
17143,E1W 2YH,E01004322,51.519027,-0.058048,E09000030
17144,E1W 2YJ,E01004322,51.519027,-0.058048,E09000030
17145,E1W 2YN,E01004291,51.503214,-0.05996,E09000030
17146,E1W 2YQ,E01004301,51.51125,-0.059201,E09000030
17147,E1W 2YW,E01004291,51.503323,-0.060042,E09000030
17148,E1W 2YZ,E01004291,51.503323,-0.060042,E09000030
17149,E1W 2ZA,E01004322,51.519027,-0.058048,E09000030
17150,E1W 2ZT,E01035696,51.508026,-0.064367,E09000030
17151,E1W 2ZU,E01035696,51.508026,-0.064367,E09000030
17152,E1W 2ZX,E01035696,51.508026,-0.064367,E09000030
17153,E1W 2ZY,E01035696,51.508026,-0.064367,E09000030
17154,E1W 2ZZ,E01035696,51.508026,-0.064367,E09000030
17155,E1W 3AB,E01004303,51.510733,-0.046526,E09000030
17156,E1W 3AD,E01004303,51.511023,-0.046643,E09000030
17157,E1W 3AE,E01004303,51.511213,-0.046736,E09000030
17158,E1W 3AF,E01004303,51.51135,-0.046817,E09000030
17159,E1W 3AG,E01004303,51.511363,-0.046542,E09000030
17160,E1W 3AH,E01004303,51.511245,-0.045928,E09000030
17161,E1W 3AJ,E01004303,51.510774,-0.045717,E09000030
17162,E1W 3AL,E01004291,51.504855,-0.055928,E09000030
17163,E1W 3AP,E01004300,51.510554,-0.049776,E09000030
17164,E1W 3AQ,E01004296,51.506892,-0.058349,E09000030
17165,E1W 3AR,E01004296,51.507155,-0.057372,E09000030
17166,E1W 3AS,E01004296,51.507169,-0.058222,E09000030
17167,E1W 3AT,E01004296,51.505376,-0.056396,E09000030
17168,E1W 3AU,E01004296,51.506908,-0.057699,E09000030
17169,E1W 3AW,E01004303,51.5104,-0.047016,E09000030
17170,E1W 3AX,E01004303,51.510443,-0.046913,E09000030
17171,E1W 3AY,E01004296,51.507465,-0.057647,E09000030
17172,E1W 3AZ,E01004296,51.507465,-0.057647,E09000030
17173,E1W 3BA,E01004296,51.507465,-0.057647,E09000030
17174,E1W 3BB,E01004303,51.509884,-0.053293,E09000030
17175,E1W 3BD,E01004296,51.50906,-0.057882,E09000030
17176,E1W 3BE,E01004296,51.509281,-0.058146,E09000030
17177,E1W 3BF,E01004296,51.50929,-0.057079,E09000030
17178,E1W 3BG,E01004296,51.509497,-0.057618,E09000030
17179,E1W 3BP,E01004301,51.509892,-0.058163,E09000030
17180,E1W 3DA,E01004303,51.510884,-0.047456,E09000030
17181,E1W 3DB,E01004303,51.510694,-0.047378,E09000030
17182,E1W 3DD,E01004296,51.509477,-0.058613,E09000030
17183,E1W 3DE,E01004305,51.51139,-0.048717,E09000030
17184,E1W 3DG,E01004322,51.519027,-0.058048,E09000030
17185,E1W 3DH,E01004303,51.509519,-0.05302,E09000030
17186,E1W 3DJ,E01004303,51.509359,-0.05147,E09000030
17187,E1W 3DL,E01004322,51.519027,-0.058048,E09000030
17188,E1W 3DP,E01004305,51.511462,-0.049233,E09000030
17189,E1W 3DQ,E01004300,51.510504,-0.051652,E09000030
17190,E1W 3DR,E01004305,51.511091,-0.049076,E09000030
17191,E1W 3DS,E01004300,51.510294,-0.047698,E09000030
17192,E1W 3DT,E01004300,51.510557,-0.047802,E09000030
17193,E1W 3DU,E01004300,51.510294,-0.047698,E09000030
17194,E1W 3DW,E01004303,51.511192,-0.047631,E09000030
17195,E1W 3DX,E01004300,51.510304,-0.048303,E09000030
17196,E1W 3DY,E01004300,51.510284,-0.048693,E09000030
17197,E1W 3DZ,E01004300,51.510525,-0.048567,E09000030
17198,E1W 3EA,E01004300,51.510367,-0.049352,E09000030
17199,E1W 3EB,E01004300,51.510044,-0.051052,E09000030
17200,E1W 3ED,E01004300,51.510044,-0.051052,E09000030
17201,E1W 3EE,E01004300,51.510595,-0.050639,E09000030
17202,E1W 3EF,E01004300,51.510003,-0.049123,E09000030
17203,E1W 3EG,E01004305,51.510833,-0.049822,E09000030
17204,E1W 3EH,E01004300,51.510769,-0.049191,E09000030
17205,E1W 3EJ,E01004300,51.51029,-0.047986,E09000030
17206,E1W 3EL,E01004300,51.510857,-0.048005,E09000030
17207,E1W 3EN,E01004303,51.511701,-0.043098,E09000030
17208,E1W 3EP,E01032769,51.511849,-0.042241,E09000030
17209,E1W 3EQ,E01004303,51.508962,-0.049801,E09000030
17210,E1W 3ER,E01004303,51.511714,-0.04549,E09000030
17211,E1W 3ES,E01004303,51.509901,-0.046216,E09000030
17212,E1W 3ET,E01004303,51.509901,-0.046216,E09000030
17213,E1W 3EU,E01004303,51.509901,-0.046216,E09000030
17214,E1W 3EW,E01004303,51.511993,-0.043345,E09000030
17215,E1W 3FB,E01004322,51.519027,-0.058048,E09000030
17216,E1W 3FZ,E01004303,51.508366,-0.051268,E09000030
17217,E1W 3GA,E01004322,51.519019,-0.058106,E09000030
17218,E1W 3GB,E01004303,51.508366,-0.051268,E09000030
17219,E1W 3GF,E01004303,51.508366,-0.051268,E09000030
17220,E1W 3GG,E01004322,51.519027,-0.058048,E09000030
17221,E1W 3GH,E01004303,51.508366,-0.051268,E09000030
17222,E1W 3GJ,E01004322,51.519027,-0.058048,E09000030
17223,E1W 3GL,E01004303,51.508366,-0.051268,E09000030
17224,E1W 3GN,E01004303,51.508366,-0.051268,E09000030
17225,E1W 3GP,E01004322,51.519019,-0.058106,E09000030
17226,E1W 3GQ,E01004322,51.519027,-0.058048,E09000030
17227,E1W 3GR,E01004322,51.519027,-0.058048,E09000030
17228,E1W 3GS,E01004322,51.519027,-0.058048,E09000030
17229,E1W 3GT,E01004303,51.508366,-0.051268,E09000030
17230,E1W 3GU,E01004322,51.519027,-0.058048,E09000030
17231,E1W 3GW,E01004322,51.519027,-0.058048,E09000030
17232,E1W 3GX,E01004303,51.508366,-0.051268,E09000030
17233,E1W 3GY,E01004303,51.508366,-0.051268,E09000030
17234,E1W 3GZ,E01004322,51.519027,-0.058048,E09000030
17235,E1W 3HA,E01004296,51.509373,-0.057177,E09000030
17236,E1W 3HB,E01004303,51.511371,-0.043242,E09000030
17237,E1W 3HD,E01004303,51.51076,-0.047029,E09000030
17238,E1W 3HE,E01004296,51.509443,-0.057606,E09000030
17239,E1W 3HF,E01032769,51.512051,-0.04144,E09000030
17240,E1W 3HG,E01004303,51.51095,-0.047093,E09000030
17241,E1W 3HH,E01004296,51.50936,-0.058071,E09000030
17242,E1W 3HJ,E01004303,51.510921,-0.04267,E09000030
17243,E1W 3HL,E01004296,51.509079,-0.057348,E09000030
17244,E1W 3HN,E01004303,51.510747,-0.043571,E09000030
17245,E1W 3HP,E01004303,51.510447,-0.046092,E09000030
17246,E1W 3HQ,E01004303,51.51121,-0.04384,E09000030
17247,E1W 3HR,E01004303,51.510965,-0.04532,E09000030
17248,E1W 3HS,E01004303,51.511065,-0.044321,E09000030
17249,E1W 3HT,E01004300,51.510032,-0.047075,E09000030
17250,E1W 3HU,E01032769,51.509956,-0.045234,E09000030
17251,E1W 3HW,E01004296,51.508954,-0.057439,E09000030
17252,E1W 3HX,E01004303,51.511193,-0.047155,E09000030
17253,E1W 3HY,E01004303,51.510081,-0.046799,E09000030
17254,E1W 3HZ,E01004296,51.507946,-0.058433,E09000030
17255,E1W 3JA,E01004303,51.510782,-0.04674,E09000030
17256,E1W 3JE,E01004296,51.508758,-0.057001,E09000030
17257,E1W 3JF,E01004296,51.508954,-0.057439,E09000030
17258,E1W 3JG,E01004296,51.508949,-0.057656,E09000030
17259,E1W 3JH,E01004303,51.508401,-0.051194,E09000030
17260,E1W 3JJ,E01004303,51.508366,-0.051268,E09000030
17261,E1W 3JL,E01004303,51.511272,-0.044341,E09000030
17262,E1W 3JQ,E01004296,51.508812,-0.057013,E09000030
17263,E1W 3NB,E01004291,51.504811,-0.05593,E09000030
17264,E1W 3ND,E01004291,51.504811,-0.05593,E09000030
17265,E1W 3NG,E01004297,51.505575,-0.055393,E09000030
17266,E1W 3NH,E01004297,51.505427,-0.055125,E09000030
17267,E1W 3NJ,E01004296,51.505442,-0.056018,E09000030
17268,E1W 3NL,E01004296,51.505201,-0.05672,E09000030
17269,E1W 3NN,E01004296,51.505661,-0.056268,E09000030
17270,E1W 3NP,E01004297,51.506513,-0.054993,E09000030
17271,E1W 3NQ,E01004297,51.50567,-0.054625,E09000030
17272,E1W 3NR,E01004296,51.504963,-0.056975,E09000030
17273,E1W 3NS,E01004291,51.504823,-0.057226,E09000030
17274,E1W 3NW,E01004296,51.506195,-0.055928,E09000030
17275,E1W 3NX,E01004291,51.504563,-0.056214,E09000030
17276,E1W 3PA,E01004291,51.504384,-0.055703,E09000030
17277,E1W 3PB,E01004291,51.504841,-0.055064,E09000030
17278,E1W 3PD,E01004291,51.504841,-0.055064,E09000030
17279,E1W 3PE,E01004291,51.504841,-0.055064,E09000030
17280,E1W 3PF,E01004297,51.505032,-0.054623,E09000030
17281,E1W 3PG,E01004297,51.505404,-0.054276,E09000030
17282,E1W 3PH,E01004297,51.505032,-0.054623,E09000030
17283,E1W 3PQ,E01004297,51.505404,-0.054276,E09000030
17284,E1W 3QG,E01004296,51.506612,-0.057164,E09000030
17285,E1W 3QQ,E01004296,51.50668,-0.057507,E09000030
17286,E1W 3QS,E01004297,51.506275,-0.054196,E09000030
17287,E1W 3QT,E01004297,51.50764,-0.055204,E09000030
17288,E1W 3QU,E01004297,51.50917,-0.056335,E09000030
17289,E1W 3QX,E01004297,51.508691,-0.055692,E09000030
17290,E1W 3QY,E01004297,51.506527,-0.05479,E09000030
17291,E1W 3QZ,E01004303,51.509156,-0.0539,E09000030
17292,E1W 3RA,E01004297,51.506835,-0.054936,E09000030
17293,E1W 3RB,E01004296,51.506727,-0.055445,E09000030
17294,E1W 3RD,E01004296,51.50667,-0.055779,E09000030
17295,E1W 3RE,E01004296,51.506741,-0.056813,E09000030
17296,E1W 3RF,E01004296,51.50645,-0.056091,E09000030
17297,E1W 3RG,E01004296,51.50684,-0.057385,E09000030
17298,E1W 3RH,E01004296,51.506758,-0.056222,E09000030
17299,E1W 3RJ,E01004296,51.506596,-0.057871,E09000030
17300,E1W 3RL,E01004296,51.506301,-0.057394,E09000030
17301,E1W 3RN,E01004296,51.507037,-0.056238,E09000030
17302,E1W 3RQ,E01004297,51.507421,-0.055516,E09000030
17303,E1W 3RR,E01004296,51.506126,-0.056638,E09000030
17304,E1W 3RS,E01004296,51.505552,-0.057282,E09000030
17305,E1W 3RT,E01004296,51.505911,-0.057785,E09000030
17306,E1W 3RU,E01004296,51.506129,-0.057343,E09000030
17307,E1W 3RY,E01004303,51.508704,-0.054842,E09000030
17308,E1W 3SD,E01004297,51.506741,-0.051986,E09000030
17309,E1W 3SE,E01004297,51.507116,-0.052344,E09000030
17310,E1W 3SF,E01004297,51.507181,-0.051909,E09000030
17311,E1W 3SG,E01004297,51.507483,-0.051176,E09000030
17312,E1W 3SH,E01004297,51.507103,-0.051019,E09000030
17313,E1W 3SJ,E01004297,51.506724,-0.052015,E09000030
17314,E1W 3SL,E01004297,51.507089,-0.051279,E09000030
17315,E1W 3SN,E01004297,51.506556,-0.052714,E09000030
17316,E1W 3SP,E01004297,51.506013,-0.054164,E09000030
17317,E1W 3SQ,E01004297,51.506551,-0.052412,E09000030
17318,E1W 3SR,E01004303,51.508831,-0.051118,E09000030
17319,E1W 3SS,E01004297,51.50647,-0.052444,E09000030
17320,E1W 3ST,E01004297,51.506256,-0.054153,E09000030
17321,E1W 3SU,E01004297,51.507324,-0.052969,E09000030
17322,E1W 3SW,E01004297,51.506551,-0.052412,E09000030
17323,E1W 3SX,E01004297,51.507197,-0.053436,E09000030
17324,E1W 3SY,E01004297,51.507381,-0.053644,E09000030
17325,E1W 3SZ,E01004297,51.507152,-0.053986,E09000030
17326,E1W 3TA,E01004297,51.507392,-0.05435,E09000030
17327,E1W 3TB,E01004297,51.507109,-0.05465,E09000030
17328,E1W 3TD,E01004303,51.508339,-0.050159,E09000030
17329,E1W 3TF,E01004297,51.507362,-0.050907,E09000030
17330,E1W 3TH,E01004297,51.506154,-0.052918,E09000030
17331,E1W 3TJ,E01004297,51.506745,-0.053297,E09000030
17332,E1W 3TL,E01004297,51.507426,-0.052576,E09000030
17333,E1W 3TQ,E01004322,51.519027,-0.058048,E09000030
17334,E1W 3TR,E01004297,51.507748,-0.054637,E09000030
17335,E1W 3TS,E01004297,51.506042,-0.05373,E09000030
17336,E1W 3TT,E01004322,51.519027,-0.058048,E09000030
17337,E1W 3TU,E01004297,51.506042,-0.05373,E09000030
17338,E1W 3TX,E01004297,51.506042,-0.05373,E09000030
17339,E1W 3UZ,E01004322,51.519027,-0.058048,E09000030
17340,E1W 3WA,E01032769,51.510118,-0.044117,E09000030
17341,E1W 3WB,E01032769,51.509956,-0.044138,E09000030
17342,E1W 3WD,E01032769,51.510183,-0.043739,E09000030
17343,E1W 3WE,E01032769,51.50998,-0.042869,E09000030
17344,E1W 3WF,E01032769,51.510298,-0.042538,E09000030
17345,E1W 3WG,E01004287,51.514663,-0.050293,E09000030
17346,E1W 3WH,E01004322,51.519027,-0.058048,E09000030
17347,E1W 3WJ,E01004322,51.519027,-0.058048,E09000030
17348,E1W 3WL,E01004322,51.519027,-0.058048,E09000030
17349,E1W 3WN,E01004322,51.519027,-0.058048,E09000030
17350,E1W 3WP,E01004322,51.519027,-0.058048,E09000030
17351,E1W 3WQ,E01004322,51.519027,-0.058048,E09000030
17352,E1W 3WR,E01004322,51.519027,-0.058048,E09000030
17353,E1W 3WS,E01004322,51.519027,-0.058048,E09000030
17354,E1W 3WT,E01004303,51.508366,-0.051268,E09000030
17355,E1W 3WU,E01004322,51.519027,-0.058048,E09000030
17356,E1W 3WW,E01004322,51.519027,-0.058048,E09000030
17357,E1W 3WX,E01004322,51.519027,-0.058048,E09000030
17358,E1W 3WY,E01004322,51.519027,-0.058048,E09000030
17359,E1W 3WZ,E01004322,51.519027,-0.058048,E09000030
17360,E1W 3XA,E01004322,51.519019,-0.058106,E09000030
17361,E1W 3XB,E01004322,51.519027,-0.058048,E09000030
17362,E1W 3XD,E01004322,51.519027,-0.058048,E09000030
17363,E1W 3XE,E01004322,51.519027,-0.058048,E09000030
17364,E1W 3XF,E01004322,51.519027,-0.058048,E09000030
17365,E1W 3XL,E01004303,51.508366,-0.051268,E09000030
17366,E1W 3XQ,E01004297,51.505041,-0.055733,E09000030
17367,E1W 3XU,E01004322,51.519027,-0.058048,E09000030
17368,E1W 3XW,E01004322,51.519019,-0.058106,E09000030
17369,E1W 3XX,E01004322,51.519027,-0.058048,E09000030
17370,E1W 3XY,E01004322,51.519027,-0.058048,E09000030
17371,E1W 3XZ,E01004322,51.519027,-0.058048,E09000030
17372,E1W 3YL,E01004322,51.519019,-0.058106,E09000030
17373,E1W 3YQ,E01004322,51.519027,-0.058048,E09000030
17374,E1W 3YT,E01004322,51.519027,-0.058048,E09000030
17375,E1W 3YZ,E01004297,51.505041,-0.055733,E09000030
17378,E1W 9AD,E01004322,51.519027,-0.058048,E09000030
17380,E1W 9AF,E01004322,51.519019,-0.058106,E09000030
17385,E1W 9AN,E01004322,51.519019,-0.058106,E09000030
17388,E1W 9AR,E01004322,51.519027,-0.058048,E09000030
17389,E1W 9AS,E01004322,51.519027,-0.058048,E09000030
17391,E1W 9AU,E01004322,51.519027,-0.058048,E09000030
17396,E1W 9BA,E01004322,51.519027,-0.058048,E09000030
17400,E1W 9BF,E01004322,51.519019,-0.058106,E09000030
17405,E1W 9BN,E01004322,51.519027,-0.058048,E09000030
17406,E1W 9BP,E01004322,51.519027,-0.058048,E09000030
17407,E1W 9BQ,E01004322,51.519019,-0.058106,E09000030
17412,E1W 9BW,E01004322,51.519019,-0.058106,E09000030
17416,E1W 9DA,E01004322,51.519027,-0.058048,E09000030
17418,E1W 9DD,E01004322,51.519019,-0.058106,E09000030
17422,E1W 9DH,E01004322,51.519019,-0.058106,E09000030
17424,E1W 9DL,E01004322,51.519027,-0.058048,E09000030
17430,E1W 9DT,E01004322,51.519027,-0.058048,E09000030
17431,E1W 9DU,E01004322,51.519019,-0.058106,E09000030
17432,E1W 9DW,E01004322,51.519019,-0.058106,E09000030
17433,E1W 9DX,E01004322,51.519027,-0.058048,E09000030
17436,E1W 9EA,E01004322,51.519019,-0.058106,E09000030
17437,E1W 9EB,E01004322,51.519027,-0.058048,E09000030
17438,E1W 9ED,E01004322,51.519027,-0.058048,E09000030
17440,E1W 9EF,E01004322,51.519019,-0.058106,E09000030
17443,E1W 9EJ,E01004322,51.519027,-0.058048,E09000030
17444,E1W 9EL,E01004322,51.519019,-0.058106,E09000030
17445,E1W 9EN,E01004322,51.519019,-0.058106,E09000030
17446,E1W 9EP,E01004322,51.519019,-0.058106,E09000030
17447,E1W 9EQ,E01004322,51.519019,-0.058106,E09000030
17448,E1W 9ER,E01004322,51.519019,-0.058106,E09000030
17449,E1W 9ES,E01004322,51.519019,-0.058106,E09000030
17450,E1W 9ET,E01004322,51.519019,-0.058106,E09000030
17451,E1W 9EU,E01004322,51.519019,-0.058106,E09000030
17452,E1W 9EW,E01004322,51.519019,-0.058106,E09000030
17453,E1W 9EX,E01004322,51.519019,-0.058106,E09000030
17454,E1W 9EY,E01004322,51.519019,-0.058106,E09000030
17458,E1W 9FD,E01004322,51.519027,-0.058048,E09000030
17459,E1W 9FE,E01004322,51.519027,-0.058048,E09000030
17460,E1W 9FF,E01004322,51.519027,-0.058048,E09000030
17461,E1W 9FG,E01004322,51.519027,-0.058048,E09000030
17462,E1W 9FH,E01004322,51.519027,-0.058048,E09000030
17463,E1W 9FJ,E01004322,51.519027,-0.058048,E09000030
17464,E1W 9FL,E01004322,51.519027,-0.058048,E09000030
17466,E1W 9FQ,E01004322,51.519019,-0.058106,E09000030
17467,E1W 9FR,E01004322,51.519019,-0.058106,E09000030
17468,E1W 9FS,E01004322,51.519027,-0.058048,E09000030
17469,E1W 9FT,E01004322,51.519019,-0.058106,E09000030
17470,E1W 9FU,E01004322,51.519027,-0.058048,E09000030
17472,E1W 9FX,E01004322,51.519027,-0.058048,E09000030
17473,E1W 9FY,E01004322,51.519027,-0.058048,E09000030
17474,E1W 9FZ,E01004322,51.519019,-0.058106,E09000030
17475,E1W 9GA,E01004322,51.519027,-0.058048,E09000030
17476,E1W 9GB,E01004322,51.519019,-0.058106,E09000030
17477,E1W 9GD,E01004322,51.519019,-0.058106,E09000030
17478,E1W 9GE,E01004322,51.519019,-0.058106,E09000030
17479,E1W 9GF,E01004322,51.519027,-0.058048,E09000030
17480,E1W 9GG,E01004322,51.519027,-0.058048,E09000030
17481,E1W 9GH,E01004322,51.519027,-0.058048,E09000030
17482,E1W 9GJ,E01004322,51.519027,-0.058048,E09000030
17483,E1W 9GL,E01004322,51.519027,-0.058048,E09000030
17485,E1W 9GP,E01004322,51.519027,-0.058048,E09000030
17486,E1W 9GQ,E01004322,51.519019,-0.058106,E09000030
17487,E1W 9GR,E01004322,51.519019,-0.058106,E09000030
17488,E1W 9GS,E01004322,51.519027,-0.058048,E09000030
17489,E1W 9GT,E01004322,51.519019,-0.058106,E09000030
17490,E1W 9GU,E01004322,51.519019,-0.058106,E09000030
17491,E1W 9GW,E01004322,51.519027,-0.058048,E09000030
17492,E1W 9GX,E01004322,51.519027,-0.058048,E09000030
17493,E1W 9GY,E01004322,51.519027,-0.058048,E09000030
17494,E1W 9GZ,E01004322,51.519027,-0.058048,E09000030
17495,E1W 9HA,E01004322,51.519019,-0.058106,E09000030
17496,E1W 9HB,E01004322,51.519019,-0.058106,E09000030
17497,E1W 9HD,E01004322,51.519027,-0.058048,E09000030
17498,E1W 9HE,E01004322,51.519027,-0.058048,E09000030
17499,E1W 9HF,E01004322,51.519027,-0.058048,E09000030
17500,E1W 9HG,E01004322,51.519027,-0.058048,E09000030
17501,E1W 9HH,E01004322,51.519019,-0.058106,E09000030
17502,E1W 9HJ,E01004322,51.519027,-0.058048,E09000030
17503,E1W 9HL,E01004322,51.519027,-0.058048,E09000030
17504,E1W 9HN,E01004322,51.519027,-0.058048,E09000030
17505,E1W 9HP,E01004322,51.519027,-0.058048,E09000030
17506,E1W 9HQ,E01004322,51.519027,-0.058048,E09000030
17507,E1W 9HR,E01004322,51.519027,-0.058048,E09000030
17508,E1W 9HS,E01004322,51.519027,-0.058048,E09000030
17509,E1W 9HT,E01004322,51.519027,-0.058048,E09000030
17510,E1W 9HU,E01004322,51.519027,-0.058048,E09000030
17511,E1W 9HW,E01004322,51.519019,-0.058106,E09000030
17512,E1W 9HX,E01004322,51.519019,-0.058106,E09000030
17513,E1W 9HY,E01004322,51.519019,-0.058106,E09000030
17514,E1W 9HZ,E01004322,51.519019,-0.058106,E09000030
17515,E1W 9JA,E01004322,51.519027,-0.058048,E09000030
17516,E1W 9JB,E01004322,51.519019,-0.058106,E09000030
17517,E1W 9JD,E01004322,51.519019,-0.058106,E09000030
17518,E1W 9JE,E01004322,51.519019,-0.058106,E09000030
17519,E1W 9JF,E01004322,51.519027,-0.058048,E09000030
17520,E1W 9JG,E01004322,51.519027,-0.058048,E09000030
17521,E1W 9JH,E01004322,51.519027,-0.058048,E09000030
17522,E1W 9JJ,E01004322,51.519027,-0.058048,E09000030
17523,E1W 9JL,E01004322,51.519027,-0.058048,E09000030
17524,E1W 9JN,E01004322,51.519027,-0.058048,E09000030
17525,E1W 9JP,E01004322,51.519027,-0.058048,E09000030
17526,E1W 9JQ,E01004322,51.519027,-0.058048,E09000030
17527,E1W 9JR,E01004322,51.519019,-0.058106,E09000030
17528,E1W 9JS,E01004322,51.519027,-0.058048,E09000030
17529,E1W 9JT,E01004322,51.519027,-0.058048,E09000030
17530,E1W 9JU,E01004322,51.519019,-0.058106,E09000030
17531,E1W 9JW,E01004322,51.519027,-0.058048,E09000030
17532,E1W 9JX,E01004322,51.519027,-0.058048,E09000030
17533,E1W 9JY,E01004322,51.519027,-0.058048,E09000030
17534,E1W 9JZ,E01004322,51.519027,-0.058048,E09000030
17535,E1W 9LA,E01004322,51.519027,-0.058048,E09000030
17536,E1W 9LB,E01004322,51.519019,-0.058106,E09000030
17537,E1W 9LD,E01004322,51.519019,-0.058106,E09000030
17538,E1W 9LE,E01004322,51.519019,-0.058106,E09000030
17539,E1W 9LG,E01004322,51.519019,-0.058106,E09000030
17540,E1W 9LH,E01004322,51.519019,-0.058106,E09000030
17541,E1W 9LJ,E01004322,51.519019,-0.058106,E09000030
17542,E1W 9LL,E01004322,51.519019,-0.058106,E09000030
17543,E1W 9LN,E01004322,51.519019,-0.058106,E09000030
17544,E1W 9LP,E01004322,51.519019,-0.058106,E09000030
17545,E1W 9LQ,E01004322,51.519019,-0.058106,E09000030
17546,E1W 9LR,E01004322,51.519019,-0.058106,E09000030
17547,E1W 9LS,E01004322,51.519019,-0.058106,E09000030
17548,E1W 9LT,E01004322,51.519019,-0.058106,E09000030
17549,E1W 9LU,E01004322,51.519019,-0.058106,E09000030
17550,E1W 9LW,E01004322,51.519019,-0.058106,E09000030
17551,E1W 9LX,E01004322,51.519019,-0.058106,E09000030
17552,E1W 9LY,E01004322,51.519019,-0.058106,E09000030
17553,E1W 9LZ,E01004322,51.519019,-0.058106,E09000030
17554,E1W 9NA,E01004322,51.519019,-0.058106,E09000030
17555,E1W 9NB,E01004322,51.519019,-0.058106,E09000030
17556,E1W 9ND,E01004322,51.519019,-0.058106,E09000030
17557,E1W 9NF,E01004322,51.519019,-0.058106,E09000030
17558,E1W 9NG,E01004322,51.519019,-0.058106,E09000030
17559,E1W 9NH,E01004322,51.519019,-0.058106,E09000030
17560,E1W 9NJ,E01004322,51.519019,-0.058106,E09000030
17561,E1W 9NL,E01004322,51.519019,-0.058106,E09000030
17562,E1W 9NN,E01004322,51.519019,-0.058106,E09000030
17563,E1W 9NP,E01004322,51.519019,-0.058106,E09000030
17564,E1W 9NQ,E01004322,51.519019,-0.058106,E09000030
17565,E1W 9NR,E01004322,51.519019,-0.058106,E09000030
17566,E1W 9NS,E01004322,51.519019,-0.058106,E09000030
17567,E1W 9NT,E01004322,51.519019,-0.058106,E09000030
17568,E1W 9NU,E01004322,51.519019,-0.058106,E09000030
17569,E1W 9NW,E01004322,51.519019,-0.058106,E09000030
17570,E1W 9NX,E01004322,51.519019,-0.058106,E09000030
17571,E1W 9NY,E01004322,51.519019,-0.058106,E09000030
17572,E1W 9NZ,E01004322,51.519019,-0.058106,E09000030
17573,E1W 9PA,E01004322,51.519019,-0.058106,E09000030
17574,E1W 9PB,E01004322,51.519019,-0.058106,E09000030
17575,E1W 9PD,E01004322,51.519019,-0.058106,E09000030
17576,E1W 9PE,E01004322,51.519019,-0.058106,E09000030
17577,E1W 9PF,E01004322,51.519019,-0.058106,E09000030
17578,E1W 9PG,E01004322,51.519019,-0.058106,E09000030
17579,E1W 9PH,E01004322,51.519019,-0.058106,E09000030
17580,E1W 9PJ,E01004322,51.519019,-0.058106,E09000030
17581,E1W 9PL,E01004322,51.519019,-0.058106,E09000030
17582,E1W 9PN,E01004322,51.519019,-0.058106,E09000030
17583,E1W 9PP,E01004322,51.519019,-0.058106,E09000030
17584,E1W 9PR,E01004322,51.519019,-0.058106,E09000030
17585,E1W 9PS,E01004322,51.519019,-0.058106,E09000030
17586,E1W 9PT,E01004322,51.519019,-0.058106,E09000030
17587,E1W 9PU,E01004322,51.519019,-0.058106,E09000030
17588,E1W 9PW,E01004322,51.519019,-0.058106,E09000030
17589,E1W 9PX,E01004322,51.519019,-0.058106,E09000030
17590,E1W 9PY,E01004322,51.519019,-0.058106,E09000030
17591,E1W 9PZ,E01004322,51.519019,-0.058106,E09000030
17592,E1W 9QA,E01004322,51.519019,-0.058106,E09000030
17593,E1W 9QD,E01004322,51.519019,-0.058106,E09000030
17594,E1W 9QE,E01004322,51.519019,-0.058106,E09000030
17595,E1W 9QF,E01004322,51.519019,-0.058106,E09000030
17596,E1W 9QG,E01004322,51.519019,-0.058106,E09000030
17597,E1W 9QH,E01004322,51.519019,-0.058106,E09000030
17598,E1W 9QJ,E01004322,51.519019,-0.058106,E09000030
17599,E1W 9QL,E01004322,51.519019,-0.058106,E09000030
17600,E1W 9QN,E01004322,51.519019,-0.058106,E09000030
17601,E1W 9QP,E01004322,51.519019,-0.058106,E09000030
17602,E1W 9QQ,E01004322,51.519019,-0.058106,E09000030
17603,E1W 9QR,E01004322,51.519019,-0.058106,E09000030
17604,E1W 9QS,E01004322,51.519019,-0.058106,E09000030
17605,E1W 9QT,E01004322,51.519019,-0.058106,E09000030
17606,E1W 9QU,E01004322,51.519019,-0.058106,E09000030
17607,E1W 9QW,E01004322,51.519019,-0.058106,E09000030
17608,E1W 9QX,E01004322,51.519019,-0.058106,E09000030
17609,E1W 9QY,E01004322,51.519019,-0.058106,E09000030
17610,E1W 9QZ,E01004322,51.519019,-0.058106,E09000030
17611,E1W 9RA,E01004322,51.519019,-0.058106,E09000030
17612,E1W 9RB,E01004322,51.519019,-0.058106,E09000030
17613,E1W 9RD,E01004322,51.519019,-0.058106,E09000030
17614,E1W 9RE,E01004322,51.519019,-0.058106,E09000030
17615,E1W 9RF,E01004322,51.519019,-0.058106,E09000030
17616,E1W 9RG,E01004322,51.519019,-0.058106,E09000030
17617,E1W 9RH,E01004322,51.519019,-0.058106,E09000030
17618,E1W 9RJ,E01004322,51.519019,-0.058106,E09000030
17619,E1W 9RL,E01004322,51.519019,-0.058106,E09000030
17620,E1W 9RN,E01004322,51.519019,-0.058106,E09000030
17621,E1W 9RP,E01004322,51.519019,-0.058106,E09000030
17622,E1W 9RQ,E01004322,51.519019,-0.058106,E09000030
17623,E1W 9RR,E01004322,51.519019,-0.058106,E09000030
17624,E1W 9RS,E01004322,51.519019,-0.058106,E09000030
17625,E1W 9RT,E01004322,51.519019,-0.058106,E09000030
17626,E1W 9RU,E01004322,51.519019,-0.058106,E09000030
17627,E1W 9RW,E01004322,51.519019,-0.058106,E09000030
17628,E1W 9RX,E01004322,51.519019,-0.058106,E09000030
17629,E1W 9RY,E01004322,51.519019,-0.058106,E09000030
17630,E1W 9RZ,E01004322,51.519019,-0.058106,E09000030
17631,E1W 9SA,E01004322,51.519019,-0.058106,E09000030
17632,E1W 9SB,E01004322,51.519019,-0.058106,E09000030
17633,E1W 9SD,E01004322,51.519019,-0.058106,E09000030
17634,E1W 9SE,E01004322,51.519019,-0.058106,E09000030
17635,E1W 9SF,E01004322,51.519019,-0.058106,E09000030
17636,E1W 9SG,E01004322,51.519019,-0.058106,E09000030
17637,E1W 9SH,E01004322,51.519019,-0.058106,E09000030
17638,E1W 9SJ,E01004322,51.519019,-0.058106,E09000030
17639,E1W 9SL,E01004322,51.519019,-0.058106,E09000030
17640,E1W 9SN,E01004322,51.519019,-0.058106,E09000030
17641,E1W 9SP,E01004322,51.519019,-0.058106,E09000030
17642,E1W 9SQ,E01004322,51.519019,-0.058106,E09000030
17643,E1W 9SR,E01004322,51.519019,-0.058106,E09000030
17644,E1W 9SS,E01004322,51.519019,-0.058106,E09000030
17645,E1W 9ST,E01004322,51.519019,-0.058106,E09000030
17646,E1W 9SU,E01004322,51.519019,-0.058106,E09000030
17647,E1W 9SX,E01004322,51.519019,-0.058106,E09000030
17648,E1W 9SY,E01004322,51.519019,-0.058106,E09000030
17649,E1W 9SZ,E01004322,51.519019,-0.058106,E09000030
17650,E1W 9TA,E01004322,51.519019,-0.058106,E09000030
17651,E1W 9TB,E01004322,51.519019,-0.058106,E09000030
17652,E1W 9TD,E01004322,51.519019,-0.058106,E09000030
17653,E1W 9TE,E01004322,51.519019,-0.058106,E09000030
17654,E1W 9TF,E01004322,51.519019,-0.058106,E09000030
17655,E1W 9TG,E01004322,51.519019,-0.058106,E09000030
17656,E1W 9TH,E01004322,51.519019,-0.058106,E09000030
17657,E1W 9TJ,E01004322,51.519019,-0.058106,E09000030
17658,E1W 9TL,E01004322,51.519019,-0.058106,E09000030
17659,E1W 9TN,E01004322,51.519019,-0.058106,E09000030
17660,E1W 9TP,E01004322,51.519019,-0.058106,E09000030
17661,E1W 9TR,E01004322,51.519019,-0.058106,E09000030
17662,E1W 9TT,E01004322,51.519019,-0.058106,E09000030
17663,E1W 9TU,E01004322,51.519019,-0.058106,E09000030
17664,E1W 9TW,E01004322,51.519019,-0.058106,E09000030
17665,E1W 9TX,E01004322,51.519019,-0.058106,E09000030
17666,E1W 9TY,E01004322,51.519019,-0.058106,E09000030
17667,E1W 9UA,E01004322,51.519019,-0.058106,E09000030
17668,E1W 9UB,E01004322,51.519019,-0.058106,E09000030
17669,E1W 9UD,E01004322,51.519019,-0.058106,E09000030
17670,E1W 9UE,E01004322,51.519019,-0.058106,E09000030
17671,E1W 9UG,E01004322,51.519019,-0.058106,E09000030
17672,E1W 9UH,E01004322,51.519019,-0.058106,E09000030
17673,E1W 9UJ,E01004322,51.519019,-0.058106,E09000030
17674,E1W 9UL,E01004322,51.519019,-0.058106,E09000030
17675,E1W 9UN,E01004322,51.519019,-0.058106,E09000030
17676,E1W 9UP,E01004322,51.519019,-0.058106,E09000030
17677,E1W 9UQ,E01004322,51.519019,-0.058106,E09000030
17678,E1W 9UR,E01004322,51.519019,-0.058106,E09000030
17679,E1W 9US,E01004322,51.519019,-0.058106,E09000030
17680,E1W 9UT,E01004322,51.519019,-0.058106,E09000030
17681,E1W 9UU,E01004322,51.519019,-0.058106,E09000030
17682,E1W 9UW,E01004322,51.519019,-0.058106,E09000030
17683,E1W 9UX,E01004322,51.519019,-0.058106,E09000030
17684,E1W 9UY,E01004322,51.519019,-0.058106,E09000030
17685,E1W 9UZ,E01004322,51.519019,-0.058106,E09000030
17686,E1W 9WA,E01004322,51.519019,-0.058106,E09000030
17687,E1W 9WB,E01004322,51.519019,-0.058106,E09000030
17688,E1W 9WD,E01004322,51.519019,-0.058106,E09000030
17689,E1W 9WE,E01004322,51.519019,-0.058106,E09000030
17690,E1W 9WF,E01004322,51.519019,-0.058106,E09000030
17691,E1W 9WG,E01004322,51.519019,-0.058106,E09000030
17692,E1W 9WH,E01004322,51.519019,-0.058106,E09000030
17693,E1W 9WJ,E01004322,51.519019,-0.058106,E09000030
17694,E1W 9WL,E01004322,51.519019,-0.058106,E09000030
17695,E1W 9WN,E01004322,51.519019,-0.058106,E09000030
17696,E1W 9WP,E01004322,51.519019,-0.058106,E09000030
17697,E1W 9WQ,E01004322,51.519019,-0.058106,E09000030
17698,E1W 9WR,E01004322,51.519019,-0.058106,E09000030
17699,E1W 9WS,E01004322,51.519019,-0.058106,E09000030
17700,E1W 9WT,E01004322,51.519019,-0.058106,E09000030
17701,E1W 9WU,E01004322,51.519019,-0.058106,E09000030
17702,E1W 9WW,E01004322,51.519019,-0.058106,E09000030
17703,E1W 9WX,E01004322,51.519019,-0.058106,E09000030
17704,E1W 9WY,E01004322,51.519019,-0.058106,E09000030
17705,E1W 9WZ,E01004322,51.519019,-0.058106,E09000030
17706,E1W 9XA,E01004322,51.519019,-0.058106,E09000030
17707,E1W 9XB,E01004322,51.519019,-0.058106,E09000030
17708,E1W 9XD,E01004322,51.519019,-0.058106,E09000030
17709,E1W 9XE,E01004322,51.519019,-0.058106,E09000030
17710,E1W 9XF,E01004322,51.519019,-0.058106,E09000030
17711,E1W 9XG,E01004322,51.519019,-0.058106,E09000030
17712,E1W 9XH,E01004322,51.519019,-0.058106,E09000030
17713,E1W 9XJ,E01004322,51.519019,-0.058106,E09000030
17714,E1W 9XL,E01004322,51.519019,-0.058106,E09000030
17715,E1W 9XN,E01004322,51.519019,-0.058106,E09000030
17716,E1W 9XP,E01004322,51.519019,-0.058106,E09000030
17717,E1W 9XQ,E01004322,51.519019,-0.058106,E09000030
17718,E2  0AA,E01004313,51.526053,-0.066904,E09000030
17719,E2  0AB,E01004313,51.525477,-0.066899,E09000030
17720,E2  0AD,E01004313,51.526082,-0.066499,E09000030
17721,E2  0AE,E01004313,51.525477,-0.066899,E09000030
17722,E2  0AF,E01004203,51.527166,-0.059691,E09000030
17723,E2  0AG,E01004313,51.526259,-0.064704,E09000030
17724,E2  0AH,E01004211,51.526571,-0.061793,E09000030
17725,E2  0AJ,E01004211,51.526571,-0.061793,E09000030
17726,E2  0AL,E01004202,51.532726,-0.060392,E09000030
17727,E2  0AN,E01004203,51.527163,-0.059504,E09000030
17728,E2  0AP,E01004203,51.52726,-0.059414,E09000030
17729,E2  0AQ,E01004313,51.525477,-0.066899,E09000030
17730,E2  0AR,E01004199,51.527695,-0.058559,E09000030
17731,E2  0AS,E01004199,51.527721,-0.059019,E09000030
17732,E2  0AT,E01004203,51.527747,-0.059508,E09000030
17733,E2  0AU,E01004203,51.527964,-0.059052,E09000030
17734,E2  0AW,E01004199,51.527407,-0.05909,E09000030
17735,E2  0AX,E01004199,51.528248,-0.058233,E09000030
17736,E2  0AY,E01004203,51.528228,-0.059199,E09000030
17737,E2  0AZ,E01004203,51.527147,-0.061307,E09000030
17738,E2  0BA,E01004203,51.528523,-0.059648,E09000030
17739,E2  0BB,E01004211,51.52664,-0.059973,E09000030
17740,E2  0BD,E01004203,51.528495,-0.059044,E09000030
17741,E2  0BE,E01004203,51.527764,-0.059969,E09000030
17742,E2  0BF,E01004203,51.527862,-0.060469,E09000030
17743,E2  0BG,E01004203,51.527745,-0.060979,E09000030
17744,E2  0BH,E01004211,51.525807,-0.060715,E09000030
17745,E2  0BJ,E01004203,51.528088,-0.060532,E09000030
17746,E2  0BL,E01004203,51.528619,-0.060567,E09000030
17747,E2  0BN,E01004203,51.529089,-0.060705,E09000030
17748,E2  0BP,E01004211,51.524656,-0.059077,E09000030
17749,E2  0BQ,E01004203,51.527584,-0.060495,E09000030
17750,E2  0BS,E01004211,51.524751,-0.059434,E09000030
17751,E2  0BT,E01004211,51.525326,-0.059395,E09000030
17752,E2  0BU,E01004211,51.526233,-0.059313,E09000030
17753,E2  0BW,E01004203,51.528411,-0.061023,E09000030
17754,E2  0BX,E01004211,51.526257,-0.059658,E09000030
17755,E2  0BY,E01004211,51.526038,-0.058961,E09000030
17756,E2  0BZ,E01004211,51.526455,-0.060745,E09000030
17757,E2  0DA,E01004211,51.526281,-0.061099,E09000030
17758,E2  0DB,E01004211,51.526281,-0.061099,E09000030
17759,E2  0DD,E01032785,51.529008,-0.042298,E09000030
17760,E2  0DE,E01004211,51.526281,-0.061099,E09000030
17761,E2  0DF,E01032785,51.529008,-0.042327,E09000030
17762,E2  0DG,E01032785,51.528644,-0.042039,E09000030
17763,E2  0DH,E01004211,51.526281,-0.061099,E09000030
17764,E2  0DJ,E01004211,51.52678,-0.059737,E09000030
17765,E2  0DL,E01004211,51.526599,-0.058605,E09000030
17766,E2  0DN,E01004211,51.526213,-0.058117,E09000030
17767,E2  0DP,E01004212,51.525618,-0.058013,E09000030
17768,E2  0DQ,E01004202,51.532726,-0.060392,E09000030
17769,E2  0DR,E01004211,51.526462,-0.060658,E09000030
17770,E2  0DS,E01004212,51.525046,-0.058225,E09000030
17771,E2  0DT,E01004211,51.52647,-0.05789,E09000030
17772,E2  0DU,E01004212,51.524895,-0.057799,E09000030
17773,E2  0DW,E01004259,51.527936,-0.051902,E09000030
17774,E2  0DX,E01004212,51.52486,-0.058406,E09000030
17775,E2  0DY,E01004211,51.526662,-0.060217,E09000030
17776,E2  0DZ,E01004212,51.525334,-0.058256,E09000030
17777,E2  0EA,E01004211,51.527044,-0.057246,E09000030
17778,E2  0EB,E01004211,51.526782,-0.058814,E09000030
17779,E2  0ED,E01004211,51.526931,-0.058029,E09000030
17780,E2  0EE,E01004212,51.524536,-0.055147,E09000030
17781,E2  0EF,E01004211,51.52678,-0.05756,E09000030
17782,E2  0EG,E01004212,51.526416,-0.05733,E09000030
17783,E2  0EH,E01004211,51.527044,-0.057246,E09000030
17784,E2  0EJ,E01004212,51.52654,-0.056662,E09000030
17785,E2  0EL,E01004212,51.526758,-0.055744,E09000030
17786,E2  0EN,E01004212,51.525287,-0.055374,E09000030
17787,E2  0EQ,E01004211,51.526809,-0.057155,E09000030
17788,E2  0ER,E01004212,51.524388,-0.055413,E09000030
17789,E2  0ES,E01004259,51.527936,-0.051902,E09000030
17790,E2  0ET,E01004209,51.527208,-0.055192,E09000030
17791,E2  0EU,E01004209,51.524573,-0.054079,E09000030
17792,E2  0EW,E01004212,51.526209,-0.056777,E09000030
17793,E2  0EX,E01032787,51.525019,-0.052776,E09000030
17794,E2  0EY,E01004209,51.52683,-0.051949,E09000030
17795,E2  0EZ,E01004209,51.526809,-0.052268,E09000030
17796,E2  0FA,E01032785,51.529189,-0.041814,E09000030
17797,E2  0FB,E01004202,51.532726,-0.060392,E09000030
17798,E2  0FD,E01004202,51.532726,-0.060392,E09000030
17799,E2  0FE,E01032785,51.528416,-0.041847,E09000030
17800,E2  0FF,E01032785,51.528079,-0.041631,E09000030
17801,E2  0FG,E01032785,51.528268,-0.041075,E09000030
17802,E2  0FH,E01004202,51.532726,-0.060392,E09000030
17803,E2  0FJ,E01004202,51.532726,-0.060392,E09000030
17804,E2  0FL,E01004202,51.532726,-0.060392,E09000030
17805,E2  0FN,E01004202,51.532726,-0.060392,E09000030
17806,E2  0FP,E01004202,51.532726,-0.060392,E09000030
17807,E2  0FQ,E01032785,51.528895,-0.041452,E09000030
17808,E2  0FR,E01004202,51.532726,-0.060392,E09000030
17809,E2  0FS,E01032785,51.528594,-0.041234,E09000030
17810,E2  0FT,E01032787,51.525019,-0.052791,E09000030
17811,E2  0FU,E01004209,51.526016,-0.053801,E09000030
17812,E2  0FW,E01004202,51.532726,-0.060392,E09000030
17813,E2  0FX,E01032786,51.529347,-0.045383,E09000030
17814,E2  0FZ,E01004260,51.528809,-0.04927,E09000030
17815,E2  0GA,E01004209,51.526786,-0.052514,E09000030
17816,E2  0GB,E01032785,51.528885,-0.041409,E09000030
17817,E2  0GD,E01032785,51.529605,-0.043065,E09000030
17818,E2  0GT,E01032785,51.529463,-0.042639,E09000030
17819,E2  0HA,E01032787,51.52708,-0.052386,E09000030
17820,E2  0HB,E01032787,51.52719,-0.051934,E09000030
17821,E2  0HD,E01004209,51.526804,-0.052527,E09000030
17822,E2  0HE,E01004209,51.526453,-0.052528,E09000030
17823,E2  0HF,E01032787,51.527089,-0.052919,E09000030
17824,E2  0HG,E01004211,51.52685,-0.05858,E09000030
17825,E2  0HH,E01004212,51.524388,-0.055413,E09000030
17826,E2  0HJ,E01004209,51.526935,-0.053906,E09000030
17827,E2  0HL,E01004209,51.526437,-0.053739,E09000030
17828,E2  0HN,E01004209,51.526383,-0.053151,E09000030
17829,E2  0HP,E01004209,51.527008,-0.053412,E09000030
17830,E2  0HQ,E01004212,51.526463,-0.0558,E09000030
17831,E2  0HR,E01004209,51.527416,-0.053626,E09000030
17832,E2  0HS,E01032787,51.527483,-0.052801,E09000030
17833,E2  0HT,E01032787,51.527606,-0.052061,E09000030
17834,E2  0HU,E01004259,51.527911,-0.052047,E09000030
17835,E2  0HW,E01004209,51.526437,-0.053739,E09000030
17836,E2  0HX,E01004259,51.527638,-0.054034,E09000030
17837,E2  0HY,E01032787,51.527036,-0.052416,E09000030
17838,E2  0HZ,E01032787,51.527036,-0.052416,E09000030
17839,E2  0JA,E01004259,51.527821,-0.05257,E09000030
17840,E2  0JD,E01004259,51.52833,-0.051294,E09000030
17841,E2  0JE,E01004259,51.52856,-0.052164,E09000030
17842,E2  0JF,E01004259,51.52856,-0.052164,E09000030
17843,E2  0JG,E01004259,51.528373,-0.051696,E09000030
17844,E2  0JH,E01004266,51.5294,-0.051263,E09000030
17845,E2  0JL,E01004259,51.529064,-0.05109,E09000030
17846,E2  0JN,E01004259,51.529123,-0.050842,E09000030
17847,E2  0JQ,E01004259,51.528625,-0.052796,E09000030
17848,E2  0JS,E01032787,51.526481,-0.05097,E09000030
17849,E2  0JT,E01032787,51.526825,-0.051618,E09000030
17850,E2  0JU,E01032787,51.525935,-0.051108,E09000030
17851,E2  0JW,E01004259,51.528851,-0.050695,E09000030
17852,E2  0JX,E01004209,51.526137,-0.052455,E09000030
17853,E2  0JY,E01032787,51.52604,-0.050369,E09000030
17854,E2  0JZ,E01032787,51.526999,-0.051293,E09000030
17855,E2  0LA,E01032787,51.525967,-0.051972,E09000030
17856,E2  0LB,E01032787,51.525724,-0.051406,E09000030
17857,E2  0LD,E01032787,51.525368,-0.051075,E09000030
17858,E2  0LE,E01004259,51.525801,-0.049514,E09000030
17859,E2  0LF,E01032787,51.524796,-0.052916,E09000030
17860,E2  0LG,E01004259,51.526248,-0.049365,E09000030
17861,E2  0LH,E01032787,51.525658,-0.050644,E09000030
17862,E2  0LJ,E01032787,51.527065,-0.050945,E09000030
17863,E2  0LL,E01004259,51.525923,-0.049307,E09000030
17864,E2  0LN,E01004259,51.526367,-0.050009,E09000030
17865,E2  0LP,E01004259,51.527749,-0.049877,E09000030
17866,E2  0LQ,E01032787,51.52548,-0.05022,E09000030
17867,E2  0LR,E01004259,51.527749,-0.049877,E09000030
17868,E2  0LS,E01004259,51.527315,-0.049752,E09000030
17869,E2  0LT,E01004259,51.527843,-0.050681,E09000030
17870,E2  0LU,E01032787,51.527012,-0.050976,E09000030
17871,E2  0LW,E01004259,51.527499,-0.050508,E09000030
17872,E2  0LX,E01004259,51.527783,-0.050828,E09000030
17873,E2  0NA,E01004266,51.529095,-0.049171,E09000030
17874,E2  0NB,E01004259,51.528906,-0.049655,E09000030
17875,E2  0ND,E01004260,51.528785,-0.049458,E09000030
17876,E2  0NF,E01004266,51.529737,-0.048293,E09000030
17877,E2  0NG,E01004266,51.530252,-0.048949,E09000030
17878,E2  0NH,E01004266,51.529617,-0.049178,E09000030
17879,E2  0NJ,E01004266,51.529502,-0.052008,E09000030
17880,E2  0NL,E01004266,51.530007,-0.05265,E09000030
17881,E2  0NN,E01004266,51.530156,-0.05025,E09000030
17882,E2  0NP,E01004266,51.530281,-0.051788,E09000030
17883,E2  0NQ,E01004259,51.528558,-0.050953,E09000030
17884,E2  0NS,E01004266,51.529382,-0.052345,E09000030
17885,E2  0NT,E01004266,51.529643,-0.052882,E09000030
17886,E2  0NU,E01004266,51.529897,-0.053044,E09000030
17887,E2  0NW,E01004266,51.530411,-0.049879,E09000030
17888,E2  0NX,E01004259,51.528857,-0.05378,E09000030
17889,E2  0PA,E01004259,51.529238,-0.052914,E09000030
17890,E2  0PB,E01004259,51.528978,-0.052953,E09000030
17891,E2  0PD,E01004266,51.530063,-0.052215,E09000030
17892,E2  0PE,E01004266,51.530327,-0.051324,E09000030
17893,E2  0PF,E01004266,51.529867,-0.051229,E09000030
17894,E2  0PG,E01004260,51.528435,-0.048911,E09000030
17895,E2  0PH,E01004259,51.528379,-0.04936,E09000030
17896,E2  0PJ,E01004259,51.528406,-0.04933,E09000030
17897,E2  0PL,E01004260,51.528545,-0.048517,E09000030
17898,E2  0PN,E01004260,51.528193,-0.048965,E09000030
17899,E2  0PP,E01004260,51.528035,-0.048164,E09000030
17900,E2  0PQ,E01004259,51.527887,-0.049497,E09000030
17901,E2  0PR,E01004260,51.527671,-0.048396,E09000030
17902,E2  0PS,E01004260,51.527625,-0.047792,E09000030
17903,E2  0PT,E01004260,51.528109,-0.047152,E09000030
17904,E2  0PU,E01004260,51.527622,-0.047086,E09000030
17905,E2  0PW,E01032786,51.530755,-0.04352,E09000030
17906,E2  0PX,E01004259,51.526781,-0.048463,E09000030
17907,E2  0PY,E01004260,51.527186,-0.046816,E09000030
17908,E2  0PZ,E01004260,51.526779,-0.046718,E09000030
17909,E2  0QA,E01032785,51.527352,-0.042239,E09000030
17910,E2  0QB,E01004260,51.527029,-0.046059,E09000030
17911,E2  0QD,E01004260,51.52737,-0.046015,E09000030
17912,E2  0QE,E01004260,51.528275,-0.046366,E09000030
17913,E2  0QF,E01004260,51.526892,-0.045387,E09000030
17914,E2  0QG,E01004260,51.526975,-0.044432,E09000030
17915,E2  0QH,E01004260,51.528983,-0.045644,E09000030
17916,E2  0QJ,E01004259,51.528081,-0.049834,E09000030
17917,E2  0QL,E01032785,51.527281,-0.043352,E09000030
17918,E2  0QN,E01004260,51.528641,-0.04945,E09000030
17919,E2  0QP,E01004266,51.52995,-0.04814,E09000030
17920,E2  0QQ,E01032785,51.527352,-0.042239,E09000030
17921,E2  0QR,E01032786,51.529977,-0.047562,E09000030
17922,E2  0QS,E01004266,51.53088,-0.046716,E09000030
17923,E2  0QT,E01004266,51.53036,-0.047344,E09000030
17924,E2  0QU,E01032786,51.529725,-0.047025,E09000030
17925,E2  0QW,E01004259,51.52838,-0.050499,E09000030
17926,E2  0QX,E01032786,51.529452,-0.047382,E09000030
17927,E2  0QY,E01032786,51.529503,-0.046126,E09000030
17928,E2  0QZ,E01032786,51.529513,-0.046183,E09000030
17929,E2  0RA,E01032786,51.530054,-0.045165,E09000030
17930,E2  0RB,E01032786,51.530151,-0.045608,E09000030
17931,E2  0RD,E01032786,51.530248,-0.046555,E09000030
17932,E2  0RE,E01004266,51.53062,-0.046741,E09000030
17933,E2  0RF,E01032786,51.530812,-0.045897,E09000030
17934,E2  0RG,E01032786,51.530634,-0.044881,E09000030
17935,E2  0RL,E01004260,51.528761,-0.048018,E09000030
17936,E2  0RN,E01004260,51.528626,-0.047447,E09000030
17937,E2  0RP,E01004260,51.52815,-0.047496,E09000030
17938,E2  0RQ,E01032786,51.529636,-0.046538,E09000030
17939,E2  0RR,E01004260,51.528539,-0.047595,E09000030
17940,E2  0RS,E01004260,51.528278,-0.047072,E09000030
17941,E2  0RT,E01032786,51.528798,-0.046992,E09000030
17942,E2  0RU,E01032786,51.528992,-0.046739,E09000030
17943,E2  0RW,E01004260,51.528341,-0.048165,E09000030
17944,E2  0RX,E01032786,51.528992,-0.046739,E09000030
17945,E2  0RY,E01032786,51.529347,-0.045383,E09000030
17946,E2  0RZ,E01004260,51.528761,-0.048018,E09000030
17947,E2  0SA,E01032786,51.529273,-0.045804,E09000030
17948,E2  0SB,E01004260,51.529256,-0.044752,E09000030
17949,E2  0SD,E01032785,51.5295,-0.044295,E09000030
17950,E2  0SE,E01032785,51.529557,-0.043975,E09000030
17951,E2  0SF,E01032785,51.52929,-0.042531,E09000030
17952,E2  0SG,E01032785,51.530067,-0.042742,E09000030
17953,E2  0SH,E01032786,51.530487,-0.043618,E09000030
17954,E2  0SJ,E01032786,51.530487,-0.043618,E09000030
17955,E2  0SL,E01032785,51.530304,-0.043468,E09000030
17956,E2  0SN,E01004260,51.52859,-0.044219,E09000030
17957,E2  0SP,E01032785,51.529615,-0.042589,E09000030
17958,E2  0SQ,E01032785,51.529904,-0.042634,E09000030
17959,E2  0SR,E01032786,51.530487,-0.043618,E09000030
17960,E2  0SS,E01032786,51.530788,-0.044413,E09000030
17961,E2  0ST,E01032786,51.530344,-0.044778,E09000030
17962,E2  0SU,E01032786,51.530972,-0.043035,E09000030
17963,E2  0SW,E01032786,51.53112,-0.043865,E09000030
17964,E2  0SX,E01032785,51.530151,-0.042335,E09000030
17965,E2  0SY,E01032785,51.529737,-0.042367,E09000030
17966,E2  0SZ,E01032785,51.529678,-0.042038,E09000030
17967,E2  0TA,E01032785,51.527788,-0.041975,E09000030
17968,E2  0TB,E01032785,51.527838,-0.041151,E09000030
17969,E2  0TD,E01032785,51.527838,-0.041151,E09000030
17970,E2  0TE,E01004266,51.529578,-0.050592,E09000030
17971,E2  0TF,E01004266,51.529563,-0.049742,E09000030
17972,E2  0TG,E01004202,51.532726,-0.060392,E09000030
17973,E2  0TH,E01004259,51.527935,-0.051888,E09000030
17974,E2  0TJ,E01004202,51.532726,-0.060392,E09000030
17975,E2  0TL,E01004259,51.527935,-0.051888,E09000030
17976,E2  0TN,E01004259,51.527935,-0.051888,E09000030
17977,E2  0TP,E01004259,51.527936,-0.051902,E09000030
17978,E2  0TQ,E01004202,51.532726,-0.060392,E09000030
17979,E2  0TR,E01004259,51.527935,-0.051888,E09000030
17980,E2  0TS,E01004259,51.527936,-0.051902,E09000030
17981,E2  0TT,E01004259,51.527936,-0.051902,E09000030
17982,E2  0TU,E01004259,51.527935,-0.051888,E09000030
17983,E2  0TW,E01004259,51.527935,-0.051888,E09000030
17984,E2  0TX,E01004259,51.527935,-0.051888,E09000030
17985,E2  0TY,E01004202,51.532726,-0.060392,E09000030
17986,E2  0TZ,E01004259,51.527935,-0.051888,E09000030
17987,E2  0UA,E01004259,51.527935,-0.051888,E09000030
17988,E2  0UB,E01004259,51.527935,-0.051888,E09000030
17989,E2  0UD,E01004259,51.527935,-0.051888,E09000030
17990,E2  0UE,E01004209,51.52706,-0.053857,E09000030
17991,E2  0UF,E01004259,51.527935,-0.051888,E09000030
17992,E2  0UG,E01004202,51.532726,-0.060392,E09000030
17993,E2  0UH,E01004202,51.532726,-0.060392,E09000030
17994,E2  0UJ,E01004259,51.527935,-0.051888,E09000030
17995,E2  0UL,E01004209,51.52706,-0.053857,E09000030
17996,E2  0UN,E01004202,51.532726,-0.060392,E09000030
17997,E2  0UP,E01004259,51.527935,-0.051888,E09000030
17998,E2  0UQ,E01004202,51.532726,-0.060392,E09000030
17999,E2  0UR,E01004202,51.532726,-0.060392,E09000030
18000,E2  0US,E01004202,51.532726,-0.060392,E09000030
18001,E2  0UT,E01004259,51.527935,-0.051888,E09000030
18002,E2  0UU,E01004202,51.532726,-0.060392,E09000030
18003,E2  0UW,E01004259,51.527935,-0.051888,E09000030
18004,E2  0UX,E01004202,51.532726,-0.060392,E09000030
18005,E2  0UY,E01004202,51.532726,-0.060392,E09000030
18006,E2  0UZ,E01004202,51.532726,-0.060392,E09000030
18007,E2  0WA,E01004202,51.532726,-0.060392,E09000030
18008,E2  0WB,E01004202,51.532726,-0.060392,E09000030
18009,E2  0WD,E01004202,51.532726,-0.060392,E09000030
18010,E2  0WE,E01004202,51.532726,-0.060392,E09000030
18011,E2  0WF,E01004202,51.532726,-0.060392,E09000030
18012,E2  0WG,E01004202,51.532726,-0.060392,E09000030
18013,E2  0WH,E01004202,51.532726,-0.060392,E09000030
18014,E2  0WJ,E01004202,51.532726,-0.060392,E09000030
18015,E2  0WL,E01004202,51.532726,-0.060392,E09000030
18016,E2  0WN,E01004202,51.532726,-0.060392,E09000030
18017,E2  0WP,E01004202,51.532726,-0.060392,E09000030
18018,E2  0WQ,E01004202,51.532726,-0.060392,E09000030
18019,E2  0WR,E01004202,51.532726,-0.060392,E09000030
18020,E2  0WS,E01004202,51.532726,-0.060392,E09000030
18021,E2  0WT,E01004202,51.532726,-0.060392,E09000030
18022,E2  0WU,E01004202,51.532726,-0.060392,E09000030
18023,E2  0WW,E01004202,51.532726,-0.060392,E09000030
18024,E2  0WX,E01004202,51.532726,-0.060392,E09000030
18025,E2  0WY,E01004202,51.532726,-0.060392,E09000030
18026,E2  0WZ,E01004202,51.532726,-0.060392,E09000030
18027,E2  0XA,E01004202,51.532726,-0.060392,E09000030
18028,E2  0XB,E01004202,51.532726,-0.060392,E09000030
18029,E2  0XZ,E01004202,51.532726,-0.060392,E09000030
18030,E2  0YQ,E01004202,51.532726,-0.060392,E09000030
18031,E2  0YT,E01004202,51.532726,-0.060392,E09000030
18032,E2  0YW,E01004202,51.532726,-0.060392,E09000030
18033,E2  0YZ,E01004202,51.532726,-0.060392,E09000030
18034,E2  0ZA,E01004202,51.532726,-0.060392,E09000030
18035,E2  0ZZ,E01004203,51.527166,-0.059691,E09000030
18040,E2  2AF,E01004202,51.532726,-0.060392,E09000030
18049,E2  2AS,E01004202,51.532726,-0.060392,E09000030
18050,E2  2AT,E01004202,51.532726,-0.060392,E09000030
18051,E2  2AU,E01004202,51.532726,-0.060392,E09000030
18052,E2  2AW,E01004202,51.532726,-0.060392,E09000030
18053,E2  2AX,E01004202,51.532726,-0.060392,E09000030
18056,E2  2BA,E01004202,51.532726,-0.060392,E09000030
18058,E2  2BD,E01004202,51.532726,-0.060392,E09000030
18059,E2  2BE,E01004202,51.532726,-0.060392,E09000030
18060,E2  2BF,E01004202,51.532726,-0.060392,E09000030
18061,E2  2BG,E01004202,51.532726,-0.060392,E09000030
18062,E2  2BH,E01004202,51.532726,-0.060392,E09000030
18065,E2  2BN,E01004202,51.532726,-0.060392,E09000030
18066,E2  2BP,E01004202,51.532726,-0.060392,E09000030
18067,E2  2BQ,E01004202,51.532726,-0.060392,E09000030
18068,E2  2BR,E01004202,51.532726,-0.060392,E09000030
18069,E2  2BS,E01004202,51.532726,-0.060392,E09000030
18070,E2  2BT,E01004202,51.532726,-0.060392,E09000030
18071,E2  2BU,E01004202,51.532726,-0.060392,E09000030
18072,E2  2BW,E01004202,51.532726,-0.060392,E09000030
18073,E2  2BX,E01004202,51.532726,-0.060392,E09000030
18074,E2  2BY,E01004202,51.532726,-0.060392,E09000030
18075,E2  2DA,E01004202,51.532726,-0.060392,E09000030
18076,E2  2DB,E01004202,51.532726,-0.060392,E09000030
18077,E2  2DD,E01004202,51.532726,-0.060392,E09000030
18078,E2  2DE,E01004202,51.532726,-0.060392,E09000030
18079,E2  2DF,E01004202,51.532726,-0.060392,E09000030
18080,E2  2DG,E01004202,51.532726,-0.060392,E09000030
18081,E2  2DH,E01004202,51.532726,-0.060392,E09000030
18082,E2  2DJ,E01004202,51.532726,-0.060392,E09000030
18083,E2  2DL,E01004202,51.532726,-0.060392,E09000030
18084,E2  2DN,E01004202,51.532726,-0.060392,E09000030
18085,E2  2DP,E01004202,51.532726,-0.060392,E09000030
18086,E2  2DR,E01004202,51.532726,-0.060392,E09000030
18087,E2  2DS,E01004202,51.532726,-0.060392,E09000030
18088,E2  2DU,E01004202,51.532726,-0.060392,E09000030
18089,E2  2DW,E01004202,51.532726,-0.060392,E09000030
18090,E2  2DX,E01004202,51.532726,-0.060392,E09000030
18091,E2  2DY,E01004202,51.532726,-0.060392,E09000030
18092,E2  2DZ,E01004202,51.532726,-0.060392,E09000030
18093,E2  2EA,E01004202,51.532726,-0.060392,E09000030
18094,E2  2EB,E01004202,51.532726,-0.060392,E09000030
18095,E2  2ED,E01004202,51.532726,-0.060392,E09000030
18096,E2  2EE,E01004202,51.532726,-0.060392,E09000030
18097,E2  2EF,E01004202,51.532726,-0.060392,E09000030
18098,E2  2EG,E01004202,51.532726,-0.060392,E09000030
18099,E2  2EH,E01004202,51.532726,-0.060392,E09000030
18100,E2  2EJ,E01004202,51.532726,-0.060392,E09000030
18101,E2  2EL,E01004202,51.532726,-0.060392,E09000030
18102,E2  2EN,E01004202,51.532726,-0.060392,E09000030
18103,E2  2EP,E01004202,51.532726,-0.060392,E09000030
18104,E2  2EQ,E01004202,51.532726,-0.060392,E09000030
18105,E2  2ER,E01004202,51.532726,-0.060392,E09000030
18106,E2  2ES,E01004202,51.532726,-0.060392,E09000030
18107,E2  2ET,E01004202,51.532726,-0.060392,E09000030
18108,E2  2EU,E01004202,51.532726,-0.060392,E09000030
18109,E2  2EW,E01004202,51.532726,-0.060392,E09000030
18110,E2  2EX,E01004202,51.532726,-0.060392,E09000030
18111,E2  2EY,E01004202,51.532726,-0.060392,E09000030
18112,E2  2EZ,E01004202,51.532726,-0.060392,E09000030
18113,E2  2FA,E01004202,51.532726,-0.060392,E09000030
18114,E2  2FB,E01004202,51.532726,-0.060392,E09000030
18115,E2  2FD,E01004202,51.532726,-0.060392,E09000030
18116,E2  2FE,E01004202,51.532726,-0.060392,E09000030
18117,E2  2FF,E01004202,51.532726,-0.060392,E09000030
18118,E2  2FG,E01004202,51.532726,-0.060392,E09000030
18119,E2  2FH,E01004202,51.532726,-0.060392,E09000030
18120,E2  2FJ,E01004202,51.532726,-0.060392,E09000030
18121,E2  2FL,E01004202,51.532726,-0.060392,E09000030
18122,E2  2FN,E01004202,51.532726,-0.060392,E09000030
18123,E2  2FP,E01004202,51.532726,-0.060392,E09000030
18124,E2  2FQ,E01004202,51.532726,-0.060392,E09000030
18125,E2  2FS,E01004202,51.532726,-0.060392,E09000030
18126,E2  2FT,E01004202,51.532726,-0.060392,E09000030
18127,E2  2FU,E01004202,51.532726,-0.060392,E09000030
18128,E2  2FW,E01004202,51.532726,-0.060392,E09000030
18129,E2  2FX,E01004202,51.532726,-0.060392,E09000030
18130,E2  2FY,E01004202,51.532726,-0.060392,E09000030
18131,E2  2FZ,E01004202,51.532726,-0.060392,E09000030
18132,E2  2GA,E01004202,51.532726,-0.060392,E09000030
18133,E2  2GB,E01004202,51.532726,-0.060392,E09000030
18134,E2  2GD,E01004202,51.532726,-0.060392,E09000030
18135,E2  2GE,E01004202,51.532726,-0.060392,E09000030
18136,E2  2GF,E01004202,51.532726,-0.060392,E09000030
18137,E2  2GG,E01004202,51.532726,-0.060392,E09000030
18138,E2  2GH,E01004202,51.532726,-0.060392,E09000030
18139,E2  2GJ,E01004202,51.532726,-0.060392,E09000030
18140,E2  2GL,E01004202,51.532726,-0.060392,E09000030
18141,E2  2GN,E01004202,51.532726,-0.060392,E09000030
18142,E2  2GP,E01004202,51.532726,-0.060392,E09000030
18143,E2  2GQ,E01004202,51.532726,-0.060392,E09000030
18144,E2  2GR,E01004202,51.532726,-0.060392,E09000030
18145,E2  2GS,E01004202,51.532726,-0.060392,E09000030
18146,E2  2GT,E01004202,51.532726,-0.060392,E09000030
18147,E2  2GU,E01004202,51.532726,-0.060392,E09000030
18148,E2  2GW,E01004202,51.532726,-0.060392,E09000030
18149,E2  2GY,E01004202,51.532726,-0.060392,E09000030
18150,E2  2GZ,E01004202,51.532726,-0.060392,E09000030
18151,E2  2HA,E01004202,51.532726,-0.060392,E09000030
18152,E2  2HB,E01004202,51.532726,-0.060392,E09000030
18153,E2  2HD,E01004202,51.532726,-0.060392,E09000030
18154,E2  2HE,E01004202,51.532726,-0.060392,E09000030
18155,E2  2HF,E01004202,51.532726,-0.060392,E09000030
18156,E2  2HG,E01004202,51.532726,-0.060392,E09000030
18157,E2  2HH,E01004202,51.532726,-0.060392,E09000030
18158,E2  2HJ,E01004202,51.532726,-0.060392,E09000030
18159,E2  2HL,E01004202,51.532726,-0.060392,E09000030
18160,E2  2HN,E01004202,51.532726,-0.060392,E09000030
18161,E2  2HP,E01004202,51.532726,-0.060392,E09000030
18162,E2  2HQ,E01004202,51.532726,-0.060392,E09000030
18163,E2  2HS,E01004202,51.532726,-0.060392,E09000030
18164,E2  2HU,E01004202,51.532726,-0.060392,E09000030
18165,E2  2HW,E01004202,51.532726,-0.060392,E09000030
18166,E2  2HX,E01004202,51.532726,-0.060392,E09000030
18167,E2  2HY,E01004202,51.532726,-0.060392,E09000030
18168,E2  2HZ,E01004202,51.532726,-0.060392,E09000030
18169,E2  2JA,E01004202,51.532726,-0.060392,E09000030
18170,E2  2JB,E01004202,51.532726,-0.060392,E09000030
18171,E2  2JD,E01004202,51.532726,-0.060392,E09000030
18172,E2  2JE,E01004202,51.532726,-0.060392,E09000030
18173,E2  2JF,E01004202,51.532726,-0.060392,E09000030
18174,E2  2JG,E01004202,51.532726,-0.060392,E09000030
18175,E2  2JH,E01004202,51.532726,-0.060392,E09000030
18176,E2  2JJ,E01004202,51.532726,-0.060392,E09000030
18177,E2  2JL,E01004202,51.532726,-0.060392,E09000030
18178,E2  2JN,E01004202,51.532726,-0.060392,E09000030
18179,E2  2JP,E01004202,51.532726,-0.060392,E09000030
18180,E2  2JQ,E01004202,51.532726,-0.060392,E09000030
18181,E2  2JR,E01004202,51.532726,-0.060392,E09000030
18182,E2  2JS,E01004202,51.532726,-0.060392,E09000030
18183,E2  2JT,E01004202,51.532726,-0.060392,E09000030
18184,E2  2JU,E01004202,51.532726,-0.060392,E09000030
18185,E2  2JW,E01004202,51.532726,-0.060392,E09000030
18186,E2  2JX,E01004202,51.532726,-0.060392,E09000030
18187,E2  2JY,E01004202,51.532726,-0.060392,E09000030
18188,E2  2ZZ,E01004202,51.532726,-0.060392,E09000030
18189,E2  6AA,E01004204,51.528987,-0.062714,E09000030
18190,E2  6AB,E01004313,51.526253,-0.067559,E09000030
18191,E2  6AD,E01004313,51.526586,-0.066521,E09000030
18192,E2  6AE,E01004313,51.52688,-0.065254,E09000030
18193,E2  6AF,E01004313,51.526289,-0.067557,E09000030
18194,E2  6AG,E01035668,51.525501,-0.06834,E09000030
18195,E2  6AH,E01004313,51.526618,-0.065193,E09000030
18196,E2  6AJ,E01004313,51.526776,-0.064941,E09000030
18197,E2  6AL,E01004313,51.526878,-0.066206,E09000030
18198,E2  6AN,E01004313,51.527264,-0.065613,E09000030
18199,E2  6AP,E01004313,51.527275,-0.066823,E09000030
18200,E2  6AQ,E01004313,51.526375,-0.066818,E09000030
18201,E2  6AR,E01004312,51.527333,-0.067123,E09000030
18202,E2  6AS,E01004313,51.526714,-0.066068,E09000030
18203,E2  6AT,E01004313,51.526804,-0.064983,E09000030
18204,E2  6AU,E01004313,51.526919,-0.067098,E09000030
18205,E2  6AW,E01004313,51.527176,-0.066308,E09000030
18206,E2  6AX,E01004313,51.526871,-0.067417,E09000030
18207,E2  6AY,E01004312,51.527706,-0.067353,E09000030
18208,E2  6AZ,E01004312,51.527675,-0.067657,E09000030
18209,E2  6BA,E01004312,51.527458,-0.06758,E09000030
18210,E2  6BB,E01004312,51.527096,-0.067465,E09000030
18211,E2  6BD,E01004313,51.526813,-0.067751,E09000030
18212,E2  6BE,E01004313,51.526774,-0.06807,E09000030
18213,E2  6BF,E01004212,51.524804,-0.056101,E09000030
18214,E2  6BG,E01004312,51.527054,-0.068173,E09000030
18215,E2  6BH,E01004312,51.52741,-0.067928,E09000030
18216,E2  6BJ,E01004312,51.527325,-0.068263,E09000030
18217,E2  6BL,E01004312,51.527615,-0.068366,E09000030
18218,E2  6BN,E01004312,51.527645,-0.068019,E09000030
18219,E2  6BP,E01004312,51.526414,-0.068619,E09000030
18220,E2  6BQ,E01004312,51.527048,-0.067813,E09000030
18221,E2  6BS,E01004313,51.526228,-0.068252,E09000030
18222,E2  6BT,E01004312,51.526093,-0.068791,E09000030
18223,E2  6BU,E01004312,51.526321,-0.069502,E09000030
18224,E2  6BW,E01004313,51.526481,-0.068327,E09000030
18225,E2  6BX,E01004312,51.526314,-0.069113,E09000030
18226,E2  6BY,E01004312,51.526731,-0.068749,E09000030
18227,E2  6BZ,E01004312,51.526466,-0.069568,E09000030
18228,E2  6DA,E01004312,51.526473,-0.068948,E09000030
18229,E2  6DB,E01004313,51.527453,-0.066715,E09000030
18230,E2  6DD,E01004202,51.532726,-0.060392,E09000030
18231,E2  6DE,E01004200,51.530556,-0.062935,E09000030
18232,E2  6DF,E01035669,51.523775,-0.072738,E09000030
18233,E2  6DG,E01035669,51.524954,-0.071174,E09000030
18234,E2  6DH,E01035669,51.523775,-0.072738,E09000030
18235,E2  6DJ,E01035669,51.52465,-0.071259,E09000030
18236,E2  6DL,E01004315,51.525461,-0.069754,E09000030
18237,E2  6DN,E01004312,51.5252,-0.068641,E09000030
18238,E2  6DP,E01035668,51.523854,-0.068828,E09000030
18239,E2  6DQ,E01004200,51.530727,-0.062438,E09000030
18240,E2  6DR,E01004312,51.525281,-0.069185,E09000030
18241,E2  6DS,E01035668,51.523704,-0.068416,E09000030
18242,E2  6DT,E01035668,51.525101,-0.068069,E09000030
18243,E2  6DU,E01035668,51.523982,-0.070567,E09000030
18244,E2  6DW,E01004312,51.5252,-0.068641,E09000030
18245,E2  6DX,E01035668,51.523909,-0.068292,E09000030
18246,E2  6DY,E01035669,51.523989,-0.070437,E09000030
18247,E2  6DZ,E01035668,51.524578,-0.070181,E09000030
18248,E2  6EA,E01035668,51.523733,-0.069655,E09000030
18249,E2  6EB,E01035668,51.522853,-0.071335,E09000030
18250,E2  6ED,E01035668,51.523601,-0.070929,E09000030
18251,E2  6EE,E01035668,51.523765,-0.068284,E09000030
18252,E2  6EF,E01035668,51.52467,-0.068678,E09000030
18253,E2  6EG,E01035668,51.524043,-0.066614,E09000030
18254,E2  6EH,E01035668,51.52354,-0.069374,E09000030
18255,E2  6EJ,E01035668,51.523717,-0.066484,E09000030
18256,E2  6EL,E01035668,51.523655,-0.070364,E09000030
18257,E2  6EN,E01004202,51.532726,-0.060392,E09000030
18258,E2  6EP,E01035668,51.523713,-0.066772,E09000030
18259,E2  6EQ,E01035668,51.523509,-0.069679,E09000030
18260,E2  6ER,E01035668,51.523703,-0.070016,E09000030
18261,E2  6ES,E01035668,51.523293,-0.070235,E09000030
18262,E2  6ET,E01035668,51.524494,-0.066682,E09000030
18263,E2  6EU,E01035668,51.523704,-0.068416,E09000030
18264,E2  6EW,E01004202,51.532726,-0.060392,E09000030
18265,E2  6EX,E01035668,51.524409,-0.065907,E09000030
18266,E2  6EY,E01004313,51.525368,-0.066255,E09000030
18267,E2  6EZ,E01004203,51.526917,-0.064229,E09000030
18268,E2  6FA,E01004212,51.524618,-0.055215,E09000030
18269,E2  6FB,E01035668,51.523584,-0.068234,E09000030
18270,E2  6FD,E01035668,51.523597,-0.067945,E09000030
18271,E2  6FE,E01035668,51.523672,-0.067553,E09000030
18272,E2  6FF,E01035668,51.523694,-0.067292,E09000030
18273,E2  6FG,E01004212,51.52566,-0.05569,E09000030
18274,E2  6FH,E01004212,51.52566,-0.05569,E09000030
18275,E2  6FJ,E01004212,51.524804,-0.056101,E09000030
18276,E2  6FL,E01004212,51.524804,-0.056101,E09000030
18277,E2  6FN,E01004312,51.526038,-0.069269,E09000030
18278,E2  6FQ,E01004199,51.530445,-0.057317,E09000030
18279,E2  6FR,E01004204,51.527965,-0.062901,E09000030
18280,E2  6FS,E01004203,51.527065,-0.062839,E09000030
18281,E2  6FT,E01004200,51.531385,-0.062511,E09000030
18282,E2  6FU,E01004212,51.524547,-0.055262,E09000030
18283,E2  6FW,E01004212,51.524845,-0.055869,E09000030
18284,E2  6FX,E01004212,51.524787,-0.057241,E09000030
18285,E2  6FY,E01004212,51.524893,-0.057107,E09000030
18286,E2  6FZ,E01004212,51.525096,-0.056925,E09000030
18287,E2  6GA,E01004200,51.530358,-0.062396,E09000030
18288,E2  6GB,E01004200,51.530113,-0.062277,E09000030
18289,E2  6GD,E01004203,51.529274,-0.061548,E09000030
18290,E2  6GE,E01004200,51.53167,-0.061288,E09000030
18291,E2  6GF,E01004203,51.529698,-0.061645,E09000030
18292,E2  6GG,E01004212,51.525204,-0.057425,E09000030
18293,E2  6GH,E01004212,51.525204,-0.057425,E09000030
18294,E2  6GJ,E01004313,51.525708,-0.066154,E09000030
18295,E2  6GL,E01004313,51.525616,-0.066576,E09000030
18296,E2  6GN,E01004212,51.524432,-0.05593,E09000030
18297,E2  6GP,E01004212,51.524378,-0.055918,E09000030
18298,E2  6GQ,E01004212,51.524465,-0.056246,E09000030
18299,E2  6GR,E01004313,51.526358,-0.066891,E09000030
18300,E2  6GS,E01035668,51.523893,-0.065712,E09000030
18301,E2  6GT,E01004200,51.530686,-0.062151,E09000030
18302,E2  6GU,E01004200,51.531515,-0.062246,E09000030
18303,E2  6GW,E01004212,51.524405,-0.055917,E09000030
18304,E2  6GX,E01004313,51.526594,-0.068092,E09000030
18305,E2  6GY,E01004212,51.525641,-0.056138,E09000030
18306,E2  6HA,E01004212,51.525417,-0.05671,E09000030
18307,E2  6HB,E01004211,51.526516,-0.061709,E09000030
18308,E2  6HD,E01004211,51.524852,-0.062241,E09000030
18309,E2  6HE,E01035668,51.52373,-0.066743,E09000030
18310,E2  6HF,E01004211,51.525045,-0.064121,E09000030
18311,E2  6HG,E01004211,51.526368,-0.061484,E09000030
18312,E2  6HH,E01004212,51.525271,-0.056081,E09000030
18313,E2  6HJ,E01004313,51.525493,-0.065688,E09000030
18314,E2  6HL,E01004313,51.525564,-0.065065,E09000030
18315,E2  6HN,E01004211,51.526266,-0.062901,E09000030
18316,E2  6HP,E01004211,51.526415,-0.062722,E09000030
18317,E2  6HQ,E01004211,51.526159,-0.063497,E09000030
18318,E2  6HR,E01004211,51.524159,-0.063856,E09000030
18319,E2  6HS,E01004313,51.524959,-0.064889,E09000030
18320,E2  6HT,E01004313,51.52607,-0.064683,E09000030
18321,E2  6HU,E01004313,51.524294,-0.064383,E09000030
18322,E2  6HW,E01004211,51.524753,-0.062245,E09000030
18323,E2  6HX,E01004211,51.526611,-0.061488,E09000030
18324,E2  6HY,E01004211,51.526374,-0.06294,E09000030
18325,E2  6HZ,E01004211,51.524287,-0.062913,E09000030
18326,E2  6JA,E01035668,51.523776,-0.065169,E09000030
18327,E2  6JB,E01004212,51.525204,-0.057425,E09000030
18328,E2  6JD,E01035668,51.524575,-0.065107,E09000030
18329,E2  6JE,E01004313,51.526136,-0.065401,E09000030
18330,E2  6JF,E01004211,51.526036,-0.064223,E09000030
18331,E2  6JG,E01004211,51.523768,-0.063065,E09000030
18332,E2  6JH,E01004211,51.52398,-0.06284,E09000030
18333,E2  6JJ,E01004211,51.524105,-0.060557,E09000030
18334,E2  6JL,E01004206,51.524301,-0.058862,E09000030
18335,E2  6JN,E01004206,51.524432,-0.056968,E09000030
18336,E2  6JP,E01004212,51.524731,-0.056047,E09000030
18337,E2  6JQ,E01004211,51.526186,-0.063525,E09000030
18338,E2  6JR,E01004212,51.524499,-0.055624,E09000030
18339,E2  6JS,E01004212,51.525073,-0.055499,E09000030
18340,E2  6JT,E01004212,51.52517,-0.055942,E09000030
18341,E2  6JU,E01004212,51.524898,-0.056342,E09000030
18342,E2  6JW,E01004206,51.52436,-0.058629,E09000030
18343,E2  6JX,E01004212,51.525641,-0.056138,E09000030
18344,E2  6JY,E01004212,51.525752,-0.055801,E09000030
18345,E2  6JZ,E01004212,51.525752,-0.055787,E09000030
18346,E2  6LA,E01004198,51.528905,-0.056662,E09000030
18347,E2  6LB,E01004202,51.532726,-0.060392,E09000030
18348,E2  6LD,E01004212,51.525866,-0.057209,E09000030
18349,E2  6LF,E01004203,51.528006,-0.0567,E09000030
18350,E2  6LG,E01004203,51.526906,-0.062485,E09000030
18351,E2  6LH,E01004203,51.526862,-0.062544,E09000030
18352,E2  6LJ,E01004203,51.526821,-0.063325,E09000030
18353,E2  6LL,E01004203,51.526917,-0.064229,E09000030
18354,E2  6LN,E01004204,51.528536,-0.061536,E09000030
18355,E2  6LP,E01004203,51.527194,-0.063583,E09000030
18356,E2  6LQ,E01004204,51.527998,-0.064904,E09000030
18357,E2  6LR,E01004204,51.527879,-0.064231,E09000030
18358,E2  6LS,E01004204,51.528449,-0.062809,E09000030
18359,E2  6LT,E01004204,51.527885,-0.062429,E09000030
18360,E2  6LU,E01004204,51.527885,-0.062429,E09000030
18361,E2  6LW,E01004202,51.532726,-0.060392,E09000030
18362,E2  6LX,E01004204,51.528526,-0.061998,E09000030
18363,E2  6LY,E01004204,51.527626,-0.063579,E09000030
18364,E2  6LZ,E01004203,51.527586,-0.062816,E09000030
18365,E2  6NA,E01004204,51.528267,-0.064301,E09000030
18366,E2  6NB,E01004203,51.527082,-0.063328,E09000030
18367,E2  6ND,E01004203,51.527518,-0.061983,E09000030
18368,E2  6NE,E01004203,51.527126,-0.062202,E09000030
18369,E2  6NF,E01004312,51.527298,-0.068264,E09000030
18370,E2  6NG,E01004203,51.527679,-0.061342,E09000030
18371,E2  6NH,E01004312,51.527097,-0.068618,E09000030
18372,E2  6NJ,E01004313,51.526689,-0.068391,E09000030
18373,E2  6NL,E01004312,51.527378,-0.068751,E09000030
18374,E2  6NN,E01004312,51.527627,-0.069101,E09000030
18375,E2  6NP,E01035664,51.527953,-0.068178,E09000030
18376,E2  6NQ,E01004203,51.52815,-0.061567,E09000030
18377,E2  6NR,E01004204,51.52849,-0.064753,E09000030
18378,E2  6NS,E01004313,51.527275,-0.066823,E09000030
18379,E2  6NT,E01004312,51.527801,-0.066541,E09000030
18380,E2  6NU,E01004313,51.527875,-0.06563,E09000030
18381,E2  6NW,E01004312,51.527392,-0.069586,E09000030
18382,E2  6NX,E01004204,51.529078,-0.064959,E09000030
18383,E2  6PA,E01004200,51.530821,-0.063789,E09000030
18384,E2  6PD,E01004200,51.530605,-0.062688,E09000030
18385,E2  6PE,E01004200,51.531215,-0.061509,E09000030
18386,E2  6PF,E01004200,51.531215,-0.061509,E09000030
18387,E2  6PG,E01004200,51.530875,-0.061062,E09000030
18388,E2  6PH,E01004200,51.531376,-0.062497,E09000030
18389,E2  6PJ,E01004204,51.529923,-0.063827,E09000030
18390,E2  6PL,E01004203,51.526917,-0.064229,E09000030
18391,E2  6PN,E01004202,51.532726,-0.060392,E09000030
18392,E2  6PP,E01004204,51.528666,-0.062886,E09000030
18393,E2  6PQ,E01004200,51.531105,-0.062422,E09000030
18394,E2  6PR,E01004203,51.52924,-0.061694,E09000030
18395,E2  6PS,E01004203,51.529573,-0.061708,E09000030
18396,E2  6PT,E01004200,51.530209,-0.062085,E09000030
18397,E2  6PU,E01004200,51.530308,-0.061576,E09000030
18398,E2  6PW,E01004203,51.526917,-0.064229,E09000030
18399,E2  6PX,E01004200,51.530052,-0.060765,E09000030
18400,E2  6PY,E01004200,51.53018,-0.060861,E09000030
18401,E2  6PZ,E01004203,51.528891,-0.061276,E09000030
18402,E2  6QA,E01004200,51.52948,-0.060963,E09000030
18403,E2  6QB,E01004199,51.531633,-0.060121,E09000030
18404,E2  6QD,E01004200,51.529869,-0.060557,E09000030
18405,E2  6QE,E01004200,51.530295,-0.061332,E09000030
18406,E2  6QF,E01004200,51.529692,-0.061314,E09000030
18407,E2  6QG,E01004200,51.52989,-0.06021,E09000030
18408,E2  6QH,E01004199,51.531078,-0.060246,E09000030
18409,E2  6QJ,E01004200,51.531696,-0.06231,E09000030
18410,E2  6QL,E01004200,51.531851,-0.060227,E09000030
18411,E2  6QN,E01004200,51.531672,-0.060869,E09000030
18412,E2  6QP,E01004199,51.530536,-0.06011,E09000030
18413,E2  6QQ,E01004200,51.530688,-0.060637,E09000030
18414,E2  6QR,E01004199,51.529963,-0.059731,E09000030
18415,E2  6QS,E01004199,51.530574,-0.059676,E09000030
18416,E2  6QT,E01004199,51.530529,-0.059173,E09000030
18417,E2  6QU,E01004199,51.531102,-0.059034,E09000030
18418,E2  6QW,E01004200,51.531776,-0.060606,E09000030
18419,E2  6QX,E01004199,51.530676,-0.058792,E09000030
18420,E2  6QY,E01004199,51.531076,-0.05853,E09000030
18421,E2  6QZ,E01004203,51.526917,-0.064229,E09000030
18422,E2  6SZ,E01004199,51.531076,-0.05853,E09000030
18423,E2  6WA,E01004202,51.532726,-0.060392,E09000030
18424,E2  6WB,E01004202,51.532726,-0.060392,E09000030
18425,E2  6WD,E01004202,51.532726,-0.060392,E09000030
18426,E2  6WE,E01004199,51.531076,-0.05853,E09000030
18427,E2  6WF,E01004203,51.526917,-0.064229,E09000030
18428,E2  6WL,E01004202,51.532726,-0.060392,E09000030
18429,E2  6WN,E01004202,51.532726,-0.060392,E09000030
18430,E2  6WQ,E01004202,51.532726,-0.060392,E09000030
18431,E2  6WR,E01004202,51.532726,-0.060392,E09000030
18432,E2  6WS,E01004202,51.532726,-0.060392,E09000030
18433,E2  6WT,E01004202,51.532726,-0.060392,E09000030
18434,E2  6WU,E01004202,51.532726,-0.060392,E09000030
18435,E2  6WW,E01004202,51.532726,-0.060392,E09000030
18436,E2  6WX,E01004202,51.532726,-0.060392,E09000030
18437,E2  6WY,E01004202,51.532726,-0.060392,E09000030
18438,E2  6WZ,E01004199,51.531076,-0.05853,E09000030
18439,E2  6XA,E01004203,51.526917,-0.064229,E09000030
18440,E2  6XB,E01004202,51.532726,-0.060392,E09000030
18441,E2  6XD,E01004202,51.532726,-0.060392,E09000030
18442,E2  6XE,E01004202,51.532726,-0.060392,E09000030
18443,E2  6XF,E01004203,51.526917,-0.064229,E09000030
18444,E2  6XG,E01004202,51.532726,-0.060392,E09000030
18445,E2  6XH,E01004202,51.532726,-0.060392,E09000030
18446,E2  6XJ,E01004203,51.526917,-0.064229,E09000030
18447,E2  6XL,E01004199,51.531076,-0.05853,E09000030
18448,E2  6XN,E01004202,51.532726,-0.060392,E09000030
18449,E2  6XP,E01004202,51.532726,-0.060392,E09000030
18450,E2  6XQ,E01004202,51.532726,-0.060392,E09000030
18451,E2  7AA,E01004204,51.529257,-0.063798,E09000030
18452,E2  7AB,E01004204,51.530586,-0.065328,E09000030
18453,E2  7AD,E01004204,51.530589,-0.064967,E09000030
18454,E2  7AE,E01004204,51.529956,-0.064186,E09000030
18455,E2  7AF,E01004204,51.530579,-0.064376,E09000030
18456,E2  7AG,E01004204,51.529773,-0.065117,E09000030
18457,E2  7AH,E01004204,51.528901,-0.063482,E09000030
18458,E2  7AJ,E01004204,51.529565,-0.062862,E09000030
18459,E2  7AL,E01004204,51.529257,-0.063798,E09000030
18460,E2  7AN,E01004200,51.530393,-0.063447,E09000030
18461,E2  7AP,E01004200,51.531521,-0.062029,E09000030
18462,E2  7AQ,E01004204,51.529203,-0.064363,E09000030
18463,E2  7AR,E01004200,51.531514,-0.062145,E09000030
18464,E2  7AS,E01004204,51.531068,-0.064586,E09000030
18465,E2  7AT,E01035664,51.531119,-0.066559,E09000030
18466,E2  7AU,E01004204,51.531019,-0.065425,E09000030
18467,E2  7AW,E01004200,51.53089,-0.063556,E09000030
18468,E2  7AX,E01035664,51.531048,-0.06662,E09000030
18469,E2  7AY,E01004204,51.529914,-0.063813,E09000030
18470,E2  7AZ,E01004204,51.529773,-0.063473,E09000030
18471,E2  7BA,E01004312,51.528111,-0.070623,E09000030
18472,E2  7BB,E01035664,51.528428,-0.069168,E09000030
18473,E2  7BD,E01004312,51.527967,-0.069576,E09000030
18474,E2  7BE,E01035664,51.528217,-0.068917,E09000030
18475,E2  7BF,E01004312,51.528165,-0.067896,E09000030
18476,E2  7BG,E01004312,51.528165,-0.067896,E09000030
18477,E2  7BH,E01004312,51.528408,-0.06741,E09000030
18478,E2  7BJ,E01035664,51.529232,-0.067721,E09000030
18479,E2  7BL,E01004313,51.528293,-0.066967,E09000030
18480,E2  7BN,E01035664,51.528675,-0.066677,E09000030
18481,E2  7BP,E01035664,51.52933,-0.066058,E09000030
18482,E2  7BQ,E01004313,51.528435,-0.066327,E09000030
18483,E2  7BS,E01035664,51.529076,-0.067006,E09000030
18484,E2  7BT,E01035664,51.528736,-0.068189,E09000030
18485,E2  7BU,E01035664,51.529191,-0.069049,E09000030
18486,E2  7BW,E01035664,51.529255,-0.068051,E09000030
18487,E2  7BX,E01035664,51.529527,-0.067074,E09000030
18488,E2  7BY,E01035664,51.529991,-0.0674,E09000030
18489,E2  7BZ,E01004202,51.532726,-0.060392,E09000030
18490,E2  7DA,E01035664,51.529892,-0.06579,E09000030
18491,E2  7DB,E01004204,51.529078,-0.064959,E09000030
18493,E2  7DE,E01004202,51.532726,-0.060392,E09000030
18494,E2  7DF,E01004316,51.524833,-0.073645,E09000030
18495,E2  7DG,E01004315,51.525375,-0.071056,E09000030
18496,E2  7DH,E01035669,51.524674,-0.0727,E09000030
18497,E2  7DJ,E01004316,51.524547,-0.074305,E09000030
18498,E2  7DL,E01004315,51.524858,-0.072433,E09000030
18499,E2  7DN,E01004200,51.530556,-0.062935,E09000030
18500,E2  7DP,E01035669,51.524309,-0.074575,E09000030
18501,E2  7DQ,E01035664,51.531048,-0.06662,E09000030
18502,E2  7DR,E01035669,51.523822,-0.075619,E09000030
18503,E2  7DS,E01004315,51.526117,-0.07297,E09000030
18504,E2  7DT,E01004313,51.528433,-0.065635,E09000030
18505,E2  7DU,E01004315,51.525596,-0.074103,E09000030
18506,E2  7DW,E01004316,51.524803,-0.072925,E09000030
18507,E2  7DX,E01035664,51.530907,-0.067347,E09000030
18508,E2  7DY,E01035664,51.5308,-0.070091,E09000030
18509,E2  7DZ,E01004311,51.527526,-0.076068,E09000030
18510,E2  7EA,E01004202,51.532726,-0.060392,E09000030
18511,E2  7EB,E01004315,51.525702,-0.071806,E09000030
18512,E2  7ED,E01004315,51.526291,-0.072632,E09000030
18513,E2  7EE,E01004315,51.525028,-0.071849,E09000030
18514,E2  7EF,E01004315,51.525202,-0.072562,E09000030
18515,E2  7EG,E01004315,51.525734,-0.071012,E09000030
18516,E2  7EH,E01004315,51.526061,-0.071214,E09000030
18517,E2  7EJ,E01004312,51.526441,-0.070246,E09000030
18518,E2  7EL,E01004312,51.52649,-0.06997,E09000030
18519,E2  7EN,E01004312,51.526246,-0.069865,E09000030
18520,E2  7EP,E01004315,51.52586,-0.069911,E09000030
18521,E2  7EQ,E01004315,51.525925,-0.071148,E09000030
18522,E2  7ER,E01035664,51.530045,-0.07341,E09000030
18523,E2  7ES,E01004315,51.525776,-0.074124,E09000030
18524,E2  7ET,E01004316,51.525514,-0.073486,E09000030
18525,E2  7EU,E01004315,51.525574,-0.073887,E09000030
18526,E2  7EW,E01004312,51.526197,-0.070185,E09000030
18527,E2  7EX,E01004316,51.52505,-0.073693,E09000030
18528,E2  7EY,E01004316,51.525075,-0.074153,E09000030
18529,E2  7EZ,E01004316,51.52496,-0.074245,E09000030
18530,E2  7FA,E01004315,51.525776,-0.074124,E09000030
18531,E2  7FB,E01004311,51.52922,-0.072479,E09000030
18532,E2  7GP,E01035669,51.524618,-0.072616,E09000030
18533,E2  7GR,E01035669,51.524568,-0.07282,E09000030
18534,E2  7GU,E01004202,51.532726,-0.060392,E09000030
18535,E2  7GY,E01004202,51.532726,-0.060392,E09000030
18536,E2  7HA,E01004316,51.525099,-0.075061,E09000030
18537,E2  7HB,E01004316,51.524966,-0.074648,E09000030
18538,E2  7HD,E01004316,51.524721,-0.075581,E09000030
18539,E2  7HE,E01004316,51.524952,-0.075413,E09000030
18540,E2  7HG,E01004316,51.524877,-0.075762,E09000030
18541,E2  7HH,E01004316,51.524855,-0.076066,E09000030
18542,E2  7HJ,E01004316,51.524824,-0.076355,E09000030
18543,E2  7HP,E01004316,51.52496,-0.074245,E09000030
18544,E2  7HR,E01004316,51.524716,-0.074731,E09000030
18545,E2  7HS,E01004316,51.524697,-0.07414,E09000030
18546,E2  7HT,E01004316,51.524697,-0.07414,E09000030
18547,E2  7HU,E01004316,51.524697,-0.07414,E09000030
18548,E2  7HX,E01004316,51.524733,-0.073606,E09000030
18549,E2  7HY,E01035664,51.528338,-0.070757,E09000030
18551,E2  7JA,E01004316,51.525464,-0.0732,E09000030
18552,E2  7JB,E01004316,51.524598,-0.07524,E09000030
18554,E2  7JE,E01004315,51.525878,-0.076469,E09000030
18555,E2  7JF,E01004315,51.526007,-0.075585,E09000030
18557,E2  7JH,E01004315,51.525684,-0.076175,E09000030
18559,E2  7JL,E01004315,51.526251,-0.07569,E09000030
18560,E2  7JN,E01004315,51.526455,-0.076041,E09000030
18561,E2  7JP,E01004315,51.526081,-0.07623,E09000030
18563,E2  7JR,E01004315,51.526007,-0.075585,E09000030
18564,E2  7JS,E01004315,51.525723,-0.075279,E09000030
18565,E2  7JT,E01004316,51.525653,-0.07485,E09000030
18566,E2  7JU,E01004315,51.526111,-0.074254,E09000030
18567,E2  7JW,E01035664,51.528338,-0.070757,E09000030
18568,E2  7JX,E01004315,51.526321,-0.074447,E09000030
18569,E2  7JY,E01004316,51.52562,-0.075543,E09000030
18570,E2  7JZ,E01035664,51.528288,-0.071048,E09000030
18571,E2  7LA,E01004315,51.526222,-0.073874,E09000030
18572,E2  7LB,E01004316,51.526341,-0.073466,E09000030
18573,E2  7LD,E01004316,51.526559,-0.073601,E09000030
18574,E2  7LE,E01004315,51.526746,-0.074025,E09000030
18575,E2  7LF,E01004315,51.52684,-0.074281,E09000030
18576,E2  7LH,E01004315,51.526095,-0.070549,E09000030
18577,E2  7LJ,E01004315,51.526381,-0.071561,E09000030
18578,E2  7LL,E01004315,51.527149,-0.072321,E09000030
18579,E2  7LN,E01004312,51.527943,-0.071365,E09000030
18580,E2  7LP,E01004315,51.526733,-0.072137,E09000030
18581,E2  7LR,E01004315,51.527194,-0.071743,E09000030
18582,E2  7LS,E01004315,51.527365,-0.071188,E09000030
18583,E2  7LU,E01004311,51.527393,-0.074027,E09000030
18584,E2  7LX,E01004311,51.527581,-0.074523,E09000030
18585,E2  7LY,E01004311,51.527724,-0.073897,E09000030
18586,E2  7LZ,E01004311,51.527328,-0.074433,E09000030
18587,E2  7NA,E01004311,51.527379,-0.075368,E09000030
18588,E2  7NB,E01004311,51.527165,-0.075983,E09000030
18589,E2  7ND,E01004311,51.527014,-0.074504,E09000030
18590,E2  7NE,E01004311,51.527809,-0.073605,E09000030
18591,E2  7NF,E01004315,51.526837,-0.075737,E09000030
18592,E2  7NG,E01004311,51.527954,-0.073138,E09000030
18593,E2  7NH,E01004311,51.527393,-0.074027,E09000030
18594,E2  7NJ,E01004315,51.527492,-0.072365,E09000030
18595,E2  7NL,E01004315,51.527693,-0.071448,E09000030
18596,E2  7NN,E01004311,51.528165,-0.072855,E09000030
18597,E2  7NP,E01004311,51.527975,-0.074982,E09000030
18598,E2  7NQ,E01004315,51.526993,-0.074317,E09000030
18599,E2  7NR,E01004311,51.527417,-0.075467,E09000030
18600,E2  7NS,E01004311,51.527428,-0.076692,E09000030
18601,E2  7NT,E01004311,51.527323,-0.075212,E09000030
18603,E2  7PA,E01004311,51.527877,-0.076097,E09000030
18604,E2  7PB,E01004311,51.527885,-0.076053,E09000030
18605,E2  7PD,E01004311,51.528563,-0.075188,E09000030
18606,E2  7PE,E01004311,51.529031,-0.074664,E09000030
18607,E2  7PF,E01004311,51.529217,-0.073892,E09000030
18608,E2  7PG,E01004311,51.528501,-0.074138,E09000030
18609,E2  7PH,E01004311,51.528676,-0.072214,E09000030
18610,E2  7PJ,E01004311,51.528676,-0.072214,E09000030
18611,E2  7PL,E01004311,51.529123,-0.072022,E09000030
18612,E2  7PN,E01004311,51.528961,-0.072548,E09000030
18613,E2  7PP,E01004311,51.528341,-0.074794,E09000030
18614,E2  7PQ,E01004311,51.528425,-0.073363,E09000030
18616,E2  7PS,E01004311,51.528841,-0.072942,E09000030
18617,E2  7PT,E01035664,51.528338,-0.070757,E09000030
18618,E2  7PW,E01004311,51.528949,-0.073471,E09000030
18619,E2  7QA,E01035664,51.528491,-0.070246,E09000030
18620,E2  7QB,E01035664,51.528462,-0.070637,E09000030
18621,E2  7QD,E01035664,51.528244,-0.071107,E09000030
18622,E2  7QE,E01035664,51.528244,-0.071107,E09000030
18623,E2  7QF,E01035664,51.528244,-0.071107,E09000030
18624,E2  7QG,E01035664,51.529668,-0.070715,E09000030
18625,E2  7QH,E01035664,51.530243,-0.071758,E09000030
18626,E2  7QJ,E01035664,51.530243,-0.071758,E09000030
18627,E2  7QL,E01035664,51.530312,-0.07324,E09000030
18628,E2  7QN,E01035664,51.530673,-0.07223,E09000030
18629,E2  7QP,E01035664,51.530065,-0.072472,E09000030
18630,E2  7QQ,E01004311,51.529686,-0.07181,E09000030
18632,E2  7QS,E01035664,51.529595,-0.07451,E09000030
18634,E2  7QU,E01035664,51.529481,-0.074126,E09000030
18635,E2  7QW,E01035664,51.530089,-0.073913,E09000030
18636,E2  7QX,E01035664,51.530121,-0.073666,E09000030
18637,E2  7QY,E01035664,51.529838,-0.072857,E09000030
18638,E2  7QZ,E01035664,51.529838,-0.072857,E09000030
18639,E2  7RA,E01004311,51.529555,-0.073705,E09000030
18640,E2  7RB,E01035664,51.530089,-0.073913,E09000030
18641,E2  7RD,E01035664,51.530225,-0.072855,E09000030
18642,E2  7RG,E01035664,51.529302,-0.069246,E09000030
18643,E2  7RH,E01035664,51.529759,-0.069688,E09000030
18644,E2  7RJ,E01035664,51.529751,-0.069241,E09000030
18645,E2  7RL,E01035664,51.530337,-0.068207,E09000030
18646,E2  7RN,E01035664,51.530149,-0.067711,E09000030
18647,E2  7RP,E01035664,51.529635,-0.070385,E09000030
18648,E2  7RQ,E01035664,51.529119,-0.069629,E09000030
18649,E2  7RR,E01035664,51.530018,-0.06959,E09000030
18650,E2  7RS,E01035664,51.530018,-0.06959,E09000030
18651,E2  7RT,E01035664,51.528338,-0.070757,E09000030
18652,E2  7RU,E01035664,51.529885,-0.070259,E09000030
18653,E2  7RW,E01035664,51.530467,-0.067366,E09000030
18654,E2  7RX,E01035664,51.529995,-0.06926,E09000030
18655,E2  7RY,E01035664,51.530571,-0.068774,E09000030
18656,E2  7RZ,E01035664,51.530309,-0.068713,E09000030
18657,E2  7SA,E01035664,51.530392,-0.069344,E09000030
18658,E2  7SB,E01035664,51.530859,-0.069858,E09000030
18659,E2  7SD,E01035664,51.530354,-0.069807,E09000030
18660,E2  7SE,E01035664,51.530511,-0.07006,E09000030
18661,E2  7SF,E01035664,51.530371,-0.070268,E09000030
18662,E2  7SG,E01035664,51.530342,-0.070716,E09000030
18663,E2  7SH,E01035664,51.530634,-0.070977,E09000030
18664,E2  7SJ,E01035664,51.530966,-0.0687,E09000030
18665,E2  7SL,E01035664,51.530018,-0.06959,E09000030
18666,E2  7SN,E01035664,51.530792,-0.067972,E09000030
18667,E2  7SP,E01035664,51.530042,-0.071031,E09000030
18668,E2  7SQ,E01035664,51.530817,-0.06898,E09000030
18669,E2  7SR,E01035664,51.530959,-0.067763,E09000030
18670,E2  7SS,E01004200,51.531001,-0.063234,E09000030
18671,E2  7ST,E01004200,51.53126,-0.063107,E09000030
18672,E2  7SU,E01004202,51.532726,-0.060392,E09000030
18673,E2  7SW,E01035664,51.530482,-0.068259,E09000030
18674,E2  7SX,E01004204,51.529947,-0.065268,E09000030
18675,E2  7SY,E01004200,51.531526,-0.061798,E09000030
18676,E2  7SZ,E01004202,51.532726,-0.060392,E09000030
18677,E2  7TA,E01004204,51.529947,-0.065268,E09000030
18678,E2  7TB,E01004204,51.529947,-0.065268,E09000030
18679,E2  7TD,E01004202,51.532726,-0.060392,E09000030
18680,E2  7TE,E01035664,51.528338,-0.070757,E09000030
18681,E2  7TF,E01035664,51.528338,-0.070757,E09000030
18682,E2  7TG,E01035664,51.528288,-0.071048,E09000030
18683,E2  7TH,E01035664,51.528338,-0.070757,E09000030
18684,E2  7TL,E01035664,51.528338,-0.070757,E09000030
18685,E2  7TN,E01035664,51.528338,-0.070757,E09000030
18686,E2  7TP,E01035664,51.528288,-0.071048,E09000030
18687,E2  7TQ,E01035664,51.528338,-0.070757,E09000030
18688,E2  7TR,E01004204,51.529947,-0.065268,E09000030
18689,E2  7TS,E01035664,51.528338,-0.070757,E09000030
18690,E2  7TT,E01004204,51.529947,-0.065268,E09000030
18691,E2  7TU,E01004202,51.532726,-0.060392,E09000030
18692,E2  7TW,E01035664,51.528288,-0.071048,E09000030
18693,E2  7TX,E01004204,51.529947,-0.065268,E09000030
18694,E2  7TY,E01004204,51.529947,-0.065268,E09000030
18695,E2  7TZ,E01035664,51.528338,-0.070757,E09000030
18696,E2  7UZ,E01004202,51.532726,-0.060392,E09000030
18697,E2  7WA,E01004202,51.532726,-0.060392,E09000030
18698,E2  7WB,E01004202,51.532726,-0.060392,E09000030
18699,E2  7WD,E01004202,51.532726,-0.060392,E09000030
18700,E2  7WE,E01004202,51.532726,-0.060392,E09000030
18701,E2  7WF,E01035664,51.528338,-0.070757,E09000030
18702,E2  7WG,E01004202,51.532726,-0.060392,E09000030
18703,E2  7WH,E01004202,51.532726,-0.060392,E09000030
18704,E2  7WJ,E01004202,51.532726,-0.060392,E09000030
18705,E2  7WL,E01004202,51.532726,-0.060392,E09000030
18706,E2  7WN,E01004202,51.532726,-0.060392,E09000030
18707,E2  7WP,E01004202,51.532726,-0.060392,E09000030
18708,E2  7WQ,E01004202,51.532726,-0.060392,E09000030
18709,E2  7WR,E01004202,51.532726,-0.060392,E09000030
18710,E2  7WS,E01004202,51.532726,-0.060392,E09000030
18711,E2  7WT,E01004202,51.532726,-0.060392,E09000030
18712,E2  7WU,E01004202,51.532726,-0.060392,E09000030
18713,E2  7WW,E01004202,51.532726,-0.060392,E09000030
18714,E2  7WX,E01004202,51.532726,-0.060392,E09000030
18715,E2  7WY,E01004202,51.532726,-0.060392,E09000030
18716,E2  7WZ,E01004202,51.532726,-0.060392,E09000030
18717,E2  7XA,E01004202,51.532726,-0.060392,E09000030
18718,E2  7XB,E01004202,51.532726,-0.060392,E09000030
18719,E2  7XD,E01004202,51.532726,-0.060392,E09000030
18720,E2  7XE,E01004202,51.532726,-0.060392,E09000030
18721,E2  7XW,E01004202,51.532726,-0.060392,E09000030
18722,E2  7XX,E01004202,51.532726,-0.060392,E09000030
18723,E2  7XY,E01004202,51.532726,-0.060392,E09000030
18724,E2  7XZ,E01004202,51.532726,-0.060392,E09000030
18725,E2  7YE,E01004202,51.532726,-0.060392,E09000030
18726,E2  7ZY,E01004202,51.532726,-0.060392,E09000030
18746,E2  8AZ,E01004202,51.532726,-0.060392,E09000030
18778,E2  8DR,E01004202,51.532726,-0.060392,E09000030
18806,E2  8FA,E01004202,51.531938,-0.064939,E09000030
18820,E2  8FU,E01004204,51.531577,-0.065963,E09000030
18832,E2  8GJ,E01004202,51.531497,-0.065476,E09000030
18833,E2  8GL,E01004202,51.53177,-0.065681,E09000030
18834,E2  8GN,E01004202,51.532173,-0.065606,E09000030
18835,E2  8GP,E01004202,51.531847,-0.065461,E09000030
18836,E2  8GQ,E01004202,51.532136,-0.064959,E09000030
18837,E2  8GR,E01004202,51.532333,-0.06547,E09000030
18844,E2  8GZ,E01004202,51.532726,-0.060392,E09000030
18877,E2  8JS,E01035664,51.53094,-0.070993,E09000030
18899,E2  8NB,E01035664,51.530917,-0.069552,E09000030
18900,E2  8ND,E01035664,51.530917,-0.069552,E09000030
18917,E2  8PP,E01004202,51.531803,-0.062782,E09000030
18919,E2  8PR,E01004202,51.531576,-0.064824,E09000030
18920,E2  8PS,E01004202,51.53195,-0.065673,E09000030
18921,E2  8PT,E01004202,51.531871,-0.06311,E09000030
18922,E2  8PU,E01035664,51.530893,-0.068112,E09000030
18923,E2  8PX,E01035664,51.530893,-0.068112,E09000030
18927,E2  8QB,E01004202,51.532912,-0.065142,E09000030
18928,E2  8QD,E01004202,51.532886,-0.065201,E09000030
18929,E2  8QE,E01004202,51.532581,-0.065229,E09000030
18930,E2  8QF,E01004202,51.532581,-0.065229,E09000030
18931,E2  8QG,E01004202,51.53171,-0.06479,E09000030
18955,E2  8RW,E01004202,51.532726,-0.060392,E09000030
18971,E2  8SU,E01004202,51.532726,-0.060392,E09000030
18975,E2  8SZ,E01004202,51.532726,-0.060392,E09000030
18977,E2  8TB,E01004202,51.532726,-0.060392,E09000030
18980,E2  8TF,E01004202,51.532726,-0.060392,E09000030
18986,E2  8TP,E01004202,51.532726,-0.060392,E09000030
18987,E2  8TQ,E01004202,51.532726,-0.060392,E09000030
18988,E2  8TR,E01004202,51.532726,-0.060392,E09000030
18989,E2  8TS,E01004202,51.532726,-0.060392,E09000030
18990,E2  8TT,E01004202,51.532726,-0.060392,E09000030
18991,E2  8TU,E01004202,51.532726,-0.060392,E09000030
18992,E2  8TW,E01004202,51.532726,-0.060392,E09000030
18993,E2  8TX,E01004202,51.532726,-0.060392,E09000030
18994,E2  8TY,E01004202,51.532726,-0.060392,E09000030
18995,E2  8TZ,E01004202,51.532726,-0.060392,E09000030
18996,E2  8UA,E01004202,51.532726,-0.060392,E09000030
18997,E2  8UB,E01004202,51.532726,-0.060392,E09000030
18998,E2  8UD,E01004202,51.532726,-0.060392,E09000030
18999,E2  8UE,E01004202,51.532726,-0.060392,E09000030
19000,E2  8UZ,E01004202,51.532726,-0.060392,E09000030
19001,E2  8WA,E01004202,51.532726,-0.060392,E09000030
19002,E2  8WB,E01004202,51.532726,-0.060392,E09000030
19003,E2  8WD,E01004202,51.532726,-0.060392,E09000030
19004,E2  8WE,E01004202,51.532726,-0.060392,E09000030
19005,E2  8WF,E01004202,51.532726,-0.060392,E09000030
19006,E2  8WG,E01004202,51.532726,-0.060392,E09000030
19007,E2  8WH,E01004202,51.532726,-0.060392,E09000030
19008,E2  8WJ,E01004202,51.532726,-0.060392,E09000030
19009,E2  8WL,E01004202,51.532726,-0.060392,E09000030
19010,E2  8WN,E01004202,51.532726,-0.060392,E09000030
19011,E2  8WP,E01004202,51.532726,-0.060392,E09000030
19012,E2  8WQ,E01004202,51.532726,-0.060392,E09000030
19013,E2  8WR,E01004202,51.532726,-0.060392,E09000030
19014,E2  8WS,E01004202,51.532726,-0.060392,E09000030
19015,E2  8WT,E01004202,51.532726,-0.060392,E09000030
19016,E2  8WU,E01004202,51.532726,-0.060392,E09000030
19017,E2  8WW,E01004202,51.532726,-0.060392,E09000030
19018,E2  8WX,E01004202,51.532726,-0.060392,E09000030
19019,E2  8WY,E01004202,51.532726,-0.060392,E09000030
19021,E2  8XA,E01004202,51.532726,-0.060392,E09000030
19022,E2  8XB,E01004202,51.532726,-0.060392,E09000030
19023,E2  8XD,E01004202,51.532726,-0.060392,E09000030
19024,E2  8XE,E01004202,51.532726,-0.060392,E09000030
19025,E2  8XF,E01004202,51.532726,-0.060392,E09000030
19026,E2  8XG,E01004202,51.532726,-0.060392,E09000030
19027,E2  8XH,E01004202,51.532726,-0.060392,E09000030
19028,E2  8XJ,E01004202,51.532726,-0.060392,E09000030
19029,E2  8XL,E01004202,51.532726,-0.060392,E09000030
19030,E2  8XN,E01004202,51.532726,-0.060392,E09000030
19031,E2  8XP,E01004202,51.532726,-0.060392,E09000030
19032,E2  8XQ,E01004202,51.532726,-0.060392,E09000030
19033,E2  8XR,E01004202,51.532726,-0.060392,E09000030
19034,E2  8XS,E01004202,51.532726,-0.060392,E09000030
19035,E2  8XT,E01004202,51.532726,-0.060392,E09000030
19036,E2  8XU,E01004202,51.532726,-0.060392,E09000030
19037,E2  8XW,E01004202,51.532726,-0.060392,E09000030
19038,E2  8XX,E01004202,51.532726,-0.060392,E09000030
19039,E2  8XY,E01004202,51.532726,-0.060392,E09000030
19040,E2  8XZ,E01004202,51.532726,-0.060392,E09000030
19041,E2  8YA,E01004202,51.532726,-0.060392,E09000030
19042,E2  8YE,E01004202,51.532726,-0.060392,E09000030
19043,E2  8YF,E01004202,51.532726,-0.060392,E09000030
19044,E2  8YQ,E01004202,51.532726,-0.060392,E09000030
19045,E2  8YY,E01004202,51.532726,-0.060392,E09000030
19046,E2  8YZ,E01004202,51.532726,-0.060392,E09000030
19047,E2  8ZQ,E01004202,51.532726,-0.060392,E09000030
19049,E2  9AB,E01004202,51.531744,-0.065192,E09000030
19050,E2  9AD,E01004202,51.532506,-0.064525,E09000030
19051,E2  9AE,E01004202,51.532531,-0.063832,E09000030
19052,E2  9AF,E01004198,51.530677,-0.054539,E09000030
19053,E2  9AG,E01004202,51.532031,-0.062974,E09000030
19054,E2  9AH,E01004202,51.532726,-0.060392,E09000030
19055,E2  9AJ,E01004202,51.532113,-0.061932,E09000030
19056,E2  9AL,E01004202,51.532495,-0.06007,E09000030
19057,E2  9AN,E01004198,51.530559,-0.054458,E09000030
19058,E2  9AP,E01004202,51.534188,-0.062363,E09000030
19059,E2  9AQ,E01004202,51.531855,-0.063745,E09000030
19060,E2  9AR,E01004198,51.530468,-0.054404,E09000030
19062,E2  9AT,E01004201,51.532912,-0.053218,E09000030
19063,E2  9AU,E01004202,51.533502,-0.061686,E09000030
19065,E2  9AX,E01004202,51.533644,-0.062112,E09000030
19066,E2  9AY,E01004202,51.534563,-0.061655,E09000030
19067,E2  9BA,E01004202,51.53437,-0.062514,E09000030
19068,E2  9BB,E01004202,51.534638,-0.062402,E09000030
19069,E2  9BD,E01004202,51.535056,-0.061576,E09000030
19070,E2  9BE,E01004202,51.534392,-0.062196,E09000030
19071,E2  9BF,E01035660,51.532098,-0.05941,E09000030
19074,E2  9BJ,E01004202,51.533059,-0.062584,E09000030
19075,E2  9BL,E01004202,51.532929,-0.06344,E09000030
19076,E2  9BN,E01004202,51.532292,-0.062963,E09000030
19079,E2  9BS,E01035661,51.532502,-0.055557,E09000030
19080,E2  9BT,E01035660,51.533623,-0.057585,E09000030
19081,E2  9BU,E01035660,51.53337,-0.057495,E09000030
19082,E2  9BW,E01004202,51.5325,-0.062507,E09000030
19083,E2  9BX,E01035661,51.532695,-0.054193,E09000030
19084,E2  9BY,E01035660,51.533085,-0.058214,E09000030
19085,E2  9BZ,E01035661,51.531233,-0.052295,E09000030
19086,E2  9DA,E01035661,51.531861,-0.057026,E09000030
19087,E2  9DB,E01035660,51.533422,-0.057911,E09000030
19088,E2  9DD,E01004202,51.532726,-0.060392,E09000030
19089,E2  9DE,E01004202,51.532436,-0.060303,E09000030
19090,E2  9DF,E01035660,51.534002,-0.053849,E09000030
19091,E2  9DG,E01035660,51.534311,-0.05623,E09000030
19092,E2  9DH,E01035660,51.534297,-0.056432,E09000030
19093,E2  9DJ,E01035660,51.534706,-0.056155,E09000030
19094,E2  9DL,E01035660,51.534146,-0.054925,E09000030
19095,E2  9DN,E01035660,51.534151,-0.054189,E09000030
19096,E2  9DP,E01035660,51.53448,-0.054492,E09000030
19097,E2  9DQ,E01035660,51.534717,-0.055189,E09000030
19098,E2  9DR,E01035660,51.534045,-0.056414,E09000030
19099,E2  9DS,E01035660,51.533961,-0.058436,E09000030
19100,E2  9DT,E01004202,51.53324,-0.05939,E09000030
19101,E2  9DU,E01035660,51.533149,-0.058802,E09000030
19102,E2  9DW,E01035660,51.534146,-0.054925,E09000030
19103,E2  9DX,E01035660,51.532927,-0.058971,E09000030
19104,E2  9DY,E01004202,51.532208,-0.060645,E09000030
19105,E2  9DZ,E01004202,51.532199,-0.060645,E09000030
19106,E2  9EA,E01004202,51.532314,-0.059991,E09000030
19107,E2  9EB,E01035660,51.53249,-0.058629,E09000030
19108,E2  9ED,E01035660,51.532517,-0.058656,E09000030
19109,E2  9EE,E01035660,51.532514,-0.058483,E09000030
19110,E2  9EF,E01035661,51.532306,-0.056214,E09000030
19111,E2  9EG,E01035660,51.532054,-0.058907,E09000030
19112,E2  9EH,E01004199,51.531636,-0.059761,E09000030
19113,E2  9EJ,E01004199,51.531488,-0.057893,E09000030
19114,E2  9EL,E01004199,51.53162,-0.058233,E09000030
19115,E2  9EN,E01004199,51.531563,-0.05861,E09000030
19116,E2  9EP,E01004199,51.531493,-0.059248,E09000030
19117,E2  9EQ,E01035660,51.532277,-0.058263,E09000030
19118,E2  9ER,E01004199,51.531711,-0.059383,E09000030
19119,E2  9ES,E01004199,51.531814,-0.059076,E09000030
19120,E2  9ET,E01004199,51.531772,-0.05876,E09000030
19121,E2  9EU,E01004199,51.531856,-0.059463,E09000030
19122,E2  9EW,E01004199,51.531523,-0.058929,E09000030
19123,E2  9EX,E01035661,51.532412,-0.056109,E09000030
19124,E2  9EY,E01035660,51.533166,-0.057677,E09000030
19125,E2  9EZ,E01004202,51.533912,-0.05926,E09000030
19126,E2  9FA,E01004201,51.533145,-0.049906,E09000030
19127,E2  9FB,E01004202,51.532292,-0.062963,E09000030
19128,E2  9FD,E01004199,51.531612,-0.057772,E09000030
19129,E2  9FE,E01004199,51.531746,-0.057723,E09000030
19130,E2  9FF,E01004199,51.531675,-0.057769,E09000030
19131,E2  9FG,E01004199,51.531479,-0.057864,E09000030
19132,E2  9FH,E01004199,51.531675,-0.057769,E09000030
19133,E2  9FJ,E01035661,51.531282,-0.05633,E09000030
19134,E2  9FL,E01035661,51.532028,-0.057351,E09000030
19135,E2  9FN,E01035660,51.532824,-0.05873,E09000030
19136,E2  9FP,E01004202,51.532525,-0.05968,E09000030
19137,E2  9FQ,E01035660,51.533599,-0.058264,E09000030
19138,E2  9FR,E01035660,51.533715,-0.05823,E09000030
19139,E2  9FS,E01035660,51.533972,-0.057455,E09000030
19140,E2  9HA,E01035660,51.534009,-0.056963,E09000030
19141,E2  9HB,E01035661,51.532652,-0.055406,E09000030
19142,E2  9HD,E01035661,51.531787,-0.057476,E09000030
19143,E2  9HE,E01035660,51.533819,-0.055285,E09000030
19144,E2  9HF,E01035660,51.533093,-0.054335,E09000030
19145,E2  9HG,E01035660,51.533072,-0.054711,E09000030
19146,E2  9HH,E01035660,51.533158,-0.053929,E09000030
19147,E2  9HJ,E01035660,51.533203,-0.053364,E09000030
19148,E2  9HL,E01004201,51.53335,-0.051959,E09000030
19149,E2  9HN,E01004201,51.533995,-0.051283,E09000030
19150,E2  9HP,E01004201,51.533785,-0.052157,E09000030
19151,E2  9HQ,E01035660,51.533119,-0.054319,E09000030
19152,E2  9HR,E01035660,51.533262,-0.052626,E09000030
19153,E2  9HS,E01035660,51.533911,-0.053781,E09000030
19154,E2  9HT,E01035660,51.533753,-0.052966,E09000030
19155,E2  9HU,E01035660,51.534198,-0.052673,E09000030
19156,E2  9HW,E01004201,51.533278,-0.049266,E09000030
19157,E2  9HX,E01035660,51.534296,-0.053145,E09000030
19158,E2  9HY,E01035660,51.534706,-0.053473,E09000030
19159,E2  9HZ,E01035661,51.532461,-0.055285,E09000030
19160,E2  9JA,E01035660,51.534497,-0.053352,E09000030
19161,E2  9JD,E01004201,51.531401,-0.047775,E09000030
19162,E2  9JE,E01004201,51.532118,-0.048133,E09000030
19163,E2  9JF,E01004201,51.531273,-0.047636,E09000030
19164,E2  9JG,E01004201,51.532416,-0.046059,E09000030
19165,E2  9JH,E01004201,51.532668,-0.048254,E09000030
19166,E2  9JJ,E01004201,51.532879,-0.047423,E09000030
19167,E2  9JL,E01004201,51.532883,-0.047668,E09000030
19168,E2  9JN,E01004201,51.533153,-0.048233,E09000030
19169,E2  9JP,E01004201,51.532361,-0.050877,E09000030
19170,E2  9JQ,E01004201,51.533217,-0.049889,E09000030
19171,E2  9JR,E01004201,51.532872,-0.050264,E09000030
19172,E2  9JS,E01035661,51.532226,-0.051979,E09000030
19173,E2  9JT,E01035661,51.531529,-0.052225,E09000030
19174,E2  9JU,E01004201,51.531333,-0.049075,E09000030
19175,E2  9JW,E01004201,51.533287,-0.048689,E09000030
19176,E2  9JX,E01004201,51.532185,-0.049471,E09000030
19177,E2  9JY,E01004201,51.532712,-0.05141,E09000030
19178,E2  9JZ,E01004201,51.532646,-0.05235,E09000030
19179,E2  9LE,E01004203,51.527933,-0.056069,E09000030
19180,E2  9LF,E01004211,51.527108,-0.056738,E09000030
19181,E2  9LG,E01004203,51.528006,-0.0567,E09000030
19182,E2  9LH,E01004203,51.528641,-0.055923,E09000030
19183,E2  9LJ,E01004198,51.529753,-0.055732,E09000030
19184,E2  9LL,E01004198,51.529753,-0.055732,E09000030
19185,E2  9LN,E01004198,51.531853,-0.054965,E09000030
19186,E2  9LP,E01004198,51.531853,-0.054965,E09000030
19187,E2  9LQ,E01004203,51.528632,-0.055909,E09000030
19188,E2  9LR,E01004198,51.530027,-0.05435,E09000030
19189,E2  9LS,E01035661,51.531374,-0.056456,E09000030
19190,E2  9LT,E01004198,51.531182,-0.053508,E09000030
19191,E2  9LU,E01004198,51.531415,-0.052965,E09000030
19192,E2  9LX,E01035661,51.531755,-0.052287,E09000030
19193,E2  9LY,E01035661,51.53127,-0.05176,E09000030
19194,E2  9LZ,E01004198,51.53063,-0.052263,E09000030
19195,E2  9NA,E01004198,51.530791,-0.052213,E09000030
19196,E2  9NB,E01004198,51.530762,-0.052632,E09000030
19197,E2  9ND,E01035661,51.532593,-0.053462,E09000030
19198,E2  9NE,E01035661,51.532432,-0.052993,E09000030
19199,E2  9NF,E01004198,51.530465,-0.055327,E09000030
19200,E2  9NG,E01035661,51.53244,-0.055127,E09000030
19201,E2  9NH,E01004198,51.53204,-0.055375,E09000030
19202,E2  9NJ,E01035661,51.532134,-0.054001,E09000030
19203,E2  9NL,E01035661,51.531366,-0.055937,E09000030
19204,E2  9NN,E01035661,51.532223,-0.056636,E09000030
19205,E2  9NP,E01035661,51.531374,-0.056456,E09000030
19206,E2  9NQ,E01035661,51.531374,-0.056456,E09000030
19207,E2  9NR,E01004198,51.531727,-0.054927,E09000030
19208,E2  9NS,E01004198,51.530828,-0.056046,E09000030
19209,E2  9NT,E01004198,51.531072,-0.055041,E09000030
19210,E2  9NU,E01004198,51.530829,-0.055023,E09000030
19211,E2  9NW,E01035661,51.531899,-0.056621,E09000030
19212,E2  9NX,E01004198,51.531099,-0.053959,E09000030
19213,E2  9NY,E01004198,51.531798,-0.053785,E09000030
19214,E2  9NZ,E01004259,51.528118,-0.053682,E09000030
19215,E2  9PA,E01004259,51.527774,-0.055182,E09000030
19216,E2  9PB,E01004259,51.52836,-0.053643,E09000030
19217,E2  9PD,E01004259,51.528857,-0.05378,E09000030
19218,E2  9PE,E01004259,51.528472,-0.053364,E09000030
19219,E2  9PF,E01004259,51.528714,-0.053282,E09000030
19220,E2  9PG,E01004259,51.529062,-0.053656,E09000030
19221,E2  9PH,E01004259,51.52944,-0.05475,E09000030
19222,E2  9PJ,E01004198,51.529975,-0.053978,E09000030
19223,E2  9PL,E01004198,51.529993,-0.054496,E09000030
19224,E2  9PN,E01004266,51.529893,-0.053333,E09000030
19225,E2  9PP,E01004266,51.529732,-0.052301,E09000030
19226,E2  9PQ,E01004259,51.5293,-0.053935,E09000030
19227,E2  9PR,E01032786,51.531431,-0.044731,E09000030
19228,E2  9PS,E01004198,51.531853,-0.054965,E09000030
19229,E2  9PT,E01004266,51.531292,-0.045545,E09000030
19230,E2  9PU,E01004266,51.530559,-0.047941,E09000030
19231,E2  9PW,E01004266,51.530746,-0.049447,E09000030
19232,E2  9PX,E01004266,51.531353,-0.045398,E09000030
19233,E2  9PY,E01032786,51.531085,-0.044443,E09000030
19234,E2  9PZ,E01032786,51.531085,-0.044443,E09000030
19235,E2  9QA,E01004201,51.531881,-0.045808,E09000030
19236,E2  9QB,E01004201,51.531348,-0.047287,E09000030
19237,E2  9QD,E01004201,51.530907,-0.049959,E09000030
19238,E2  9QE,E01004198,51.530453,-0.052934,E09000030
19239,E2  9QF,E01004201,51.531009,-0.050127,E09000030
19240,E2  9QG,E01004199,51.527658,-0.057955,E09000030
19241,E2  9QH,E01004203,51.52752,-0.057197,E09000030
19242,E2  9QJ,E01004211,51.527132,-0.058179,E09000030
19243,E2  9QL,E01004211,51.527132,-0.058179,E09000030
19244,E2  9QN,E01004211,51.527132,-0.058179,E09000030
19245,E2  9QP,E01004203,51.52792,-0.056935,E09000030
19246,E2  9QR,E01004203,51.527752,-0.057619,E09000030
19247,E2  9QS,E01004198,51.528319,-0.057119,E09000030
19248,E2  9QT,E01004198,51.528944,-0.056819,E09000030
19249,E2  9QU,E01004199,51.52803,-0.058141,E09000030
19250,E2  9QW,E01004203,51.527493,-0.057183,E09000030
19251,E2  9QX,E01004203,51.527781,-0.056667,E09000030
19252,E2  9QY,E01004203,51.527752,-0.057619,E09000030
19253,E2  9QZ,E01004211,51.527132,-0.058179,E09000030
19254,E2  9RA,E01004198,51.530061,-0.056396,E09000030
19255,E2  9RB,E01004198,51.529804,-0.056624,E09000030
19256,E2  9RD,E01004198,51.530196,-0.056419,E09000030
19257,E2  9RE,E01004198,51.530169,-0.056968,E09000030
19258,E2  9RF,E01004198,51.529878,-0.05675,E09000030
19259,E2  9RG,E01004199,51.530541,-0.057183,E09000030
19260,E2  9RH,E01004199,51.531215,-0.057674,E09000030
19261,E2  9RJ,E01004199,51.531141,-0.058109,E09000030
19262,E2  9RL,E01004198,51.530041,-0.057378,E09000030
19263,E2  9RN,E01004198,51.52941,-0.057304,E09000030
19264,E2  9RP,E01004198,51.528939,-0.057641,E09000030
19265,E2  9RQ,E01004199,51.529851,-0.059505,E09000030
19266,E2  9RR,E01004199,51.528986,-0.058316,E09000030
19267,E2  9RS,E01004199,51.52803,-0.058141,E09000030
19268,E2  9RT,E01004211,51.527132,-0.058179,E09000030
19269,E2  9RU,E01004203,51.527752,-0.057619,E09000030
19270,E2  9RW,E01004198,51.529695,-0.057104,E09000030
19271,E2  9SA,E01004202,51.532726,-0.060392,E09000030
19272,E2  9SB,E01004199,51.528929,-0.058103,E09000030
19273,E2  9SD,E01004202,51.532726,-0.060392,E09000030
19274,E2  9SE,E01004202,51.532726,-0.060392,E09000030
19275,E2  9SF,E01004199,51.528929,-0.058103,E09000030
19276,E2  9SG,E01004198,51.53188,-0.054978,E09000030
19277,E2  9SH,E01004199,51.528929,-0.058103,E09000030
19278,E2  9SJ,E01004202,51.534655,-0.061262,E09000030
19279,E2  9SL,E01004198,51.53188,-0.054978,E09000030
19280,E2  9SN,E01004202,51.532726,-0.060392,E09000030
19281,E2  9SP,E01004202,51.534345,-0.060958,E09000030
19282,E2  9SQ,E01004202,51.534271,-0.061422,E09000030
19283,E2  9SR,E01004202,51.532726,-0.060392,E09000030
19284,E2  9SS,E01004198,51.53188,-0.054978,E09000030
19285,E2  9ST,E01004202,51.532726,-0.060392,E09000030
19286,E2  9SU,E01004202,51.532726,-0.060392,E09000030
19287,E2  9SW,E01004202,51.53451,-0.061729,E09000030
19288,E2  9SX,E01004202,51.532726,-0.060392,E09000030
19289,E2  9SY,E01004198,51.531853,-0.054965,E09000030
19290,E2  9SZ,E01004202,51.532726,-0.060392,E09000030
19291,E2  9UX,E01004202,51.532726,-0.060392,E09000030
19292,E2  9UY,E01004202,51.532726,-0.060392,E09000030
19293,E2  9UZ,E01004202,51.532726,-0.060392,E09000030
19294,E2  9WA,E01004202,51.532726,-0.060392,E09000030
19295,E2  9WB,E01004202,51.532726,-0.060392,E09000030
19296,E2  9WD,E01004202,51.532726,-0.060392,E09000030
19297,E2  9WE,E01004202,51.532726,-0.060392,E09000030
19298,E2  9WF,E01004202,51.532726,-0.060392,E09000030
19299,E2  9WG,E01004202,51.532726,-0.060392,E09000030
19300,E2  9WH,E01004202,51.532726,-0.060392,E09000030
19301,E2  9WJ,E01004202,51.532726,-0.060392,E09000030
19302,E2  9WL,E01004202,51.532726,-0.060392,E09000030
19303,E2  9WN,E01004202,51.532726,-0.060392,E09000030
19304,E2  9WP,E01004202,51.532726,-0.060392,E09000030
19305,E2  9WQ,E01004202,51.532726,-0.060392,E09000030
19306,E2  9WR,E01004202,51.532726,-0.060392,E09000030
19307,E2  9WS,E01004202,51.532726,-0.060392,E09000030
19308,E2  9WT,E01004202,51.532726,-0.060392,E09000030
19309,E2  9WU,E01004202,51.532726,-0.060392,E09000030
19310,E2  9WW,E01004202,51.532726,-0.060392,E09000030
19311,E2  9WX,E01004202,51.532726,-0.060392,E09000030
19312,E2  9WY,E01004202,51.532726,-0.060392,E09000030
19313,E2  9WZ,E01004202,51.532726,-0.060392,E09000030
19314,E2  9XA,E01004202,51.532726,-0.060392,E09000030
19315,E2  9XB,E01004202,51.532726,-0.060392,E09000030
19316,E2  9XD,E01004202,51.532726,-0.060392,E09000030
19317,E2  9XE,E01004202,51.532726,-0.060392,E09000030
19318,E2  9XF,E01004202,51.532726,-0.060392,E09000030
19319,E2  9XG,E01004198,51.531723,-0.055244,E09000030
19320,E2  9XH,E01004198,51.53188,-0.054978,E09000030
19321,E2  9XJ,E01004199,51.528929,-0.058103,E09000030
19322,E2  9XL,E01004198,51.53188,-0.054978,E09000030
19323,E2  9XN,E01004198,51.53188,-0.054978,E09000030
19324,E2  9XP,E01004202,51.532726,-0.060392,E09000030
19325,E2  9XQ,E01004202,51.532726,-0.060392,E09000030
19326,E2  9XR,E01004202,51.532726,-0.060392,E09000030
19327,E2  9XS,E01004202,51.532726,-0.060392,E09000030
19328,E2  9XT,E01004202,51.532726,-0.060392,E09000030
19329,E2  9XU,E01004202,51.532726,-0.060392,E09000030
19330,E2  9XW,E01004202,51.532726,-0.060392,E09000030
19331,E2  9XY,E01004202,51.532726,-0.060392,E09000030
19332,E2  9XZ,E01004202,51.532726,-0.060392,E09000030
19333,E2  9YA,E01004202,51.532726,-0.060392,E09000030
19334,E2  9YB,E01004202,51.532726,-0.060392,E09000030
19335,E2  9YE,E01004202,51.532726,-0.060392,E09000030
19336,E2  9YF,E01004202,51.532726,-0.060392,E09000030
19337,E2  9YP,E01004202,51.532726,-0.060392,E09000030
19338,E2  9YR,E01004202,51.532726,-0.060392,E09000030
19544,E20 2AA,E01032764,51.539142,-0.020261,E09000030
19557,E20 2WS,E01035657,51.539803,-0.019453,E09000030
19584,E22 2AB,E01032771,51.500954,-0.022652,E09000030
19585,E22 2AD,E01032771,51.500954,-0.022652,E09000030
19586,E22 2AE,E01032771,51.500954,-0.022652,E09000030
19587,E22 2AF,E01032771,51.500954,-0.022652,E09000030
19588,E22 2AG,E01032771,51.500954,-0.022652,E09000030
19589,E22 2AH,E01032771,51.500954,-0.022652,E09000030
19590,E22 3AA,E01032780,51.502961,-0.011066,E09000030
19592,E3  2AA,E01032784,51.530231,-0.02888,E09000030
19593,E3  2AB,E01004229,51.527275,-0.02957,E09000030
19594,E3  2AD,E01004231,51.527099,-0.026608,E09000030
19595,E3  2AE,E01004229,51.526814,-0.028321,E09000030
19596,E3  2AF,E01004231,51.528314,-0.024479,E09000030
19597,E3  2AG,E01004231,51.529048,-0.025889,E09000030
19598,E3  2AH,E01004229,51.528217,-0.027842,E09000030
19599,E3  2AJ,E01004229,51.527164,-0.027744,E09000030
19600,E3  2AL,E01032764,51.536756,-0.023277,E09000030
19601,E3  2AN,E01004231,51.52771,-0.0239,E09000030
19602,E3  2AP,E01004231,51.527686,-0.024045,E09000030
19603,E3  2AQ,E01004231,51.528659,-0.024709,E09000030
19604,E3  2AR,E01004231,51.52917,-0.023562,E09000030
19605,E3  2AS,E01004231,51.528914,-0.024885,E09000030
19606,E3  2AT,E01004229,51.527964,-0.027752,E09000030
19607,E3  2AU,E01004229,51.528639,-0.027247,E09000030
19608,E3  2AW,E01035659,51.535611,-0.026311,E09000030
19609,E3  2AX,E01004231,51.52895,-0.023284,E09000030
19610,E3  2AY,E01004229,51.528413,-0.027171,E09000030
19611,E3  2AZ,E01004231,51.528505,-0.026763,E09000030
19612,E3  2BA,E01004231,51.529095,-0.026564,E09000030
19613,E3  2BB,E01004231,51.528844,-0.0261,E09000030
19614,E3  2BD,E01004231,51.528431,-0.026117,E09000030
19615,E3  2BE,E01004231,51.52772,-0.026062,E09000030
19616,E3  2BF,E01032765,51.53263,-0.022865,E09000030
19617,E3  2BG,E01004229,51.526968,-0.029468,E09000030
19618,E3  2BH,E01004231,51.527883,-0.026141,E09000030
19619,E3  2BJ,E01004231,51.528163,-0.025682,E09000030
19620,E3  2BL,E01004231,51.527311,-0.025834,E09000030
19621,E3  2BN,E01004231,51.527872,-0.025478,E09000030
19622,E3  2BP,E01004231,51.528722,-0.023611,E09000030
19623,E3  2BQ,E01004231,51.529426,-0.024863,E09000030
19624,E3  2BS,E01004229,51.527174,-0.027296,E09000030
19625,E3  2BT,E01032764,51.535649,-0.025935,E09000030
19626,E3  2BU,E01032764,51.535622,-0.025403,E09000030
19627,E3  2BW,E01032764,51.535404,-0.025816,E09000030
19628,E3  2BX,E01032764,51.537089,-0.023868,E09000030
19629,E3  2BY,E01004229,51.529122,-0.027097,E09000030
19630,E3  2BZ,E01004229,51.528936,-0.027826,E09000030
19631,E3  2DA,E01004229,51.52725,-0.030205,E09000030
19632,E3  2DB,E01004228,51.52863,-0.031559,E09000030
19633,E3  2DD,E01032784,51.530231,-0.02888,E09000030
19634,E3  2DE,E01032764,51.535222,-0.025665,E09000030
19635,E3  2DF,E01032764,51.535102,-0.025497,E09000030
19636,E3  2DG,E01004229,51.529269,-0.031545,E09000030
19637,E3  2DH,E01032764,51.535112,-0.024992,E09000030
19638,E3  2DJ,E01032765,51.531522,-0.024369,E09000030
19639,E3  2DL,E01032765,51.530146,-0.026505,E09000030
19640,E3  2DN,E01032784,51.530231,-0.02888,E09000030
19641,E3  2DP,E01004229,51.52874,-0.030069,E09000030
19642,E3  2DQ,E01004228,51.52899,-0.03372,E09000030
19643,E3  2DR,E01004229,51.528838,-0.028392,E09000030
19644,E3  2DS,E01032784,51.530588,-0.027105,E09000030
19645,E3  2DT,E01004231,51.529936,-0.024178,E09000030
19646,E3  2DU,E01032784,51.530812,-0.024919,E09000030
19647,E3  2DW,E01004229,51.52874,-0.029521,E09000030
19648,E3  2DX,E01032784,51.530231,-0.02888,E09000030
19649,E3  2DY,E01032784,51.530231,-0.02888,E09000030
19650,E3  2DZ,E01032765,51.530388,-0.023784,E09000030
19651,E3  2EA,E01032764,51.53677,-0.023089,E09000030
19652,E3  2EB,E01004229,51.529147,-0.0307,E09000030
19653,E3  2ED,E01035658,51.539918,-0.024697,E09000030
19654,E3  2EE,E01004231,51.529551,-0.024281,E09000030
19655,E3  2EF,E01035658,51.540045,-0.024778,E09000030
19656,E3  2EG,E01035658,51.540202,-0.024498,E09000030
19657,E3  2EH,E01004229,51.529564,-0.030942,E09000030
19658,E3  2EJ,E01004229,51.529516,-0.030208,E09000030
19659,E3  2EL,E01004226,51.52995,-0.029786,E09000030
19660,E3  2EN,E01004226,51.530207,-0.030121,E09000030
19661,E3  2EP,E01032784,51.530791,-0.027962,E09000030
19662,E3  2EQ,E01035658,51.538592,-0.023414,E09000030
19663,E3  2ER,E01004222,51.535018,-0.028486,E09000030
19664,E3  2ES,E01032784,51.530433,-0.028078,E09000030
19665,E3  2ET,E01032784,51.531038,-0.027115,E09000030
19666,E3  2EU,E01004226,51.531672,-0.026886,E09000030
19667,E3  2EW,E01032764,51.534912,-0.025419,E09000030
19668,E3  2EX,E01032765,51.532401,-0.024749,E09000030
19669,E3  2EY,E01032764,51.534741,-0.025383,E09000030
19670,E3  2EZ,E01035658,51.539702,-0.024664,E09000030
19671,E3  2FA,E01004222,51.53415,-0.027716,E09000030
19672,E3  2FB,E01032764,51.534558,-0.025232,E09000030
19673,E3  2FD,E01032764,51.534673,-0.024578,E09000030
19674,E3  2FE,E01032765,51.534376,-0.025096,E09000030
19675,E3  2FF,E01035659,51.533742,-0.024835,E09000030
19676,E3  2FG,E01032765,51.534039,-0.024808,E09000030
19677,E3  2FH,E01032765,51.534274,-0.024351,E09000030
19678,E3  2FJ,E01032765,51.533875,-0.024685,E09000030
19679,E3  2FL,E01032784,51.531954,-0.025994,E09000030
19680,E3  2FN,E01032784,51.530025,-0.027303,E09000030
19681,E3  2FP,E01032784,51.529843,-0.027714,E09000030
19682,E3  2FQ,E01032784,51.52996,-0.028286,E09000030
19683,E3  2FR,E01032784,51.530303,-0.02781,E09000030
19684,E3  2FS,E01004222,51.533381,-0.029537,E09000030
19685,E3  2FT,E01032784,51.530303,-0.02781,E09000030
19686,E3  2FU,E01004226,51.53014,-0.029316,E09000030
19687,E3  2FW,E01032764,51.536977,-0.023599,E09000030
19688,E3  2FX,E01032764,51.530218,-0.015832,E09000030
19689,E3  2FY,E01032764,51.530117,-0.016255,E09000030
19690,E3  2FZ,E01032764,51.529803,-0.016269,E09000030
19691,E3  2GA,E01032765,51.531952,-0.024278,E09000030
19692,E3  2GB,E01032765,51.531556,-0.023704,E09000030
19693,E3  2GD,E01032765,51.531338,-0.024089,E09000030
19694,E3  2GE,E01035663,51.530681,-0.023021,E09000030
19695,E3  2GF,E01032765,51.531082,-0.02384,E09000030
19696,E3  2GG,E01004231,51.528377,-0.021852,E09000030
19697,E3  2GH,E01004231,51.528198,-0.022408,E09000030
19698,E3  2GJ,E01004231,51.52864,-0.02249,E09000030
19699,E3  2GL,E01004231,51.528343,-0.022488,E09000030
19700,E3  2GN,E01004226,51.531581,-0.026241,E09000030
19701,E3  2GP,E01004226,51.531662,-0.026252,E09000030
19702,E3  2GQ,E01032784,51.531951,-0.025778,E09000030
19703,E3  2GR,E01032784,51.531131,-0.025698,E09000030
19704,E3  2GS,E01032784,51.531409,-0.025124,E09000030
19705,E3  2GT,E01032784,51.531308,-0.026094,E09000030
19706,E3  2GU,E01032784,51.530845,-0.024182,E09000030
19707,E3  2GW,E01032765,51.531596,-0.025534,E09000030
19708,E3  2GX,E01032765,51.5317,-0.025298,E09000030
19709,E3  2GY,E01035657,51.540696,-0.021232,E09000030
19710,E3  2GZ,E01035657,51.540696,-0.021232,E09000030
19711,E3  2HA,E01004226,51.532914,-0.026904,E09000030
19712,E3  2HB,E01035659,51.53316,-0.026591,E09000030
19713,E3  2HD,E01004222,51.533798,-0.029245,E09000030
19714,E3  2HE,E01004223,51.535553,-0.029861,E09000030
19715,E3  2HF,E01032765,51.530652,-0.026627,E09000030
19716,E3  2HG,E01032784,51.530831,-0.02871,E09000030
19717,E3  2HH,E01004222,51.533565,-0.028765,E09000030
19718,E3  2HJ,E01004222,51.5336,-0.028691,E09000030
19719,E3  2HL,E01004231,51.528006,-0.024882,E09000030
19720,E3  2HN,E01032765,51.530311,-0.026151,E09000030
19721,E3  2HP,E01004222,51.533571,-0.029601,E09000030
19722,E3  2HQ,E01032784,51.531345,-0.02775,E09000030
19723,E3  2HR,E01004222,51.533342,-0.02938,E09000030
19724,E3  2HS,E01004222,51.534124,-0.027746,E09000030
19725,E3  2HT,E01004222,51.534288,-0.028387,E09000030
19726,E3  2HU,E01004222,51.534077,-0.029247,E09000030
19727,E3  2HW,E01032784,51.530914,-0.026154,E09000030
19728,E3  2HX,E01004223,51.53443,-0.029376,E09000030
19729,E3  2HY,E01004226,51.53252,-0.027541,E09000030
19730,E3  2HZ,E01004226,51.532767,-0.027271,E09000030
19731,E3  2JA,E01004223,51.536636,-0.029526,E09000030
19732,E3  2JB,E01004223,51.537379,-0.029869,E09000030
19733,E3  2JD,E01004223,51.536233,-0.028577,E09000030
19734,E3  2JE,E01032764,51.53539,-0.023351,E09000030
19735,E3  2JF,E01004223,51.536193,-0.028334,E09000030
19736,E3  2JG,E01032764,51.53624,-0.022016,E09000030
19737,E3  2JH,E01032764,51.53575,-0.02446,E09000030
19738,E3  2JJ,E01032764,51.536257,-0.021986,E09000030
19739,E3  2JL,E01032764,51.535944,-0.025807,E09000030
19740,E3  2JN,E01004223,51.537506,-0.029431,E09000030
19741,E3  2JP,E01032764,51.535796,-0.020738,E09000030
19742,E3  2JQ,E01035659,51.53598,-0.024205,E09000030
19743,E3  2JR,E01035659,51.53618,-0.026503,E09000030
19744,E3  2JS,E01004231,51.527911,-0.025116,E09000030
19745,E3  2JT,E01032764,51.529353,-0.01623,E09000030
19746,E3  2JU,E01004223,51.538197,-0.029877,E09000030
19747,E3  2JW,E01004223,51.537411,-0.029118,E09000030
19748,E3  2JX,E01004223,51.538286,-0.029801,E09000030
19749,E3  2JY,E01004223,51.536104,-0.027833,E09000030
19750,E3  2JZ,E01004223,51.537986,-0.029597,E09000030
19751,E3  2LA,E01004223,51.538696,-0.027995,E09000030
19752,E3  2LB,E01035659,51.538211,-0.026934,E09000030
19753,E3  2LD,E01032764,51.535709,-0.02413,E09000030
19754,E3  2LE,E01004223,51.538286,-0.027667,E09000030
19755,E3  2LF,E01004223,51.538286,-0.027667,E09000030
19756,E3  2LG,E01004223,51.537894,-0.028419,E09000030
19757,E3  2LH,E01035659,51.537438,-0.027487,E09000030
19758,E3  2LJ,E01004223,51.537096,-0.028006,E09000030
19759,E3  2LL,E01032784,51.530138,-0.025481,E09000030
19760,E3  2LN,E01035659,51.537061,-0.026984,E09000030
19761,E3  2LP,E01035659,51.536617,-0.027335,E09000030
19762,E3  2LQ,E01004223,51.537894,-0.028419,E09000030
19763,E3  2LR,E01035659,51.536265,-0.027278,E09000030
19764,E3  2LS,E01032784,51.530138,-0.025481,E09000030
19765,E3  2LT,E01004223,51.53616,-0.029071,E09000030
19766,E3  2LU,E01035659,51.536118,-0.027054,E09000030
19767,E3  2LW,E01035659,51.537026,-0.02651,E09000030
19768,E3  2LX,E01035657,51.540696,-0.021232,E09000030
19769,E3  2LY,E01004223,51.535619,-0.028979,E09000030
19770,E3  2LZ,E01032764,51.535943,-0.026283,E09000030
19771,E3  2NA,E01035659,51.539206,-0.026776,E09000030
19772,E3  2NB,E01004223,51.53935,-0.027303,E09000030
19773,E3  2ND,E01032764,51.538175,-0.024268,E09000030
19774,E3  2NE,E01035658,51.539266,-0.024423,E09000030
19775,E3  2NF,E01035658,51.539305,-0.024594,E09000030
19776,E3  2NG,E01032764,51.538044,-0.02289,E09000030
19777,E3  2NH,E01032764,51.538835,-0.022307,E09000030
19778,E3  2NJ,E01032764,51.53869,-0.021189,E09000030
19779,E3  2NL,E01032764,51.537209,-0.021916,E09000030
19780,E3  2NN,E01032764,51.538326,-0.020397,E09000030
19781,E3  2NP,E01032764,51.53877,-0.024343,E09000030
19782,E3  2NQ,E01032764,51.537772,-0.022772,E09000030
19783,E3  2NR,E01032764,51.538243,-0.022953,E09000030
19784,E3  2NS,E01035658,51.539468,-0.02202,E09000030
19785,E3  2NT,E01032764,51.539294,-0.021307,E09000030
19786,E3  2NU,E01035658,51.540768,-0.02231,E09000030
19788,E3  2NX,E01032764,51.537139,-0.02202,E09000030
19789,E3  2NY,E01035657,51.540696,-0.021232,E09000030
19790,E3  2NZ,E01035657,51.540696,-0.021232,E09000030
19791,E3  2PA,E01035657,51.540404,-0.021013,E09000030
19792,E3  2PB,E01032764,51.536612,-0.022735,E09000030
19793,E3  2PD,E01035657,51.541564,-0.021497,E09000030
19794,E3  2PE,E01032764,51.538493,-0.023894,E09000030
19795,E3  2PF,E01035657,51.54127,-0.022187,E09000030
19796,E3  2PG,E01035657,51.540696,-0.021232,E09000030
19797,E3  2PH,E01035657,51.540696,-0.021232,E09000030
19798,E3  2PJ,E01032764,51.529849,-0.015805,E09000030
19799,E3  2PL,E01035658,51.540317,-0.023829,E09000030
19800,E3  2PN,E01032764,51.53885,-0.022162,E09000030
19801,E3  2PP,E01032764,51.529981,-0.015626,E09000030
19802,E3  2PQ,E01032764,51.530123,-0.016067,E09000030
19803,E3  2PR,E01035658,51.539087,-0.024503,E09000030
19804,E3  2PS,E01035658,51.539947,-0.022663,E09000030
19805,E3  2PT,E01032764,51.529812,-0.016283,E09000030
19806,E3  2PU,E01032764,51.53288,-0.022248,E09000030
19807,E3  2PW,E01032764,51.535887,-0.021382,E09000030
19808,E3  2PX,E01032764,51.535685,-0.02168,E09000030
19809,E3  2PY,E01032765,51.533191,-0.023071,E09000030
19810,E3  2PZ,E01032765,51.53322,-0.022652,E09000030
19811,E3  2QA,E01035663,51.530044,-0.02152,E09000030
19812,E3  2QB,E01035663,51.529027,-0.019878,E09000030
19813,E3  2QD,E01035663,51.528617,-0.020602,E09000030
19814,E3  2QE,E01035663,51.528682,-0.020195,E09000030
19815,E3  2QF,E01035663,51.530853,-0.022567,E09000030
19816,E3  2QG,E01035659,51.535352,-0.027534,E09000030
19817,E3  2QH,E01032765,51.532248,-0.023126,E09000030
19818,E3  2QJ,E01035662,51.531192,-0.022927,E09000030
19819,E3  2QL,E01035659,51.535553,-0.027194,E09000030
19820,E3  2QN,E01035662,51.531181,-0.022279,E09000030
19821,E3  2QP,E01032765,51.53235,-0.023324,E09000030
19822,E3  2QQ,E01035659,51.535688,-0.027721,E09000030
19823,E3  2QR,E01032765,51.531857,-0.023417,E09000030
19824,E3  2QS,E01035663,51.529689,-0.021752,E09000030
19825,E3  2QT,E01035663,51.52856,-0.019869,E09000030
19826,E3  2QU,E01032765,51.532203,-0.023705,E09000030
19827,E3  2QW,E01032764,51.538178,-0.02447,E09000030
19828,E3  2QX,E01035659,51.535784,-0.027011,E09000030
19829,E3  2QY,E01035659,51.534911,-0.026399,E09000030
19830,E3  2QZ,E01035659,51.53512,-0.026563,E09000030
19831,E3  2RA,E01035659,51.533599,-0.026499,E09000030
19832,E3  2RB,E01035659,51.533034,-0.025515,E09000030
19833,E3  2RD,E01035659,51.53262,-0.024956,E09000030
19834,E3  2RE,E01032764,51.538236,-0.022002,E09000030
19835,E3  2RF,E01032764,51.538081,-0.021893,E09000030
19836,E3  2RG,E01032764,51.537895,-0.024165,E09000030
19837,E3  2RH,E01032764,51.53811,-0.023579,E09000030
19838,E3  2RJ,E01032764,51.529655,-0.016578,E09000030
19839,E3  2RL,E01035659,51.533516,-0.025277,E09000030
19840,E3  2RN,E01004222,51.53395,-0.02758,E09000030
19841,E3  2RP,E01032764,51.538725,-0.021692,E09000030
19842,E3  2RQ,E01035659,51.534447,-0.025583,E09000030
19843,E3  2RR,E01004222,51.53391,-0.02787,E09000030
19844,E3  2RS,E01035659,51.532887,-0.025838,E09000030
19845,E3  2RT,E01004222,51.534914,-0.027654,E09000030
19846,E3  2RU,E01035659,51.533948,-0.026398,E09000030
19847,E3  2RW,E01035659,51.533749,-0.027358,E09000030
19848,E3  2RX,E01035657,51.540482,-0.020837,E09000030
19849,E3  2RY,E01035659,51.534767,-0.026968,E09000030
19850,E3  2RZ,E01035659,51.534432,-0.026305,E09000030
19851,E3  2SA,E01004231,51.528769,-0.022167,E09000030
19852,E3  2SB,E01004222,51.534305,-0.028372,E09000030
19853,E3  2SD,E01032765,51.533538,-0.022854,E09000030
19854,E3  2SE,E01035663,51.52856,-0.019869,E09000030
19855,E3  2SF,E01032784,51.530231,-0.02888,E09000030
19856,E3  2SG,E01032764,51.528542,-0.018818,E09000030
19857,E3  2SH,E01032764,51.528782,-0.018115,E09000030
19858,E3  2SJ,E01032764,51.529189,-0.01667,E09000030
19859,E3  2SL,E01032765,51.533777,-0.023175,E09000030
19860,E3  2SN,E01032765,51.533954,-0.023499,E09000030
19861,E3  2SP,E01032764,51.529591,-0.015946,E09000030
19862,E3  2SQ,E01035659,51.533497,-0.024687,E09000030
19863,E3  2SR,E01032765,51.533422,-0.023465,E09000030
19864,E3  2SS,E01032765,51.533499,-0.023764,E09000030
19865,E3  2ST,E01032765,51.533327,-0.02419,E09000030
19866,E3  2SU,E01035659,51.53307,-0.02446,E09000030
19867,E3  2SW,E01032764,51.528921,-0.017849,E09000030
19868,E3  2SX,E01035663,51.530819,-0.019454,E09000030
19869,E3  2SY,E01035663,51.530819,-0.019454,E09000030
19870,E3  2SZ,E01032764,51.538968,-0.021148,E09000030
19871,E3  2TA,E01032764,51.536577,-0.022838,E09000030
19872,E3  2TB,E01032764,51.534581,-0.021266,E09000030
19873,E3  2TD,E01032764,51.528945,-0.017142,E09000030
19874,E3  2TE,E01035663,51.531076,-0.019774,E09000030
19875,E3  2TF,E01035658,51.53957,-0.023775,E09000030
19876,E3  2TG,E01032764,51.538398,-0.02149,E09000030
19877,E3  2TH,E01035658,51.539857,-0.0232,E09000030
19878,E3  2TJ,E01035663,51.530484,-0.018805,E09000030
19879,E3  2TL,E01035663,51.529674,-0.01985,E09000030
19880,E3  2TN,E01035663,51.530214,-0.018759,E09000030
19881,E3  2TP,E01032764,51.530537,-0.017145,E09000030
19882,E3  2TQ,E01032764,51.529878,-0.017001,E09000030
19883,E3  2TR,E01032765,51.532295,-0.022187,E09000030
19884,E3  2TS,E01032765,51.532894,-0.023041,E09000030
19885,E3  2TT,E01032764,51.535305,-0.019922,E09000030
19886,E3  2TU,E01032764,51.529192,-0.018991,E09000030
19887,E3  2TW,E01035663,51.530039,-0.018507,E09000030
19888,E3  2TX,E01032784,51.530231,-0.02888,E09000030
19889,E3  2TY,E01035662,51.53189,-0.019537,E09000030
19890,E3  2TZ,E01032784,51.530231,-0.02888,E09000030
19891,E3  2UA,E01035662,51.531643,-0.022475,E09000030
19892,E3  2UB,E01035662,51.531174,-0.021875,E09000030
19893,E3  2UD,E01035662,51.531796,-0.020868,E09000030
19894,E3  2UE,E01035662,51.531321,-0.020975,E09000030
19895,E3  2UF,E01035662,51.531321,-0.020975,E09000030
19896,E3  2UG,E01035662,51.531609,-0.020443,E09000030
19897,E3  2UH,E01035662,51.531321,-0.020975,E09000030
19898,E3  2UJ,E01035662,51.531609,-0.020443,E09000030
19899,E3  2UL,E01035662,51.531609,-0.020443,E09000030
19900,E3  2UN,E01032784,51.530231,-0.02888,E09000030
19901,E3  2UP,E01035662,51.531609,-0.020443,E09000030
19902,E3  2UQ,E01035662,51.531609,-0.020443,E09000030
19903,E3  2UR,E01035662,51.531784,-0.021777,E09000030
19904,E3  2US,E01035662,51.532075,-0.021389,E09000030
19905,E3  2UT,E01032764,51.532355,-0.020959,E09000030
19906,E3  2UU,E01032765,51.532365,-0.022617,E09000030
19907,E3  2UW,E01032784,51.530231,-0.02888,E09000030
19908,E3  2UX,E01032764,51.532732,-0.022009,E09000030
19909,E3  2UY,E01032764,51.538092,-0.021474,E09000030
19910,E3  2UZ,E01032784,51.530231,-0.02888,E09000030
19911,E3  2WA,E01032784,51.530231,-0.02888,E09000030
19912,E3  2WB,E01032764,51.530016,-0.016634,E09000030
19913,E3  2WD,E01004229,51.529071,-0.02942,E09000030
19914,E3  2WE,E01032784,51.530231,-0.02888,E09000030
19915,E3  2WF,E01032784,51.530231,-0.02888,E09000030
19916,E3  2WG,E01032784,51.530231,-0.02888,E09000030
19917,E3  2WH,E01032784,51.530231,-0.02888,E09000030
19918,E3  2WJ,E01032784,51.530231,-0.02888,E09000030
19919,E3  2WL,E01032784,51.530231,-0.02888,E09000030
19920,E3  2WN,E01032784,51.530231,-0.02888,E09000030
19921,E3  2WP,E01032784,51.530231,-0.02888,E09000030
19922,E3  2WQ,E01032784,51.530231,-0.02888,E09000030
19923,E3  2WR,E01035658,51.539998,-0.025199,E09000030
19924,E3  2WS,E01035658,51.539834,-0.025581,E09000030
19925,E3  2WT,E01035658,51.539655,-0.02455,E09000030
19926,E3  2WU,E01032784,51.530231,-0.02888,E09000030
19927,E3  2WW,E01032784,51.530231,-0.02888,E09000030
19928,E3  2WX,E01032784,51.530231,-0.02888,E09000030
19929,E3  2WY,E01032784,51.530231,-0.02888,E09000030
19930,E3  2WZ,E01032784,51.530231,-0.02888,E09000030
19931,E3  2XA,E01032764,51.538144,-0.021371,E09000030
19932,E3  2XB,E01035658,51.540069,-0.023494,E09000030
19933,E3  2XD,E01035658,51.540451,-0.022699,E09000030
19934,E3  2XE,E01032764,51.538406,-0.021937,E09000030
19935,E3  2XF,E01035658,51.540326,-0.024391,E09000030
19936,E3  2XG,E01035658,51.540962,-0.023152,E09000030
19937,E3  2XH,E01032784,51.530231,-0.02888,E09000030
19938,E3  2XJ,E01032784,51.530231,-0.02888,E09000030
19939,E3  2XL,E01032784,51.530231,-0.02888,E09000030
19940,E3  2XN,E01035658,51.540495,-0.022668,E09000030
19941,E3  2XP,E01035658,51.540555,-0.023026,E09000030
19942,E3  2XQ,E01032784,51.530231,-0.02888,E09000030
19943,E3  2XR,E01032784,51.530231,-0.02888,E09000030
19944,E3  2XS,E01032784,51.530231,-0.02888,E09000030
19945,E3  2XT,E01035658,51.540492,-0.024053,E09000030
19946,E3  2XU,E01032784,51.530231,-0.02888,E09000030
19947,E3  2XW,E01035658,51.540294,-0.023023,E09000030
19948,E3  2XY,E01032784,51.530231,-0.02888,E09000030
19949,E3  2XZ,E01032784,51.530231,-0.02888,E09000030
19950,E3  2YA,E01032765,51.532065,-0.024547,E09000030
19951,E3  2YB,E01032765,51.532315,-0.024969,E09000030
19952,E3  2YD,E01032765,51.532583,-0.024352,E09000030
19953,E3  2YE,E01032784,51.530231,-0.02888,E09000030
19954,E3  2YF,E01032784,51.530231,-0.02888,E09000030
19955,E3  2YG,E01032784,51.530231,-0.02888,E09000030
19956,E3  2YH,E01004222,51.533738,-0.02831,E09000030
19957,E3  2YJ,E01035663,51.530329,-0.022373,E09000030
19958,E3  2YL,E01032765,51.532583,-0.024352,E09000030
19959,E3  2YN,E01032784,51.530231,-0.02888,E09000030
19960,E3  2YP,E01032784,51.530231,-0.02888,E09000030
19961,E3  2YQ,E01032765,51.532583,-0.024352,E09000030
19962,E3  2YR,E01032784,51.530231,-0.02888,E09000030
19963,E3  2YS,E01032784,51.530231,-0.02888,E09000030
19964,E3  2YT,E01032784,51.530231,-0.02888,E09000030
19965,E3  2YU,E01032784,51.530231,-0.02888,E09000030
19966,E3  2YW,E01032784,51.530231,-0.02888,E09000030
19967,E3  2YX,E01032784,51.530231,-0.02888,E09000030
19968,E3  2YY,E01035658,51.54079,-0.023593,E09000030
19969,E3  2YZ,E01035657,51.540946,-0.02324,E09000030
19970,E3  2ZA,E01035663,51.530059,-0.022414,E09000030
19971,E3  2ZB,E01035662,51.531501,-0.023087,E09000030
19972,E3  2ZD,E01035663,51.531248,-0.019306,E09000030
19973,E3  2ZE,E01032765,51.532672,-0.023238,E09000030
19974,E3  2ZF,E01035663,51.531066,-0.019732,E09000030
19975,E3  2ZG,E01035663,51.530859,-0.020216,E09000030
19976,E3  2ZH,E01035663,51.530607,-0.020732,E09000030
19977,E3  2ZJ,E01035663,51.530504,-0.021025,E09000030
19978,E3  2ZL,E01035663,51.530372,-0.021189,E09000030
19979,E3  2ZN,E01032764,51.529588,-0.016869,E09000030
19980,E3  2ZP,E01032765,51.531793,-0.023348,E09000030
19981,E3  2ZQ,E01035658,51.540421,-0.021993,E09000030
19982,E3  2ZR,E01035658,51.540044,-0.023077,E09000030
19983,E3  2ZS,E01032784,51.529812,-0.0291,E09000030
19984,E3  2ZT,E01032784,51.529684,-0.029495,E09000030
19985,E3  2ZU,E01032784,51.530231,-0.02888,E09000030
19986,E3  2ZZ,E01035663,51.528458,-0.019182,E09000030
19987,E3  3AA,E01004237,51.527884,-0.020302,E09000030
19988,E3  3AB,E01004267,51.527429,-0.022124,E09000030
19989,E3  3AD,E01004267,51.527404,-0.020683,E09000030
19990,E3  3AE,E01035672,51.518801,-0.017136,E09000030
19992,E3  3AG,E01032784,51.530231,-0.02888,E09000030
19993,E3  3AH,E01004237,51.528165,-0.018315,E09000030
19994,E3  3AJ,E01004237,51.527769,-0.017799,E09000030
19995,E3  3AL,E01004237,51.52738,-0.019243,E09000030
19996,E3  3AN,E01035673,51.518515,-0.022525,E09000030
19997,E3  3AP,E01004235,51.529153,-0.014552,E09000030
19998,E3  3AQ,E01035673,51.518283,-0.022131,E09000030
19999,E3  3AR,E01004235,51.528308,-0.017227,E09000030
20000,E3  3AS,E01004235,51.528435,-0.016746,E09000030
20001,E3  3AT,E01004235,51.528287,-0.016493,E09000030
20002,E3  3AU,E01004235,51.528716,-0.015811,E09000030
20003,E3  3AW,E01004237,51.526038,-0.018595,E09000030
20004,E3  3AX,E01004235,51.52907,-0.01496,E09000030
20005,E3  3AY,E01004237,51.526684,-0.019014,E09000030
20006,E3  3AZ,E01004237,51.525683,-0.019417,E09000030
20007,E3  3BA,E01004235,51.529305,-0.01394,E09000030
20008,E3  3BB,E01004235,51.529001,-0.013535,E09000030
20009,E3  3BD,E01004235,51.528803,-0.014063,E09000030
20010,E3  3BE,E01004235,51.528581,-0.01475,E09000030
20011,E3  3BF,E01035667,51.523709,-0.014832,E09000030
20012,E3  3BG,E01004235,51.528643,-0.015223,E09000030
20013,E3  3BH,E01004235,51.528643,-0.015223,E09000030
20014,E3  3BJ,E01004235,51.528266,-0.015773,E09000030
20015,E3  3BL,E01004235,51.527966,-0.016132,E09000030
20016,E3  3BN,E01004235,51.527882,-0.016496,E09000030
20017,E3  3BP,E01004235,51.527968,-0.017329,E09000030
20018,E3  3BQ,E01004235,51.528643,-0.015223,E09000030
20019,E3  3BS,E01004236,51.526923,-0.012444,E09000030
20020,E3  3BT,E01004236,51.526392,-0.012409,E09000030
20021,E3  3BU,E01004236,51.52802,-0.012929,E09000030
20022,E3  3BW,E01035665,51.529186,-0.012777,E09000030
20023,E3  3BX,E01035666,51.526062,-0.012049,E09000030
20024,E3  3BY,E01035666,51.525636,-0.013437,E09000030
20025,E3  3BZ,E01035666,51.525964,-0.013163,E09000030
20026,E3  3DA,E01035665,51.527251,-0.010555,E09000030
20027,E3  3DB,E01004236,51.526893,-0.011695,E09000030
20028,E3  3DD,E01004236,51.526156,-0.012232,E09000030
20029,E3  3DE,E01035665,51.525699,-0.010233,E09000030
20030,E3  3DF,E01035665,51.525896,-0.009648,E09000030
20031,E3  3DG,E01004236,51.527635,-0.012499,E09000030
20032,E3  3DH,E01004236,51.527263,-0.012328,E09000030
20033,E3  3DJ,E01004236,51.526519,-0.012447,E09000030
20034,E3  3DL,E01004236,51.526838,-0.012188,E09000030
20035,E3  3DN,E01004236,51.526507,-0.011741,E09000030
20036,E3  3DP,E01035665,51.527234,-0.010599,E09000030
20037,E3  3DQ,E01004235,51.528436,-0.014151,E09000030
20038,E3  3DR,E01032784,51.530231,-0.02888,E09000030
20039,E3  3DS,E01004235,51.528599,-0.014216,E09000030
20040,E3  3DT,E01035667,51.523581,-0.014751,E09000030
20042,E3  3DW,E01035667,51.523285,-0.014793,E09000030
20043,E3  3DX,E01004237,51.52778,-0.018952,E09000030
20044,E3  3DY,E01004237,51.52778,-0.018952,E09000030
20046,E3  3EA,E01035665,51.525877,-0.010139,E09000030
20047,E3  3EB,E01035666,51.525804,-0.012204,E09000030
20048,E3  3ED,E01035665,51.525411,-0.008646,E09000030
20049,E3  3EE,E01004237,51.527617,-0.020472,E09000030
20050,E3  3EF,E01004237,51.527687,-0.019821,E09000030
20051,E3  3EG,E01004236,51.528199,-0.013931,E09000030
20052,E3  3EH,E01004235,51.527772,-0.015304,E09000030
20053,E3  3EJ,E01004235,51.52753,-0.015848,E09000030
20054,E3  3EL,E01004237,51.527567,-0.016481,E09000030
20055,E3  3EN,E01004235,51.52813,-0.015188,E09000030
20056,E3  3EP,E01004237,51.527433,-0.01702,E09000030
20057,E3  3EQ,E01004237,51.527904,-0.018312,E09000030
20058,E3  3ER,E01004237,51.527343,-0.018653,E09000030
20059,E3  3ES,E01004237,51.527038,-0.019229,E09000030
20060,E3  3ET,E01004237,51.526003,-0.019158,E09000030
20061,E3  3EU,E01004239,51.525506,-0.01745,E09000030
20062,E3  3EW,E01004237,51.527499,-0.017738,E09000030
20063,E3  3EX,E01004237,51.526003,-0.019158,E09000030
20064,E3  3EY,E01004237,51.525394,-0.018767,E09000030
20065,E3  3EZ,E01004237,51.525394,-0.018767,E09000030
20066,E3  3FA,E01035666,51.524166,-0.012621,E09000030
20067,E3  3FB,E01035666,51.524016,-0.01332,E09000030
20068,E3  3FD,E01035666,51.523521,-0.012794,E09000030
20069,E3  3FE,E01035666,51.523529,-0.01324,E09000030
20070,E3  3FF,E01035667,51.523951,-0.014274,E09000030
20071,E3  3FG,E01035667,51.523555,-0.014262,E09000030
20072,E3  3FH,E01035667,51.52342,-0.014254,E09000030
20073,E3  3FJ,E01035667,51.523445,-0.014685,E09000030
20074,E3  3FL,E01035672,51.519997,-0.017661,E09000030
20075,E3  3FN,E01035671,51.519842,-0.01699,E09000030
20076,E3  3FP,E01035667,51.523898,-0.013815,E09000030
20077,E3  3FQ,E01004237,51.526584,-0.019479,E09000030
20078,E3  3FR,E01035667,51.523898,-0.013815,E09000030
20079,E3  3FS,E01035667,51.523483,-0.013747,E09000030
20080,E3  3FT,E01035667,51.523456,-0.013748,E09000030
20081,E3  3FU,E01035666,51.52486,-0.012187,E09000030
20082,E3  3FW,E01035671,51.519588,-0.016871,E09000030
20083,E3  3FX,E01035671,51.520193,-0.016456,E09000030
20084,E3  3FY,E01035671,51.520029,-0.016347,E09000030
20085,E3  3FZ,E01032784,51.530231,-0.02888,E09000030
20086,E3  3GA,E01004237,51.526656,-0.020038,E09000030
20087,E3  3GB,E01004267,51.526467,-0.020018,E09000030
20088,E3  3GD,E01004267,51.526145,-0.020147,E09000030
20089,E3  3GE,E01004267,51.526419,-0.020366,E09000030
20090,E3  3GF,E01004267,51.525964,-0.020083,E09000030
20091,E3  3GG,E01004267,51.525419,-0.019732,E09000030
20092,E3  3GH,E01004267,51.525101,-0.019544,E09000030
20093,E3  3GJ,E01004267,51.524874,-0.019395,E09000030
20094,E3  3GL,E01004267,51.525655,-0.019866,E09000030
20095,E3  3GN,E01035666,51.523529,-0.01324,E09000030
20096,E3  3GP,E01035665,51.523602,-0.012285,E09000030
20097,E3  3GQ,E01035666,51.524008,-0.012888,E09000030
20098,E3  3GR,E01035666,51.523872,-0.012793,E09000030
20099,E3  3GS,E01035665,51.523792,-0.01232,E09000030
20100,E3  3GT,E01035667,51.523816,-0.008442,E09000030
20101,E3  3GU,E01035671,51.51938,-0.016751,E09000030
20102,E3  3GW,E01035671,51.51972,-0.016145,E09000030
20103,E3  3GX,E01035671,51.519393,-0.015928,E09000030
20104,E3  3GY,E01035671,51.519071,-0.016577,E09000030
20105,E3  3GZ,E01004237,51.525994,-0.019159,E09000030
20106,E3  3HA,E01004237,51.527344,-0.017111,E09000030
20107,E3  3HB,E01004237,51.527344,-0.017111,E09000030
20108,E3  3HD,E01004236,51.527651,-0.014546,E09000030
20109,E3  3HE,E01004236,51.527269,-0.015874,E09000030
20110,E3  3HF,E01004236,51.527083,-0.015522,E09000030
20111,E3  3HG,E01004237,51.527439,-0.017943,E09000030
20112,E3  3HH,E01004236,51.528029,-0.014515,E09000030
20113,E3  3HJ,E01004236,51.526624,-0.014403,E09000030
20114,E3  3HL,E01004236,51.526654,-0.016189,E09000030
20115,E3  3HN,E01004236,51.526879,-0.01406,E09000030
20116,E3  3HP,E01004239,51.525447,-0.018188,E09000030
20117,E3  3HQ,E01004237,51.526577,-0.018542,E09000030
20118,E3  3HR,E01004236,51.526464,-0.015563,E09000030
20119,E3  3HS,E01004239,51.525622,-0.016306,E09000030
20120,E3  3HT,E01004239,51.526059,-0.016648,E09000030
20121,E3  3HU,E01004239,51.525801,-0.016817,E09000030
20122,E3  3HW,E01004237,51.526574,-0.017865,E09000030
20123,E3  3HX,E01004239,51.52531,-0.016464,E09000030
20124,E3  3HY,E01004239,51.5258,-0.017293,E09000030
20125,E3  3HZ,E01004239,51.525245,-0.01687,E09000030
20126,E3  3JA,E01004236,51.524846,-0.0151,E09000030
20127,E3  3JB,E01035666,51.525044,-0.014544,E09000030
20128,E3  3JD,E01004237,51.527271,-0.01968,E09000030
20129,E3  3JE,E01004237,51.526602,-0.019522,E09000030
20130,E3  3JF,E01004237,51.526602,-0.019522,E09000030
20133,E3  3JJ,E01035665,51.524842,-0.011655,E09000030
20135,E3  3JN,E01035667,51.523388,-0.010248,E09000030
20136,E3  3JP,E01035667,51.522935,-0.010066,E09000030
20138,E3  3JR,E01035667,51.523414,-0.009627,E09000030
20139,E3  3JS,E01035667,51.523343,-0.009154,E09000030
20140,E3  3JT,E01035667,51.522939,-0.009244,E09000030
20141,E3  3JU,E01035667,51.522862,-0.009463,E09000030
20142,E3  3JW,E01035667,51.522844,-0.009983,E09000030
20143,E3  3JX,E01004248,51.521132,-0.009798,E09000030
20144,E3  3JY,E01004248,51.522568,-0.008525,E09000030
20145,E3  3JZ,E01035667,51.524598,-0.009445,E09000030
20146,E3  3LA,E01035667,51.522716,-0.009354,E09000030
20147,E3  3LB,E01004248,51.521009,-0.009962,E09000030
20148,E3  3LD,E01035667,51.522765,-0.012235,E09000030
20149,E3  3LE,E01035666,51.525024,-0.012324,E09000030
20150,E3  3LF,E01035666,51.525153,-0.013054,E09000030
20151,E3  3LG,E01035671,51.519609,-0.01651,E09000030
20152,E3  3LH,E01032784,51.530231,-0.02888,E09000030
20153,E3  3LJ,E01035667,51.522493,-0.014208,E09000030
20154,E3  3LL,E01035667,51.522879,-0.012562,E09000030
20155,E3  3LN,E01035667,51.52294,-0.014059,E09000030
20156,E3  3LP,E01035667,51.523229,-0.01148,E09000030
20157,E3  3LQ,E01004239,51.524738,-0.016662,E09000030
20158,E3  3LR,E01035667,51.523041,-0.010969,E09000030
20159,E3  3LS,E01035667,51.522932,-0.010945,E09000030
20160,E3  3LT,E01035667,51.522061,-0.012612,E09000030
20161,E3  3LU,E01035667,51.522451,-0.011197,E09000030
20162,E3  3LW,E01035667,51.522756,-0.011674,E09000030
20163,E3  3LX,E01035667,51.522237,-0.013945,E09000030
20164,E3  3LY,E01035667,51.522351,-0.012225,E09000030
20165,E3  3LZ,E01035667,51.522272,-0.013381,E09000030
20166,E3  3NA,E01035666,51.525125,-0.011945,E09000030
20167,E3  3NB,E01032784,51.530231,-0.02888,E09000030
20168,E3  3ND,E01035667,51.521322,-0.011952,E09000030
20169,E3  3NE,E01035666,51.525222,-0.012345,E09000030
20170,E3  3NF,E01035666,51.525509,-0.012303,E09000030
20171,E3  3NG,E01035666,51.525466,-0.011887,E09000030
20172,E3  3NH,E01004236,51.526012,-0.016001,E09000030
20173,E3  3NJ,E01004236,51.526025,-0.015654,E09000030
20174,E3  3NL,E01004236,51.526343,-0.014833,E09000030
20175,E3  3NN,E01035666,51.525686,-0.014242,E09000030
20176,E3  3NP,E01004236,51.52546,-0.015218,E09000030
20177,E3  3NQ,E01032784,51.530231,-0.02888,E09000030
20178,E3  3NR,E01004236,51.525675,-0.015742,E09000030
20179,E3  3NS,E01004236,51.525,-0.016203,E09000030
20180,E3  3NT,E01035666,51.52417,-0.013385,E09000030
20181,E3  3NU,E01035672,51.519318,-0.017344,E09000030
20182,E3  3NW,E01004236,51.525842,-0.014956,E09000030
20183,E3  3NX,E01004239,51.524738,-0.016662,E09000030
20184,E3  3NY,E01032784,51.530231,-0.02888,E09000030
20185,E3  3NZ,E01032784,51.530231,-0.02888,E09000030
20186,E3  3PA,E01035667,51.521683,-0.015252,E09000030
20187,E3  3PB,E01035671,51.520537,-0.017147,E09000030
20188,E3  3PD,E01004239,51.523478,-0.017711,E09000030
20189,E3  3PE,E01004239,51.52403,-0.01737,E09000030
20190,E3  3PF,E01004239,51.523313,-0.01694,E09000030
20191,E3  3PG,E01004239,51.524052,-0.017066,E09000030
20192,E3  3PH,E01004239,51.523422,-0.016517,E09000030
20193,E3  3PJ,E01035671,51.522182,-0.018128,E09000030
20194,E3  3PL,E01004239,51.523977,-0.015815,E09000030
20195,E3  3PN,E01035672,51.520328,-0.020212,E09000030
20196,E3  3PP,E01004239,51.523522,-0.015504,E09000030
20197,E3  3PQ,E01004239,51.523578,-0.016683,E09000030
20198,E3  3PR,E01004241,51.520983,-0.022807,E09000030
20199,E3  3PS,E01004241,51.52109,-0.021664,E09000030
20200,E3  3PT,E01004241,51.520749,-0.022212,E09000030
20201,E3  3PU,E01004239,51.523744,-0.015335,E09000030
20202,E3  3PW,E01004241,51.520512,-0.020435,E09000030
20203,E3  3PX,E01004241,51.520803,-0.020119,E09000030
20204,E3  3PY,E01004241,51.520675,-0.021019,E09000030
20205,E3  3PZ,E01004241,51.520675,-0.021019,E09000030
20206,E3  3QA,E01004237,51.525994,-0.019159,E09000030
20207,E3  3QB,E01035665,51.524387,-0.011862,E09000030
20208,E3  3QD,E01035665,51.524223,-0.012302,E09000030
20209,E3  3QE,E01035665,51.524387,-0.011862,E09000030
20210,E3  3QF,E01035672,51.521168,-0.019325,E09000030
20211,E3  3QG,E01035672,51.520613,-0.017908,E09000030
20212,E3  3QH,E01035672,51.520996,-0.018194,E09000030
20213,E3  3QJ,E01035672,51.520996,-0.018194,E09000030
20214,E3  3QL,E01035671,51.51963,-0.016163,E09000030
20215,E3  3QN,E01035672,51.51905,-0.020657,E09000030
20216,E3  3QP,E01035672,51.518615,-0.017822,E09000030
20217,E3  3QQ,E01035671,51.520314,-0.017258,E09000030
20218,E3  3QR,E01035672,51.518395,-0.018119,E09000030
20219,E3  3QS,E01035672,51.519951,-0.018643,E09000030
20220,E3  3QT,E01004239,51.524729,-0.016677,E09000030
20221,E3  3QU,E01035672,51.520794,-0.018505,E09000030
20222,E3  3QW,E01035667,51.523393,-0.009469,E09000030
20223,E3  3QX,E01035672,51.519834,-0.020262,E09000030
20224,E3  3QY,E01004239,51.522372,-0.017702,E09000030
20225,E3  3QZ,E01032784,51.530231,-0.02888,E09000030
20226,E3  3RA,E01035672,51.520244,-0.018933,E09000030
20227,E3  3RB,E01035672,51.51991,-0.019394,E09000030
20228,E3  3RD,E01035672,51.519747,-0.020381,E09000030
20229,E3  3RE,E01035672,51.517938,-0.019235,E09000030
20230,E3  3RF,E01035672,51.518583,-0.01912,E09000030
20231,E3  3RG,E01035672,51.519425,-0.019949,E09000030
20232,E3  3RH,E01035672,51.519399,-0.019517,E09000030
20233,E3  3RJ,E01035672,51.518956,-0.020416,E09000030
20234,E3  3RL,E01035672,51.519286,-0.020776,E09000030
20235,E3  3RN,E01035672,51.518511,-0.020176,E09000030
20236,E3  3RP,E01035672,51.518467,-0.020783,E09000030
20237,E3  3RQ,E01035672,51.518435,-0.019934,E09000030
20238,E3  3RR,E01035672,51.518657,-0.020299,E09000030
20239,E3  3RS,E01035672,51.518833,-0.019527,E09000030
20240,E3  3RT,E01035672,51.517826,-0.020076,E09000030
20241,E3  3RU,E01035673,51.517514,-0.020752,E09000030
20242,E3  3RW,E01035672,51.519079,-0.021333,E09000030
20243,E3  3RX,E01035673,51.517636,-0.021641,E09000030
20244,E3  3RY,E01035672,51.518657,-0.021885,E09000030
20245,E3  3RZ,E01035673,51.517353,-0.020284,E09000030
20246,E3  3SA,E01004272,51.517544,-0.022553,E09000030
20247,E3  3SB,E01004272,51.517544,-0.022553,E09000030
20248,E3  3SD,E01004239,51.524729,-0.016677,E09000030
20249,E3  3SE,E01032784,51.530231,-0.02888,E09000030
20250,E3  3SF,E01032784,51.530231,-0.02888,E09000030
20251,E3  3SG,E01004239,51.524738,-0.016662,E09000030
20252,E3  3SH,E01032784,51.530231,-0.02888,E09000030
20253,E3  3SJ,E01004239,51.524738,-0.016662,E09000030
20254,E3  3SL,E01004239,51.524738,-0.016662,E09000030
20255,E3  3SN,E01004239,51.524738,-0.016662,E09000030
20256,E3  3SP,E01035673,51.518443,-0.022514,E09000030
20257,E3  3SQ,E01004239,51.524738,-0.016662,E09000030
20258,E3  3SR,E01032784,51.530231,-0.02888,E09000030
20259,E3  3SS,E01004237,51.5271,-0.020235,E09000030
20260,E3  3ST,E01035672,51.51802,-0.020384,E09000030
20261,E3  3SU,E01035666,51.524237,-0.014694,E09000030
20262,E3  3SW,E01035673,51.518443,-0.022514,E09000030
20263,E3  3SX,E01032784,51.530231,-0.02888,E09000030
20264,E3  3SY,E01032784,51.530231,-0.02888,E09000030
20265,E3  3SZ,E01032784,51.530231,-0.02888,E09000030
20266,E3  3TA,E01035667,51.524589,-0.00946,E09000030
20267,E3  3TB,E01035665,51.524845,-0.008671,E09000030
20268,E3  3TD,E01035665,51.524468,-0.008716,E09000030
20269,E3  3TE,E01035667,51.524181,-0.008772,E09000030
20270,E3  3TF,E01035666,51.524237,-0.014694,E09000030
20271,E3  3TG,E01004248,51.522121,-0.008717,E09000030
20272,E3  3TH,E01004248,51.521698,-0.00973,E09000030
20273,E3  3TJ,E01004248,51.521912,-0.009087,E09000030
20274,E3  3TL,E01004248,51.521876,-0.009088,E09000030
20275,E3  3TN,E01004248,51.521889,-0.008828,E09000030
20276,E3  3TP,E01004248,51.5222,-0.00857,E09000030
20277,E3  3TQ,E01035671,51.521069,-0.017196,E09000030
20278,E3  3TR,E01035671,51.520749,-0.016922,E09000030
20279,E3  3TS,E01035671,51.52086,-0.017075,E09000030
20281,E3  3TU,E01035671,51.521131,-0.017179,E09000030
20282,E3  3TW,E01035671,51.521131,-0.017179,E09000030
20283,E3  3TX,E01035671,51.520476,-0.016688,E09000030
20284,E3  3TY,E01035671,51.520437,-0.01656,E09000030
20285,E3  3TZ,E01035671,51.521102,-0.017036,E09000030
20286,E3  3UA,E01035665,51.52843,-0.011138,E09000030
20287,E3  3UB,E01035665,51.528534,-0.010874,E09000030
20288,E3  3UD,E01035665,51.528387,-0.010722,E09000030
20289,E3  3UE,E01035665,51.528241,-0.010598,E09000030
20290,E3  3UF,E01035665,51.528076,-0.010404,E09000030
20291,E3  3UG,E01035665,51.527973,-0.010682,E09000030
20292,E3  3UH,E01035665,51.527898,-0.011046,E09000030
20293,E3  3UJ,E01035665,51.528081,-0.011254,E09000030
20294,E3  3UL,E01035665,51.528283,-0.011462,E09000030
20295,E3  3UN,E01035665,51.528054,-0.011212,E09000030
20296,E3  3UP,E01035665,51.528065,-0.011341,E09000030
20297,E3  3UQ,E01035667,51.520686,-0.014258,E09000030
20298,E3  3UR,E01035672,51.519096,-0.018089,E09000030
20299,E3  3US,E01035672,51.519396,-0.018263,E09000030
20300,E3  3UT,E01035672,51.519568,-0.018832,E09000030
20301,E3  3UU,E01035672,51.519245,-0.01889,E09000030
20302,E3  3UW,E01035672,51.518945,-0.018701,E09000030
20303,E3  3UX,E01035672,51.51918,-0.018258,E09000030
20304,E3  3UY,E01035672,51.518933,-0.018514,E09000030
20305,E3  3UZ,E01032784,51.530231,-0.02888,E09000030
20306,E3  3WA,E01032784,51.530231,-0.02888,E09000030
20307,E3  3WB,E01032784,51.530231,-0.02888,E09000030
20308,E3  3WD,E01032784,51.530231,-0.02888,E09000030
20309,E3  3WE,E01032784,51.530231,-0.02888,E09000030
20310,E3  3WF,E01032784,51.530231,-0.02888,E09000030
20311,E3  3WG,E01032784,51.530231,-0.02888,E09000030
20313,E3  3WJ,E01032784,51.530231,-0.02888,E09000030
20315,E3  3WN,E01032784,51.530231,-0.02888,E09000030
20316,E3  3WQ,E01032784,51.530231,-0.02888,E09000030
20318,E3  3WS,E01032784,51.530231,-0.02888,E09000030
20319,E3  3WT,E01032784,51.530231,-0.02888,E09000030
20320,E3  3WU,E01032784,51.530231,-0.02888,E09000030
20321,E3  3WW,E01032784,51.530231,-0.02888,E09000030
20323,E3  3WY,E01032784,51.530231,-0.02888,E09000030
20324,E3  3WZ,E01032784,51.530231,-0.02888,E09000030
20325,E3  3XA,E01032784,51.530231,-0.02888,E09000030
20326,E3  3XB,E01032784,51.530231,-0.02888,E09000030
20327,E3  3XD,E01035671,51.521532,-0.017479,E09000030
20328,E3  3XE,E01035671,51.521004,-0.017631,E09000030
20329,E3  3XF,E01032784,51.530231,-0.02888,E09000030
20330,E3  3XG,E01035671,51.520686,-0.017458,E09000030
20331,E3  3XH,E01035671,51.521529,-0.017277,E09000030
20332,E3  3XJ,E01035665,51.528905,-0.011593,E09000030
20333,E3  3XL,E01035665,51.528991,-0.011344,E09000030
20334,E3  3XN,E01035665,51.528796,-0.010963,E09000030
20335,E3  3XP,E01035665,51.529059,-0.011111,E09000030
20336,E3  3XQ,E01035672,51.518161,-0.019657,E09000030
20337,E3  3XS,E01004239,51.522208,-0.017593,E09000030
20338,E3  3XT,E01004239,51.522254,-0.017606,E09000030
20339,E3  3XU,E01035671,51.522048,-0.018191,E09000030
20340,E3  3XX,E01032784,51.530231,-0.02888,E09000030
20341,E3  3XY,E01032784,51.530231,-0.02888,E09000030
20344,E3  3YB,E01035671,51.521956,-0.017532,E09000030
20345,E3  3YD,E01035671,51.521838,-0.018013,E09000030
20346,E3  3YE,E01035666,51.525963,-0.014114,E09000030
20347,E3  3YF,E01004235,51.528046,-0.015538,E09000030
20348,E3  3YG,E01004235,51.528472,-0.015721,E09000030
20349,E3  3YH,E01004248,51.521334,-0.010035,E09000030
20350,E3  3YJ,E01004248,51.521522,-0.009983,E09000030
20351,E3  3YL,E01004248,51.521007,-0.009861,E09000030
20352,E3  3YN,E01004248,51.52134,-0.009328,E09000030
20353,E3  3YP,E01004235,51.528472,-0.015721,E09000030
20354,E3  3YQ,E01035665,51.525666,-0.010956,E09000030
20355,E3  3YR,E01035665,51.5256,-0.010238,E09000030
20356,E3  3YS,E01035665,51.525394,-0.01078,E09000030
20357,E3  3YT,E01035665,51.525394,-0.01078,E09000030
20358,E3  3YU,E01004236,51.524642,-0.014734,E09000030
20359,E3  3YW,E01004239,51.524715,-0.016403,E09000030
20360,E3  3YX,E01004236,51.525274,-0.015384,E09000030
20361,E3  3YY,E01004237,51.527397,-0.017022,E09000030
20362,E3  3YZ,E01032784,51.530231,-0.02888,E09000030
20363,E3  3ZA,E01035665,51.525465,-0.00971,E09000030
20364,E3  3ZB,E01035665,51.525052,-0.010781,E09000030
20365,E3  3ZD,E01035665,51.525195,-0.010183,E09000030
20366,E3  3ZE,E01035665,51.525195,-0.010183,E09000030
20367,E3  3ZF,E01035665,51.525195,-0.010183,E09000030
20368,E3  3ZG,E01035665,51.525329,-0.00963,E09000030
20369,E3  3ZH,E01035671,51.521956,-0.017532,E09000030
20370,E3  3ZJ,E01035672,51.521237,-0.018645,E09000030
20371,E3  3ZL,E01035672,51.518615,-0.017822,E09000030
20372,E3  3ZR,E01004237,51.526734,-0.016647,E09000030
20373,E3  3ZS,E01004236,51.52705,-0.016749,E09000030
20374,E3  3ZT,E01004237,51.526615,-0.016551,E09000030
20375,E3  3ZU,E01004237,51.526533,-0.016987,E09000030
20376,E3  3ZZ,E01004237,51.527397,-0.017022,E09000030
20377,E3  4AA,E01035676,51.518171,-0.030986,E09000030
20378,E3  4AB,E01004267,51.526027,-0.023252,E09000030
20379,E3  4AD,E01004272,51.518207,-0.024009,E09000030
20380,E3  4AE,E01004267,51.526027,-0.023252,E09000030
20381,E3  4AF,E01035676,51.517527,-0.031706,E09000030
20382,E3  4AG,E01035676,51.517444,-0.032142,E09000030
20383,E3  4AH,E01004272,51.517797,-0.026923,E09000030
20384,E3  4AJ,E01004272,51.518096,-0.027011,E09000030
20385,E3  4AL,E01004272,51.517721,-0.027172,E09000030
20386,E3  4AN,E01004272,51.518614,-0.024697,E09000030
20387,E3  4AP,E01004272,51.518422,-0.027689,E09000030
20388,E3  4AQ,E01035683,51.516839,-0.034114,E09000030
20389,E3  4AR,E01035676,51.517146,-0.029373,E09000030
20390,E3  4AS,E01004271,51.519022,-0.0286,E09000030
20391,E3  4AT,E01004271,51.519701,-0.028874,E09000030
20392,E3  4AU,E01004272,51.517541,-0.022899,E09000030
20393,E3  4AW,E01004271,51.519329,-0.028183,E09000030
20394,E3  4AX,E01035673,51.517567,-0.02235,E09000030
20395,E3  4AY,E01035684,51.516621,-0.021151,E09000030
20396,E3  4AZ,E01035677,51.516791,-0.022138,E09000030
20397,E3  4BA,E01004241,51.519276,-0.023414,E09000030
20398,E3  4BB,E01004241,51.519364,-0.022748,E09000030
20399,E3  4BD,E01004241,51.518819,-0.022959,E09000030
20400,E3  4BE,E01004272,51.519406,-0.024202,E09000030
20401,E3  4BF,E01004241,51.519828,-0.023059,E09000030
20402,E3  4BG,E01004271,51.519129,-0.027471,E09000030
20403,E3  4BH,E01004270,51.521032,-0.028369,E09000030
20404,E3  4BJ,E01004271,51.520313,-0.026757,E09000030
20405,E3  4BL,E01004270,51.521375,-0.027922,E09000030
20406,E3  4BN,E01004241,51.521771,-0.025815,E09000030
20407,E3  4BP,E01004241,51.521874,-0.021241,E09000030
20408,E3  4BQ,E01004272,51.518919,-0.027336,E09000030
20409,E3  4BS,E01004240,51.5218,-0.023219,E09000030
20410,E3  4BT,E01004241,51.521319,-0.022951,E09000030
20411,E3  4BU,E01004241,51.521785,-0.019688,E09000030
20412,E3  4BW,E01004240,51.522037,-0.022358,E09000030
20413,E3  4BX,E01004240,51.522091,-0.02077,E09000030
20414,E3  4BY,E01004240,51.522091,-0.02077,E09000030
20415,E3  4BZ,E01004271,51.520016,-0.028903,E09000030
20416,E3  4DA,E01004241,51.5204,-0.023395,E09000030
20417,E3  4DB,E01004241,51.52021,-0.022293,E09000030
20418,E3  4DD,E01035672,51.519416,-0.022125,E09000030
20419,E3  4DE,E01035673,51.518398,-0.022559,E09000030
20420,E3  4DF,E01004271,51.51968,-0.029783,E09000030
20421,E3  4DG,E01032784,51.530231,-0.02888,E09000030
20422,E3  4DH,E01004267,51.527059,-0.024231,E09000030
20423,E3  4DJ,E01004267,51.527138,-0.023535,E09000030
20424,E3  4DL,E01004267,51.527545,-0.02209,E09000030
20425,E3  4DN,E01032784,51.530231,-0.02888,E09000030
20426,E3  4DP,E01004239,51.523403,-0.018551,E09000030
20427,E3  4DQ,E01004237,51.52479,-0.018692,E09000030
20428,E3  4DR,E01004267,51.526554,-0.023604,E09000030
20429,E3  4DS,E01004267,51.527076,-0.020943,E09000030
20430,E3  4DT,E01004267,51.526922,-0.021411,E09000030
20431,E3  4DU,E01004267,51.525758,-0.019573,E09000030
20432,E3  4DW,E01004271,51.519932,-0.030305,E09000030
20433,E3  4DX,E01004267,51.524684,-0.01936,E09000030
20434,E3  4DY,E01004271,51.519891,-0.030019,E09000030
20435,E3  4DZ,E01004271,51.519743,-0.029275,E09000030
20436,E3  4EA,E01004267,51.525283,-0.020199,E09000030
20437,E3  4EB,E01004240,51.523786,-0.019399,E09000030
20438,E3  4ED,E01004239,51.522515,-0.018733,E09000030
20439,E3  4EE,E01004267,51.525411,-0.020871,E09000030
20440,E3  4EF,E01035673,51.5169,-0.021687,E09000030
20441,E3  4EG,E01004240,51.523569,-0.022032,E09000030
20442,E3  4EH,E01004240,51.522903,-0.022003,E09000030
20443,E3  4EJ,E01004240,51.522619,-0.023255,E09000030
20444,E3  4EL,E01004240,51.522092,-0.023509,E09000030
20445,E3  4EN,E01004241,51.52169,-0.022589,E09000030
20446,E3  4EP,E01004240,51.522419,-0.022067,E09000030
20447,E3  4EQ,E01004240,51.522061,-0.023798,E09000030
20448,E3  4ER,E01004240,51.522117,-0.021778,E09000030
20449,E3  4ES,E01004240,51.523136,-0.020854,E09000030
20450,E3  4ET,E01004240,51.522827,-0.020132,E09000030
20451,E3  4EU,E01004241,51.521483,-0.021488,E09000030
20452,E3  4EW,E01004241,51.521925,-0.022089,E09000030
20453,E3  4EX,E01004239,51.521867,-0.019223,E09000030
20454,E3  4EY,E01004240,51.52248,-0.019845,E09000030
20455,E3  4EZ,E01004240,51.523964,-0.021424,E09000030
20456,E3  4FA,E01035673,51.517738,-0.02178,E09000030
20457,E3  4FB,E01004270,51.521791,-0.028063,E09000030
20458,E3  4FD,E01032784,51.530231,-0.02888,E09000030
20459,E3  4FE,E01032784,51.530231,-0.02888,E09000030
20460,E3  4FF,E01035673,51.517017,-0.021148,E09000030
20461,E3  4FG,E01035673,51.517191,-0.021372,E09000030
20462,E3  4FH,E01004270,51.521791,-0.028063,E09000030
20463,E3  4FJ,E01032784,51.530231,-0.02888,E09000030
20464,E3  4FL,E01032784,51.530231,-0.02888,E09000030
20465,E3  4FN,E01004270,51.521791,-0.028063,E09000030
20466,E3  4FP,E01004240,51.523964,-0.021424,E09000030
20467,E3  4FQ,E01035673,51.517421,-0.022198,E09000030
20468,E3  4FR,E01032784,51.530231,-0.02888,E09000030
20469,E3  4FS,E01035673,51.517057,-0.020902,E09000030
20470,E3  4FT,E01004272,51.518648,-0.024595,E09000030
20471,E3  4FU,E01035673,51.517887,-0.022653,E09000030
20472,E3  4FW,E01032784,51.530231,-0.02888,E09000030
20473,E3  4FX,E01035674,51.524037,-0.031137,E09000030
20474,E3  4FY,E01035674,51.524057,-0.032304,E09000030
20475,E3  4FZ,E01035675,51.524652,-0.031874,E09000030
20476,E3  4GA,E01004241,51.51912,-0.022167,E09000030
20477,E3  4GB,E01004241,51.519231,-0.021831,E09000030
20478,E3  4GD,E01004241,51.519664,-0.024032,E09000030
20479,E3  4GF,E01035675,51.524448,-0.033642,E09000030
20480,E3  4GG,E01004270,51.52151,-0.029516,E09000030
20481,E3  4GH,E01004271,51.520681,-0.029408,E09000030
20482,E3  4GJ,E01004272,51.51855,-0.026761,E09000030
20483,E3  4GL,E01004272,51.517985,-0.027377,E09000030
20484,E3  4GN,E01004272,51.518632,-0.026268,E09000030
20485,E3  4GP,E01004272,51.518849,-0.026373,E09000030
20486,E3  4GQ,E01004272,51.519014,-0.027101,E09000030
20487,E3  4GR,E01035676,51.517715,-0.031655,E09000030
20488,E3  4GS,E01035675,51.523496,-0.031031,E09000030
20489,E3  4GT,E01035675,51.523202,-0.032297,E09000030
20490,E3  4GU,E01035675,51.523145,-0.03266,E09000030
20491,E3  4GW,E01004271,51.520811,-0.028581,E09000030
20492,E3  4GX,E01004271,51.520789,-0.028899,E09000030
20493,E3  4GY,E01004271,51.52094,-0.030362,E09000030
20494,E3  4GZ,E01004271,51.520617,-0.029915,E09000030
20495,E3  4HA,E01004240,51.523542,-0.020404,E09000030
20496,E3  4HB,E01004240,51.524179,-0.020304,E09000030
20497,E3  4HD,E01004267,51.525062,-0.020425,E09000030
20498,E3  4HE,E01004240,51.522868,-0.019381,E09000030
20499,E3  4HF,E01004240,51.523818,-0.020796,E09000030
20500,E3  4HG,E01004270,51.520929,-0.032424,E09000030
20501,E3  4HH,E01004270,51.521722,-0.031986,E09000030
20502,E3  4HJ,E01004270,51.521636,-0.031125,E09000030
20503,E3  4HL,E01004270,51.519438,-0.03197,E09000030
20504,E3  4HN,E01004271,51.52095,-0.029367,E09000030
20505,E3  4HP,E01004271,51.520706,-0.028772,E09000030
20506,E3  4HQ,E01004270,51.521356,-0.031065,E09000030
20507,E3  4HR,E01004271,51.520159,-0.028883,E09000030
20508,E3  4HS,E01004270,51.520396,-0.028541,E09000030
20509,E3  4HT,E01004270,51.520633,-0.02817,E09000030
20510,E3  4HU,E01004270,51.520337,-0.028197,E09000030
20511,E3  4HW,E01004271,51.52095,-0.029367,E09000030
20512,E3  4HX,E01004271,51.519462,-0.029677,E09000030
20513,E3  4HY,E01004271,51.520196,-0.029443,E09000030
20514,E3  4HZ,E01032784,51.530231,-0.02888,E09000030
20515,E3  4JA,E01004271,51.520296,-0.02794,E09000030
20516,E3  4JB,E01004271,51.520149,-0.029892,E09000030
20517,E3  4JD,E01004270,51.520978,-0.031038,E09000030
20518,E3  4JE,E01004271,51.521015,-0.030042,E09000030
20519,E3  4JF,E01004271,51.519308,-0.03013,E09000030
20520,E3  4JG,E01004270,51.521409,-0.032072,E09000030
20521,E3  4JH,E01004270,51.520589,-0.031415,E09000030
20522,E3  4JJ,E01004270,51.521427,-0.031567,E09000030
20523,E3  4JL,E01004270,51.521368,-0.032838,E09000030
20524,E3  4JN,E01004270,51.521454,-0.033137,E09000030
20525,E3  4JP,E01032784,51.530231,-0.02888,E09000030
20526,E3  4JQ,E01004270,51.520749,-0.031841,E09000030
20527,E3  4JR,E01004270,51.519776,-0.030701,E09000030
20528,E3  4JS,E01004271,51.518709,-0.030329,E09000030
20529,E3  4JT,E01004270,51.520063,-0.03386,E09000030
20530,E3  4JU,E01004270,51.520084,-0.031365,E09000030
20531,E3  4JW,E01004268,51.52623,-0.026761,E09000030
20532,E3  4JX,E01004271,51.519724,-0.027575,E09000030
20533,E3  4JY,E01004271,51.519966,-0.026498,E09000030
20534,E3  4JZ,E01004271,51.520296,-0.02794,E09000030
20535,E3  4LA,E01004271,51.517961,-0.029194,E09000030
20536,E3  4LB,E01004271,51.51816,-0.029776,E09000030
20537,E3  4LD,E01004271,51.51816,-0.029776,E09000030
20538,E3  4LE,E01035676,51.516451,-0.03243,E09000030
20539,E3  4LF,E01035676,51.516865,-0.03247,E09000030
20540,E3  4LG,E01004271,51.518606,-0.028993,E09000030
20541,E3  4LH,E01035674,51.525874,-0.030236,E09000030
20542,E3  4LJ,E01004268,51.52615,-0.027369,E09000030
20543,E3  4LL,E01035674,51.525435,-0.029246,E09000030
20544,E3  4LN,E01004268,51.526676,-0.026049,E09000030
20545,E3  4LP,E01004268,51.52577,-0.026175,E09000030
20546,E3  4LQ,E01004268,51.525949,-0.02611,E09000030
20547,E3  4LR,E01004268,51.525658,-0.027535,E09000030
20548,E3  4LS,E01004268,51.52478,-0.02665,E09000030
20549,E3  4LT,E01004268,51.525391,-0.027128,E09000030
20550,E3  4LU,E01004268,51.526023,-0.028399,E09000030
20551,E3  4LW,E01004268,51.526356,-0.027289,E09000030
20552,E3  4LX,E01004268,51.525479,-0.026505,E09000030
20553,E3  4LY,E01004268,51.526178,-0.02744,E09000030
20554,E3  4LZ,E01004268,51.525182,-0.028089,E09000030
20555,E3  4NA,E01004267,51.526703,-0.024952,E09000030
20556,E3  4NB,E01004267,51.526317,-0.024969,E09000030
20557,E3  4ND,E01004268,51.526234,-0.025924,E09000030
20558,E3  4NE,E01004267,51.525918,-0.024813,E09000030
20559,E3  4NF,E01004268,51.52568,-0.025083,E09000030
20560,E3  4NG,E01004268,51.525099,-0.025858,E09000030
20561,E3  4NH,E01004268,51.525099,-0.025858,E09000030
20562,E3  4NJ,E01004268,51.525078,-0.027228,E09000030
20563,E3  4NL,E01004268,51.524944,-0.027854,E09000030
20564,E3  4NN,E01004267,51.524757,-0.023682,E09000030
20565,E3  4NP,E01004267,51.525414,-0.022125,E09000030
20566,E3  4NQ,E01004268,51.525099,-0.025858,E09000030
20567,E3  4NR,E01004267,51.526835,-0.022626,E09000030
20568,E3  4NS,E01004267,51.525999,-0.023757,E09000030
20569,E3  4NT,E01004267,51.526482,-0.02303,E09000030
20570,E3  4NU,E01004267,51.525843,-0.021429,E09000030
20571,E3  4NW,E01004268,51.524773,-0.02727,E09000030
20572,E3  4NX,E01004267,51.526538,-0.022105,E09000030
20573,E3  4NY,E01004267,51.527355,-0.022531,E09000030
20574,E3  4NZ,E01035674,51.526259,-0.028475,E09000030
20575,E3  4PA,E01004232,51.526227,-0.030855,E09000030
20576,E3  4PB,E01004232,51.525786,-0.032993,E09000030
20577,E3  4PD,E01004232,51.525543,-0.034042,E09000030
20578,E3  4PE,E01004232,51.52663,-0.036157,E09000030
20579,E3  4PF,E01004232,51.526238,-0.031546,E09000030
20580,E3  4PG,E01004268,51.525892,-0.026977,E09000030
20581,E3  4PH,E01035675,51.525312,-0.032639,E09000030
20582,E3  4PJ,E01004232,51.524951,-0.035206,E09000030
20583,E3  4PL,E01004270,51.524621,-0.035408,E09000030
20584,E3  4PN,E01035674,51.52493,-0.030752,E09000030
20585,E3  4PP,E01035675,51.525605,-0.0313,E09000030
20586,E3  4PQ,E01004268,51.525629,-0.026859,E09000030
20587,E3  4PR,E01035675,51.525304,-0.032135,E09000030
20588,E3  4PS,E01004268,51.525722,-0.026509,E09000030
20589,E3  4PT,E01004268,51.525928,-0.02539,E09000030
20590,E3  4PU,E01035674,51.524204,-0.03198,E09000030
20591,E3  4PW,E01032784,51.530231,-0.02888,E09000030
20592,E3  4PX,E01035674,51.523755,-0.030414,E09000030
20593,E3  4PY,E01035675,51.523013,-0.030691,E09000030
20594,E3  4PZ,E01004268,51.525453,-0.026016,E09000030
20595,E3  4QA,E01004272,51.5181,-0.024604,E09000030
20596,E3  4QB,E01004270,51.52185,-0.031015,E09000030
20597,E3  4QD,E01035675,51.52575,-0.030861,E09000030
20598,E3  4QE,E01004270,51.5221,-0.031999,E09000030
20599,E3  4QF,E01004270,51.521887,-0.032152,E09000030
20600,E3  4QG,E01004270,51.521691,-0.02958,E09000030
20601,E3  4QH,E01004270,51.521885,-0.028837,E09000030
20602,E3  4QJ,E01035674,51.524783,-0.030038,E09000030
20603,E3  4QL,E01035674,51.524912,-0.029715,E09000030
20604,E3  4QN,E01035674,51.524577,-0.029557,E09000030
20605,E3  4QP,E01004270,51.521791,-0.028063,E09000030
20606,E3  4QQ,E01004270,51.521467,-0.029071,E09000030
20607,E3  4QR,E01032784,51.530231,-0.02888,E09000030
20608,E3  4QS,E01004232,51.524673,-0.036371,E09000030
20609,E3  4QT,E01004270,51.524076,-0.036685,E09000030
20610,E3  4QU,E01004232,51.526493,-0.036552,E09000030
20611,E3  4QW,E01035673,51.517528,-0.021616,E09000030
20612,E3  4QX,E01004270,51.521308,-0.03248,E09000030
20613,E3  4QY,E01004232,51.526308,-0.036791,E09000030
20614,E3  4QZ,E01004271,51.520348,-0.028874,E09000030
20615,E3  4RA,E01004232,51.525837,-0.036581,E09000030
20616,E3  4RB,E01004232,51.524629,-0.036921,E09000030
20617,E3  4RD,E01004271,51.520547,-0.028952,E09000030
20618,E3  4RE,E01004267,51.524821,-0.022136,E09000030
20619,E3  4RF,E01035674,51.524337,-0.028111,E09000030
20620,E3  4RG,E01004270,51.52188,-0.035511,E09000030
20621,E3  4RH,E01035674,51.524635,-0.029237,E09000030
20622,E3  4RJ,E01035674,51.524298,-0.028978,E09000030
20623,E3  4RL,E01004270,51.520035,-0.035966,E09000030
20624,E3  4RN,E01035674,51.524226,-0.028433,E09000030
20625,E3  4RP,E01004272,51.519277,-0.026686,E09000030
20626,E3  4RQ,E01004271,51.520034,-0.02674,E09000030
20627,E3  4RR,E01004270,51.519458,-0.035875,E09000030
20628,E3  4RS,E01004270,51.520892,-0.036116,E09000030
20629,E3  4RT,E01004270,51.520584,-0.035985,E09000030
20630,E3  4RU,E01004271,51.519452,-0.026362,E09000030
20631,E3  4RW,E01004271,51.519707,-0.027115,E09000030
20632,E3  4RX,E01004271,51.51968,-0.02762,E09000030
20633,E3  4RY,E01004272,51.519368,-0.027288,E09000030
20634,E3  4RZ,E01004270,51.518361,-0.032088,E09000030
20635,E3  4SA,E01004271,51.520043,-0.02625,E09000030
20636,E3  4SB,E01004271,51.519706,-0.025962,E09000030
20637,E3  4SD,E01004271,51.519935,-0.025692,E09000030
20638,E3  4SE,E01004270,51.521237,-0.033607,E09000030
20639,E3  4SF,E01035674,51.525385,-0.029493,E09000030
20640,E3  4SG,E01004270,51.519535,-0.033998,E09000030
20641,E3  4SH,E01004270,51.521791,-0.028063,E09000030
20642,E3  4SJ,E01032784,51.530231,-0.02888,E09000030
20643,E3  4SL,E01035674,51.52509,-0.02903,E09000030
20644,E3  4SN,E01035674,51.525055,-0.02857,E09000030
20645,E3  4SP,E01035675,51.524802,-0.033857,E09000030
20646,E3  4SQ,E01004270,51.521792,-0.028077,E09000030
20647,E3  4SR,E01035675,51.523879,-0.033479,E09000030
20648,E3  4SS,E01035675,51.524988,-0.033662,E09000030
20649,E3  4ST,E01035674,51.525764,-0.028986,E09000030
20650,E3  4SU,E01035675,51.525109,-0.031754,E09000030
20651,E3  4SW,E01035675,51.524726,-0.033082,E09000030
20652,E3  4SX,E01035675,51.524965,-0.032827,E09000030
20653,E3  4SY,E01035675,51.523157,-0.03338,E09000030
20654,E3  4SZ,E01035675,51.52329,-0.031659,E09000030
20655,E3  4TA,E01035675,51.522798,-0.031248,E09000030
20656,E3  4TB,E01004270,51.522206,-0.032441,E09000030
20657,E3  4TD,E01035675,51.523992,-0.03271,E09000030
20658,E3  4TE,E01004270,51.522659,-0.03209,E09000030
20659,E3  4TF,E01035675,51.523013,-0.030691,E09000030
20660,E3  4TG,E01004270,51.522611,-0.032986,E09000030
20661,E3  4TH,E01004270,51.522493,-0.033467,E09000030
20662,E3  4TJ,E01035674,51.525644,-0.029929,E09000030
20663,E3  4TL,E01035675,51.523362,-0.03379,E09000030
20664,E3  4TN,E01004270,51.522499,-0.033769,E09000030
20665,E3  4TP,E01004270,51.523153,-0.035284,E09000030
20666,E3  4TQ,E01004270,51.52264,-0.032567,E09000030
20667,E3  4TR,E01035674,51.525084,-0.02867,E09000030
20668,E3  4TS,E01035674,51.5249,-0.029485,E09000030
20669,E3  4TT,E01035674,51.523575,-0.031979,E09000030
20670,E3  4TU,E01035675,51.524079,-0.034191,E09000030
20671,E3  4TW,E01035674,51.523586,-0.032108,E09000030
20672,E3  4TX,E01035674,51.523633,-0.031688,E09000030
20673,E3  4TY,E01035674,51.52385,-0.031246,E09000030
20674,E3  4TZ,E01035674,51.52385,-0.031246,E09000030
20675,E3  4UA,E01035675,51.524223,-0.034185,E09000030
20676,E3  4UB,E01035674,51.524878,-0.030884,E09000030
20677,E3  4UD,E01004270,51.521791,-0.028063,E09000030
20678,E3  4UE,E01004268,51.525497,-0.025408,E09000030
20679,E3  4UF,E01004268,51.525497,-0.025408,E09000030
20680,E3  4UH,E01004268,51.524806,-0.026563,E09000030
20681,E3  4UJ,E01004268,51.52615,-0.027369,E09000030
20682,E3  4UL,E01004267,51.524733,-0.022241,E09000030
20683,E3  4UN,E01032784,51.530231,-0.02888,E09000030
20684,E3  4UP,E01004267,51.524757,-0.023682,E09000030
20685,E3  4UR,E01004267,51.524125,-0.023017,E09000030
20686,E3  4US,E01035674,51.524892,-0.028476,E09000030
20687,E3  4UT,E01004272,51.51854,-0.028275,E09000030
20688,E3  4UU,E01035674,51.5249,-0.029485,E09000030
20689,E3  4UW,E01032784,51.530231,-0.02888,E09000030
20690,E3  4UX,E01004272,51.519142,-0.026678,E09000030
20691,E3  4UY,E01004271,51.519719,-0.027287,E09000030
20692,E3  4UZ,E01004271,51.519671,-0.026569,E09000030
20693,E3  4WA,E01032784,51.530231,-0.02888,E09000030
20694,E3  4WB,E01032784,51.530231,-0.02888,E09000030
20695,E3  4WD,E01004271,51.519671,-0.026569,E09000030
20696,E3  4WE,E01032784,51.530231,-0.02888,E09000030
20697,E3  4WF,E01032784,51.530231,-0.02888,E09000030
20698,E3  4WG,E01032784,51.530231,-0.02888,E09000030
20699,E3  4WH,E01032784,51.530231,-0.02888,E09000030
20700,E3  4WJ,E01032784,51.530231,-0.02888,E09000030
20701,E3  4WL,E01004271,51.519671,-0.026569,E09000030
20702,E3  4WN,E01032784,51.530231,-0.02888,E09000030
20703,E3  4WP,E01032784,51.530231,-0.02888,E09000030
20704,E3  4WQ,E01032784,51.530231,-0.02888,E09000030
20705,E3  4WR,E01032784,51.530231,-0.02888,E09000030
20706,E3  4WS,E01032784,51.530231,-0.02888,E09000030
20707,E3  4WT,E01032784,51.530231,-0.02888,E09000030
20708,E3  4WU,E01032784,51.530231,-0.02888,E09000030
20709,E3  4WW,E01032784,51.530231,-0.02888,E09000030
20710,E3  4WX,E01032784,51.530231,-0.02888,E09000030
20711,E3  4WY,E01032784,51.530231,-0.02888,E09000030
20712,E3  4WZ,E01032784,51.530231,-0.02888,E09000030
20713,E3  4XA,E01004267,51.524722,-0.024822,E09000030
20714,E3  4XB,E01004267,51.52507,-0.023553,E09000030
20715,E3  4XD,E01004267,51.525424,-0.023235,E09000030
20716,E3  4XE,E01004267,51.524378,-0.024116,E09000030
20717,E3  4XF,E01004267,51.524277,-0.023991,E09000030
20718,E3  4XG,E01004267,51.524221,-0.024426,E09000030
20719,E3  4XH,E01004267,51.525061,-0.023063,E09000030
20720,E3  4XJ,E01004267,51.52472,-0.023611,E09000030
20721,E3  4XL,E01004267,51.524075,-0.023754,E09000030
20722,E3  4XN,E01004267,51.523858,-0.024196,E09000030
20723,E3  4XP,E01004267,51.524543,-0.023792,E09000030
20724,E3  4XQ,E01004267,51.524001,-0.024176,E09000030
20725,E3  4XR,E01004267,51.524395,-0.023524,E09000030
20726,E3  4XS,E01004267,51.52417,-0.02352,E09000030
20727,E3  4XT,E01004267,51.523592,-0.023891,E09000030
20728,E3  4XU,E01032784,51.530231,-0.02888,E09000030
20729,E3  4XW,E01004267,51.523542,-0.024123,E09000030
20730,E3  4XX,E01032784,51.530231,-0.02888,E09000030
20731,E3  4XY,E01035674,51.526043,-0.029565,E09000030
20732,E3  4XZ,E01035674,51.524782,-0.028914,E09000030
20733,E3  4YA,E01032784,51.530231,-0.02888,E09000030
20734,E3  4YB,E01032784,51.530231,-0.02888,E09000030
20735,E3  4YD,E01035676,51.516643,-0.031557,E09000030
20736,E3  4YE,E01035676,51.517439,-0.031825,E09000030
20737,E3  4YF,E01032784,51.530231,-0.02888,E09000030
20738,E3  4YG,E01035676,51.517583,-0.027538,E09000030
20739,E3  4YH,E01004272,51.517797,-0.026923,E09000030
20740,E3  4YJ,E01004272,51.517847,-0.026662,E09000030
20741,E3  4YL,E01035676,51.517189,-0.029256,E09000030
20742,E3  4YN,E01004268,51.52652,-0.025825,E09000030
20743,E3  4YP,E01032784,51.530231,-0.02888,E09000030
20744,E3  4YQ,E01032784,51.530231,-0.02888,E09000030
20745,E3  4YR,E01032784,51.530231,-0.02888,E09000030
20746,E3  4YS,E01035677,51.516679,-0.021898,E09000030
20747,E3  4YT,E01032784,51.530231,-0.02888,E09000030
20748,E3  4YU,E01035673,51.517259,-0.022176,E09000030
20749,E3  4YW,E01004272,51.518351,-0.026136,E09000030
20750,E3  4YX,E01035675,51.523899,-0.033075,E09000030
20751,E3  4YY,E01004267,51.526861,-0.023143,E09000030
20752,E3  4YZ,E01004267,51.523542,-0.024123,E09000030
20753,E3  4ZA,E01004272,51.518351,-0.026136,E09000030
20754,E3  5AA,E01004232,51.52716,-0.034477,E09000030
20755,E3  5AB,E01004232,51.52763,-0.031429,E09000030
20756,E3  5AD,E01004232,51.527053,-0.031324,E09000030
20757,E3  5AE,E01004232,51.5266,-0.032194,E09000030
20758,E3  5AF,E01004232,51.528015,-0.031845,E09000030
20759,E3  5AG,E01004232,51.527603,-0.032511,E09000030
20760,E3  5AH,E01004228,51.528222,-0.032412,E09000030
20761,E3  5AJ,E01004232,51.525869,-0.034201,E09000030
20762,E3  5AL,E01004228,51.52861,-0.032497,E09000030
20763,E3  5AN,E01004232,51.528043,-0.033559,E09000030
20764,E3  5AP,E01004232,51.526685,-0.033517,E09000030
20765,E3  5AQ,E01004232,51.526201,-0.032528,E09000030
20766,E3  5AR,E01004232,51.526259,-0.034919,E09000030
20767,E3  5AS,E01004232,51.52741,-0.035461,E09000030
20768,E3  5AT,E01004232,51.528016,-0.035132,E09000030
20769,E3  5AU,E01004232,51.52758,-0.035929,E09000030
20770,E3  5AW,E01004232,51.527524,-0.034735,E09000030
20771,E3  5AX,E01004232,51.526285,-0.035423,E09000030
20772,E3  5AY,E01004232,51.526417,-0.032577,E09000030
20773,E3  5AZ,E01004232,51.526919,-0.035712,E09000030
20774,E3  5BA,E01004222,51.535851,-0.03155,E09000030
20775,E3  5BB,E01004223,51.535916,-0.031114,E09000030
20776,E3  5BD,E01004232,51.52686,-0.035931,E09000030
20777,E3  5BE,E01004230,51.527705,-0.039672,E09000030
20778,E3  5BF,E01004222,51.536037,-0.032407,E09000030
20779,E3  5BG,E01004222,51.535755,-0.031179,E09000030
20780,E3  5BH,E01004230,51.528813,-0.039221,E09000030
20781,E3  5BJ,E01004232,51.526237,-0.031993,E09000030
20782,E3  5BL,E01004222,51.535619,-0.031646,E09000030
20783,E3  5BN,E01004228,51.529592,-0.03257,E09000030
20784,E3  5BP,E01004228,51.528688,-0.035506,E09000030
20785,E3  5BQ,E01004228,51.530858,-0.035153,E09000030
20786,E3  5BS,E01004230,51.528157,-0.037144,E09000030
20787,E3  5BT,E01004228,51.528996,-0.035652,E09000030
20788,E3  5BU,E01004230,51.528757,-0.037536,E09000030
20789,E3  5BW,E01004228,51.529676,-0.033344,E09000030
20790,E3  5BX,E01004230,51.529823,-0.035112,E09000030
20791,E3  5BY,E01004230,51.530717,-0.035361,E09000030
20792,E3  5BZ,E01004230,51.530383,-0.036356,E09000030
20793,E3  5DA,E01004230,51.529324,-0.036488,E09000030
20794,E3  5DB,E01004230,51.529203,-0.036191,E09000030
20795,E3  5DD,E01004230,51.529464,-0.036785,E09000030
20796,E3  5DE,E01004230,51.530066,-0.036759,E09000030
20797,E3  5DF,E01004230,51.529694,-0.037049,E09000030
20798,E3  5DG,E01004222,51.53552,-0.03217,E09000030
20799,E3  5DH,E01004223,51.535992,-0.030808,E09000030
20800,E3  5DJ,E01004230,51.530482,-0.038486,E09000030
20801,E3  5DL,E01004230,51.530875,-0.039377,E09000030
20802,E3  5DN,E01004230,51.530721,-0.036644,E09000030
20803,E3  5DP,E01004230,51.530614,-0.037802,E09000030
20804,E3  5DQ,E01004230,51.530197,-0.037575,E09000030
20805,E3  5DR,E01004230,51.531243,-0.035627,E09000030
20806,E3  5DS,E01004230,51.530263,-0.035612,E09000030
20807,E3  5DT,E01004230,51.529322,-0.03793,E09000030
20808,E3  5DU,E01004232,51.527353,-0.036357,E09000030
20809,E3  5DW,E01004230,51.530628,-0.038076,E09000030
20810,E3  5DX,E01004228,51.530671,-0.032566,E09000030
20811,E3  5DY,E01004230,51.529995,-0.037844,E09000030
20812,E3  5DZ,E01004230,51.529623,-0.038206,E09000030
20813,E3  5EA,E01004228,51.530179,-0.03328,E09000030
20814,E3  5EB,E01004228,51.530883,-0.032355,E09000030
20815,E3  5ED,E01004226,51.532455,-0.031163,E09000030
20816,E3  5EE,E01004228,51.531706,-0.033156,E09000030
20817,E3  5EF,E01004228,51.531227,-0.03247,E09000030
20818,E3  5EG,E01004228,51.531133,-0.033858,E09000030
20819,E3  5EH,E01004222,51.533258,-0.02973,E09000030
20820,E3  5EJ,E01004228,51.531839,-0.033597,E09000030
20821,E3  5EL,E01004222,51.533125,-0.029865,E09000030
20822,E3  5EN,E01004230,51.528906,-0.0389,E09000030
20823,E3  5EP,E01004228,51.527846,-0.03302,E09000030
20824,E3  5EQ,E01004226,51.532448,-0.030212,E09000030
20825,E3  5ER,E01004222,51.533015,-0.030288,E09000030
20826,E3  5ES,E01004226,51.532709,-0.030272,E09000030
20827,E3  5ET,E01004226,51.530319,-0.029828,E09000030
20828,E3  5EU,E01004226,51.532865,-0.029372,E09000030
20829,E3  5EW,E01004226,51.533024,-0.029206,E09000030
20830,E3  5EX,E01004226,51.53114,-0.030528,E09000030
20831,E3  5EY,E01004226,51.530603,-0.030118,E09000030
20832,E3  5EZ,E01004226,51.530685,-0.029653,E09000030
20833,E3  5FA,E01004233,51.532461,-0.034738,E09000030
20834,E3  5FB,E01004234,51.532167,-0.034376,E09000030
20835,E3  5FD,E01004234,51.532167,-0.034376,E09000030
20836,E3  5FE,E01032784,51.530231,-0.02888,E09000030
20837,E3  5FF,E01004226,51.532166,-0.031622,E09000030
20838,E3  5FG,E01004230,51.530909,-0.039318,E09000030
20839,E3  5FH,E01004234,51.532167,-0.034376,E09000030
20840,E3  5FJ,E01032784,51.530231,-0.02888,E09000030
20841,E3  5FL,E01032784,51.530231,-0.02888,E09000030
20842,E3  5FN,E01032784,51.530231,-0.02888,E09000030
20843,E3  5FP,E01032784,51.530231,-0.02888,E09000030
20844,E3  5FQ,E01004226,51.532307,-0.028805,E09000030
20845,E3  5FR,E01032784,51.530231,-0.02888,E09000030
20846,E3  5FS,E01032784,51.530231,-0.02888,E09000030
20847,E3  5FT,E01032784,51.530231,-0.02888,E09000030
20848,E3  5FW,E01032784,51.530231,-0.02888,E09000030
20849,E3  5FX,E01004226,51.532326,-0.031558,E09000030
20850,E3  5FY,E01004226,51.53245,-0.030356,E09000030
20851,E3  5FZ,E01004226,51.5324,-0.02844,E09000030
20852,E3  5GB,E01004228,51.532062,-0.032434,E09000030
20853,E3  5GF,E01004233,51.535202,-0.034664,E09000030
20854,E3  5GG,E01004233,51.535611,-0.034372,E09000030
20855,E3  5GH,E01004226,51.532795,-0.028913,E09000030
20856,E3  5GJ,E01004226,51.53232,-0.029597,E09000030
20857,E3  5GL,E01004226,51.532216,-0.029789,E09000030
20858,E3  5GN,E01004223,51.536733,-0.032103,E09000030
20859,E3  5GP,E01004223,51.536587,-0.03146,E09000030
20860,E3  5GQ,E01004226,51.532627,-0.029079,E09000030
20861,E3  5GR,E01004226,51.532218,-0.029933,E09000030
20862,E3  5GS,E01004226,51.532484,-0.029143,E09000030
20863,E3  5GT,E01004226,51.532366,-0.029624,E09000030
20864,E3  5GU,E01004233,51.535085,-0.034106,E09000030
20865,E3  5GW,E01004232,51.528047,-0.031656,E09000030
20866,E3  5GX,E01004222,51.535083,-0.029708,E09000030
20867,E3  5GY,E01004232,51.52637,-0.031872,E09000030
20868,E3  5GZ,E01004226,51.530685,-0.029653,E09000030
20869,E3  5HA,E01004226,51.531462,-0.029865,E09000030
20870,E3  5HB,E01004226,51.531051,-0.028989,E09000030
20871,E3  5HD,E01004226,51.532144,-0.028177,E09000030
20872,E3  5HE,E01004226,51.531754,-0.029088,E09000030
20873,E3  5HF,E01032784,51.531226,-0.028145,E09000030
20874,E3  5HG,E01004226,51.531542,-0.030928,E09000030
20875,E3  5HH,E01004226,51.5319,-0.030235,E09000030
20876,E3  5HJ,E01004226,51.5319,-0.030235,E09000030
20877,E3  5HL,E01004226,51.531113,-0.029447,E09000030
20878,E3  5HN,E01004232,51.526419,-0.031611,E09000030
20879,E3  5HP,E01004226,51.530668,-0.029164,E09000030
20880,E3  5HQ,E01004226,51.53138,-0.028744,E09000030
20881,E3  5HR,E01032784,51.531701,-0.028081,E09000030
20882,E3  5HS,E01032784,51.532048,-0.028354,E09000030
20883,E3  5HT,E01004226,51.532766,-0.028309,E09000030
20884,E3  5HU,E01004226,51.532052,-0.027532,E09000030
20885,E3  5HW,E01032784,51.530231,-0.02888,E09000030
20886,E3  5HX,E01032784,51.53112,-0.027731,E09000030
20887,E3  5HY,E01032784,51.531651,-0.027737,E09000030
20888,E3  5HZ,E01004222,51.534652,-0.030823,E09000030
20889,E3  5JA,E01004222,51.534905,-0.031446,E09000030
20890,E3  5JB,E01004222,51.534137,-0.031206,E09000030
20891,E3  5JD,E01004228,51.53114,-0.03158,E09000030
20892,E3  5JE,E01004226,51.53043,-0.030544,E09000030
20893,E3  5JF,E01004226,51.530867,-0.030871,E09000030
20894,E3  5JG,E01004228,51.530318,-0.031933,E09000030
20895,E3  5JH,E01004226,51.531596,-0.031459,E09000030
20896,E3  5JJ,E01004222,51.535304,-0.031083,E09000030
20897,E3  5JL,E01004222,51.53267,-0.032192,E09000030
20898,E3  5JN,E01004228,51.532695,-0.033171,E09000030
20899,E3  5JP,E01004222,51.535004,-0.033043,E09000030
20900,E3  5JQ,E01004222,51.533898,-0.033047,E09000030
20901,E3  5JR,E01004234,51.533032,-0.036084,E09000030
20902,E3  5JS,E01004222,51.534506,-0.033381,E09000030
20903,E3  5JT,E01004222,51.534506,-0.033381,E09000030
20904,E3  5JU,E01004222,51.534506,-0.033381,E09000030
20905,E3  5JW,E01004233,51.533208,-0.033163,E09000030
20906,E3  5JX,E01004222,51.534294,-0.03254,E09000030
20907,E3  5JY,E01004222,51.534032,-0.032436,E09000030
20908,E3  5JZ,E01004222,51.534099,-0.031625,E09000030
20909,E3  5LA,E01004222,51.53442,-0.031482,E09000030
20910,E3  5LB,E01004222,51.534276,-0.030407,E09000030
20911,E3  5LD,E01004222,51.533593,-0.030941,E09000030
20912,E3  5LE,E01004222,51.53352,-0.030872,E09000030
20913,E3  5LF,E01004222,51.533787,-0.030183,E09000030
20914,E3  5LG,E01004222,51.533621,-0.030478,E09000030
20915,E3  5LH,E01004222,51.533125,-0.029865,E09000030
20916,E3  5LJ,E01004223,51.534636,-0.029872,E09000030
20917,E3  5LL,E01004222,51.53342,-0.030833,E09000030
20918,E3  5LN,E01004222,51.534683,-0.032148,E09000030
20919,E3  5LP,E01004223,51.535217,-0.030193,E09000030
20920,E3  5LQ,E01004222,51.534921,-0.031864,E09000030
20921,E3  5LR,E01004228,51.532159,-0.032848,E09000030
20922,E3  5LS,E01004233,51.533373,-0.03392,E09000030
20923,E3  5LT,E01004233,51.533633,-0.034919,E09000030
20924,E3  5LU,E01004228,51.531954,-0.03401,E09000030
20925,E3  5LW,E01004222,51.535109,-0.032332,E09000030
20926,E3  5LX,E01004234,51.532158,-0.03442,E09000030
20927,E3  5LY,E01004234,51.532398,-0.033155,E09000030
20928,E3  5LZ,E01004234,51.532174,-0.034275,E09000030
20929,E3  5NA,E01004234,51.532495,-0.035703,E09000030
20930,E3  5NB,E01004233,51.533422,-0.035793,E09000030
20931,E3  5ND,E01004233,51.533422,-0.035793,E09000030
20932,E3  5NE,E01004234,51.532837,-0.036784,E09000030
20933,E3  5NF,E01004234,51.532565,-0.036161,E09000030
20934,E3  5NG,E01032784,51.530231,-0.02888,E09000030
20935,E3  5NH,E01004234,51.533854,-0.037375,E09000030
20936,E3  5NJ,E01004233,51.534031,-0.036718,E09000030
20937,E3  5NL,E01004233,51.534031,-0.036718,E09000030
20938,E3  5NN,E01004233,51.533435,-0.036556,E09000030
20939,E3  5NP,E01004234,51.534309,-0.037182,E09000030
20940,E3  5NQ,E01004233,51.535256,-0.035195,E09000030
20941,E3  5NR,E01004233,51.534412,-0.035793,E09000030
20942,E3  5NS,E01004234,51.532462,-0.03321,E09000030
20943,E3  5NT,E01004223,51.536066,-0.029363,E09000030
20944,E3  5NU,E01004233,51.533794,-0.035416,E09000030
20945,E3  5NW,E01004233,51.533435,-0.036556,E09000030
20946,E3  5NX,E01004233,51.533121,-0.034984,E09000030
20947,E3  5NY,E01004233,51.534632,-0.03662,E09000030
20948,E3  5NZ,E01004233,51.534936,-0.035958,E09000030
20949,E3  5PA,E01004222,51.536307,-0.032987,E09000030
20950,E3  5PB,E01004222,51.536082,-0.033501,E09000030
20951,E3  5PD,E01004222,51.53595,-0.033708,E09000030
20952,E3  5PE,E01004222,51.535839,-0.034045,E09000030
20953,E3  5PF,E01004222,51.536108,-0.032894,E09000030
20954,E3  5PG,E01004233,51.532938,-0.033737,E09000030
20955,E3  5PH,E01004222,51.535857,-0.032977,E09000030
20956,E3  5PJ,E01004222,51.536093,-0.033082,E09000030
20957,E3  5PL,E01004223,51.536198,-0.030771,E09000030
20958,E3  5PN,E01004223,51.536805,-0.030485,E09000030
20959,E3  5PP,E01004233,51.535412,-0.034294,E09000030
20960,E3  5PQ,E01004233,51.534339,-0.034701,E09000030
20961,E3  5PR,E01004222,51.535814,-0.030383,E09000030
20962,E3  5PS,E01004222,51.535321,-0.033188,E09000030
20963,E3  5PT,E01004222,51.535453,-0.032447,E09000030
20964,E3  5PU,E01004222,51.535839,-0.034045,E09000030
20965,E3  5PW,E01004223,51.536705,-0.029927,E09000030
20966,E3  5PX,E01004222,51.535639,-0.033895,E09000030
20967,E3  5PY,E01004223,51.536575,-0.030711,E09000030
20968,E3  5PZ,E01004223,51.536575,-0.030711,E09000030
20969,E3  5QA,E01004222,51.535639,-0.033895,E09000030
20970,E3  5QB,E01004233,51.535406,-0.034496,E09000030
20971,E3  5QD,E01004233,51.532821,-0.035343,E09000030
20972,E3  5QE,E01004233,51.532979,-0.034572,E09000030
20973,E3  5QF,E01004233,51.532712,-0.034194,E09000030
20974,E3  5QG,E01004228,51.53088,-0.034345,E09000030
20975,E3  5QH,E01004230,51.530065,-0.034524,E09000030
20976,E3  5QJ,E01004228,51.53158,-0.035858,E09000030
20977,E3  5QL,E01004230,51.531076,-0.038518,E09000030
20978,E3  5QN,E01004230,51.531307,-0.037254,E09000030
20979,E3  5QP,E01004230,51.531224,-0.036608,E09000030
20980,E3  5QQ,E01004228,51.53067,-0.034657,E09000030
20981,E3  5QR,E01004230,51.53135,-0.038751,E09000030
20982,E3  5QS,E01004234,51.531766,-0.036787,E09000030
20983,E3  5QT,E01004230,51.530973,-0.038811,E09000030
20984,E3  5QU,E01004234,51.532616,-0.037587,E09000030
20985,E3  5QW,E01004230,51.531128,-0.037867,E09000030
20986,E3  5QX,E01004234,51.532736,-0.037221,E09000030
20987,E3  5QY,E01004234,51.53327,-0.038481,E09000030
20988,E3  5QZ,E01004234,51.533629,-0.038451,E09000030
20989,E3  5RA,E01004234,51.532268,-0.038294,E09000030
20990,E3  5RB,E01004234,51.532471,-0.03804,E09000030
20991,E3  5RD,E01004230,51.531661,-0.038017,E09000030
20992,E3  5RE,E01004234,51.531968,-0.039143,E09000030
20993,E3  5RF,E01004234,51.532096,-0.038734,E09000030
20994,E3  5RG,E01004234,51.532811,-0.039539,E09000030
20995,E3  5RH,E01004234,51.532037,-0.040063,E09000030
20996,E3  5RJ,E01004234,51.53193,-0.039563,E09000030
20997,E3  5RL,E01004228,51.53035,-0.03382,E09000030
20998,E3  5RN,E01004234,51.533241,-0.039449,E09000030
20999,E3  5RP,E01004230,51.529149,-0.038932,E09000030
21000,E3  5RQ,E01004230,51.530766,-0.039858,E09000030
21001,E3  5RR,E01004230,51.531265,-0.036376,E09000030
21002,E3  5RS,E01004230,51.52954,-0.040775,E09000030
21003,E3  5RT,E01004234,51.532776,-0.040694,E09000030
21004,E3  5RU,E01004230,51.528641,-0.040814,E09000030
21005,E3  5RW,E01004230,51.528617,-0.039373,E09000030
21006,E3  5RX,E01004228,51.530622,-0.035034,E09000030
21007,E3  5RY,E01004223,51.537213,-0.031217,E09000030
21008,E3  5RZ,E01004223,51.537366,-0.030735,E09000030
21009,E3  5SA,E01004234,51.532446,-0.043001,E09000030
21010,E3  5SB,E01004222,51.535499,-0.033627,E09000030
21011,E3  5SD,E01004232,51.527617,-0.033866,E09000030
21012,E3  5SE,E01004234,51.531709,-0.043566,E09000030
21013,E3  5SF,E01004222,51.532861,-0.030713,E09000030
21014,E3  5SG,E01004234,51.531814,-0.043388,E09000030
21015,E3  5SH,E01004234,51.531629,-0.043079,E09000030
21016,E3  5SJ,E01004234,51.530463,-0.042178,E09000030
21017,E3  5SL,E01004234,51.532631,-0.041695,E09000030
21018,E3  5SN,E01004234,51.532074,-0.041748,E09000030
21019,E3  5SP,E01004234,51.532576,-0.042736,E09000030
21020,E3  5SQ,E01004226,51.532957,-0.028935,E09000030
21021,E3  5SR,E01032786,51.531409,-0.045021,E09000030
21022,E3  5SS,E01004234,51.532241,-0.042591,E09000030
21023,E3  5ST,E01032786,51.531385,-0.04358,E09000030
21024,E3  5SU,E01004234,51.532284,-0.043541,E09000030
21025,E3  5SW,E01004234,51.53226,-0.0421,E09000030
21026,E3  5SX,E01004234,51.532336,-0.045053,E09000030
21027,E3  5TA,E01004234,51.533735,-0.039456,E09000030
21028,E3  5TB,E01004234,51.533252,-0.040674,E09000030
21029,E3  5TD,E01004234,51.532209,-0.040675,E09000030
21030,E3  5TE,E01004234,51.532004,-0.040223,E09000030
21031,E3  5TG,E01004234,51.531455,-0.040217,E09000030
21032,E3  5TH,E01004230,51.530619,-0.039691,E09000030
21033,E3  5TJ,E01004230,51.530439,-0.040737,E09000030
21034,E3  5TL,E01004230,51.530482,-0.039553,E09000030
21035,E3  5TN,E01004230,51.529355,-0.038318,E09000030
21036,E3  5TR,E01004230,51.529516,-0.039335,E09000030
21037,E3  5TW,E01004230,51.529787,-0.038847,E09000030
21038,E3  5TX,E01004230,51.529516,-0.039335,E09000030
21039,E3  5TY,E01004230,51.529516,-0.039335,E09000030
21040,E3  5TZ,E01004230,51.529516,-0.039335,E09000030
21041,E3  5UA,E01004228,51.531932,-0.0343,E09000030
21042,E3  5UB,E01004234,51.532193,-0.034303,E09000030
21043,E3  5UD,E01004230,51.529516,-0.039335,E09000030
21044,E3  5UE,E01032784,51.530231,-0.02888,E09000030
21045,E3  5UF,E01004234,51.532167,-0.034376,E09000030
21046,E3  5UG,E01004230,51.529516,-0.039335,E09000030
21047,E3  5UH,E01004234,51.532158,-0.03442,E09000030
21048,E3  5UJ,E01032784,51.530231,-0.02888,E09000030
21049,E3  5UL,E01032784,51.530231,-0.02888,E09000030
21050,E3  5UP,E01004234,51.532193,-0.034303,E09000030
21051,E3  5UQ,E01004230,51.529516,-0.039335,E09000030
21052,E3  5UR,E01032784,51.530231,-0.02888,E09000030
21053,E3  5US,E01004234,51.532167,-0.034376,E09000030
21054,E3  5UT,E01004234,51.532193,-0.034303,E09000030
21055,E3  5UU,E01032784,51.530231,-0.02888,E09000030
21056,E3  5UW,E01004234,51.532193,-0.034303,E09000030
21057,E3  5UX,E01004230,51.529516,-0.039335,E09000030
21058,E3  5UY,E01032784,51.530231,-0.02888,E09000030
21059,E3  5UZ,E01032784,51.530231,-0.02888,E09000030
21060,E3  5WA,E01032784,51.530231,-0.02888,E09000030
21061,E3  5WB,E01032784,51.530231,-0.02888,E09000030
21062,E3  5WD,E01032784,51.530231,-0.02888,E09000030
21063,E3  5WE,E01032784,51.530231,-0.02888,E09000030
21064,E3  5WF,E01032784,51.530231,-0.02888,E09000030
21065,E3  5WG,E01032784,51.530231,-0.02888,E09000030
21066,E3  5WH,E01032784,51.530231,-0.02888,E09000030
21067,E3  5WJ,E01032784,51.530231,-0.02888,E09000030
21068,E3  5WL,E01032784,51.530231,-0.02888,E09000030
21069,E3  5WN,E01032784,51.530231,-0.02888,E09000030
21070,E3  5WP,E01032784,51.530231,-0.02888,E09000030
21071,E3  5WQ,E01032784,51.530231,-0.02888,E09000030
21072,E3  5WR,E01032784,51.530231,-0.02888,E09000030
21073,E3  5WS,E01032784,51.530231,-0.02888,E09000030
21074,E3  5WT,E01032784,51.530231,-0.02888,E09000030
21075,E3  5WU,E01032784,51.530231,-0.02888,E09000030
21076,E3  5WW,E01032784,51.530231,-0.02888,E09000030
21077,E3  5WX,E01032784,51.530231,-0.02888,E09000030
21078,E3  5WY,E01032784,51.530231,-0.02888,E09000030
21079,E3  5WZ,E01032784,51.530231,-0.02888,E09000030
21080,E3  5XA,E01032784,51.530231,-0.02888,E09000030
21081,E3  5XB,E01032784,51.530231,-0.02888,E09000030
21082,E3  5XH,E01032784,51.530231,-0.02888,E09000030
21083,E3  5XP,E01032784,51.530231,-0.02888,E09000030
21084,E3  5XQ,E01032784,51.530231,-0.02888,E09000030
21085,E3  5XR,E01032784,51.530231,-0.02888,E09000030
21086,E3  5XT,E01032784,51.530231,-0.02888,E09000030
21087,E3  5XU,E01032784,51.530231,-0.02888,E09000030
21088,E3  5XW,E01032784,51.530231,-0.02888,E09000030
21089,E3  5XX,E01032784,51.530231,-0.02888,E09000030
21090,E3  5XY,E01032784,51.530231,-0.02888,E09000030
21091,E3  5XZ,E01032784,51.530231,-0.02888,E09000030
21092,E3  5YF,E01032784,51.530231,-0.02888,E09000030
21093,E3  5YT,E01032784,51.530231,-0.02888,E09000030
21094,E3  5YX,E01032784,51.530231,-0.02888,E09000030
21095,E3  5YZ,E01032784,51.530231,-0.02888,E09000030
21096,E3  9AA,E01032784,51.530231,-0.02888,E09000030
21099,E3  9AE,E01032784,51.530231,-0.02888,E09000030
21100,E3  9AF,E01032784,51.530231,-0.02888,E09000030
21104,E3  9AL,E01032784,51.530231,-0.02888,E09000030
21107,E3  9AQ,E01032784,51.530231,-0.02888,E09000030
21110,E3  9AT,E01032784,51.530231,-0.02888,E09000030
21114,E3  9AY,E01032784,51.530231,-0.02888,E09000030
21115,E3  9AZ,E01032784,51.530231,-0.02888,E09000030
21116,E3  9BA,E01032784,51.530231,-0.02888,E09000030
21121,E3  9BG,E01032784,51.530231,-0.02888,E09000030
21122,E3  9BH,E01032784,51.530231,-0.02888,E09000030
21126,E3  9BP,E01032784,51.530231,-0.02888,E09000030
21127,E3  9BQ,E01032784,51.530231,-0.02888,E09000030
21128,E3  9BR,E01032784,51.530231,-0.02888,E09000030
21129,E3  9BS,E01032784,51.530231,-0.02888,E09000030
21131,E3  9BU,E01032784,51.530231,-0.02888,E09000030
21132,E3  9BW,E01032784,51.530231,-0.02888,E09000030
21133,E3  9BX,E01032784,51.530231,-0.02888,E09000030
21134,E3  9BY,E01032784,51.530231,-0.02888,E09000030
21135,E3  9BZ,E01032784,51.530231,-0.02888,E09000030
21136,E3  9DA,E01032784,51.530231,-0.02888,E09000030
21137,E3  9DB,E01032784,51.530231,-0.02888,E09000030
21138,E3  9DD,E01032784,51.530231,-0.02888,E09000030
21139,E3  9DE,E01032784,51.530231,-0.02888,E09000030
21140,E3  9DF,E01032784,51.530231,-0.02888,E09000030
21141,E3  9DG,E01032784,51.530231,-0.02888,E09000030
21142,E3  9DH,E01032784,51.530231,-0.02888,E09000030
21143,E3  9DL,E01032784,51.530231,-0.02888,E09000030
21144,E3  9DN,E01032784,51.530231,-0.02888,E09000030
21145,E3  9DQ,E01032784,51.530231,-0.02888,E09000030
21146,E3  9DR,E01032784,51.530231,-0.02888,E09000030
21147,E3  9DS,E01032784,51.530231,-0.02888,E09000030
21148,E3  9DT,E01032784,51.530231,-0.02888,E09000030
21149,E3  9DU,E01032784,51.530231,-0.02888,E09000030
21150,E3  9DW,E01032784,51.530231,-0.02888,E09000030
21151,E3  9DX,E01032784,51.530231,-0.02888,E09000030
21152,E3  9DY,E01032784,51.530231,-0.02888,E09000030
21153,E3  9DZ,E01032784,51.530231,-0.02888,E09000030
21154,E3  9EA,E01032784,51.530231,-0.02888,E09000030
21155,E3  9EB,E01032784,51.530231,-0.02888,E09000030
21156,E3  9ED,E01032784,51.530231,-0.02888,E09000030
21157,E3  9EE,E01032784,51.530231,-0.02888,E09000030
21158,E3  9EF,E01032784,51.530231,-0.02888,E09000030
21159,E3  9EG,E01032784,51.530231,-0.02888,E09000030
21160,E3  9EH,E01032784,51.530231,-0.02888,E09000030
21161,E3  9EJ,E01032784,51.530231,-0.02888,E09000030
21162,E3  9EL,E01032784,51.530231,-0.02888,E09000030
21163,E3  9EN,E01032784,51.530231,-0.02888,E09000030
21164,E3  9EP,E01032784,51.530231,-0.02888,E09000030
21165,E3  9EQ,E01032784,51.530231,-0.02888,E09000030
21166,E3  9ER,E01032784,51.530231,-0.02888,E09000030
21167,E3  9ES,E01032784,51.530231,-0.02888,E09000030
21168,E3  9ET,E01032784,51.530231,-0.02888,E09000030
21169,E3  9EU,E01032784,51.530231,-0.02888,E09000030
21170,E3  9EW,E01032784,51.530231,-0.02888,E09000030
21171,E3  9EX,E01032784,51.530231,-0.02888,E09000030
21172,E3  9EY,E01032784,51.530231,-0.02888,E09000030
21173,E3  9EZ,E01032784,51.530231,-0.02888,E09000030
21174,E3  9FA,E01032784,51.530231,-0.02888,E09000030
21175,E3  9FB,E01032784,51.530231,-0.02888,E09000030
21176,E3  9FD,E01032784,51.530231,-0.02888,E09000030
21177,E3  9FE,E01032784,51.530231,-0.02888,E09000030
21178,E3  9FF,E01032784,51.530231,-0.02888,E09000030
21179,E3  9FG,E01032784,51.530231,-0.02888,E09000030
21180,E3  9FH,E01032784,51.530231,-0.02888,E09000030
21181,E3  9FJ,E01032784,51.530231,-0.02888,E09000030
21182,E3  9FL,E01032784,51.530231,-0.02888,E09000030
21183,E3  9FN,E01032784,51.530231,-0.02888,E09000030
21184,E3  9FP,E01032784,51.530231,-0.02888,E09000030
21185,E3  9FQ,E01032784,51.530231,-0.02888,E09000030
21186,E3  9FR,E01032784,51.530231,-0.02888,E09000030
21187,E3  9FS,E01032784,51.530231,-0.02888,E09000030
21188,E3  9FT,E01032784,51.530231,-0.02888,E09000030
21189,E3  9FU,E01032784,51.530231,-0.02888,E09000030
21190,E3  9FW,E01032784,51.530231,-0.02888,E09000030
21191,E3  9FX,E01032784,51.530231,-0.02888,E09000030
21192,E3  9FY,E01032784,51.530231,-0.02888,E09000030
21193,E3  9FZ,E01032784,51.530231,-0.02888,E09000030
21194,E3  9GA,E01032784,51.530231,-0.02888,E09000030
21195,E3  9GB,E01032784,51.530231,-0.02888,E09000030
21196,E3  9GF,E01032784,51.530231,-0.02888,E09000030
21197,E3  9GG,E01032784,51.530231,-0.02888,E09000030
21198,E3  9GH,E01032784,51.530231,-0.02888,E09000030
21199,E3  9GJ,E01032784,51.530231,-0.02888,E09000030
21200,E3  9GL,E01032784,51.530231,-0.02888,E09000030
21201,E3  9GN,E01032784,51.530231,-0.02888,E09000030
21202,E3  9GP,E01032784,51.530231,-0.02888,E09000030
21203,E3  9GQ,E01032784,51.530231,-0.02888,E09000030
21204,E3  9GS,E01032784,51.530231,-0.02888,E09000030
21205,E3  9GT,E01032784,51.530231,-0.02888,E09000030
21206,E3  9GU,E01032784,51.530231,-0.02888,E09000030
21207,E3  9GW,E01032784,51.530231,-0.02888,E09000030
21208,E3  9GX,E01032784,51.530231,-0.02888,E09000030
21209,E3  9GY,E01032784,51.530231,-0.02888,E09000030
21210,E3  9GZ,E01032784,51.530231,-0.02888,E09000030
21211,E3  9HA,E01032784,51.530231,-0.02888,E09000030
21212,E3  9HB,E01032784,51.530231,-0.02888,E09000030
22050,E4  7XP,E01004293,51.504761,-0.064895,E09000030
22072,E4  7YR,E01004293,51.504761,-0.064895,E09000030
22092,E4  7ZZ,E01004293,51.504761,-0.064895,E09000030
27062,E77 1AD,E01035688,51.513949,-0.069103,E09000030
27063,E77 1AE,E01035688,51.513949,-0.069103,E09000030
27064,E77 1AN,E01035688,51.513949,-0.069103,E09000030
27065,E77 1AS,E01035688,51.513949,-0.069103,E09000030
27066,E77 1AZ,E01035688,51.513949,-0.069103,E09000030
27067,E77 1BG,E01035688,51.513949,-0.069103,E09000030
27068,E77 1BL,E01035688,51.513949,-0.069103,E09000030
27069,E77 1BS,E01035688,51.513949,-0.069103,E09000030
27070,E77 1DD,E01035688,51.513949,-0.069103,E09000030
27071,E77 1DE,E01035688,51.513949,-0.069103,E09000030
27072,E77 1DL,E01035688,51.513949,-0.069103,E09000030
27073,E77 1EU,E01035688,51.513949,-0.069103,E09000030
27074,E77 1FF,E01035688,51.513949,-0.069103,E09000030
27075,E77 1FN,E01035688,51.513949,-0.069103,E09000030
27076,E77 1HQ,E01035688,51.513949,-0.069103,E09000030
27077,E77 1JL,E01035688,51.513949,-0.069103,E09000030
27078,E77 1LJ,E01035688,51.513949,-0.069103,E09000030
27079,E77 1LL,E01035688,51.513949,-0.069103,E09000030
27080,E77 1NS,E01035688,51.513949,-0.069103,E09000030
27081,E77 1NT,E01035688,51.513949,-0.069103,E09000030
27082,E77 1NU,E01035688,51.513949,-0.069103,E09000030
27083,E77 1PS,E01035688,51.513949,-0.069103,E09000030
27084,E77 1QA,E01035688,51.513949,-0.069103,E09000030
27085,E77 1RB,E01035688,51.513949,-0.069103,E09000030
27086,E77 1RG,E01035688,51.513949,-0.069103,E09000030
27087,E77 1RP,E01035688,51.513949,-0.069103,E09000030
27088,E77 1RS,E01035688,51.513949,-0.069103,E09000030
27089,E77 1RZ,E01035688,51.513949,-0.069103,E09000030
27090,E77 1SE,E01035688,51.513949,-0.069103,E09000030
27091,E77 1SF,E01035688,51.513949,-0.069103,E09000030
27092,E77 1SH,E01035688,51.513949,-0.069103,E09000030
27093,E77 1SP,E01035688,51.513949,-0.069103,E09000030
27094,E77 1SR,E01035688,51.513949,-0.069103,E09000030
27095,E77 1SW,E01035688,51.513949,-0.069103,E09000030
27096,E77 1TQ,E01035688,51.513949,-0.069103,E09000030
27097,E77 1TS,E01035688,51.513949,-0.069103,E09000030
27098,E77 1TX,E01035688,51.513949,-0.069103,E09000030
27099,E77 1YE,E01035688,51.513949,-0.069103,E09000030
27100,E77 1YL,E01035688,51.513949,-0.069103,E09000030
27146,E8  1DH,E01004202,51.532726,-0.060392,E09000030
27164,E8  1EF,E01004202,51.532726,-0.060392,E09000030
27171,E8  1ER,E01004202,51.532726,-0.060392,E09000030
27178,E8  1EZ,E01004202,51.532726,-0.060392,E09000030
27288,E8  1PL,E01004202,51.532726,-0.060392,E09000030
27289,E8  1PN,E01004202,51.532726,-0.060392,E09000030
27294,E8  1PT,E01004202,51.532726,-0.060392,E09000030
27297,E8  1PX,E01004202,51.532726,-0.060392,E09000030
27299,E8  1PZ,E01004202,51.532726,-0.060392,E09000030
27302,E8  1QD,E01004202,51.532726,-0.060392,E09000030
27311,E8  1QR,E01004202,51.532726,-0.060392,E09000030
27313,E8  1QT,E01004202,51.532726,-0.060392,E09000030
27314,E8  1QU,E01004202,51.532726,-0.060392,E09000030
27315,E8  1QW,E01004202,51.532726,-0.060392,E09000030
27319,E8  1UW,E01004202,51.532726,-0.060392,E09000030
27321,E8  1UY,E01004202,51.532726,-0.060392,E09000030
27324,E8  1WB,E01004202,51.532726,-0.060392,E09000030
27326,E8  1WE,E01004202,51.532726,-0.060392,E09000030
27327,E8  1WF,E01004202,51.532726,-0.060392,E09000030
27328,E8  1WG,E01004202,51.532726,-0.060392,E09000030
27329,E8  1WH,E01004202,51.532726,-0.060392,E09000030
27330,E8  1WJ,E01004202,51.532726,-0.060392,E09000030
27331,E8  1WL,E01004202,51.532726,-0.060392,E09000030
27332,E8  1WN,E01004202,51.532726,-0.060392,E09000030
27333,E8  1WP,E01004202,51.532726,-0.060392,E09000030
27334,E8  1WQ,E01004202,51.532726,-0.060392,E09000030
27335,E8  1WR,E01004202,51.532726,-0.060392,E09000030
27336,E8  1WS,E01004202,51.532726,-0.060392,E09000030
27337,E8  1WT,E01004202,51.532726,-0.060392,E09000030
27338,E8  1WU,E01004202,51.532726,-0.060392,E09000030
27339,E8  1WW,E01004202,51.532726,-0.060392,E09000030
27340,E8  1WX,E01004202,51.532726,-0.060392,E09000030
27341,E8  1WY,E01004202,51.532726,-0.060392,E09000030
27342,E8  1WZ,E01004202,51.532726,-0.060392,E09000030
27343,E8  1XA,E01004202,51.532726,-0.060392,E09000030
27344,E8  1XB,E01004202,51.532726,-0.060392,E09000030
27345,E8  1XD,E01004202,51.532726,-0.060392,E09000030
27346,E8  1XE,E01004202,51.532726,-0.060392,E09000030
27347,E8  1XF,E01004202,51.532726,-0.060392,E09000030
27348,E8  1XQ,E01004202,51.532726,-0.060392,E09000030
27349,E8  1XZ,E01004202,51.532726,-0.060392,E09000030
27350,E8  1YB,E01004202,51.532726,-0.060392,E09000030
27351,E8  1YF,E01004202,51.532726,-0.060392,E09000030
27352,E8  1YH,E01004202,51.532726,-0.060392,E09000030
27353,E8  1YL,E01004202,51.532726,-0.060392,E09000030
27354,E8  1YZ,E01004202,51.532726,-0.060392,E09000030
27359,E8  2AE,E01004202,51.532726,-0.060392,E09000030
27450,E8  2GN,E01004202,51.532726,-0.060392,E09000030
27451,E8  2GR,E01004202,51.532726,-0.060392,E09000030
27466,E8  2HT,E01004202,51.532726,-0.060392,E09000030
27489,E8  2JX,E01004202,51.532726,-0.060392,E09000030
27543,E8  2PX,E01004202,51.532726,-0.060392,E09000030
27549,E8  2QE,E01004202,51.532726,-0.060392,E09000030
27552,E8  2QH,E01004202,51.532726,-0.060392,E09000030
27556,E8  2QP,E01004202,51.532726,-0.060392,E09000030
27559,E8  2QS,E01004202,51.532726,-0.060392,E09000030
27561,E8  2QU,E01004202,51.532726,-0.060392,E09000030
27579,E8  2UH,E01004202,51.532726,-0.060392,E09000030
27580,E8  2WA,E01004202,51.532726,-0.060392,E09000030
27581,E8  2WB,E01004202,51.532726,-0.060392,E09000030
27582,E8  2WD,E01004202,51.532726,-0.060392,E09000030
27583,E8  2WE,E01004202,51.532726,-0.060392,E09000030
27584,E8  2WF,E01004202,51.532726,-0.060392,E09000030
27585,E8  2WG,E01004202,51.532726,-0.060392,E09000030
27586,E8  2WH,E01004202,51.532726,-0.060392,E09000030
27587,E8  2WJ,E01004202,51.532726,-0.060392,E09000030
27588,E8  2WL,E01004202,51.532726,-0.060392,E09000030
27589,E8  2WN,E01004202,51.532726,-0.060392,E09000030
27590,E8  2WQ,E01004202,51.532726,-0.060392,E09000030
27591,E8  2WR,E01004202,51.532726,-0.060392,E09000030
27592,E8  2WT,E01004202,51.532726,-0.060392,E09000030
27593,E8  2WW,E01004202,51.532726,-0.060392,E09000030
27594,E8  2WX,E01004202,51.532726,-0.060392,E09000030
27595,E8  2WY,E01004202,51.532726,-0.060392,E09000030
27596,E8  2WZ,E01004202,51.532726,-0.060392,E09000030
27597,E8  2XA,E01004202,51.532726,-0.060392,E09000030
27598,E8  2XB,E01004202,51.532726,-0.060392,E09000030
27599,E8  2XD,E01004202,51.532726,-0.060392,E09000030
27600,E8  2XE,E01004202,51.532726,-0.060392,E09000030
27603,E8  2XH,E01004202,51.532726,-0.060392,E09000030
27604,E8  2XJ,E01004202,51.532726,-0.060392,E09000030
27605,E8  2XL,E01004202,51.532726,-0.060392,E09000030
27607,E8  2XP,E01004202,51.532726,-0.060392,E09000030
27609,E8  2XR,E01004202,51.532726,-0.060392,E09000030
27610,E8  2XS,E01004202,51.532726,-0.060392,E09000030
27611,E8  2XT,E01004202,51.532726,-0.060392,E09000030
27612,E8  2XU,E01004202,51.532726,-0.060392,E09000030
27613,E8  2XW,E01004202,51.532726,-0.060392,E09000030
27614,E8  2XZ,E01004202,51.532726,-0.060392,E09000030
27615,E8  2YA,E01004202,51.532726,-0.060392,E09000030
27616,E8  2YB,E01004202,51.532726,-0.060392,E09000030
27618,E8  2YE,E01004202,51.532726,-0.060392,E09000030
27619,E8  2YF,E01004202,51.532726,-0.060392,E09000030
27620,E8  2YP,E01004202,51.532726,-0.060392,E09000030
27621,E8  2YQ,E01004202,51.532726,-0.060392,E09000030
27622,E8  2YT,E01004202,51.532726,-0.060392,E09000030
27623,E8  2YZ,E01004202,51.532726,-0.060392,E09000030
27624,E8  2ZT,E01004202,51.532726,-0.060392,E09000030
27643,E8  3AX,E01004202,51.532726,-0.060392,E09000030
27706,E8  3FB,E01004202,51.532726,-0.060392,E09000030
27708,E8  3FE,E01004202,51.532726,-0.060392,E09000030
27711,E8  3FH,E01004202,51.532726,-0.060392,E09000030
27712,E8  3FJ,E01004202,51.532726,-0.060392,E09000030
27854,E8  3QX,E01004202,51.532726,-0.060392,E09000030
27890,E8  3ST,E01004202,51.532726,-0.060392,E09000030
27909,E8  3TU,E01004202,51.532726,-0.060392,E09000030
27910,E8  3TW,E01004202,51.532726,-0.060392,E09000030
27911,E8  3TX,E01004202,51.532726,-0.060392,E09000030
27912,E8  3TY,E01004202,51.532726,-0.060392,E09000030
27914,E8  3UA,E01004202,51.532726,-0.060392,E09000030
27915,E8  3UB,E01004202,51.532726,-0.060392,E09000030
27916,E8  3UD,E01004202,51.532726,-0.060392,E09000030
27917,E8  3UE,E01004202,51.532726,-0.060392,E09000030
27919,E8  3UG,E01004202,51.532726,-0.060392,E09000030
27920,E8  3UH,E01004202,51.532726,-0.060392,E09000030
27921,E8  3UJ,E01004202,51.532726,-0.060392,E09000030
27922,E8  3UL,E01004202,51.532726,-0.060392,E09000030
27925,E8  3UQ,E01004202,51.532726,-0.060392,E09000030
27926,E8  3UR,E01004202,51.532726,-0.060392,E09000030
27929,E8  3UU,E01004202,51.532726,-0.060392,E09000030
27931,E8  3UX,E01004202,51.532726,-0.060392,E09000030
27933,E8  3UZ,E01004202,51.532726,-0.060392,E09000030
27934,E8  3WA,E01004202,51.532726,-0.060392,E09000030
27935,E8  3WB,E01004202,51.532726,-0.060392,E09000030
27936,E8  3WD,E01004202,51.532726,-0.060392,E09000030
27937,E8  3WE,E01004202,51.532726,-0.060392,E09000030
27938,E8  3WF,E01004202,51.532726,-0.060392,E09000030
27940,E8  3WH,E01004202,51.532726,-0.060392,E09000030
27941,E8  3WJ,E01004202,51.532726,-0.060392,E09000030
27942,E8  3WL,E01004202,51.532726,-0.060392,E09000030
27943,E8  3WS,E01004202,51.532726,-0.060392,E09000030
27944,E8  3WW,E01004202,51.532726,-0.060392,E09000030
27945,E8  3WX,E01004202,51.532726,-0.060392,E09000030
27946,E8  3WY,E01004202,51.532726,-0.060392,E09000030
27947,E8  3WZ,E01004202,51.532726,-0.060392,E09000030
27965,E8  3YF,E01004202,51.532726,-0.060392,E09000030
27969,E8  3YZ,E01004202,51.532726,-0.060392,E09000030
27970,E8  3ZA,E01004202,51.532726,-0.060392,E09000030
28009,E8  4BX,E01004202,51.532726,-0.060392,E09000030
28011,E8  4BZ,E01004202,51.532726,-0.060392,E09000030
28165,E8  4QH,E01004202,51.535291,-0.062158,E09000030
28169,E8  4QP,E01004202,51.534392,-0.062196,E09000030
28170,E8  4QR,E01004202,51.534392,-0.062196,E09000030
28174,E8  4QW,E01004202,51.535291,-0.062158,E09000030
28208,E8  4ST,E01004202,51.532726,-0.060392,E09000030
28222,E8  4UD,E01004202,51.532726,-0.060392,E09000030
28224,E8  4UF,E01004202,51.532726,-0.060392,E09000030
28227,E8  4UL,E01004202,51.532726,-0.060392,E09000030
28228,E8  4UN,E01004202,51.532726,-0.060392,E09000030
28233,E8  4UT,E01004202,51.532726,-0.060392,E09000030
28234,E8  4UU,E01004202,51.532726,-0.060392,E09000030
28236,E8  4UX,E01004202,51.532726,-0.060392,E09000030
28237,E8  4UY,E01004202,51.532726,-0.060392,E09000030
28238,E8  4UZ,E01004202,51.532726,-0.060392,E09000030
28239,E8  4WA,E01004202,51.532726,-0.060392,E09000030
28240,E8  4WB,E01004202,51.532726,-0.060392,E09000030
28241,E8  4WD,E01004202,51.532726,-0.060392,E09000030
28242,E8  4WE,E01004202,51.532726,-0.060392,E09000030
28243,E8  4WF,E01004202,51.532726,-0.060392,E09000030
28244,E8  4WG,E01004202,51.532726,-0.060392,E09000030
28245,E8  4WH,E01004202,51.532726,-0.060392,E09000030
28246,E8  4WJ,E01004202,51.532726,-0.060392,E09000030
28247,E8  4WL,E01004202,51.532726,-0.060392,E09000030
28248,E8  4WN,E01004202,51.532726,-0.060392,E09000030
28249,E8  4WP,E01004202,51.532726,-0.060392,E09000030
28250,E8  4WQ,E01004202,51.532726,-0.060392,E09000030
28251,E8  4WR,E01004202,51.532726,-0.060392,E09000030
28253,E8  4WT,E01004202,51.532726,-0.060392,E09000030
28254,E8  4WU,E01004202,51.532726,-0.060392,E09000030
28255,E8  4WW,E01004202,51.532726,-0.060392,E09000030
28256,E8  4WX,E01004202,51.532726,-0.060392,E09000030
28257,E8  4WY,E01004202,51.532726,-0.060392,E09000030
28258,E8  4WZ,E01004202,51.532726,-0.060392,E09000030
28259,E8  4XA,E01004202,51.532726,-0.060392,E09000030
28260,E8  4XB,E01004202,51.532726,-0.060392,E09000030
28262,E8  4XE,E01004202,51.532726,-0.060392,E09000030
28263,E8  4XF,E01004202,51.532726,-0.060392,E09000030
28265,E8  4XH,E01004202,51.532726,-0.060392,E09000030
28266,E8  4XJ,E01004202,51.532726,-0.060392,E09000030
28267,E8  4XL,E01004202,51.532726,-0.060392,E09000030
28268,E8  4XN,E01004202,51.532726,-0.060392,E09000030
28269,E8  4XP,E01004202,51.532726,-0.060392,E09000030
28270,E8  4XQ,E01004202,51.532726,-0.060392,E09000030
28271,E8  4XR,E01004202,51.532726,-0.060392,E09000030
28272,E8  4XS,E01004202,51.532726,-0.060392,E09000030
28273,E8  4XW,E01004202,51.532726,-0.060392,E09000030
28274,E8  4XZ,E01004202,51.532726,-0.060392,E09000030
28275,E8  4YA,E01004202,51.532726,-0.060392,E09000030
28276,E8  4YB,E01004202,51.532726,-0.060392,E09000030
28277,E8  4YE,E01004202,51.532726,-0.060392,E09000030
28278,E8  4YF,E01004202,51.532726,-0.060392,E09000030
28279,E8  4YG,E01004202,51.532726,-0.060392,E09000030
28280,E8  4YQ,E01004202,51.532726,-0.060392,E09000030
28281,E8  4YR,E01004202,51.532726,-0.060392,E09000030
28282,E8  4YT,E01004202,51.532726,-0.060392,E09000030
28283,E8  4ZF,E01004202,51.532726,-0.060392,E09000030
28284,E8  9AA,E01004202,51.532726,-0.060392,E09000030
28285,E8  9AB,E01004202,51.532726,-0.060392,E09000030
28286,E8  9AD,E01004202,51.532726,-0.060392,E09000030
28287,E8  9AE,E01004202,51.532726,-0.060392,E09000030
28288,E8  9AF,E01004202,51.532726,-0.060392,E09000030
28289,E8  9AG,E01004202,51.532726,-0.060392,E09000030
28290,E8  9AH,E01004202,51.532726,-0.060392,E09000030
28291,E8  9AJ,E01004202,51.532726,-0.060392,E09000030
28292,E8  9AL,E01004202,51.532726,-0.060392,E09000030
28293,E8  9AN,E01004202,51.532726,-0.060392,E09000030
28294,E8  9AP,E01004202,51.532726,-0.060392,E09000030
28296,E8  9AR,E01004202,51.532726,-0.060392,E09000030
28297,E8  9AS,E01004202,51.532726,-0.060392,E09000030
28298,E8  9AT,E01004202,51.532726,-0.060392,E09000030
28299,E8  9AU,E01004202,51.532726,-0.060392,E09000030
28300,E8  9AW,E01004202,51.532726,-0.060392,E09000030
28301,E8  9AX,E01004202,51.532726,-0.060392,E09000030
28302,E8  9AY,E01004202,51.532726,-0.060392,E09000030
28303,E8  9AZ,E01004202,51.532726,-0.060392,E09000030
28304,E8  9BA,E01004202,51.532726,-0.060392,E09000030
28305,E8  9BB,E01004202,51.532726,-0.060392,E09000030
28306,E8  9BD,E01004202,51.532726,-0.060392,E09000030
28307,E8  9BE,E01004202,51.532726,-0.060392,E09000030
28308,E8  9BF,E01004202,51.532726,-0.060392,E09000030
28309,E8  9BG,E01004202,51.532726,-0.060392,E09000030
28310,E8  9BH,E01004202,51.532726,-0.060392,E09000030
28311,E8  9BJ,E01004202,51.532726,-0.060392,E09000030
28312,E8  9BL,E01004202,51.532726,-0.060392,E09000030
28313,E8  9BP,E01004202,51.532726,-0.060392,E09000030
28314,E8  9BQ,E01004202,51.532726,-0.060392,E09000030
28316,E8  9BS,E01004202,51.532726,-0.060392,E09000030
28317,E8  9BT,E01004202,51.532726,-0.060392,E09000030
28318,E8  9BU,E01004202,51.532726,-0.060392,E09000030
28319,E8  9BW,E01004202,51.532726,-0.060392,E09000030
28320,E8  9BX,E01004202,51.532726,-0.060392,E09000030
28321,E8  9BY,E01004202,51.532726,-0.060392,E09000030
28322,E8  9BZ,E01004202,51.532726,-0.060392,E09000030
28323,E8  9DA,E01004202,51.532726,-0.060392,E09000030
28324,E8  9DB,E01004202,51.532726,-0.060392,E09000030
28325,E8  9DD,E01004202,51.532726,-0.060392,E09000030
28326,E8  9DE,E01004202,51.532726,-0.060392,E09000030
28327,E8  9DF,E01004202,51.532726,-0.060392,E09000030
28328,E8  9DG,E01004202,51.532726,-0.060392,E09000030
28329,E8  9DH,E01004202,51.532726,-0.060392,E09000030
28330,E8  9DJ,E01004202,51.532726,-0.060392,E09000030
28331,E8  9DL,E01004202,51.532726,-0.060392,E09000030
28332,E8  9DN,E01004202,51.532726,-0.060392,E09000030
28333,E8  9DP,E01004202,51.532726,-0.060392,E09000030
28334,E8  9DQ,E01004202,51.532726,-0.060392,E09000030
28335,E8  9DR,E01004202,51.532726,-0.060392,E09000030
28336,E8  9DS,E01004202,51.532726,-0.060392,E09000030
28337,E8  9DT,E01004202,51.532726,-0.060392,E09000030
28338,E8  9DU,E01004202,51.532726,-0.060392,E09000030
28339,E8  9DW,E01004202,51.532726,-0.060392,E09000030
28340,E8  9DX,E01004202,51.532726,-0.060392,E09000030
28341,E8  9DY,E01004202,51.532726,-0.060392,E09000030
28342,E8  9DZ,E01004202,51.532726,-0.060392,E09000030
28343,E8  9EA,E01004202,51.532726,-0.060392,E09000030
28344,E8  9EB,E01004202,51.532726,-0.060392,E09000030
28345,E8  9ED,E01004202,51.532726,-0.060392,E09000030
28346,E8  9EE,E01004202,51.532726,-0.060392,E09000030
28347,E8  9EF,E01004202,51.532726,-0.060392,E09000030
28348,E8  9EG,E01004202,51.532726,-0.060392,E09000030
28349,E8  9EH,E01004202,51.532726,-0.060392,E09000030
28350,E8  9EJ,E01004202,51.532726,-0.060392,E09000030
28351,E8  9EL,E01004202,51.532726,-0.060392,E09000030
28352,E8  9EN,E01004202,51.532726,-0.060392,E09000030
28353,E8  9EP,E01004202,51.532726,-0.060392,E09000030
28354,E8  9EQ,E01004202,51.532726,-0.060392,E09000030
28355,E8  9ER,E01004202,51.532726,-0.060392,E09000030
28356,E8  9ES,E01004202,51.532726,-0.060392,E09000030
28357,E8  9ET,E01004202,51.532726,-0.060392,E09000030
28358,E8  9EU,E01004202,51.532726,-0.060392,E09000030
28359,E8  9EW,E01004202,51.532726,-0.060392,E09000030
28360,E8  9EX,E01004202,51.532726,-0.060392,E09000030
28361,E8  9EY,E01004202,51.532726,-0.060392,E09000030
28362,E8  9EZ,E01004202,51.532726,-0.060392,E09000030
28363,E8  9FA,E01004202,51.532726,-0.060392,E09000030
28364,E8  9FB,E01004202,51.532726,-0.060392,E09000030
28365,E8  9FD,E01004202,51.532726,-0.060392,E09000030
28366,E8  9FE,E01004202,51.532726,-0.060392,E09000030
28367,E8  9FF,E01004202,51.532726,-0.060392,E09000030
28368,E8  9FG,E01004202,51.532726,-0.060392,E09000030
28369,E8  9FH,E01004202,51.532726,-0.060392,E09000030
28370,E8  9FJ,E01004202,51.532726,-0.060392,E09000030
28371,E8  9FL,E01004202,51.532726,-0.060392,E09000030
28372,E8  9FP,E01004202,51.532726,-0.060392,E09000030
28373,E8  9FQ,E01004202,51.532726,-0.060392,E09000030
28374,E8  9FR,E01004202,51.532726,-0.060392,E09000030
28375,E8  9FS,E01004202,51.532726,-0.060392,E09000030
28376,E8  9FT,E01004202,51.532726,-0.060392,E09000030
28377,E8  9FU,E01004202,51.532726,-0.060392,E09000030
28378,E8  9FW,E01004202,51.532726,-0.060392,E09000030
28379,E8  9FY,E01004202,51.532726,-0.060392,E09000030
28380,E8  9FZ,E01004202,51.532726,-0.060392,E09000030
28381,E8  9GA,E01004202,51.532726,-0.060392,E09000030
28382,E8  9GB,E01004202,51.532726,-0.060392,E09000030
28383,E8  9GD,E01004202,51.532726,-0.060392,E09000030
28384,E8  9GE,E01004202,51.532726,-0.060392,E09000030
28385,E8  9GF,E01004202,51.532726,-0.060392,E09000030
28386,E8  9GG,E01004202,51.532726,-0.060392,E09000030
28387,E8  9GH,E01004202,51.532726,-0.060392,E09000030
28388,E8  9GJ,E01004202,51.532726,-0.060392,E09000030
28389,E8  9GL,E01004202,51.532726,-0.060392,E09000030
28390,E8  9GN,E01004202,51.532726,-0.060392,E09000030
28391,E8  9GP,E01004202,51.532726,-0.060392,E09000030
28392,E8  9GQ,E01004202,51.532726,-0.060392,E09000030
28393,E8  9GR,E01004202,51.532726,-0.060392,E09000030
28394,E8  9GS,E01004202,51.532726,-0.060392,E09000030
28395,E8  9GT,E01004202,51.532726,-0.060392,E09000030
28396,E8  9GU,E01004202,51.532726,-0.060392,E09000030
28397,E8  9GW,E01004202,51.532726,-0.060392,E09000030
28398,E8  9GX,E01004202,51.532726,-0.060392,E09000030
28399,E8  9GY,E01004202,51.532726,-0.060392,E09000030
28400,E8  9GZ,E01004202,51.532726,-0.060392,E09000030
28401,E8  9HA,E01004202,51.532726,-0.060392,E09000030
28402,E8  9HB,E01004202,51.532726,-0.060392,E09000030
28403,E8  9HD,E01004202,51.532726,-0.060392,E09000030
28404,E8  9HE,E01004202,51.532726,-0.060392,E09000030
28405,E8  9HF,E01004202,51.532726,-0.060392,E09000030
28406,E8  9HG,E01004202,51.532726,-0.060392,E09000030
28407,E8  9HH,E01004202,51.532726,-0.060392,E09000030
28408,E8  9HJ,E01004202,51.532726,-0.060392,E09000030
28409,E8  9HL,E01004202,51.532726,-0.060392,E09000030
28410,E8  9HN,E01004202,51.532726,-0.060392,E09000030
28411,E8  9HP,E01004202,51.532726,-0.060392,E09000030
28412,E8  9HQ,E01004202,51.532726,-0.060392,E09000030
28413,E8  9HS,E01004202,51.532726,-0.060392,E09000030
28414,E8  9HT,E01004202,51.532726,-0.060392,E09000030
28415,E8  9HU,E01004202,51.532726,-0.060392,E09000030
28416,E8  9HW,E01004202,51.532726,-0.060392,E09000030
28417,E8  9HX,E01004202,51.532726,-0.060392,E09000030
28418,E8  9HY,E01004202,51.532726,-0.060392,E09000030
28419,E8  9HZ,E01004202,51.532726,-0.060392,E09000030
28420,E8  9JA,E01004202,51.532726,-0.060392,E09000030
28421,E8  9JB,E01004202,51.532726,-0.060392,E09000030
28422,E8  9JD,E01004202,51.532726,-0.060392,E09000030
28423,E8  9JE,E01004202,51.532726,-0.060392,E09000030
28424,E8  9JF,E01004202,51.532726,-0.060392,E09000030
28425,E8  9JG,E01004202,51.532726,-0.060392,E09000030
28426,E8  9JH,E01004202,51.532726,-0.060392,E09000030
28427,E8  9JJ,E01004202,51.532726,-0.060392,E09000030
28428,E8  9JL,E01004202,51.532726,-0.060392,E09000030
28429,E8  9JN,E01004202,51.532726,-0.060392,E09000030
28430,E8  9JP,E01004202,51.532726,-0.060392,E09000030
28431,E8  9JQ,E01004202,51.532726,-0.060392,E09000030
28432,E8  9JR,E01004202,51.532726,-0.060392,E09000030
28433,E8  9JS,E01004202,51.532726,-0.060392,E09000030
28434,E8  9JT,E01004202,51.532726,-0.060392,E09000030
28435,E8  9JU,E01004202,51.532726,-0.060392,E09000030
28436,E8  9JW,E01004202,51.532726,-0.060392,E09000030
28437,E8  9JX,E01004202,51.532726,-0.060392,E09000030
28438,E8  9JY,E01004202,51.532726,-0.060392,E09000030
28439,E8  9LA,E01004202,51.532726,-0.060392,E09000030
28440,E8  9LB,E01004202,51.532726,-0.060392,E09000030
28441,E8  9LD,E01004202,51.532726,-0.060392,E09000030
28442,E8  9LE,E01004202,51.532726,-0.060392,E09000030
28443,E8  9LF,E01004202,51.532726,-0.060392,E09000030
28446,E8  9WZ,E01004202,51.532726,-0.060392,E09000030
28447,E9  5AA,E01035657,51.541822,-0.022437,E09000030
28501,E9  5DU,E01004223,51.543529,-0.033555,E09000030
28515,E9  5EN,E01035657,51.542958,-0.023109,E09000030
28516,E9  5EP,E01035657,51.542264,-0.026254,E09000030
28518,E9  5ER,E01035657,51.543195,-0.024916,E09000030
28522,E9  5EW,E01035657,51.542294,-0.026931,E09000030
28525,E9  5EZ,E01004202,51.532726,-0.060392,E09000030
28527,E9  5FB,E01004202,51.532726,-0.060392,E09000030
28534,E9  5FL,E01004202,51.532726,-0.060392,E09000030
28535,E9  5FN,E01004202,51.532726,-0.060392,E09000030
28537,E9  5FQ,E01004202,51.532726,-0.060392,E09000030
28539,E9  5FS,E01004202,51.532726,-0.060392,E09000030
28540,E9  5FT,E01004202,51.532726,-0.060392,E09000030
28542,E9  5FW,E01004202,51.532726,-0.060392,E09000030
28544,E9  5FY,E01004202,51.532726,-0.060392,E09000030
28545,E9  5FZ,E01004202,51.532726,-0.060392,E09000030
28546,E9  5GA,E01004202,51.532726,-0.060392,E09000030
28547,E9  5GB,E01004202,51.532726,-0.060392,E09000030
28548,E9  5GD,E01004202,51.532726,-0.060392,E09000030
28549,E9  5GE,E01004202,51.532726,-0.060392,E09000030
28550,E9  5GF,E01004202,51.532726,-0.060392,E09000030
28551,E9  5GG,E01004202,51.532726,-0.060392,E09000030
28552,E9  5GH,E01035657,51.543195,-0.024916,E09000030
28553,E9  5GJ,E01004202,51.532726,-0.060392,E09000030
28557,E9  5GQ,E01004202,51.532726,-0.060392,E09000030
28559,E9  5GS,E01035657,51.542467,-0.022784,E09000030
28561,E9  5GU,E01035657,51.542276,-0.022692,E09000030
28562,E9  5GW,E01035657,51.542105,-0.02267,E09000030
28566,E9  5HA,E01035657,51.542291,-0.02572,E09000030
28567,E9  5HB,E01035657,51.542656,-0.024954,E09000030
28568,E9  5HD,E01035657,51.541909,-0.025981,E09000030
28572,E9  5HH,E01035657,51.541755,-0.023753,E09000030
28573,E9  5HJ,E01035658,51.541785,-0.025006,E09000030
28574,E9  5HL,E01035658,51.540722,-0.025961,E09000030
28576,E9  5HP,E01004223,51.540835,-0.027888,E09000030
28578,E9  5HR,E01004223,51.540716,-0.027792,E09000030
28580,E9  5HT,E01004223,51.539685,-0.028471,E09000030
28641,E9  5NW,E01035657,51.542435,-0.026261,E09000030
28645,E9  5PA,E01035657,51.542175,-0.026273,E09000030
28646,E9  5PB,E01035657,51.542291,-0.02572,E09000030
28724,E9  5SZ,E01035657,51.54253,-0.026041,E09000030
28744,E9  5UA,E01004202,51.532726,-0.060392,E09000030
28745,E9  5UB,E01004202,51.532726,-0.060392,E09000030
28746,E9  5UD,E01004202,51.532726,-0.060392,E09000030
28750,E9  5UH,E01004202,51.532726,-0.060392,E09000030
28752,E9  5UL,E01004202,51.532726,-0.060392,E09000030
28754,E9  5UP,E01004202,51.532726,-0.060392,E09000030
28755,E9  5UQ,E01004202,51.532726,-0.060392,E09000030
28762,E9  5UY,E01004202,51.532726,-0.060392,E09000030
28763,E9  5UZ,E01004202,51.532726,-0.060392,E09000030
28764,E9  5WA,E01004202,51.532726,-0.060392,E09000030
28765,E9  5WB,E01004202,51.532726,-0.060392,E09000030
28766,E9  5WD,E01004202,51.532726,-0.060392,E09000030
28768,E9  5WF,E01004202,51.532726,-0.060392,E09000030
28769,E9  5WG,E01004202,51.532726,-0.060392,E09000030
28770,E9  5WH,E01004202,51.532726,-0.060392,E09000030
28771,E9  5WJ,E01004202,51.532726,-0.060392,E09000030
28772,E9  5WL,E01004202,51.532726,-0.060392,E09000030
28773,E9  5WN,E01004202,51.532726,-0.060392,E09000030
28774,E9  5WP,E01004202,51.532726,-0.060392,E09000030
28775,E9  5WQ,E01004202,51.532726,-0.060392,E09000030
28776,E9  5WR,E01004202,51.532726,-0.060392,E09000030
28777,E9  5WS,E01004202,51.532726,-0.060392,E09000030
28778,E9  5WT,E01004202,51.532726,-0.060392,E09000030
28779,E9  5WU,E01004202,51.532726,-0.060392,E09000030
28780,E9  5WW,E01004202,51.532726,-0.060392,E09000030
28781,E9  5WX,E01004202,51.532726,-0.060392,E09000030
28782,E9  5WY,E01004202,51.532726,-0.060392,E09000030
28783,E9  5WZ,E01004202,51.532726,-0.060392,E09000030
28784,E9  5XA,E01035657,51.543114,-0.0244,E09000030
28785,E9  5XB,E01035657,51.542847,-0.024542,E09000030
28786,E9  5XQ,E01004202,51.532726,-0.060392,E09000030
28787,E9  5XR,E01004202,51.532726,-0.060392,E09000030
28788,E9  5XS,E01004202,51.532726,-0.060392,E09000030
28789,E9  5XT,E01004202,51.532726,-0.060392,E09000030
28790,E9  5XU,E01004202,51.532726,-0.060392,E09000030
28791,E9  5XW,E01004202,51.532726,-0.060392,E09000030
28792,E9  5XY,E01004202,51.532726,-0.060392,E09000030
28793,E9  5XZ,E01004202,51.532726,-0.060392,E09000030
28794,E9  5ZU,E01004202,51.532726,-0.060392,E09000030
28924,E9  6JR,E01004202,51.532726,-0.060392,E09000030
29029,E9  6SB,E01004202,51.532726,-0.060392,E09000030
29044,E9  6UJ,E01004202,51.532726,-0.060392,E09000030
29045,E9  6WA,E01004202,51.532726,-0.060392,E09000030
29046,E9  6WB,E01004202,51.532726,-0.060392,E09000030
29047,E9  6WD,E01004202,51.532726,-0.060392,E09000030
29048,E9  6WE,E01004202,51.532726,-0.060392,E09000030
29049,E9  6WF,E01004202,51.532726,-0.060392,E09000030
29050,E9  6WG,E01004202,51.532726,-0.060392,E09000030
29051,E9  6WH,E01004202,51.532726,-0.060392,E09000030
29052,E9  6WJ,E01004202,51.532726,-0.060392,E09000030
29053,E9  6WL,E01004202,51.532726,-0.060392,E09000030
29054,E9  6WN,E01004202,51.532726,-0.060392,E09000030
29055,E9  6WP,E01004202,51.532726,-0.060392,E09000030
29056,E9  6WR,E01004202,51.532726,-0.060392,E09000030
29057,E9  6WS,E01004202,51.532726,-0.060392,E09000030
29058,E9  6WT,E01004202,51.532726,-0.060392,E09000030
29059,E9  6WU,E01004202,51.532726,-0.060392,E09000030
29060,E9  6WW,E01004202,51.532726,-0.060392,E09000030
29061,E9  6WX,E01004202,51.532726,-0.060392,E09000030
29062,E9  6WY,E01004202,51.532726,-0.060392,E09000030
29063,E9  6WZ,E01004202,51.532726,-0.060392,E09000030
29066,E9  6XD,E01004202,51.532726,-0.060392,E09000030
29067,E9  6XE,E01004202,51.532726,-0.060392,E09000030
29068,E9  6XF,E01004202,51.532726,-0.060392,E09000030
29069,E9  6XG,E01004202,51.532726,-0.060392,E09000030
29070,E9  6XH,E01004202,51.532726,-0.060392,E09000030
29071,E9  6XJ,E01004202,51.532726,-0.060392,E09000030
29072,E9  6XL,E01004202,51.532726,-0.060392,E09000030
29077,E9  6XS,E01004202,51.532726,-0.060392,E09000030
29078,E9  6XT,E01004202,51.532726,-0.060392,E09000030
29080,E9  6XW,E01004202,51.532726,-0.060392,E09000030
29081,E9  6XY,E01004202,51.532726,-0.060392,E09000030
29082,E9  6XZ,E01004202,51.532726,-0.060392,E09000030
29083,E9  6YA,E01004202,51.532726,-0.060392,E09000030
29084,E9  6YB,E01004202,51.532726,-0.060392,E09000030
29085,E9  6YE,E01004202,51.532726,-0.060392,E09000030
29086,E9  6YL,E01004202,51.532726,-0.060392,E09000030
29087,E9  6YP,E01004202,51.532726,-0.060392,E09000030
29088,E9  6YZ,E01004202,51.532726,-0.060392,E09000030
29101,E9  7AR,E01004202,51.532726,-0.060392,E09000030
29130,E9  7DD,E01004234,51.536121,-0.039094,E09000030
29131,E9  7DE,E01004234,51.533453,-0.041905,E09000030
29155,E9  7EJ,E01004202,51.532726,-0.060392,E09000030
29158,E9  7EP,E01004202,51.532726,-0.060392,E09000030
29176,E9  7GR,E01004202,51.532726,-0.060392,E09000030
29336,E9  7TL,E01004202,51.532726,-0.060392,E09000030
29345,E9  7TX,E01004202,51.532726,-0.060392,E09000030
29347,E9  7TZ,E01004202,51.532726,-0.060392,E09000030
29356,E9  7UL,E01004202,51.532726,-0.060392,E09000030
29359,E9  7UQ,E01004202,51.532726,-0.060392,E09000030
29361,E9  7US,E01004202,51.532726,-0.060392,E09000030
29368,E9  7WA,E01004202,51.532726,-0.060392,E09000030
29369,E9  7WB,E01004202,51.532726,-0.060392,E09000030
29370,E9  7WD,E01004202,51.532726,-0.060392,E09000030
29371,E9  7WE,E01004202,51.532726,-0.060392,E09000030
29372,E9  7WF,E01004202,51.532726,-0.060392,E09000030
29373,E9  7WG,E01004202,51.532726,-0.060392,E09000030
29374,E9  7WH,E01004202,51.532726,-0.060392,E09000030
29375,E9  7WJ,E01004202,51.532726,-0.060392,E09000030
29376,E9  7WL,E01004202,51.532726,-0.060392,E09000030
29377,E9  7WN,E01004202,51.532726,-0.060392,E09000030
29378,E9  7WP,E01004202,51.532726,-0.060392,E09000030
29379,E9  7WQ,E01004202,51.532726,-0.060392,E09000030
29380,E9  7WR,E01004202,51.532726,-0.060392,E09000030
29381,E9  7WS,E01004202,51.532726,-0.060392,E09000030
29382,E9  7WT,E01004202,51.532726,-0.060392,E09000030
29383,E9  7WU,E01004202,51.532726,-0.060392,E09000030
29384,E9  7WW,E01004202,51.532726,-0.060392,E09000030
29385,E9  7WX,E01004202,51.532726,-0.060392,E09000030
29386,E9  7WY,E01004202,51.532726,-0.060392,E09000030
29387,E9  7WZ,E01004202,51.532726,-0.060392,E09000030
29388,E9  7XA,E01004202,51.532726,-0.060392,E09000030
29389,E9  7XB,E01004202,51.532726,-0.060392,E09000030
29390,E9  7XD,E01004202,51.532726,-0.060392,E09000030
29391,E9  7XE,E01004202,51.532726,-0.060392,E09000030
29392,E9  7XF,E01004202,51.532726,-0.060392,E09000030
29394,E9  7XH,E01004202,51.532726,-0.060392,E09000030
29395,E9  7XJ,E01004202,51.532726,-0.060392,E09000030
29398,E9  7XP,E01004202,51.532726,-0.060392,E09000030
29399,E9  7XQ,E01004202,51.532726,-0.060392,E09000030
29400,E9  7XR,E01004202,51.532726,-0.060392,E09000030
29401,E9  7XS,E01004202,51.532726,-0.060392,E09000030
29402,E9  7XT,E01004202,51.532726,-0.060392,E09000030
29403,E9  7XU,E01004202,51.532726,-0.060392,E09000030
29404,E9  7XW,E01004202,51.532726,-0.060392,E09000030
29405,E9  7XX,E01004202,51.532726,-0.060392,E09000030
29406,E9  7XY,E01004202,51.532726,-0.060392,E09000030
29407,E9  7XZ,E01004202,51.532726,-0.060392,E09000030
29408,E9  7YA,E01004202,51.532726,-0.060392,E09000030
29409,E9  7YB,E01004202,51.532726,-0.060392,E09000030
29410,E9  7YD,E01004202,51.532726,-0.060392,E09000030
29411,E9  7YE,E01004202,51.532726,-0.060392,E09000030
29412,E9  7YF,E01004202,51.532726,-0.060392,E09000030
29413,E9  7YG,E01004202,51.532726,-0.060392,E09000030
29414,E9  7YH,E01004202,51.532726,-0.060392,E09000030
29415,E9  7YJ,E01004202,51.532726,-0.060392,E09000030
29416,E9  7YL,E01004202,51.532726,-0.060392,E09000030
29417,E9  7YN,E01004202,51.532726,-0.060392,E09000030
29418,E9  7YP,E01004202,51.532726,-0.060392,E09000030
29419,E9  7YQ,E01004202,51.532726,-0.060392,E09000030
29420,E9  7YR,E01004202,51.532726,-0.060392,E09000030
29421,E9  7YS,E01004202,51.532726,-0.060392,E09000030
29422,E9  7YT,E01004202,51.532726,-0.060392,E09000030
29423,E9  7YW,E01004202,51.532726,-0.060392,E09000030
29424,E9  7YY,E01004202,51.532726,-0.060392,E09000030
29425,E9  7YZ,E01004202,51.532726,-0.060392,E09000030
29426,E9  7ZE,E01004202,51.532726,-0.060392,E09000030
29427,E9  7ZP,E01004202,51.532726,-0.060392,E09000030
29428,E9  9AA,E01004202,51.532726,-0.060392,E09000030
29429,E9  9AB,E01004202,51.532726,-0.060392,E09000030
29434,E9  9AH,E01004202,51.532726,-0.060392,E09000030
29438,E9  9AP,E01004202,51.532726,-0.060392,E09000030
29442,E9  9AT,E01004202,51.532726,-0.060392,E09000030
29447,E9  9AZ,E01004202,51.532726,-0.060392,E09000030
29448,E9  9BA,E01004202,51.532726,-0.060392,E09000030
29450,E9  9BD,E01004202,51.532726,-0.060392,E09000030
29451,E9  9BE,E01004202,51.532726,-0.060392,E09000030
29452,E9  9BF,E01004202,51.532726,-0.060392,E09000030
29453,E9  9BG,E01004202,51.532726,-0.060392,E09000030
29454,E9  9BH,E01004202,51.532726,-0.060392,E09000030
29455,E9  9BJ,E01004202,51.532726,-0.060392,E09000030
29456,E9  9BL,E01004202,51.532726,-0.060392,E09000030
29457,E9  9BN,E01004202,51.532726,-0.060392,E09000030
29458,E9  9BP,E01004202,51.532726,-0.060392,E09000030
29459,E9  9BQ,E01004202,51.532726,-0.060392,E09000030
29460,E9  9BR,E01004202,51.532726,-0.060392,E09000030
29461,E9  9BS,E01004202,51.532726,-0.060392,E09000030
29462,E9  9BT,E01004202,51.532726,-0.060392,E09000030
29463,E9  9BU,E01004202,51.532726,-0.060392,E09000030
29464,E9  9BW,E01004202,51.532726,-0.060392,E09000030
29465,E9  9BX,E01004202,51.532726,-0.060392,E09000030
29466,E9  9BY,E01004202,51.532726,-0.060392,E09000030
29467,E9  9BZ,E01004202,51.532726,-0.060392,E09000030
29468,E9  9DA,E01004202,51.532726,-0.060392,E09000030
29469,E9  9DB,E01004202,51.532726,-0.060392,E09000030
29470,E9  9DD,E01004202,51.532726,-0.060392,E09000030
29471,E9  9DE,E01004202,51.532726,-0.060392,E09000030
29472,E9  9DF,E01004202,51.532726,-0.060392,E09000030
29473,E9  9DG,E01004202,51.532726,-0.060392,E09000030
29474,E9  9DH,E01004202,51.532726,-0.060392,E09000030
29475,E9  9DJ,E01004202,51.532726,-0.060392,E09000030
29476,E9  9DL,E01004202,51.532726,-0.060392,E09000030
29477,E9  9DN,E01004202,51.532726,-0.060392,E09000030
29478,E9  9DP,E01004202,51.532726,-0.060392,E09000030
29479,E9  9DQ,E01004202,51.532726,-0.060392,E09000030
29480,E9  9DR,E01004202,51.532726,-0.060392,E09000030
29481,E9  9DS,E01004202,51.532726,-0.060392,E09000030
29482,E9  9DT,E01004202,51.532726,-0.060392,E09000030
29483,E9  9DU,E01004202,51.532726,-0.060392,E09000030
29484,E9  9DW,E01004202,51.532726,-0.060392,E09000030
29485,E9  9DX,E01004202,51.532726,-0.060392,E09000030
29486,E9  9DY,E01004202,51.532726,-0.060392,E09000030
29487,E9  9DZ,E01004202,51.532726,-0.060392,E09000030
29488,E9  9EA,E01004202,51.532726,-0.060392,E09000030
29489,E9  9EB,E01004202,51.532726,-0.060392,E09000030
29490,E9  9ED,E01004202,51.532726,-0.060392,E09000030
29491,E9  9EE,E01004202,51.532726,-0.060392,E09000030
29492,E9  9EF,E01004202,51.532726,-0.060392,E09000030
29493,E9  9EG,E01004202,51.532726,-0.060392,E09000030
29494,E9  9EH,E01004202,51.532726,-0.060392,E09000030
29495,E9  9EJ,E01004202,51.532726,-0.060392,E09000030
29496,E9  9EL,E01004202,51.532726,-0.060392,E09000030
29497,E9  9EN,E01004202,51.532726,-0.060392,E09000030
29498,E9  9EP,E01004202,51.532726,-0.060392,E09000030
29499,E9  9EQ,E01004202,51.532726,-0.060392,E09000030
29500,E9  9ER,E01004202,51.532726,-0.060392,E09000030
29501,E9  9ES,E01004202,51.532726,-0.060392,E09000030
29502,E9  9ET,E01004202,51.532726,-0.060392,E09000030
29503,E9  9EU,E01004202,51.532726,-0.060392,E09000030
29504,E9  9EW,E01004202,51.532726,-0.060392,E09000030
29505,E9  9EX,E01004202,51.532726,-0.060392,E09000030
29506,E9  9EY,E01004202,51.532726,-0.060392,E09000030
29507,E9  9EZ,E01004202,51.532726,-0.060392,E09000030
29508,E9  9FA,E01004202,51.532726,-0.060392,E09000030
29509,E9  9FB,E01004202,51.532726,-0.060392,E09000030
29510,E9  9FD,E01004202,51.532726,-0.060392,E09000030
29511,E9  9FE,E01004202,51.532726,-0.060392,E09000030
29512,E9  9FF,E01004202,51.532726,-0.060392,E09000030
29513,E9  9FG,E01004202,51.532726,-0.060392,E09000030
29514,E9  9FH,E01004202,51.532726,-0.060392,E09000030
29515,E9  9FJ,E01004202,51.532726,-0.060392,E09000030
29516,E9  9FL,E01004202,51.532726,-0.060392,E09000030
29517,E9  9FN,E01004202,51.532726,-0.060392,E09000030
29518,E9  9FP,E01004202,51.532726,-0.060392,E09000030
29519,E9  9FQ,E01004202,51.532726,-0.060392,E09000030
29520,E9  9FR,E01004202,51.532726,-0.060392,E09000030
29521,E9  9FS,E01004202,51.532726,-0.060392,E09000030
29522,E9  9FT,E01004202,51.532726,-0.060392,E09000030
29523,E9  9FU,E01004202,51.532726,-0.060392,E09000030
29524,E98 1AD,E01035696,51.508026,-0.064367,E09000030
29525,E98 1AS,E01035696,51.508026,-0.064367,E09000030
29526,E98 1AT,E01035696,51.508026,-0.064367,E09000030
29527,E98 1AW,E01035696,51.508026,-0.064367,E09000030
29528,E98 1AX,E01035696,51.508026,-0.064367,E09000030
29529,E98 1BB,E01035696,51.508026,-0.064367,E09000030
29530,E98 1BD,E01035696,51.508026,-0.064367,E09000030
29531,E98 1BN,E01035696,51.508026,-0.064367,E09000030
29532,E98 1BS,E01035696,51.508026,-0.064367,E09000030
29533,E98 1BU,E01035696,51.508026,-0.064367,E09000030
29534,E98 1BX,E01035696,51.508026,-0.064367,E09000030
29535,E98 1DA,E01035696,51.508026,-0.064367,E09000030
29536,E98 1DN,E01035696,51.508026,-0.064367,E09000030
29537,E98 1DT,E01035696,51.508026,-0.064367,E09000030
29538,E98 1ES,E01035696,51.508026,-0.064367,E09000030
29539,E98 1EX,E01035696,51.508026,-0.064367,E09000030
29540,E98 1FA,E01035696,51.508026,-0.064367,E09000030
29541,E98 1FN,E01035696,51.508026,-0.064367,E09000030
29542,E98 1GE,E01035696,51.508026,-0.064367,E09000030
29543,E98 1GG,E01035696,51.508026,-0.064367,E09000030
29544,E98 1HR,E01035696,51.508026,-0.064367,E09000030
29545,E98 1LG,E01035696,51.508026,-0.064367,E09000030
29546,E98 1LL,E01035696,51.508026,-0.064367,E09000030
29547,E98 1NA,E01035696,51.508026,-0.064367,E09000030
29548,E98 1NB,E01035696,51.508026,-0.064367,E09000030
29549,E98 1ND,E01035696,51.508026,-0.064367,E09000030
29550,E98 1NE,E01035696,51.508026,-0.064367,E09000030
29551,E98 1NF,E01035696,51.508026,-0.064367,E09000030
29552,E98 1NG,E01035697,51.50812,-0.067361,E09000030
29553,E98 1NH,E01035696,51.508026,-0.064367,E09000030
29554,E98 1NL,E01035696,51.508026,-0.064367,E09000030
29555,E98 1NN,E01035696,51.508026,-0.064367,E09000030
29556,E98 1NP,E01035696,51.508026,-0.064367,E09000030
29557,E98 1NR,E01035696,51.508026,-0.064367,E09000030
29558,E98 1NS,E01035696,51.508026,-0.064367,E09000030
29559,E98 1NW,E01035696,51.508026,-0.064367,E09000030
29560,E98 1NX,E01004322,51.519027,-0.058048,E09000030
29561,E98 1PJ,E01035696,51.508026,-0.064367,E09000030
29562,E98 1PL,E01035696,51.508026,-0.064367,E09000030
29563,E98 1PN,E01035696,51.508026,-0.064367,E09000030
29564,E98 1PP,E01035696,51.508026,-0.064367,E09000030
29565,E98 1PR,E01035696,51.508026,-0.064367,E09000030
29566,E98 1PT,E01035696,51.508026,-0.064367,E09000030
29567,E98 1PW,E01035696,51.508026,-0.064367,E09000030
29568,E98 1RL,E01035696,51.508026,-0.064367,E09000030
29569,E98 1RT,E01035696,51.508026,-0.064367,E09000030
29570,E98 1SA,E01035696,51.508026,-0.064367,E09000030
29571,E98 1SD,E01035696,51.508026,-0.064367,E09000030
29572,E98 1SE,E01035696,51.508026,-0.064367,E09000030
29573,E98 1SG,E01035696,51.508026,-0.064367,E09000030
29574,E98 1SH,E01035696,51.508026,-0.064367,E09000030
29575,E98 1SJ,E01035696,51.508026,-0.064367,E09000030
29576,E98 1SL,E01035696,51.508026,-0.064367,E09000030
29577,E98 1SN,E01035696,51.508026,-0.064367,E09000030
29578,E98 1SP,E01035696,51.508026,-0.064367,E09000030
29579,E98 1SS,E01035696,51.508026,-0.064367,E09000030
29580,E98 1ST,E01035696,51.508026,-0.064367,E09000030
29581,E98 1SU,E01035696,51.508026,-0.064367,E09000030
29582,E98 1SX,E01035696,51.508026,-0.064367,E09000030
29583,E98 1SY,E01035696,51.508026,-0.064367,E09000030
29584,E98 1TA,E01035696,51.508026,-0.064367,E09000030
29585,E98 1TB,E01035696,51.508026,-0.064367,E09000030
29586,E98 1TD,E01035696,51.508026,-0.064367,E09000030
29587,E98 1TE,E01035696,51.508026,-0.064367,E09000030
29588,E98 1TF,E01035696,51.508026,-0.064367,E09000030
29589,E98 1TH,E01035696,51.508026,-0.064367,E09000030
29590,E98 1TR,E01035696,51.508026,-0.064367,E09000030
29591,E98 1TT,E01035696,51.508026,-0.064367,E09000030
29592,E98 1UN,E01035696,51.508026,-0.064367,E09000030
29593,E98 1WX,E01004322,51.519019,-0.058106,E09000030
29594,E98 1WY,E01004322,51.519027,-0.058048,E09000030
29595,E98 1WZ,E01035696,51.508026,-0.064367,E09000030
29596,E98 1XL,E01004322,51.519027,-0.058048,E09000030
29597,E98 1XN,E01035696,51.508026,-0.064367,E09000030
29598,E98 1XY,E01035696,51.508026,-0.064367,E09000030
29599,E98 1YD,E01035696,51.508026,-0.064367,E09000030
