{"type": "FeatureCollection", "name": "Tower_Hamlets_LSOA", "crs": {"type": "name", "properties": {"name": "EPSG:4326"}}, "features": [{"type": "Feature", "id": 3996, "geometry": {"type": "Polygon", "coordinates": [[[-0.0521894991643112, 51.5303334817971], [-0.0538280178449932, 51.5298990767457], [-0.0558317168594516, 51.5293193340981], [-0.0577905999609503, 51.5279830646779], [-0.0572579514769583, 51.5311540113283], [-0.0521894991643112, 51.5303334817971]]]}, "properties": {"FID": 3996, "LSOA21CD": "E01004198", "LSOA21NM": "Tower Hamlets 002B", "LSOA21NMW": " ", "BNG_E": 535012, "BNG_N": 183130, "LAT": 51.53094, "LONG": -0.05496, "GlobalID": "d2c00273-5576-4419-b512-f44a7bead29a"}}, {"type": "Feature", "id": 3997, "geometry": {"type": "Polygon", "coordinates": [[[-0.0572579514769583, 51.5311540113283], [-0.0577905999609503, 51.5279830646779], [-0.0598871813331665, 51.5296778405012], [-0.0597329141773336, 51.5320208898547], [-0.057718610074905, 51.5322326368315], [-0.0572579514769583, 51.5311540113283]]]}, "properties": {"FID": 3997, "LSOA21CD": "E01004199", "LSOA21NM": "Tower Hamlets 002C", "LSOA21NMW": " ", "BNG_E": 534754, "BNG_N": 183031, "LAT": 51.53012, "LONG": -0.05872, "GlobalID": "f2febfb4-cc4b-442a-bde5-026947a7b905"}}, {"type": "Feature", "id": 3998, "geometry": {"type": "Polygon", "coordinates": [[[-0.0597329141773336, 51.5320208898547], [-0.0598871813331665, 51.5296778405012], [-0.0626168908346166, 51.5295656364608], [-0.064081025288424, 51.5314606788511], [-0.0598248928680955, 51.5321587390944], [-0.0597329141773336, 51.5320208898547]]]}, "properties": {"FID": 3998, "LSOA21CD": "E01004200", "LSOA21NM": "Tower Hamlets 005A", "LSOA21NMW": " ", "BNG_E": 534519, "BNG_N": 183093, "LAT": 51.53073, "LONG": -0.06208, "GlobalID": "3880fc11-1461-441d-a8a1-c2ee45824e18"}}, {"type": "Feature", "id": 3999, "geometry": {"type": "Polygon", "coordinates": [[[-0.0444808352131264, 51.5318501568882], [-0.0453551403878951, 51.5314424180491], [-0.0515043932889402, 51.5305316931784], [-0.0538927939292168, 51.5329776042048], [-0.0525324765050698, 51.5348034512431], [-0.0444808352131264, 51.5318501568882]]]}, "properties": {"FID": 3999, "LSOA21CD": "E01004201", "LSOA21NM": "Tower Hamlets 002D", "LSOA21NMW": " ", "BNG_E": 535390, "BNG_N": 183327, "LAT": 51.53262, "LONG": -0.04944, "GlobalID": "1c69e8b2-1fcf-40d4-b69b-8f9f1b577e29"}}, {"type": "Feature", "id": 4000, "geometry": {"type": "Polygon", "coordinates": [[[-0.0588247324368148, 51.534105094875], [-0.0598248928680955, 51.5321587390944], [-0.064081025288424, 51.5314606788511], [-0.0660548906450194, 51.531682214071], [-0.0656414888266564, 51.5323929012623], [-0.0624446571928337, 51.5355176065843], [-0.0588247324368148, 51.534105094875]]]}, "properties": {"FID": 4000, "LSOA21CD": "E01004202", "LSOA21NM": "Tower Hamlets 005B", "LSOA21NMW": " ", "BNG_E": 534615, "BNG_N": 183389, "LAT": 51.53337, "LONG": -0.06058, "GlobalID": "fc7f8670-271a-42cd-8eee-86bd2262ced2"}}, {"type": "Feature", "id": 4001, "geometry": {"type": "Polygon", "coordinates": [[[-0.0577905999609503, 51.5279830646779], [-0.0558317168594516, 51.5293193340981], [-0.0553682146151391, 51.5275413990751], [-0.055712931655949, 51.5274949270078], [-0.0646095517803235, 51.5264576575752], [-0.0647883311003285, 51.5270352373956], [-0.0626168908346166, 51.5295656364608], [-0.0598871813331665, 51.5296778405012], [-0.0577905999609503, 51.5279830646779]]]}, "properties": {"FID": 4001, "LSOA21CD": "E01004203", "LSOA21NM": "Tower Hamlets 005C", "LSOA21NMW": " ", "BNG_E": 534668, "BNG_N": 182827, "LAT": 51.5283, "LONG": -0.06003, "GlobalID": "2b757056-a652-4c8b-b1e8-17914ba99c79"}}, {"type": "Feature", "id": 4002, "geometry": {"type": "Polygon", "coordinates": [[[-0.064081025288424, 51.5314606788511], [-0.0626168908346166, 51.5295656364608], [-0.0647883311003285, 51.5270352373956], [-0.0651870792573891, 51.5283194790749], [-0.0662867998752833, 51.5312281581069], [-0.0660548906450194, 51.531682214071], [-0.064081025288424, 51.5314606788511]]]}, "properties": {"FID": 4002, "LSOA21CD": "E01004204", "LSOA21NM": "Tower Hamlets 005D", "LSOA21NMW": " ", "BNG_E": 534396, "BNG_N": 182890, "LAT": 51.52894, "LONG": -0.06393, "GlobalID": "69d39645-691b-487e-884f-ad2f21cac5f9"}}, {"type": "Feature", "id": 4003, "geometry": {"type": "Polygon", "coordinates": [[[-0.0580986275412596, 51.5220083567512], [-0.063115359712138, 51.5191295301095], [-0.063590734517248, 51.5199832456505], [-0.0642823926891613, 51.5215388115889], [-0.0640731620716546, 51.5232477654287], [-0.0639332595771783, 51.5237953684929], [-0.0625720384561902, 51.5218645583808], [-0.0593264779561639, 51.5242190816457], [-0.0580986275412596, 51.5220083567512]]]}, "properties": {"FID": 4003, "LSOA21CD": "E01004205", "LSOA21NM": "Tower Hamlets 013A", "LSOA21NMW": " ", "BNG_E": 534579, "BNG_N": 182088, "LAT": 51.52168, "LONG": -0.0616, "GlobalID": "98f35516-8f02-4946-a45a-eda7b543605d"}}, {"type": "Feature", "id": 4004, "geometry": {"type": "Polygon", "coordinates": [[[-0.0551201413347365, 51.522683327009], [-0.053853093845808, 51.522419717598], [-0.0580986275412596, 51.5220083567512], [-0.0593264779561639, 51.5242190816457], [-0.0585658189550907, 51.5246109869835], [-0.0551201413347365, 51.522683327009]]]}, "properties": {"FID": 4004, "LSOA21CD": "E01004206", "LSOA21NM": "Tower Hamlets 013B", "LSOA21NMW": " ", "BNG_E": 534958, "BNG_N": 182160, "LAT": 51.52224, "LONG": -0.05611, "GlobalID": "4f771506-f9e8-491e-9c25-8de5f0d33661"}}, {"type": "Feature", "id": 4005, "geometry": {"type": "Polygon", "coordinates": [[[-0.0471160963702212, 51.5227995932744], [-0.0462025298006203, 51.5218735196715], [-0.0490169596397536, 51.5213068409599], [-0.052917066192169, 51.5228221080849], [-0.0489166537234421, 51.524885999664], [-0.0471160963702212, 51.5227995932744]]]}, "properties": {"FID": 4005, "LSOA21CD": "E01004207", "LSOA21NM": "Tower Hamlets 011A", "LSOA21NMW": " ", "BNG_E": 535416, "BNG_N": 182268, "LAT": 51.5231, "LONG": -0.04947, "GlobalID": "f448a0d7-756d-44ea-9f2f-0409a7b36a5b"}}, {"type": "Feature", "id": 4006, "geometry": {"type": "Polygon", "coordinates": [[[-0.0490169596397536, 51.5213068409599], [-0.0529585339162053, 51.5204543080544], [-0.0627252087413581, 51.5184256572462], [-0.063115359712138, 51.5191295301095], [-0.0580986275412596, 51.5220083567512], [-0.053853093845808, 51.522419717598], [-0.0543113877639789, 51.5227982711555], [-0.052917066192169, 51.5228221080849], [-0.0490169596397536, 51.5213068409599]]]}, "properties": {"FID": 4006, "LSOA21CD": "E01004208", "LSOA21NM": "Tower Hamlets 013C", "LSOA21NMW": " ", "BNG_E": 534995, "BNG_N": 181980, "LAT": 51.52061, "LONG": -0.05565, "GlobalID": "c9d0cfeb-6252-4130-9257-6dec84e6ad99"}}, {"type": "Feature", "id": 4007, "geometry": {"type": "Polygon", "coordinates": [[[-0.0543113877639789, 51.5227982711555], [-0.053853093845808, 51.522419717598], [-0.0551201413347365, 51.522683327009], [-0.0552876554989317, 51.5273197042091], [-0.0533245297198994, 51.527578855563], [-0.0543113877639789, 51.5227982711555]]]}, "properties": {"FID": 4007, "LSOA21CD": "E01004209", "LSOA21NM": "Tower Hamlets 011B", "LSOA21NMW": " ", "BNG_E": 535114, "BNG_N": 182509, "LAT": 51.52534, "LONG": -0.05373, "GlobalID": "561f7872-bbdd-4e5a-9c2c-4014539fb728"}}, {"type": "Feature", "id": 4008, "geometry": {"type": "Polygon", "coordinates": [[[-0.0585658189550907, 51.5246109869835], [-0.0593264779561639, 51.5242190816457], [-0.0625720384561902, 51.5218645583808], [-0.0639332595771783, 51.5237953684929], [-0.0646095517803235, 51.5264576575752], [-0.055712931655949, 51.5274949270078], [-0.0585658189550907, 51.5246109869835]]]}, "properties": {"FID": 4008, "LSOA21CD": "E01004211", "LSOA21NM": "Tower Hamlets 013D", "LSOA21NMW": " ", "BNG_E": 534587, "BNG_N": 182426, "LAT": 51.52472, "LONG": -0.06135, "GlobalID": "74f5c692-62f1-46eb-b36e-2c2eab3009af"}}, {"type": "Feature", "id": 4009, "geometry": {"type": "Polygon", "coordinates": [[[-0.0552876554989317, 51.5273197042091], [-0.0551201413347365, 51.522683327009], [-0.0585658189550907, 51.5246109869835], [-0.055712931655949, 51.5274949270078], [-0.0553682146151391, 51.5275413990751], [-0.0552876554989317, 51.5273197042091]]]}, "properties": {"FID": 4009, "LSOA21CD": "E01004212", "LSOA21NM": "Tower Hamlets 011D", "LSOA21NMW": " ", "BNG_E": 534898, "BNG_N": 182556, "LAT": 51.52581, "LONG": -0.05682, "GlobalID": "cb6c6e49-707f-421a-9d26-376f0abe62e7"}}, {"type": "Feature", "id": 4010, "geometry": {"type": "Polygon", "coordinates": [[[-0.00560259600503682, 51.4956832170193], [-0.00692957739706519, 51.4953995241952], [-0.00960347583685946, 51.4975133071813], [-0.00693762202714556, 51.4981725052438], [-0.00560259600503682, 51.4956832170193]]]}, "properties": {"FID": 4010, "LSOA21CD": "E01004214", "LSOA21NM": "Tower Hamlets 030A", "LSOA21NMW": " ", "BNG_E": 538400, "BNG_N": 179415, "LAT": 51.49674, "LONG": -0.00761, "GlobalID": "da146034-bbcf-4876-bf10-0903432a23fc"}}, {"type": "Feature", "id": 4011, "geometry": {"type": "Polygon", "coordinates": [[[-0.00396243619921937, 51.492624581238], [-0.00801120643163345, 51.4912889265045], [-0.00820733762082633, 51.4941802258417], [-0.00692957739706519, 51.4953995241952], [-0.00560259600503682, 51.4956832170193], [-0.00396243619921937, 51.492624581238]]]}, "properties": {"FID": 4011, "LSOA21CD": "E01004216", "LSOA21NM": "Tower Hamlets 030B", "LSOA21NMW": " ", "BNG_E": 538500, "BNG_N": 179112, "LAT": 51.49399, "LONG": -0.00628, "GlobalID": "5742e116-d38e-4382-bc3c-a0b2eb846dec"}}, {"type": "Feature", "id": 4012, "geometry": {"type": "Polygon", "coordinates": [[[-0.00820733762082633, 51.4941802258417], [-0.00801120643163345, 51.4912889265045], [-0.00852826876118544, 51.4869240632359], [-0.0131595171013899, 51.4864669582061], [-0.013308662357604, 51.487196644449], [-0.0156082127379523, 51.4907359146617], [-0.0147390491734916, 51.4934112057192], [-0.0142834286750668, 51.4945440222142], [-0.00820733762082633, 51.4941802258417]]]}, "properties": {"FID": 4012, "LSOA21CD": "E01004217", "LSOA21NM": "Tower Hamlets 030C", "LSOA21NMW": " ", "BNG_E": 538202, "BNG_N": 178715, "LAT": 51.4905, "LONG": -0.01073, "GlobalID": "f3616fe3-a325-4e2e-9a4a-e0c2e85d6c96"}}, {"type": "Feature", "id": 4013, "geometry": {"type": "Polygon", "coordinates": [[[-0.00852826876118544, 51.4869240632359], [-0.00801120643163345, 51.4912889265045], [-0.00396243619921937, 51.492624581238], [-0.00323674392972222, 51.4912711514299], [-0.00302449911028931, 51.4908752952604], [-0.0065000193329938, 51.4871241913737], [-0.00852826876118544, 51.4869240632359]]]}, "properties": {"FID": 4013, "LSOA21CD": "E01004218", "LSOA21NM": "Tower Hamlets 030D", "LSOA21NMW": " ", "BNG_E": 538495, "BNG_N": 178453, "LAT": 51.48807, "LONG": -0.00662, "GlobalID": "56b61e8c-1ae2-4035-bd02-2eacd1c43c82"}}, {"type": "Feature", "id": 4014, "geometry": {"type": "Polygon", "coordinates": [[[-0.00443543695007631, 51.5112567013342], [-0.00542809985466102, 51.5080000999543], [-0.00527598561429404, 51.5078536229655], [-0.0121214949932258, 51.5073093367572], [-0.0120463252471366, 51.507584327819], [-0.0131446427454038, 51.5111949615493], [-0.00773419482015804, 51.5114775895174], [-0.00429313567399024, 51.5120559824558], [-0.00443543695007631, 51.5112567013342]]]}, "properties": {"FID": 4014, "LSOA21CD": "E01004219", "LSOA21NM": "Tower Hamlets 035B", "LSOA21NMW": " ", "BNG_E": 538286, "BNG_N": 180813, "LAT": 51.50933, "LONG": -0.0087, "GlobalID": "b2c0f485-f981-44f0-85f0-37938441707c"}}, {"type": "Feature", "id": 4015, "geometry": {"type": "Polygon", "coordinates": [[[-0.00544338497232682, 51.5042549457156], [-0.00791528475568811, 51.5020081083794], [-0.00864106836119252, 51.5013483513626], [-0.00693762202714556, 51.4981725052438], [-0.00960347583685946, 51.4975133071813], [-0.0135004553986219, 51.4982880647716], [-0.0136739407533465, 51.498300878698], [-0.0133937023823142, 51.4998247577902], [-0.00726902760028023, 51.5051138434416], [-0.00544338497232682, 51.5042549457156]]]}, "properties": {"FID": 4015, "LSOA21CD": "E01004221", "LSOA21NM": "Tower Hamlets 036A", "LSOA21NMW": " ", "BNG_E": 538220, "BNG_N": 179750, "LAT": 51.4998, "LONG": -0.01007, "GlobalID": "d99ff202-f428-44ad-80e1-250ef0976cab"}}, {"type": "Feature", "id": 4016, "geometry": {"type": "Polygon", "coordinates": [[[-0.0278734121328832, 51.5356293058577], [-0.0275849777893429, 51.5338334463148], [-0.0322356032945637, 51.532381066697], [-0.0326166841425889, 51.5329665220116], [-0.0345874196368437, 51.5363244147327], [-0.0278734121328832, 51.5356293058577]]]}, "properties": {"FID": 4016, "LSOA21CD": "E01004222", "LSOA21NM": "Tower Hamlets 001A", "LSOA21NMW": " ", "BNG_E": 536682, "BNG_N": 183546, "LAT": 51.53428, "LONG": -0.03074, "GlobalID": "a845483f-3c3c-41ff-b087-198b4abc12bf"}}, {"type": "Feature", "id": 4017, "geometry": {"type": "Polygon", "coordinates": [[[-0.0273089709246049, 51.5426561657805], [-0.0265508671352096, 51.5414059158149], [-0.0261642319404827, 51.5398123942616], [-0.0278734121328832, 51.5356293058577], [-0.0345874196368437, 51.5363244147327], [-0.0407094478375987, 51.5381015700102], [-0.0373363502786367, 51.541232431493], [-0.0357231104952492, 51.5430062260646], [-0.033036601299215, 51.5446429374621], [-0.0273089709246049, 51.5426561657805]]]}, "properties": {"FID": 4017, "LSOA21CD": "E01004223", "LSOA21NM": "Tower Hamlets 001B", "LSOA21NMW": " ", "BNG_E": 536488, "BNG_N": 184256, "LAT": 51.54071, "LONG": -0.03326, "GlobalID": "297e4e16-aaed-4603-9be7-35c633c85056"}}, {"type": "Feature", "id": 4018, "geometry": {"type": "Polygon", "coordinates": [[[-0.0257702006633016, 51.5321213178677], [-0.0300092758498152, 51.5295748392856], [-0.0304795617941195, 51.5300917587111], [-0.0322356032945637, 51.532381066697], [-0.0275849777893429, 51.5338334463148], [-0.0257702006633016, 51.5321213178677]]]}, "properties": {"FID": 4018, "LSOA21CD": "E01004226", "LSOA21NM": "Tower Hamlets 001D", "LSOA21NMW": " ", "BNG_E": 536808, "BNG_N": 183283, "LAT": 51.53189, "LONG": -0.02902, "GlobalID": "2f141518-9c6a-4230-96b8-abcd9c11b958"}}, {"type": "Feature", "id": 4019, "geometry": {"type": "Polygon", "coordinates": [[[-0.0322356032945637, 51.532381066697], [-0.0304795617941195, 51.5300917587111], [-0.030812873448007, 51.5279160200966], [-0.0367488833209649, 51.5280073609819], [-0.0365763926700127, 51.5316280789324], [-0.0336286708094765, 51.5324621802344], [-0.0326166841425889, 51.5329665220116], [-0.0322356032945637, 51.532381066697]]]}, "properties": {"FID": 4019, "LSOA21CD": "E01004228", "LSOA21NM": "Tower Hamlets 003A", "LSOA21NMW": " ", "BNG_E": 536485, "BNG_N": 183113, "LAT": 51.53044, "LONG": -0.03374, "GlobalID": "e12f499f-b017-4836-b639-42e711d7ee57"}}, {"type": "Feature", "id": 4020, "geometry": {"type": "Polygon", "coordinates": [[[-0.0300092758498152, 51.5295748392856], [-0.0272217635508526, 51.5296684168263], [-0.0268834110747447, 51.5267767758795], [-0.0279533098345578, 51.526544676608], [-0.0298016140976579, 51.5261653853236], [-0.030812873448007, 51.5279160200966], [-0.0304795617941195, 51.5300917587111], [-0.0300092758498152, 51.5295748392856]]]}, "properties": {"FID": 4020, "LSOA21CD": "E01004229", "LSOA21NM": "Tower Hamlets 004C", "LSOA21NMW": " ", "BNG_E": 536784, "BNG_N": 182830, "LAT": 51.52782, "LONG": -0.02955, "GlobalID": "7a85f128-7dc6-4e69-a219-c1e7fecf9a1a"}}, {"type": "Feature", "id": 4021, "geometry": {"type": "Polygon", "coordinates": [[[-0.0367488833209649, 51.5280073609819], [-0.039998025723591, 51.5273965778761], [-0.0422021870931525, 51.5303875108596], [-0.0365763926700127, 51.5316280789324], [-0.0367488833209649, 51.5280073609819]]]}, "properties": {"FID": 4021, "LSOA21CD": "E01004230", "LSOA21NM": "Tower Hamlets 003B", "LSOA21NMW": " ", "BNG_E": 536196, "BNG_N": 183014, "LAT": 51.52962, "LONG": -0.03795, "GlobalID": "d6464021-c99e-4bac-bb70-7cf9c815410c"}}, {"type": "Feature", "id": 4022, "geometry": {"type": "Polygon", "coordinates": [[[-0.0210067212369921, 51.5279294421205], [-0.0257140693236199, 51.5270301155997], [-0.0268834110747447, 51.5267767758795], [-0.0272217635508526, 51.5296684168263], [-0.0268740542616833, 51.5296997312796], [-0.022978632288705, 51.5303302680294], [-0.0210067212369921, 51.5279294421205]]]}, "properties": {"FID": 4022, "LSOA21CD": "E01004231", "LSOA21NM": "Tower Hamlets 004D", "LSOA21NMW": " ", "BNG_E": 537147, "BNG_N": 182922, "LAT": 51.52856, "LONG": -0.02428, "GlobalID": "74e3de46-eace-4663-ab01-1654acf78be6"}}, {"type": "Feature", "id": 4023, "geometry": {"type": "Polygon", "coordinates": [[[-0.0298016140976579, 51.5261653853236], [-0.0305633543561625, 51.5259944113815], [-0.0348945140404595, 51.5249957554982], [-0.0370684008180344, 51.5242381722242], [-0.0399388865325445, 51.5273060374705], [-0.039998025723591, 51.5273965778761], [-0.0367488833209649, 51.5280073609819], [-0.030812873448007, 51.5279160200966], [-0.0298016140976579, 51.5261653853236]]]}, "properties": {"FID": 4023, "LSOA21CD": "E01004232", "LSOA21NM": "Tower Hamlets 003C", "LSOA21NMW": " ", "BNG_E": 536404, "BNG_N": 182685, "LAT": 51.52661, "LONG": -0.03508, "GlobalID": "018636cb-a3e7-422f-b04d-4d232f3ca39c"}}, {"type": "Feature", "id": 4024, "geometry": {"type": "Polygon", "coordinates": [[[-0.0326166841425889, 51.5329665220116], [-0.0336286708094765, 51.5324621802344], [-0.0373053303705016, 51.5341222310393], [-0.0345874196368437, 51.5363244147327], [-0.0326166841425889, 51.5329665220116]]]}, "properties": {"FID": 4024, "LSOA21CD": "E01004233", "LSOA21NM": "Tower Hamlets 003D", "LSOA21NMW": " ", "BNG_E": 536391, "BNG_N": 183534, "LAT": 51.53424, "LONG": -0.03494, "GlobalID": "ee08d719-d40b-43e4-afad-2c405730538a"}}, {"type": "Feature", "id": 4025, "geometry": {"type": "Polygon", "coordinates": [[[-0.0345874196368437, 51.5363244147327], [-0.0373053303705016, 51.5341222310393], [-0.0336286708094765, 51.5324621802344], [-0.0365763926700127, 51.5316280789324], [-0.0422021870931525, 51.5303875108596], [-0.0444808352131264, 51.5318501568882], [-0.0525324765050698, 51.5348034512431], [-0.0528135720964294, 51.5348896888436], [-0.0488695931770427, 51.5359875305629], [-0.0420872983551144, 51.5371245035084], [-0.0407094478375987, 51.5381015700102], [-0.0345874196368437, 51.5363244147327]]]}, "properties": {"FID": 4025, "LSOA21CD": "E01004234", "LSOA21NM": "Tower Hamlets 003E", "LSOA21NMW": " ", "BNG_E": 535740, "BNG_N": 183525, "LAT": 51.53432, "LONG": -0.04432, "GlobalID": "ff06fecc-7d18-4130-ba3d-a8ae8d037ab9"}}, {"type": "Feature", "id": 4026, "geometry": {"type": "Polygon", "coordinates": [[[-0.0130916294503294, 51.5289218184658], [-0.0161853533345054, 51.5274298427118], [-0.0178035562543594, 51.5283171232131], [-0.0137079901003501, 51.5298100931522], [-0.0130916294503294, 51.5289218184658]]]}, "properties": {"FID": 4026, "LSOA21CD": "E01004235", "LSOA21NM": "Tower Hamlets 008A", "LSOA21NMW": " ", "BNG_E": 537791, "BNG_N": 182944, "LAT": 51.5286, "LONG": -0.01499, "GlobalID": "bd892cc6-bcb4-42ab-aeac-5c5a1cb0d2be"}}, {"type": "Feature", "id": 4027, "geometry": {"type": "Polygon", "coordinates": [[[-0.011381192945801, 51.5257982969456], [-0.01518447075878, 51.5245597926213], [-0.016633700437261, 51.5263738533382], [-0.0161853533345054, 51.5274298427118], [-0.0130916294503294, 51.5289218184658], [-0.011381192945801, 51.5257982969456]]]}, "properties": {"FID": 4027, "LSOA21CD": "E01004236", "LSOA21NM": "Tower Hamlets 008B", "LSOA21NMW": " ", "BNG_E": 537892, "BNG_N": 182739, "LAT": 51.52674, "LONG": -0.01362, "GlobalID": "046e0ffb-229e-4ff2-9d82-6caf78d9e04c"}}, {"type": "Feature", "id": 4028, "geometry": {"type": "Polygon", "coordinates": [[[-0.0161853533345054, 51.5274298427118], [-0.016633700437261, 51.5263738533382], [-0.0188476601218614, 51.5246621461575], [-0.0210067212369921, 51.5279294421205], [-0.0190327002014491, 51.5281384722202], [-0.0178035562543594, 51.5283171232131], [-0.0161853533345054, 51.5274298427118]]]}, "properties": {"FID": 4028, "LSOA21CD": "E01004237", "LSOA21NM": "Tower Hamlets 008C", "LSOA21NMW": " ", "BNG_E": 537579, "BNG_N": 182702, "LAT": 51.52648, "LONG": -0.01814, "GlobalID": "6379c2c0-493a-4c22-9ea5-b1dc3f98d60d"}}, {"type": "Feature", "id": 4029, "geometry": {"type": "Polygon", "coordinates": [[[-0.01518447075878, 51.5245597926213], [-0.0150858825028535, 51.5241207254084], [-0.0160647470770649, 51.5220574334869], [-0.018560707883179, 51.5219236510871], [-0.0200649896215434, 51.5211860661093], [-0.0194606337799437, 51.5221631285001], [-0.0194789657651023, 51.5245366899118], [-0.0188476601218614, 51.5246621461575], [-0.016633700437261, 51.5263738533382], [-0.01518447075878, 51.5245597926213]]]}, "properties": {"FID": 4029, "LSOA21CD": "E01004239", "LSOA21NM": "Tower Hamlets 008E", "LSOA21NMW": " ", "BNG_E": 537632, "BNG_N": 182448, "LAT": 51.52418, "LONG": -0.01748, "GlobalID": "01d8efef-6bdd-41e5-925b-3f993b1cf201"}}, {"type": "Feature", "id": 4030, "geometry": {"type": "Polygon", "coordinates": [[[-0.0194606337799437, 51.5221631285001], [-0.0243878100364203, 51.5227920166414], [-0.0194789657651023, 51.5245366899118], [-0.0194606337799437, 51.5221631285001]]]}, "properties": {"FID": 4030, "LSOA21CD": "E01004240", "LSOA21NM": "Tower Hamlets 012A", "LSOA21NMW": " ", "BNG_E": 537357, "BNG_N": 182314, "LAT": 51.52305, "LONG": -0.02149, "GlobalID": "b21cda19-e254-4d16-b630-2bb677a89ea8"}}, {"type": "Feature", "id": 4031, "geometry": {"type": "Polygon", "coordinates": [[[-0.0194606337799437, 51.5221631285001], [-0.0200649896215434, 51.5211860661093], [-0.022195426779254, 51.5187969091524], [-0.0231154447108507, 51.5185215306931], [-0.0247438949648034, 51.5197714412713], [-0.0273536392187112, 51.5207564673645], [-0.0243878100364203, 51.5227920166414], [-0.0194606337799437, 51.5221631285001]]]}, "properties": {"FID": 4031, "LSOA21CD": "E01004241", "LSOA21NM": "Tower Hamlets 012B", "LSOA21NMW": " ", "BNG_E": 537203, "BNG_N": 182044, "LAT": 51.52066, "LONG": -0.02382, "GlobalID": "20e24d2e-c1b3-4dc4-80b0-7ad63062dbd2"}}, {"type": "Feature", "id": 4032, "geometry": {"type": "Polygon", "coordinates": [[[-0.0025940743804552, 51.5123682161917], [-0.00429313567399024, 51.5120559824558], [-0.00773419482015804, 51.5114775895174], [-0.00984334855958249, 51.5136735278022], [-0.00526762991921054, 51.5149670428934], [-0.0025940743804552, 51.5123682161917]]]}, "properties": {"FID": 4032, "LSOA21CD": "E01004243", "LSOA21NM": "Tower Hamlets 020A", "LSOA21NMW": " ", "BNG_E": 538425, "BNG_N": 181264, "LAT": 51.51335, "LONG": -0.00652, "GlobalID": "ca014c79-f4a6-49dd-9c28-e67c2225a260"}}, {"type": "Feature", "id": 4033, "geometry": {"type": "Polygon", "coordinates": [[[-0.0166405948932425, 51.5143138227904], [-0.0149974819319941, 51.5134329773394], [-0.0144958987959715, 51.5111160320059], [-0.0209454252821166, 51.5108151856928], [-0.0199860979073123, 51.5122811903925], [-0.0195565388066094, 51.5147440297498], [-0.0166405948932425, 51.5143138227904]]]}, "properties": {"FID": 4033, "LSOA21CD": "E01004244", "LSOA21NM": "Tower Hamlets 020B", "LSOA21NMW": " ", "BNG_E": 537676, "BNG_N": 181151, "LAT": 51.51252, "LONG": -0.01735, "GlobalID": "69b5eca2-5805-4d06-85ee-173fc2d436b0"}}, {"type": "Feature", "id": 4034, "geometry": {"type": "Polygon", "coordinates": [[[0.00413940881505855, 51.5146380878383], [-0.0025940743804552, 51.5123682161917], [-0.00526762991921054, 51.5149670428934], [-0.00577549211368269, 51.5170663777904], [0.00413940881505855, 51.5146380878383]]]}, "properties": {"FID": 4034, "LSOA21CD": "E01004245", "LSOA21NM": "Tower Hamlets 018A", "LSOA21NMW": " ", "BNG_E": 538811, "BNG_N": 181464, "LAT": 51.51505, "LONG": -0.00088, "GlobalID": "4b54d574-2d00-4575-a94c-e4e1dfa2ba83"}}, {"type": "Feature", "id": 4035, "geometry": {"type": "Polygon", "coordinates": [[[-0.00984334855958249, 51.5136735278022], [-0.00773419482015804, 51.5114775895174], [-0.0131446427454038, 51.5111949615493], [-0.0144958987959715, 51.5111160320059], [-0.0149974819319941, 51.5134329773394], [-0.00998258461968331, 51.5139320050165], [-0.00984334855958249, 51.5136735278022]]]}, "properties": {"FID": 4035, "LSOA21CD": "E01004247", "LSOA21NM": "Tower Hamlets 020C", "LSOA21NMW": " ", "BNG_E": 538056, "BNG_N": 181175, "LAT": 51.51264, "LONG": -0.01187, "GlobalID": "9f327400-6bd9-4fba-b4bf-5a13a7aded56"}}, {"type": "Feature", "id": 4036, "geometry": {"type": "Polygon", "coordinates": [[[-0.00784421574231777, 51.5231295091093], [-0.00809866061309848, 51.5194476618735], [-0.0133635587589943, 51.5173796989352], [-0.0142288971126702, 51.5196132415947], [-0.0138262179378521, 51.5197867117538], [-0.00809516749254679, 51.5237393289105], [-0.00784421574231777, 51.5231295091093]]]}, "properties": {"FID": 4036, "LSOA21CD": "E01004248", "LSOA21NM": "Tower Hamlets 018C", "LSOA21NMW": " ", "BNG_E": 538087, "BNG_N": 181904, "LAT": 51.51919, "LONG": -0.01114, "GlobalID": "80ec8791-057a-4d7c-90b0-fa0ff3499f07"}}, {"type": "Feature", "id": 4037, "geometry": {"type": "Polygon", "coordinates": [[[-0.00577549211368269, 51.5170663777904], [-0.00526762991921054, 51.5149670428934], [-0.00984334855958249, 51.5136735278022], [-0.00998258461968331, 51.5139320050165], [-0.00906702102578905, 51.5160493384076], [-0.0141137247239788, 51.5153810954454], [-0.0133635587589943, 51.5173796989352], [-0.00809866061309848, 51.5194476618735], [-0.00577549211368269, 51.5170663777904]]]}, "properties": {"FID": 4037, "LSOA21CD": "E01004249", "LSOA21NM": "Tower Hamlets 018D", "LSOA21NMW": " ", "BNG_E": 538141, "BNG_N": 181612, "LAT": 51.51655, "LONG": -0.01047, "GlobalID": "4a0320db-18d8-47be-b156-81ff87cf3aa7"}}, {"type": "Feature", "id": 4038, "geometry": {"type": "Polygon", "coordinates": [[[-0.028396024683108, 51.5146669688423], [-0.0282297226122301, 51.5143382701236], [-0.0290629596128311, 51.5130521740831], [-0.0321593418850764, 51.5126964414585], [-0.0355224256688487, 51.5140949696037], [-0.0338346703988066, 51.5162731884968], [-0.028396024683108, 51.5146669688423]]]}, "properties": {"FID": 4038, "LSOA21CD": "E01004251", "LSOA21NM": "Tower Hamlets 023A", "LSOA21NMW": " ", "BNG_E": 536674, "BNG_N": 181342, "LAT": 51.51448, "LONG": -0.03171, "GlobalID": "44fee0e2-09c1-48b4-813b-e60bd1c7bec1"}}, {"type": "Feature", "id": 4039, "geometry": {"type": "Polygon", "coordinates": [[[-0.0254217498460737, 51.5105275160866], [-0.0243814575763765, 51.509913755902], [-0.0251509430355134, 51.5095142379407], [-0.0292283186796648, 51.5078706866641], [-0.0302303934562805, 51.5109734013667], [-0.0285563029178839, 51.5117655470858], [-0.0254217498460737, 51.5105275160866]]]}, "properties": {"FID": 4039, "LSOA21CD": "E01004255", "LSOA21NM": "Tower Hamlets 023C", "LSOA21NMW": " ", "BNG_E": 536973, "BNG_N": 180854, "LAT": 51.51002, "LONG": -0.02759, "GlobalID": "8ac01b78-ffe4-4892-a532-f590f4aea00e"}}, {"type": "Feature", "id": 4040, "geometry": {"type": "Polygon", "coordinates": [[[-0.0133624762324963, 51.5074071486151], [-0.0251509430355134, 51.5095142379407], [-0.0243814575763765, 51.509913755902], [-0.0210427903038913, 51.5108097475781], [-0.0133624762324963, 51.5074071486151]]]}, "properties": {"FID": 4040, "LSOA21CD": "E01004256", "LSOA21NM": "Tower Hamlets 024C", "LSOA21NMW": " ", "BNG_E": 537351, "BNG_N": 180784, "LAT": 51.5093, "LONG": -0.02217, "GlobalID": "386f21a6-4e5d-4e7d-8978-ff2b30bed4c7"}}, {"type": "Feature", "id": 4041, "geometry": {"type": "Polygon", "coordinates": [[[-0.0120463252471366, 51.507584327819], [-0.0133624762324963, 51.5074071486151], [-0.0210427903038913, 51.5108097475781], [-0.0209454252821166, 51.5108151856928], [-0.0144958987959715, 51.5111160320059], [-0.0131446427454038, 51.5111949615493], [-0.0120463252471366, 51.507584327819]]]}, "properties": {"FID": 4041, "LSOA21CD": "E01004257", "LSOA21NM": "Tower Hamlets 024D", "LSOA21NMW": " ", "BNG_E": 537783, "BNG_N": 180801, "LAT": 51.50935, "LONG": -0.01595, "GlobalID": "964d0c94-a75f-4a3c-900a-06055fca56dd"}}, {"type": "Feature", "id": 4042, "geometry": {"type": "Polygon", "coordinates": [[[-0.0292283186796648, 51.5078706866641], [-0.0304251081627072, 51.5072104141479], [-0.0360988042946298, 51.5084533360098], [-0.0302303934562805, 51.5109734013667], [-0.0292283186796648, 51.5078706866641]]]}, "properties": {"FID": 4042, "LSOA21CD": "E01004258", "LSOA21NM": "Tower Hamlets 023D", "LSOA21NMW": " ", "BNG_E": 536663, "BNG_N": 180770, "LAT": 51.50934, "LONG": -0.03209, "GlobalID": "276a2a78-9272-4c38-8b2a-043a30a96a6b"}}, {"type": "Feature", "id": 4043, "geometry": {"type": "Polygon", "coordinates": [[[-0.049270429117319, 51.5288574185685], [-0.0461219219015571, 51.5264612676523], [-0.0461498131209604, 51.52618874496], [-0.0491409466466584, 51.5250926994857], [-0.0533245297198994, 51.527578855563], [-0.0552876554989317, 51.5273197042091], [-0.0553682146151391, 51.5275413990751], [-0.0558317168594516, 51.5293193340981], [-0.0538280178449932, 51.5298990767457], [-0.049270429117319, 51.5288574185685]]]}, "properties": {"FID": 4043, "LSOA21CD": "E01004259", "LSOA21NM": "Tower Hamlets 007A", "LSOA21NMW": " ", "BNG_E": 535297, "BNG_N": 182866, "LAT": 51.5285, "LONG": -0.05096, "GlobalID": "0d726f5f-deb2-4f57-b3ba-89eeb6a13a19"}}, {"type": "Feature", "id": 4044, "geometry": {"type": "Polygon", "coordinates": [[[-0.043518997667837, 51.5268949166591], [-0.0461219219015571, 51.5264612676523], [-0.049270429117319, 51.5288574185685], [-0.0473719485467872, 51.5290204508909], [-0.0452704137176584, 51.5294374656729], [-0.043518997667837, 51.5268949166591]]]}, "properties": {"FID": 4044, "LSOA21CD": "E01004260", "LSOA21NM": "Tower Hamlets 007B", "LSOA21NMW": " ", "BNG_E": 535620, "BNG_N": 182823, "LAT": 51.52804, "LONG": -0.04632, "GlobalID": "a2d5241f-d2b7-4d4e-9093-279252830e40"}}, {"type": "Feature", "id": 4045, "geometry": {"type": "Polygon", "coordinates": [[[-0.0471160963702212, 51.5227995932744], [-0.0489166537234421, 51.524885999664], [-0.0491409466466584, 51.5250926994857], [-0.0461498131209604, 51.52618874496], [-0.0438021554142993, 51.5238442356203], [-0.0471160963702212, 51.5227995932744]]]}, "properties": {"FID": 4045, "LSOA21CD": "E01004263", "LSOA21NM": "Tower Hamlets 007C", "LSOA21NMW": " ", "BNG_E": 535620, "BNG_N": 182435, "LAT": 51.52455, "LONG": -0.04647, "GlobalID": "6ca90d1d-2ed8-4264-87d6-38ad13104c03"}}, {"type": "Feature", "id": 4046, "geometry": {"type": "Polygon", "coordinates": [[[-0.0364416067439422, 51.521466549046], [-0.0412519309791568, 51.520716032063], [-0.0423880190909796, 51.5204821148053], [-0.0449200711048645, 51.5209762265031], [-0.0364765129883092, 51.5219680677895], [-0.0364416067439422, 51.521466549046]]]}, "properties": {"FID": 4046, "LSOA21CD": "E01004264", "LSOA21NM": "Tower Hamlets 010C", "LSOA21NMW": " ", "BNG_E": 536100, "BNG_N": 182088, "LAT": 51.52132, "LONG": -0.03969, "GlobalID": "ef0a5022-7909-4194-9bd6-4bab59139b15"}}, {"type": "Feature", "id": 4047, "geometry": {"type": "Polygon", "coordinates": [[[-0.0473719485467872, 51.5290204508909], [-0.049270429117319, 51.5288574185685], [-0.0538280178449932, 51.5298990767457], [-0.0521894991643112, 51.5303334817971], [-0.0515043932889402, 51.5305316931784], [-0.0453551403878951, 51.5314424180491], [-0.0473719485467872, 51.5290204508909]]]}, "properties": {"FID": 4047, "LSOA21CD": "E01004266", "LSOA21NM": "Tower Hamlets 007D", "LSOA21NMW": " ", "BNG_E": 535334, "BNG_N": 183047, "LAT": 51.53012, "LONG": -0.05035, "GlobalID": "da1d1373-ab1a-499c-ab4d-a555624bfd25"}}, {"type": "Feature", "id": 4048, "geometry": {"type": "Polygon", "coordinates": [[[-0.0188476601218614, 51.5246621461575], [-0.0194789657651023, 51.5245366899118], [-0.0243878100364203, 51.5227920166414], [-0.0273536392187112, 51.5207564673645], [-0.0274716522163576, 51.5207831717868], [-0.0282664981757909, 51.5234044068026], [-0.0260870194484454, 51.5247799790869], [-0.0257140693236199, 51.5270301155997], [-0.0210067212369921, 51.5279294421205], [-0.0188476601218614, 51.5246621461575]]]}, "properties": {"FID": 4048, "LSOA21CD": "E01004267", "LSOA21NM": "Tower Hamlets 012D", "LSOA21NMW": " ", "BNG_E": 537214, "BNG_N": 182585, "LAT": 51.52552, "LONG": -0.02345, "GlobalID": "7bc0a0a8-8286-43b4-a1a8-32ee2cd95bd0"}}, {"type": "Feature", "id": 4049, "geometry": {"type": "Polygon", "coordinates": [[[-0.0260870194484454, 51.5247799790869], [-0.0279533098345578, 51.526544676608], [-0.0268834110747447, 51.5267767758795], [-0.0257140693236199, 51.5270301155997], [-0.0260870194484454, 51.5247799790869]]]}, "properties": {"FID": 4049, "LSOA21CD": "E01004268", "LSOA21NM": "Tower Hamlets 012E", "LSOA21NMW": " ", "BNG_E": 536982, "BNG_N": 182597, "LAT": 51.52568, "LONG": -0.02678, "GlobalID": "afef70d5-ad18-4413-b0ee-e592d5ae30a8"}}, {"type": "Feature", "id": 4050, "geometry": {"type": "Polygon", "coordinates": [[[-0.0307208716176896, 51.523652441676], [-0.0282664981757909, 51.5234044068026], [-0.0274716522163576, 51.5207831717868], [-0.0306107307899569, 51.521313489007], [-0.0305115835518547, 51.5186526972425], [-0.0356445744084409, 51.5184522148674], [-0.0364416067439422, 51.521466549046], [-0.0364765129883092, 51.5219680677895], [-0.0370684008180344, 51.5242381722242], [-0.0348945140404595, 51.5249957554982], [-0.0299358601928615, 51.5218227622821], [-0.0307208716176896, 51.523652441676]]]}, "properties": {"FID": 4050, "LSOA21CD": "E01004270", "LSOA21NM": "Tower Hamlets 014B", "LSOA21NMW": " ", "BNG_E": 536616, "BNG_N": 181984, "LAT": 51.52026, "LONG": -0.03229, "GlobalID": "850f16f8-5b2c-4e8d-8ae6-33f5a0e30d11"}}, {"type": "Feature", "id": 4051, "geometry": {"type": "Polygon", "coordinates": [[[-0.0274716522163576, 51.5207831717868], [-0.0273536392187112, 51.5207564673645], [-0.0247438949648034, 51.5197714412713], [-0.0276317714566933, 51.5177463324824], [-0.0305115835518547, 51.5186526972425], [-0.0306107307899569, 51.521313489007], [-0.0274716522163576, 51.5207831717868]]]}, "properties": {"FID": 4051, "LSOA21CD": "E01004271", "LSOA21NM": "Tower Hamlets 014C", "LSOA21NMW": " ", "BNG_E": 536834, "BNG_N": 181884, "LAT": 51.51931, "LONG": -0.02919, "GlobalID": "a2095ad6-e5c0-4a21-b3cf-a6330ae98aea"}}, {"type": "Feature", "id": 4052, "geometry": {"type": "Polygon", "coordinates": [[[-0.0231154447108507, 51.5185215306931], [-0.0219795200026377, 51.5168700587624], [-0.0267576885872972, 51.5168560023899], [-0.0276317714566933, 51.5177463324824], [-0.0247438949648034, 51.5197714412713], [-0.0231154447108507, 51.5185215306931]]]}, "properties": {"FID": 4052, "LSOA21CD": "E01004272", "LSOA21NM": "Tower Hamlets 014D", "LSOA21NMW": " ", "BNG_E": 537107, "BNG_N": 181746, "LAT": 51.518, "LONG": -0.02531, "GlobalID": "d3bfefca-7727-4532-b96b-876e9693b1ce"}}, {"type": "Feature", "id": 4053, "geometry": {"type": "Polygon", "coordinates": [[[-0.0195377348790389, 51.4904385417417], [-0.0200350696551427, 51.4888589489354], [-0.0210928568442257, 51.4880432431956], [-0.021695407554219, 51.4882855122987], [-0.0224363734057075, 51.4920005324091], [-0.0195377348790389, 51.4904385417417]]]}, "properties": {"FID": 4053, "LSOA21CD": "E01004274", "LSOA21NM": "Tower Hamlets 031A", "LSOA21NMW": " ", "BNG_E": 537446, "BNG_N": 178636, "LAT": 51.48997, "LONG": -0.02164, "GlobalID": "ed0aaea2-f397-4239-a64b-2dc544213bfa"}}, {"type": "Feature", "id": 4054, "geometry": {"type": "Polygon", "coordinates": [[[-0.013308662357604, 51.487196644449], [-0.0200350696551427, 51.4888589489354], [-0.0195377348790389, 51.4904385417417], [-0.0156082127379523, 51.4907359146617], [-0.013308662357604, 51.487196644449]]]}, "properties": {"FID": 4054, "LSOA21CD": "E01004275", "LSOA21NM": "Tower Hamlets 031B", "LSOA21NMW": " ", "BNG_E": 537756, "BNG_N": 178545, "LAT": 51.48908, "LONG": -0.01722, "GlobalID": "9fc27afe-f8dc-493e-9870-62c8019b01d4"}}, {"type": "Feature", "id": 4055, "geometry": {"type": "Polygon", "coordinates": [[[-0.013308662357604, 51.487196644449], [-0.0131595171013899, 51.4864669582061], [-0.0163816641307183, 51.4861488167725], [-0.0210928568442257, 51.4880432431956], [-0.0200350696551427, 51.4888589489354], [-0.013308662357604, 51.487196644449]]]}, "properties": {"FID": 4055, "LSOA21CD": "E01004276", "LSOA21NM": "Tower Hamlets 031C", "LSOA21NMW": " ", "BNG_E": 537646, "BNG_N": 178360, "LAT": 51.48745, "LONG": -0.01887, "GlobalID": "f6166036-18ac-46f3-9829-6307e60c98a0"}}, {"type": "Feature", "id": 4056, "geometry": {"type": "Polygon", "coordinates": [[[-0.0133624762324963, 51.5074071486151], [-0.0120463252471366, 51.507584327819], [-0.0121214949932258, 51.5073093367572], [-0.01505785574007, 51.504449581973], [-0.0255558663621559, 51.5037634172917], [-0.025953070216393, 51.501575833957], [-0.0286373667092208, 51.5016367099515], [-0.0288667316290014, 51.5023620197961], [-0.0303754348860423, 51.507199531077], [-0.0304251081627072, 51.5072104141479], [-0.0292283186796648, 51.5078706866641], [-0.0251509430355134, 51.5095142379407], [-0.0133624762324963, 51.5074071486151]]]}, "properties": {"FID": 4056, "LSOA21CD": "E01004277", "LSOA21NM": "Tower Hamlets 033A", "LSOA21NMW": " ", "BNG_E": 537669, "BNG_N": 180374, "LAT": 51.50554, "LONG": -0.01776, "GlobalID": "3193dedd-073d-4018-9f9c-2710a0950f3a"}}, {"type": "Feature", "id": 4057, "geometry": {"type": "Polygon", "coordinates": [[[-0.0227808918804464, 51.4966376293206], [-0.0243777475783486, 51.493564872413], [-0.0257643273737758, 51.4928292278454], [-0.0262124258879648, 51.493964866562], [-0.0262292200318852, 51.4940142776834], [-0.0265434955072689, 51.4951125090195], [-0.0278225356978349, 51.4954686534802], [-0.0274725474516289, 51.4979529158787], [-0.0244824124735084, 51.4980833757645], [-0.0227808918804464, 51.4966376293206]]]}, "properties": {"FID": 4057, "LSOA21CD": "E01004280", "LSOA21NM": "Tower Hamlets 032A", "LSOA21NMW": " ", "BNG_E": 537223, "BNG_N": 179307, "LAT": 51.49606, "LONG": -0.02459, "GlobalID": "2c59dec0-937e-4ed4-8b87-8ff34ca5d24d"}}, {"type": "Feature", "id": 4058, "geometry": {"type": "Polygon", "coordinates": [[[-0.0147390491734916, 51.4934112057192], [-0.0156082127379523, 51.4907359146617], [-0.0195377348790389, 51.4904385417417], [-0.0224363734057075, 51.4920005324091], [-0.0224852220877863, 51.4934113632262], [-0.0172759472266661, 51.4939044442833], [-0.0147390491734916, 51.4934112057192]]]}, "properties": {"FID": 4058, "LSOA21CD": "E01004281", "LSOA21NM": "Tower Hamlets 031D", "LSOA21NMW": " ", "BNG_E": 537707, "BNG_N": 178871, "LAT": 51.49202, "LONG": -0.01779, "GlobalID": "01d7ba6f-2e40-4e57-a964-d874dd4d59e1"}}, {"type": "Feature", "id": 4059, "geometry": {"type": "Polygon", "coordinates": [[[-0.0454936400519176, 51.5192088102187], [-0.0445140213797102, 51.516653023593], [-0.0455320050884982, 51.5162869439636], [-0.0498113380201925, 51.5168672483097], [-0.0511734565880845, 51.5193447046938], [-0.0454936400519176, 51.5192088102187]]]}, "properties": {"FID": 4059, "LSOA21CD": "E01004283", "LSOA21NM": "Tower Hamlets 016A", "LSOA21NMW": " ", "BNG_E": 535543, "BNG_N": 181697, "LAT": 51.51794, "LONG": -0.04786, "GlobalID": "247dea4a-7302-4da6-90af-0268b348fb78"}}, {"type": "Feature", "id": 4060, "geometry": {"type": "Polygon", "coordinates": [[[-0.0338346703988066, 51.5162731884968], [-0.0355224256688487, 51.5140949696037], [-0.0364290096164774, 51.512596707218], [-0.0387493421326139, 51.5126911201639], [-0.0412072760785726, 51.5128456800938], [-0.042193735849283, 51.5164775214245], [-0.0396683137604285, 51.5158268010178], [-0.0337993651872757, 51.5164747013024], [-0.0338346703988066, 51.5162731884968]]]}, "properties": {"FID": 4060, "LSOA21CD": "E01004286", "LSOA21NM": "Tower Hamlets 019C", "LSOA21NMW": " ", "BNG_E": 536239, "BNG_N": 181363, "LAT": 51.51477, "LONG": -0.03796, "GlobalID": "5cde23df-4ae4-40e9-99a3-2a3e25bface8"}}, {"type": "Feature", "id": 4061, "geometry": {"type": "Polygon", "coordinates": [[[-0.0498113380201925, 51.5168672483097], [-0.0494509359416283, 51.5136228405468], [-0.0515479959750083, 51.5139743063419], [-0.0532170984981082, 51.5141310321707], [-0.0531069977492786, 51.5154247278091], [-0.0529547127247036, 51.5171501798831], [-0.0498113380201925, 51.5168672483097]]]}, "properties": {"FID": 4061, "LSOA21CD": "E01004287", "LSOA21NM": "Tower Hamlets 016B", "LSOA21NMW": " ", "BNG_E": 535322, "BNG_N": 181414, "LAT": 51.51545, "LONG": -0.05115, "GlobalID": "8968c055-9753-4611-9a85-4bd3efd6f8e4"}}, {"type": "Feature", "id": 4062, "geometry": {"type": "Polygon", "coordinates": [[[-0.042193735849283, 51.5164775214245], [-0.0412072760785726, 51.5128456800938], [-0.0436831316602263, 51.5131733180636], [-0.0455320050884982, 51.5162869439636], [-0.0445140213797102, 51.516653023593], [-0.0426066691156032, 51.5167651019869], [-0.042193735849283, 51.5164775214245]]]}, "properties": {"FID": 4062, "LSOA21CD": "E01004288", "LSOA21NM": "Tower Hamlets 019D", "LSOA21NMW": " ", "BNG_E": 535915, "BNG_N": 181367, "LAT": 51.51489, "LONG": -0.04263, "GlobalID": "3c16ec20-7b45-4e64-b761-d5b18e44bbc4"}}, {"type": "Feature", "id": 4063, "geometry": {"type": "Polygon", "coordinates": [[[-0.0455320050884982, 51.5162869439636], [-0.0436831316602263, 51.5131733180636], [-0.044316017651688, 51.5131724805477], [-0.0494509359416283, 51.5136228405468], [-0.0498113380201925, 51.5168672483097], [-0.0455320050884982, 51.5162869439636]]]}, "properties": {"FID": 4063, "LSOA21CD": "E01004289", "LSOA21NM": "Tower Hamlets 016C", "LSOA21NMW": " ", "BNG_E": 535629, "BNG_N": 181339, "LAT": 51.5147, "LONG": -0.04676, "GlobalID": "32ccf544-5a57-4ec3-8b6d-78f09bb28f1c"}}, {"type": "Feature", "id": 4064, "geometry": {"type": "Polygon", "coordinates": [[[-0.0449200711048645, 51.5209762265031], [-0.0423880190909796, 51.5204821148053], [-0.0454936400519176, 51.5192088102187], [-0.0511734565880845, 51.5193447046938], [-0.0528280614899811, 51.520109586683], [-0.0529585339162053, 51.5204543080544], [-0.0490169596397536, 51.5213068409599], [-0.0462025298006203, 51.5218735196715], [-0.0449200711048645, 51.5209762265031]]]}, "properties": {"FID": 4064, "LSOA21CD": "E01004290", "LSOA21NM": "Tower Hamlets 016D", "LSOA21NMW": " ", "BNG_E": 535633, "BNG_N": 181971, "LAT": 51.52038, "LONG": -0.04646, "GlobalID": "afb77ef2-b337-4405-98fd-29a85b325c4a"}}, {"type": "Feature", "id": 4065, "geometry": {"type": "Polygon", "coordinates": [[[-0.0561450939791968, 51.5051648764507], [-0.0552340862594962, 51.5046424615263], [-0.0597656797868999, 51.5028741506043], [-0.0598090373301032, 51.502878854589], [-0.0640570472058226, 51.5039583342093], [-0.0593858327665301, 51.5062167530368], [-0.0561450939791968, 51.5051648764507]]]}, "properties": {"FID": 4065, "LSOA21CD": "E01004291", "LSOA21NM": "Tower Hamlets 027A", "LSOA21NMW": " ", "BNG_E": 534850, "BNG_N": 180184, "LAT": 51.50451, "LONG": -0.05842, "GlobalID": "325b6039-b4a6-4854-95a6-acd880e0a803"}}, {"type": "Feature", "id": 4066, "geometry": {"type": "Polygon", "coordinates": [[[-0.0593858327665301, 51.5062167530368], [-0.0640570472058226, 51.5039583342093], [-0.064238077253534, 51.5040043318424], [-0.0652269946916305, 51.5074544765171], [-0.0608945946221949, 51.5087843660661], [-0.0593858327665301, 51.5062167530368]]]}, "properties": {"FID": 4066, "LSOA21CD": "E01004292", "LSOA21NM": "Tower Hamlets 026A", "LSOA21NMW": " ", "BNG_E": 534528, "BNG_N": 180404, "LAT": 51.50656, "LONG": -0.06297, "GlobalID": "f1671930-6834-4863-b631-14abee628ce5"}}, {"type": "Feature", "id": 4067, "geometry": {"type": "Polygon", "coordinates": [[[-0.0732036516654054, 51.5100037802322], [-0.0667064329257124, 51.5079601057897], [-0.0652269946916305, 51.5074544765171], [-0.064238077253534, 51.5040043318424], [-0.0787063478691949, 51.5076794506541], [-0.0791336640120885, 51.5077882444999], [-0.0761463454354735, 51.5104783705229], [-0.0732036516654054, 51.5100037802322]]]}, "properties": {"FID": 4067, "LSOA21CD": "E01004293", "LSOA21NM": "Tower Hamlets 027B", "LSOA21NMW": " ", "BNG_E": 533994, "BNG_N": 180440, "LAT": 51.50701, "LONG": -0.07065, "GlobalID": "2b3d0639-848f-41ef-8093-bd56082dc9f5"}}, {"type": "Feature", "id": 4068, "geometry": {"type": "Polygon", "coordinates": [[[-0.0609950699304402, 51.5111105858154], [-0.0604873195252014, 51.5094449878095], [-0.066299630515644, 51.5112236054933], [-0.0610914517406946, 51.5115463004106], [-0.0609950699304402, 51.5111105858154]]]}, "properties": {"FID": 4068, "LSOA21CD": "E01004295", "LSOA21NM": "Tower Hamlets 026C", "LSOA21NMW": " ", "BNG_E": 534493, "BNG_N": 180834, "LAT": 51.51044, "LONG": -0.06331, "GlobalID": "80745fdf-a739-47e5-92e7-8393d5a5be0c"}}, {"type": "Feature", "id": 4069, "geometry": {"type": "Polygon", "coordinates": [[[-0.0561450939791968, 51.5051648764507], [-0.0593858327665301, 51.5062167530368], [-0.0608945946221949, 51.5087843660661], [-0.0601565132546543, 51.5094758505192], [-0.0568095417317521, 51.5097303843078], [-0.0561450939791968, 51.5051648764507]]]}, "properties": {"FID": 4069, "LSOA21CD": "E01004296", "LSOA21NM": "Tower Hamlets 026D", "LSOA21NMW": " ", "BNG_E": 534869, "BNG_N": 180526, "LAT": 51.50758, "LONG": -0.05802, "GlobalID": "5a1ede1f-8efb-421b-b654-7d94fbae253f"}}, {"type": "Feature", "id": 4070, "geometry": {"type": "Polygon", "coordinates": [[[-0.0552636868024336, 51.509615411993], [-0.0473300020490389, 51.5077260345486], [-0.0552340862594962, 51.5046424615263], [-0.0561450939791968, 51.5051648764507], [-0.0568095417317521, 51.5097303843078], [-0.0552636868024336, 51.509615411993]]]}, "properties": {"FID": 4070, "LSOA21CD": "E01004297", "LSOA21NM": "Tower Hamlets 027C", "LSOA21NMW": " ", "BNG_E": 535196, "BNG_N": 180494, "LAT": 51.50721, "LONG": -0.05332, "GlobalID": "b69d1fc9-16df-43da-a0b5-9ff903b55a59"}}, {"type": "Feature", "id": 4071, "geometry": {"type": "Polygon", "coordinates": [[[-0.0532170984981082, 51.5141310321707], [-0.0515479959750083, 51.5139743063419], [-0.0508222667880527, 51.5114288860768], [-0.0519039515302621, 51.5120045115224], [-0.0536102295852505, 51.5118846499516], [-0.0568503248952155, 51.5130175136706], [-0.0567123853061456, 51.5144403559783], [-0.0532170984981082, 51.5141310321707]]]}, "properties": {"FID": 4071, "LSOA21CD": "E01004298", "LSOA21NM": "Tower Hamlets 022A", "LSOA21NMW": " ", "BNG_E": 535219, "BNG_N": 181129, "LAT": 51.51291, "LONG": -0.05275, "GlobalID": "245fecfe-9382-43e8-b27e-ab63f949abd0"}}, {"type": "Feature", "id": 4072, "geometry": {"type": "Polygon", "coordinates": [[[-0.0508222667880527, 51.5114288860768], [-0.0477990845007997, 51.5111483210194], [-0.0523843036848204, 51.5097013584794], [-0.0519039515302621, 51.5120045115224], [-0.0508222667880527, 51.5114288860768]]]}, "properties": {"FID": 4072, "LSOA21CD": "E01004300", "LSOA21NM": "Tower Hamlets 022B", "LSOA21NMW": " ", "BNG_E": 535505, "BNG_N": 180904, "LAT": 51.51082, "LONG": -0.04871, "GlobalID": "b6bac351-8082-4edc-a46a-27fb7e99beeb"}}, {"type": "Feature", "id": 4073, "geometry": {"type": "Polygon", "coordinates": [[[-0.0545987837416341, 51.5105228725456], [-0.0552636868024336, 51.509615411993], [-0.0568095417317521, 51.5097303843078], [-0.0601565132546543, 51.5094758505192], [-0.0604873195252014, 51.5094449878095], [-0.0609950699304402, 51.5111105858154], [-0.0567343771628361, 51.5126475706666], [-0.0545987837416341, 51.5105228725456]]]}, "properties": {"FID": 4073, "LSOA21CD": "E01004301", "LSOA21NM": "Tower Hamlets 025B", "LSOA21NMW": " ", "BNG_E": 534819, "BNG_N": 180910, "LAT": 51.51104, "LONG": -0.05859, "GlobalID": "a6f11fa3-e0e9-4363-941d-29bde9e628ec"}}, {"type": "Feature", "id": 4074, "geometry": {"type": "Polygon", "coordinates": [[[-0.0536102295852505, 51.5118846499516], [-0.0545987837416341, 51.5105228725456], [-0.0567343771628361, 51.5126475706666], [-0.0568503248952155, 51.5130175136706], [-0.0536102295852505, 51.5118846499516]]]}, "properties": {"FID": 4074, "LSOA21CD": "E01004302", "LSOA21NM": "Tower Hamlets 025C", "LSOA21NMW": " ", "BNG_E": 535060, "BNG_N": 180963, "LAT": 51.51146, "LONG": -0.0551, "GlobalID": "ad5beb25-3321-462c-9ead-5461e60fa5fb"}}, {"type": "Feature", "id": 4075, "geometry": {"type": "Polygon", "coordinates": [[[-0.0446776410285939, 51.5087605785427], [-0.0473300020490389, 51.5077260345486], [-0.0552636868024336, 51.509615411993], [-0.0545987837416341, 51.5105228725456], [-0.0536102295852505, 51.5118846499516], [-0.0519039515302621, 51.5120045115224], [-0.0523843036848204, 51.5097013584794], [-0.0477990845007997, 51.5111483210194], [-0.044316017651688, 51.5131724805477], [-0.0436831316602263, 51.5131733180636], [-0.0446776410285939, 51.5087605785427]]]}, "properties": {"FID": 4075, "LSOA21CD": "E01004303", "LSOA21NM": "Tower Hamlets 025D", "LSOA21NMW": " ", "BNG_E": 535711, "BNG_N": 180876, "LAT": 51.51052, "LONG": -0.04576, "GlobalID": "86cd9923-8584-4b39-88e3-1b41a968484d"}}, {"type": "Feature", "id": 4076, "geometry": {"type": "Polygon", "coordinates": [[[-0.060284800067194, 51.5146905077064], [-0.0567123853061456, 51.5144403559783], [-0.0568503248952155, 51.5130175136706], [-0.0567343771628361, 51.5126475706666], [-0.0609950699304402, 51.5111105858154], [-0.0610914517406946, 51.5115463004106], [-0.0618735091123311, 51.5147362455205], [-0.060284800067194, 51.5146905077064]]]}, "properties": {"FID": 4076, "LSOA21CD": "E01004304", "LSOA21NM": "Tower Hamlets 022C", "LSOA21NMW": " ", "BNG_E": 534778, "BNG_N": 181114, "LAT": 51.51288, "LONG": -0.0591, "GlobalID": "43b527d6-c3d0-43a9-bafe-50e69036f150"}}, {"type": "Feature", "id": 4077, "geometry": {"type": "Polygon", "coordinates": [[[-0.0494509359416283, 51.5136228405468], [-0.044316017651688, 51.5131724805477], [-0.0477990845007997, 51.5111483210194], [-0.0508222667880527, 51.5114288860768], [-0.0515479959750083, 51.5139743063419], [-0.0494509359416283, 51.5136228405468]]]}, "properties": {"FID": 4077, "LSOA21CD": "E01004305", "LSOA21NM": "Tower Hamlets 022D", "LSOA21NMW": " ", "BNG_E": 535584, "BNG_N": 181067, "LAT": 51.51227, "LONG": -0.04751, "GlobalID": "5afb37bc-8938-447c-a00b-ca8eb0856951"}}, {"type": "Feature", "id": 4078, "geometry": {"type": "Polygon", "coordinates": [[[-0.0714399721380891, 51.5219770536129], [-0.0690459002377601, 51.521791165069], [-0.0692185842381144, 51.5201951721922], [-0.0706971651200418, 51.5165097038807], [-0.0719820076246382, 51.5181678005236], [-0.0716890380093702, 51.5219984866267], [-0.0714399721380891, 51.5219770536129]]]}, "properties": {"FID": 4078, "LSOA21CD": "E01004306", "LSOA21NM": "Tower Hamlets 015A", "LSOA21NMW": " ", "BNG_E": 533918, "BNG_N": 181874, "LAT": 51.51992, "LONG": -0.0712, "GlobalID": "74e5a0eb-4c14-4b5f-9781-2c3a30e7dd01"}}, {"type": "Feature", "id": 4079, "geometry": {"type": "Polygon", "coordinates": [[[-0.0716890380093702, 51.5219984866267], [-0.0719820076246382, 51.5181678005236], [-0.0758915997245415, 51.5158964954293], [-0.0773446686757018, 51.5173975386268], [-0.0784451809588018, 51.5215114770664], [-0.076161659066906, 51.5221530971378], [-0.0716890380093702, 51.5219984866267]]]}, "properties": {"FID": 4079, "LSOA21CD": "E01004307", "LSOA21NM": "Tower Hamlets 015B", "LSOA21NMW": " ", "BNG_E": 533630, "BNG_N": 181888, "LAT": 51.52011, "LONG": -0.07534, "GlobalID": "2cd9669d-5a3d-4a35-a5d7-1ae094bb1ccb"}}, {"type": "Feature", "id": 4080, "geometry": {"type": "Polygon", "coordinates": [[[-0.0642823926891613, 51.5215388115889], [-0.063590734517248, 51.5199832456505], [-0.0653259580985285, 51.5182408363835], [-0.0692185842381144, 51.5201951721922], [-0.0690459002377601, 51.521791165069], [-0.0642823926891613, 51.5215388115889]]]}, "properties": {"FID": 4080, "LSOA21CD": "E01004308", "LSOA21NM": "Tower Hamlets 015C", "LSOA21NMW": " ", "BNG_E": 534250, "BNG_N": 181927, "LAT": 51.52032, "LONG": -0.0664, "GlobalID": "673f6c4d-175b-4a4e-922b-a3939ab74305"}}, {"type": "Feature", "id": 4081, "geometry": {"type": "Polygon", "coordinates": [[[-0.063590734517248, 51.5199832456505], [-0.063115359712138, 51.5191295301095], [-0.0627252087413581, 51.5184256572462], [-0.0629101100077324, 51.518382334304], [-0.0659259747759594, 51.5175653879815], [-0.071920026758465, 51.5152047468505], [-0.0727991990985857, 51.514874860397], [-0.0706971651200418, 51.5165097038807], [-0.0692185842381144, 51.5201951721922], [-0.0653259580985285, 51.5182408363835], [-0.063590734517248, 51.5199832456505]]]}, "properties": {"FID": 4081, "LSOA21CD": "E01004309", "LSOA21NM": "Tower Hamlets 015D", "LSOA21NMW": " ", "BNG_E": 534207, "BNG_N": 181631, "LAT": 51.51767, "LONG": -0.06713, "GlobalID": "d1e4703e-a9e9-4b93-b0e7-0262bd854fa2"}}, {"type": "Feature", "id": 4082, "geometry": {"type": "Polygon", "coordinates": [[[-0.0706971651200418, 51.5165097038807], [-0.0727991990985857, 51.514874860397], [-0.0739426850205827, 51.5144544065362], [-0.0758915997245415, 51.5158964954293], [-0.0719820076246382, 51.5181678005236], [-0.0706971651200418, 51.5165097038807]]]}, "properties": {"FID": 4082, "LSOA21CD": "E01004310", "LSOA21NM": "Tower Hamlets 015E", "LSOA21NMW": " ", "BNG_E": 533774, "BNG_N": 181442, "LAT": 51.51607, "LONG": -0.07344, "GlobalID": "5b43ba49-7b21-4d62-9796-14fd47fca2f6"}}, {"type": "Feature", "id": 4083, "geometry": {"type": "Polygon", "coordinates": [[[-0.0711662435836466, 51.5282094329625], [-0.0717461968443879, 51.5279591217833], [-0.0762906715938055, 51.527141510992], [-0.0756946175612806, 51.5283649342879], [-0.0748523579673615, 51.5294884050959], [-0.0711662435836466, 51.5282094329625]]]}, "properties": {"FID": 4083, "LSOA21CD": "E01004311", "LSOA21NM": "Tower Hamlets 006A", "LSOA21NMW": " ", "BNG_E": 533740, "BNG_N": 182821, "LAT": 51.52847, "LONG": -0.0734, "GlobalID": "66da85ec-8a43-4b5d-8c1f-6cfa786d8065"}}, {"type": "Feature", "id": 4084, "geometry": {"type": "Polygon", "coordinates": [[[-0.0679423801730045, 51.5258029271504], [-0.069545372878741, 51.5253928376329], [-0.0717461968443879, 51.5279591217833], [-0.0711662435836466, 51.5282094329625], [-0.0672898925392105, 51.5285052562049], [-0.0679423801730045, 51.5258029271504]]]}, "properties": {"FID": 4084, "LSOA21CD": "E01004312", "LSOA21NM": "Tower Hamlets 009A", "LSOA21NMW": " ", "BNG_E": 534053, "BNG_N": 182598, "LAT": 51.52639, "LONG": -0.06898, "GlobalID": "352e16e9-0a14-46c9-8590-85e0a8d3d5ed"}}, {"type": "Feature", "id": 4085, "geometry": {"type": "Polygon", "coordinates": [[[-0.0651870792573891, 51.5283194790749], [-0.0647883311003285, 51.5270352373956], [-0.0646095517803235, 51.5264576575752], [-0.0639332595771783, 51.5237953684929], [-0.0640731620716546, 51.5232477654287], [-0.0679423801730045, 51.5258029271504], [-0.0672898925392105, 51.5285052562049], [-0.0651870792573891, 51.5283194790749]]]}, "properties": {"FID": 4085, "LSOA21CD": "E01004313", "LSOA21NM": "Tower Hamlets 009B", "LSOA21NMW": " ", "BNG_E": 534247, "BNG_N": 182618, "LAT": 51.52653, "LONG": -0.06618, "GlobalID": "d30c9c12-f69f-45ef-8db3-7b813006f352"}}, {"type": "Feature", "id": 4086, "geometry": {"type": "Polygon", "coordinates": [[[-0.069545372878741, 51.5253928376329], [-0.0704415650718668, 51.525455510513], [-0.0727148132841536, 51.5247005013824], [-0.0765397246030977, 51.5253796296165], [-0.0762906715938055, 51.527141510992], [-0.0717461968443879, 51.5279591217833], [-0.069545372878741, 51.5253928376329]]]}, "properties": {"FID": 4086, "LSOA21CD": "E01004315", "LSOA21NM": "Tower Hamlets 006C", "LSOA21NMW": " ", "BNG_E": 533781, "BNG_N": 182599, "LAT": 51.52647, "LONG": -0.0729, "GlobalID": "f6cf4fbd-e6af-4587-99d3-999e63d61685"}}, {"type": "Feature", "id": 4087, "geometry": {"type": "Polygon", "coordinates": [[[-0.0727148132841536, 51.5247005013824], [-0.0759226484046269, 51.5243203560773], [-0.0764488603322573, 51.5245735283854], [-0.0765397246030977, 51.5253796296165], [-0.0727148132841536, 51.5247005013824]]]}, "properties": {"FID": 4087, "LSOA21CD": "E01004316", "LSOA21NM": "Tower Hamlets 009C", "LSOA21NMW": " ", "BNG_E": 533608, "BNG_N": 182487, "LAT": 51.5255, "LONG": -0.07543, "GlobalID": "8b9ada62-26c3-42e6-a1be-f2baba1b35e3"}}, {"type": "Feature", "id": 4088, "geometry": {"type": "Polygon", "coordinates": [[[-0.0610914517406946, 51.5115463004106], [-0.066299630515644, 51.5112236054933], [-0.0668540961544123, 51.5111853222101], [-0.0666695762971363, 51.5125648808143], [-0.0654650394080288, 51.5139596966939], [-0.0618735091123311, 51.5147362455205], [-0.0610914517406946, 51.5115463004106]]]}, "properties": {"FID": 4088, "LSOA21CD": "E01004319", "LSOA21NM": "Tower Hamlets 021A", "LSOA21NMW": " ", "BNG_E": 534442, "BNG_N": 181080, "LAT": 51.51266, "LONG": -0.06395, "GlobalID": "27b52d8f-8e56-4ae0-b2a7-6356d5c81b99"}}, {"type": "Feature", "id": 4089, "geometry": {"type": "Polygon", "coordinates": [[[-0.0591853620141359, 51.5167351246676], [-0.060284800067194, 51.5146905077064], [-0.0618735091123311, 51.5147362455205], [-0.0654650394080288, 51.5139596966939], [-0.0655488204312699, 51.5148257002829], [-0.0651167341542789, 51.51481856938], [-0.0625909339018291, 51.5177069034792], [-0.0591853620141359, 51.5167351246676]]]}, "properties": {"FID": 4089, "LSOA21CD": "E01004321", "LSOA21NM": "Tower Hamlets 021C", "LSOA21NMW": " ", "BNG_E": 534546, "BNG_N": 181409, "LAT": 51.51559, "LONG": -0.06233, "GlobalID": "34d8acd2-8f2c-49b9-bc76-393c2e46ca8c"}}, {"type": "Feature", "id": 4090, "geometry": {"type": "Polygon", "coordinates": [[[-0.0528280614899811, 51.520109586683], [-0.053993078754327, 51.5178110265214], [-0.0584400271930837, 51.516803761423], [-0.0591853620141359, 51.5167351246676], [-0.0625909339018291, 51.5177069034792], [-0.0629101100077324, 51.518382334304], [-0.0627252087413581, 51.5184256572462], [-0.0529585339162053, 51.5204543080544], [-0.0528280614899811, 51.520109586683]]]}, "properties": {"FID": 4090, "LSOA21CD": "E01004322", "LSOA21NM": "Tower Hamlets 017A", "LSOA21NMW": " ", "BNG_E": 534869, "BNG_N": 181755, "LAT": 51.51862, "LONG": -0.05755, "GlobalID": "9bd17da0-5347-4f25-91b1-e6e30914280f"}}, {"type": "Feature", "id": 4091, "geometry": {"type": "Polygon", "coordinates": [[[-0.0529547127247036, 51.5171501798831], [-0.0531069977492786, 51.5154247278091], [-0.0584400271930837, 51.516803761423], [-0.053993078754327, 51.5178110265214], [-0.0529547127247036, 51.5171501798831]]]}, "properties": {"FID": 4091, "LSOA21CD": "E01004323", "LSOA21NM": "Tower Hamlets 017B", "LSOA21NMW": " ", "BNG_E": 535002, "BNG_N": 181549, "LAT": 51.51674, "LONG": -0.05571, "GlobalID": "2cf56de6-f8ac-45d8-80a5-6869e8e15b5c"}}, {"type": "Feature", "id": 4092, "geometry": {"type": "Polygon", "coordinates": [[[-0.0511734565880845, 51.5193447046938], [-0.0498113380201925, 51.5168672483097], [-0.0529547127247036, 51.5171501798831], [-0.053993078754327, 51.5178110265214], [-0.0528280614899811, 51.520109586683], [-0.0511734565880845, 51.5193447046938]]]}, "properties": {"FID": 4092, "LSOA21CD": "E01004324", "LSOA21NM": "Tower Hamlets 017C", "LSOA21NMW": " ", "BNG_E": 535202, "BNG_N": 181745, "LAT": 51.51845, "LONG": -0.05275, "GlobalID": "4fe5611b-fa16-4f52-95d8-e608e9caefa1"}}, {"type": "Feature", "id": 4093, "geometry": {"type": "Polygon", "coordinates": [[[-0.0531069977492786, 51.5154247278091], [-0.0532170984981082, 51.5141310321707], [-0.0567123853061456, 51.5144403559783], [-0.060284800067194, 51.5146905077064], [-0.0591853620141359, 51.5167351246676], [-0.0584400271930837, 51.516803761423], [-0.0531069977492786, 51.5154247278091]]]}, "properties": {"FID": 4093, "LSOA21CD": "E01004326", "LSOA21NM": "Tower Hamlets 017D", "LSOA21NMW": " ", "BNG_E": 534884, "BNG_N": 181407, "LAT": 51.51549, "LONG": -0.05746, "GlobalID": "81bafb30-5d58-4f60-8d29-77497dccb528"}}, {"type": "Feature", "id": 31073, "geometry": {"type": "Polygon", "coordinates": [[[-0.0189857575983432, 51.5391039561576], [-0.0209488514443709, 51.5363013368279], [-0.0136195992968401, 51.5298413807758], [-0.0137079901003501, 51.5298100931522], [-0.0178035562543594, 51.5283171232131], [-0.0190327002014491, 51.5281384722202], [-0.0193364152679263, 51.5320202008438], [-0.0219056642178015, 51.5322100931009], [-0.0254476280532097, 51.5344564729765], [-0.0255867206112602, 51.5380264368153], [-0.0216594234515933, 51.5398038445342], [-0.0189857575983432, 51.5391039561576]]]}, "properties": {"FID": 31073, "LSOA21CD": "E01032764", "LSOA21NM": "Tower Hamlets 004E", "LSOA21NMW": " ", "BNG_E": 537425, "BNG_N": 183536, "LAT": 51.53401, "LONG": -0.02004, "GlobalID": "9da7ea88-7edd-4938-a4c0-c35da2cc7011"}}, {"type": "Feature", "id": 31074, "geometry": {"type": "Polygon", "coordinates": [[[-0.0219056642178015, 51.5322100931009], [-0.0232841832607142, 51.5308458376855], [-0.022978632288705, 51.5303302680294], [-0.0268740542616833, 51.5296997312796], [-0.0255637427377909, 51.5322119436834], [-0.0254476280532097, 51.5344564729765], [-0.0219056642178015, 51.5322100931009]]]}, "properties": {"FID": 31074, "LSOA21CD": "E01032765", "LSOA21NM": "Tower Hamlets 004F", "LSOA21NMW": " ", "BNG_E": 537144, "BNG_N": 183404, "LAT": 51.53289, "LONG": -0.02414, "GlobalID": "a4d9c8b9-5235-408e-ac82-ff664a2069ce"}}, {"type": "Feature", "id": 31075, "geometry": {"type": "Polygon", "coordinates": [[[-0.0712755200930228, 51.514713246821], [-0.0691235235080133, 51.5128340814269], [-0.0666695762971363, 51.5125648808143], [-0.0668540961544123, 51.5111853222101], [-0.0685848903374185, 51.5110643751253], [-0.072738138527668, 51.510806269406], [-0.0739426850205827, 51.5144544065362], [-0.0727991990985857, 51.514874860397], [-0.071920026758465, 51.5152047468505], [-0.0712755200930228, 51.514713246821]]]}, "properties": {"FID": 31075, "LSOA21CD": "E01032767", "LSOA21NM": "Tower Hamlets 021F", "LSOA21NMW": " ", "BNG_E": 534013, "BNG_N": 181014, "LAT": 51.51217, "LONG": -0.07016, "GlobalID": "6db13e70-d8ad-4d28-b8a7-bf61cf84b6ef"}}, {"type": "Feature", "id": 31076, "geometry": {"type": "Polygon", "coordinates": [[[-0.0364290096164774, 51.512596707218], [-0.0348662730224482, 51.5113336026931], [-0.0383260698406138, 51.5089411570971], [-0.0394943472976955, 51.5091970145864], [-0.0387493421326139, 51.5126911201639], [-0.0364290096164774, 51.512596707218]]]}, "properties": {"FID": 31076, "LSOA21CD": "E01032768", "LSOA21NM": "Tower Hamlets 025E", "LSOA21NMW": " ", "BNG_E": 536292, "BNG_N": 180964, "LAT": 51.51117, "LONG": -0.03736, "GlobalID": "cbba72a0-c431-4f56-a005-60b3488833e0"}}, {"type": "Feature", "id": 31077, "geometry": {"type": "Polygon", "coordinates": [[[-0.0412072760785726, 51.5128456800938], [-0.0387493421326139, 51.5126911201639], [-0.0394943472976955, 51.5091970145864], [-0.041881876537095, 51.5097198462545], [-0.0420983428656717, 51.5097665247412], [-0.0446776410285939, 51.5087605785427], [-0.0436831316602263, 51.5131733180636], [-0.0412072760785726, 51.5128456800938]]]}, "properties": {"FID": 31077, "LSOA21CD": "E01032769", "LSOA21NM": "Tower Hamlets 025F", "LSOA21NMW": " ", "BNG_E": 535976, "BNG_N": 180978, "LAT": 51.51138, "LONG": -0.0419, "GlobalID": "5b95cc57-f707-4bac-bb18-2b5d695a7451"}}, {"type": "Feature", "id": 31078, "geometry": {"type": "Polygon", "coordinates": [[[-0.0188873366565888, 51.4983810121049], [-0.0213062515032345, 51.4979020403192], [-0.0227808918804464, 51.4966376293206], [-0.0244824124735084, 51.4980833757645], [-0.0242947584341103, 51.4981664807529], [-0.0193803340884524, 51.4989590557], [-0.0188873366565888, 51.4983810121049]]]}, "properties": {"FID": 31078, "LSOA21CD": "E01032770", "LSOA21NM": "Tower Hamlets 032B", "LSOA21NMW": " ", "BNG_E": 537413, "BNG_N": 179512, "LAT": 51.49785, "LONG": -0.02178, "GlobalID": "9254dd63-056e-47b8-afa6-a39fa3afcf56"}}, {"type": "Feature", "id": 31079, "geometry": {"type": "Polygon", "coordinates": [[[-0.0161612883260025, 51.5001671174119], [-0.0166910938448788, 51.4985260485282], [-0.016813774656557, 51.4985621981767], [-0.0187381229836138, 51.4992593262592], [-0.024388399103489, 51.5005279846133], [-0.0214436646539364, 51.5026661308201], [-0.0255558663621559, 51.5037634172917], [-0.01505785574007, 51.504449581973], [-0.0161612883260025, 51.5001671174119]]]}, "properties": {"FID": 31079, "LSOA21CD": "E01032771", "LSOA21NM": "Tower Hamlets 033B", "LSOA21NMW": " ", "BNG_E": 537540, "BNG_N": 180083, "LAT": 51.50295, "LONG": -0.01973, "GlobalID": "abbe9e4c-5ecf-4e0c-b9dd-c2995c753637"}}, {"type": "Feature", "id": 31080, "geometry": {"type": "Polygon", "coordinates": [[[-0.0187381229836138, 51.4992593262592], [-0.0193803340884524, 51.4989590557], [-0.0242947584341103, 51.4981664807529], [-0.0254317027565117, 51.4997537095209], [-0.024388399103489, 51.5005279846133], [-0.0187381229836138, 51.4992593262592]]]}, "properties": {"FID": 31080, "LSOA21CD": "E01032772", "LSOA21NM": "Tower Hamlets 032C", "LSOA21NMW": " ", "BNG_E": 537387, "BNG_N": 179674, "LAT": 51.49932, "LONG": -0.02209, "GlobalID": "cfe92573-9976-48ba-b17d-711be4ebba91"}}, {"type": "Feature", "id": 31081, "geometry": {"type": "Polygon", "coordinates": [[[-0.0166910938448788, 51.4985260485282], [-0.0168513318259647, 51.4971435770708], [-0.0168692632873215, 51.4969889030775], [-0.0172759472266661, 51.4939044442833], [-0.0224852220877863, 51.4934113632262], [-0.0243777475783486, 51.493564872413], [-0.0227808918804464, 51.4966376293206], [-0.0213062515032345, 51.4979020403192], [-0.0189293848156453, 51.4980285716226], [-0.016813774656557, 51.4985621981767], [-0.0166910938448788, 51.4985260485282]]]}, "properties": {"FID": 31081, "LSOA21CD": "E01032774", "LSOA21NM": "Tower Hamlets 032E", "LSOA21NMW": " ", "BNG_E": 537492, "BNG_N": 179225, "LAT": 51.49526, "LONG": -0.02075, "GlobalID": "fc5de18d-798b-4ad3-8a5d-f40d5a1703f0"}}, {"type": "Feature", "id": 31082, "geometry": {"type": "Polygon", "coordinates": [[[-0.0265434955072689, 51.4951125090195], [-0.0262292200318852, 51.4940142776834], [-0.0262124258879648, 51.493964866562], [-0.0257643273737758, 51.4928292278454], [-0.0244033449161679, 51.4893742304862], [-0.0254058647135252, 51.490421705336], [-0.0276289987313739, 51.494251011006], [-0.0278225356978349, 51.4954686534802], [-0.0265434955072689, 51.4951125090195]]]}, "properties": {"FID": 31082, "LSOA21CD": "E01032775", "LSOA21NM": "Tower Hamlets 031F", "LSOA21NMW": " ", "BNG_E": 537148, "BNG_N": 178811, "LAT": 51.49162, "LONG": -0.02586, "GlobalID": "d674a69e-40de-449f-a6e1-5bcd50804ca6"}}, {"type": "Feature", "id": 31083, "geometry": {"type": "Polygon", "coordinates": [[[5.16680723203742e-05, 51.5073378941237], [-0.00204585615387899, 51.507342668644], [-0.00384923868461358, 51.5057037952183], [-0.00621773394694654, 51.5060890230406], [-0.00527598561429404, 51.5078536229655], [-0.00542809985466102, 51.5080000999543], [-0.00109785051218597, 51.5082033508817], [5.16680723203742e-05, 51.5073378941237]]]}, "properties": {"FID": 31083, "LSOA21CD": "E01032776", "LSOA21NM": "Tower Hamlets 034D", "LSOA21NMW": " ", "BNG_E": 538656, "BNG_N": 180628, "LAT": 51.50758, "LONG": -0.00344, "GlobalID": "d01e1f84-f250-4a10-a697-721f52250cd4"}}, {"type": "Feature", "id": 31084, "geometry": {"type": "Polygon", "coordinates": [[[-0.00109785051218597, 51.5082033508817], [-0.00542809985466102, 51.5080000999543], [-0.00443543695007631, 51.5112567013342], [-0.00109785051218597, 51.5082033508817]]]}, "properties": {"FID": 31084, "LSOA21CD": "E01032777", "LSOA21NM": "Tower Hamlets 035A", "LSOA21NMW": " ", "BNG_E": 538612, "BNG_N": 180871, "LAT": 51.50977, "LONG": -0.00398, "GlobalID": "2eff3c50-d543-4a0a-8d7f-a9016fef96a0"}}, {"type": "Feature", "id": 31085, "geometry": {"type": "Polygon", "coordinates": [[[-0.00384923868461358, 51.5057037952183], [-0.00544338497232682, 51.5042549457156], [-0.00726902760028023, 51.5051138434416], [-0.00621773394694654, 51.5060890230406], [-0.00384923868461358, 51.5057037952183]]]}, "properties": {"FID": 31085, "LSOA21CD": "E01032779", "LSOA21NM": "Tower Hamlets 035C", "LSOA21NMW": " ", "BNG_E": 538470, "BNG_N": 180375, "LAT": 51.50535, "LONG": -0.00622, "GlobalID": "accf4727-98a8-4d02-a347-a9dddd0a3ee6"}}, {"type": "Feature", "id": 31086, "geometry": {"type": "Polygon", "coordinates": [[[-0.00621773394694654, 51.5060890230406], [-0.00726902760028023, 51.5051138434416], [-0.0133937023823142, 51.4998247577902], [-0.0161612883260025, 51.5001671174119], [-0.01505785574007, 51.504449581973], [-0.0121214949932258, 51.5073093367572], [-0.00527598561429404, 51.5078536229655], [-0.00621773394694654, 51.5060890230406]]]}, "properties": {"FID": 31086, "LSOA21CD": "E01032780", "LSOA21NM": "Tower Hamlets 035D", "LSOA21NMW": " ", "BNG_E": 538165, "BNG_N": 180152, "LAT": 51.50342, "LONG": -0.0107, "GlobalID": "2a7dea8c-0ae5-4432-8dd2-feacb0192996"}}, {"type": "Feature", "id": 31087, "geometry": {"type": "Polygon", "coordinates": [[[-0.025953070216393, 51.501575833957], [-0.0254317027565117, 51.4997537095209], [-0.0242947584341103, 51.4981664807529], [-0.0244824124735084, 51.4980833757645], [-0.0274725474516289, 51.4979529158787], [-0.0286373667092208, 51.5016367099515], [-0.025953070216393, 51.501575833957]]]}, "properties": {"FID": 31087, "LSOA21CD": "E01032781", "LSOA21NM": "Tower Hamlets 033C", "LSOA21NMW": " ", "BNG_E": 537128, "BNG_N": 179859, "LAT": 51.50104, "LONG": -0.02575, "GlobalID": "828f8686-7ae1-465b-8f94-c08ca4077819"}}, {"type": "Feature", "id": 31088, "geometry": {"type": "Polygon", "coordinates": [[[-0.024388399103489, 51.5005279846133], [-0.0254317027565117, 51.4997537095209], [-0.025953070216393, 51.501575833957], [-0.0255558663621559, 51.5037634172917], [-0.0214436646539364, 51.5026661308201], [-0.024388399103489, 51.5005279846133]]]}, "properties": {"FID": 31088, "LSOA21CD": "E01032782", "LSOA21NM": "Tower Hamlets 033D", "LSOA21NMW": " ", "BNG_E": 537242, "BNG_N": 179951, "LAT": 51.50184, "LONG": -0.02407, "GlobalID": "dc929de8-2105-485b-99d0-d66d231b001f"}}, {"type": "Feature", "id": 31089, "geometry": {"type": "Polygon", "coordinates": [[[-0.0224852220877863, 51.4934113632262], [-0.0224363734057075, 51.4920005324091], [-0.021695407554219, 51.4882855122987], [-0.0244033449161679, 51.4893742304862], [-0.0257643273737758, 51.4928292278454], [-0.0243777475783486, 51.493564872413], [-0.0224852220877863, 51.4934113632262]]]}, "properties": {"FID": 31089, "LSOA21CD": "E01032783", "LSOA21NM": "Tower Hamlets 031G", "LSOA21NMW": " ", "BNG_E": 537283, "BNG_N": 178781, "LAT": 51.49132, "LONG": -0.02393, "GlobalID": "e8057d2c-2f65-4d26-8c7b-2cff97052d06"}}, {"type": "Feature", "id": 31090, "geometry": {"type": "Polygon", "coordinates": [[[-0.0268740542616833, 51.5296997312796], [-0.0272217635508526, 51.5296684168263], [-0.0300092758498152, 51.5295748392856], [-0.0257702006633016, 51.5321213178677], [-0.0255637427377909, 51.5322119436834], [-0.0268740542616833, 51.5296997312796]]]}, "properties": {"FID": 31090, "LSOA21CD": "E01032784", "LSOA21NM": "Tower Hamlets 004G", "LSOA21NMW": " ", "BNG_E": 537075, "BNG_N": 183165, "LAT": 51.53076, "LONG": -0.02522, "GlobalID": "b340c72c-c2ee-4962-b029-351c77010401"}}, {"type": "Feature", "id": 31091, "geometry": {"type": "Polygon", "coordinates": [[[-0.039998025723591, 51.5273965778761], [-0.0399388865325445, 51.5273060374705], [-0.043518997667837, 51.5268949166591], [-0.0452704137176584, 51.5294374656729], [-0.0422021870931525, 51.5303875108596], [-0.039998025723591, 51.5273965778761]]]}, "properties": {"FID": 31091, "LSOA21CD": "E01032785", "LSOA21NM": "Tower Hamlets 010E", "LSOA21NMW": " ", "BNG_E": 535873, "BNG_N": 182898, "LAT": 51.52865, "LONG": -0.04264, "GlobalID": "153e5d04-bf36-40a5-b08e-689b27bf3efa"}}, {"type": "Feature", "id": 31092, "geometry": {"type": "Polygon", "coordinates": [[[-0.0422021870931525, 51.5303875108596], [-0.0452704137176584, 51.5294374656729], [-0.0473719485467872, 51.5290204508909], [-0.0453551403878951, 51.5314424180491], [-0.0444808352131264, 51.5318501568882], [-0.0422021870931525, 51.5303875108596]]]}, "properties": {"FID": 31092, "LSOA21CD": "E01032786", "LSOA21NM": "Tower Hamlets 010F", "LSOA21NMW": " ", "BNG_E": 535703, "BNG_N": 183109, "LAT": 51.53059, "LONG": -0.04501, "GlobalID": "f2d92bc4-30be-4908-8071-e689df6a176d"}}, {"type": "Feature", "id": 31093, "geometry": {"type": "Polygon", "coordinates": [[[-0.0491409466466584, 51.5250926994857], [-0.0489166537234421, 51.524885999664], [-0.052917066192169, 51.5228221080849], [-0.0543113877639789, 51.5227982711555], [-0.0533245297198994, 51.527578855563], [-0.0491409466466584, 51.5250926994857]]]}, "properties": {"FID": 31093, "LSOA21CD": "E01032787", "LSOA21NM": "Tower Hamlets 011F", "LSOA21NMW": " ", "BNG_E": 535257, "BNG_N": 182522, "LAT": 51.52542, "LONG": -0.05166, "GlobalID": "737674cf-6eaf-4726-abed-33be734ead98"}}, {"type": "Feature", "id": 33651, "geometry": {"type": "Polygon", "coordinates": [[[-0.0163794923587868, 51.5417851545517], [-0.0185214772702961, 51.5396180337416], [-0.0189857575983432, 51.5391039561576], [-0.0216594234515933, 51.5398038445342], [-0.0265508671352096, 51.5414059158149], [-0.0273089709246049, 51.5426561657805], [-0.0164763273155589, 51.5432813477384], [-0.0163794923587868, 51.5417851545517]]]}, "properties": {"FID": 33651, "LSOA21CD": "E01035657", "LSOA21NM": "Tower Hamlets 001E", "LSOA21NMW": " ", "BNG_E": 537466, "BNG_N": 184351, "LAT": 51.54133, "LONG": -0.01913, "GlobalID": "ac7873f6-27bc-4296-8896-91d18cb32bb1"}}, {"type": "Feature", "id": 33652, "geometry": {"type": "Polygon", "coordinates": [[[-0.0216594234515933, 51.5398038445342], [-0.0255867206112602, 51.5380264368153], [-0.0261642319404827, 51.5398123942616], [-0.0265508671352096, 51.5414059158149], [-0.0216594234515933, 51.5398038445342]]]}, "properties": {"FID": 33652, "LSOA21CD": "E01035658", "LSOA21NM": "Tower Hamlets 001F", "LSOA21NMW": " ", "BNG_E": 537128, "BNG_N": 184188, "LAT": 51.53994, "LONG": -0.02406, "GlobalID": "ad748938-8283-4377-b8c8-d810812cb02f"}}, {"type": "Feature", "id": 33653, "geometry": {"type": "Polygon", "coordinates": [[[-0.0255867206112602, 51.5380264368153], [-0.0254476280532097, 51.5344564729765], [-0.0255637427377909, 51.5322119436834], [-0.0257702006633016, 51.5321213178677], [-0.0275849777893429, 51.5338334463148], [-0.0278734121328832, 51.5356293058577], [-0.0261642319404827, 51.5398123942616], [-0.0255867206112602, 51.5380264368153]]]}, "properties": {"FID": 33653, "LSOA21CD": "E01035659", "LSOA21NM": "Tower Hamlets 001G", "LSOA21NMW": " ", "BNG_E": 536996, "BNG_N": 183926, "LAT": 51.53762, "LONG": -0.02607, "GlobalID": "27fb6b0d-9238-4c2e-8870-7c1330c66417"}}, {"type": "Feature", "id": 33654, "geometry": {"type": "Polygon", "coordinates": [[[-0.0525324765050698, 51.5348034512431], [-0.0538927939292168, 51.5329776042048], [-0.057718610074905, 51.5322326368315], [-0.0597329141773336, 51.5320208898547], [-0.0598248928680955, 51.5321587390944], [-0.0588247324368148, 51.534105094875], [-0.0572726713523019, 51.5344276558615], [-0.0528135720964294, 51.5348896888436], [-0.0525324765050698, 51.5348034512431]]]}, "properties": {"FID": 33654, "LSOA21CD": "E01035660", "LSOA21NM": "Tower Hamlets 002E", "LSOA21NMW": " ", "BNG_E": 534966, "BNG_N": 183407, "LAT": 51.53345, "LONG": -0.05552, "GlobalID": "869de920-e546-4b03-b2d6-bef239c2eab0"}}, {"type": "Feature", "id": 33655, "geometry": {"type": "Polygon", "coordinates": [[[-0.0515043932889402, 51.5305316931784], [-0.0521894991643112, 51.5303334817971], [-0.0572579514769583, 51.5311540113283], [-0.057718610074905, 51.5322326368315], [-0.0538927939292168, 51.5329776042048], [-0.0515043932889402, 51.5305316931784]]]}, "properties": {"FID": 33655, "LSOA21CD": "E01035661", "LSOA21NM": "Tower Hamlets 002F", "LSOA21NMW": " ", "BNG_E": 535235, "BNG_N": 183213, "LAT": 51.53164, "LONG": -0.05172, "GlobalID": "9bbb73b5-0dd4-424e-8230-be0dd46d44e0"}}, {"type": "Feature", "id": 33656, "geometry": {"type": "Polygon", "coordinates": [[[-0.0193364152679263, 51.5320202008438], [-0.0232841832607142, 51.5308458376855], [-0.0219056642178015, 51.5322100931009], [-0.0193364152679263, 51.5320202008438]]]}, "properties": {"FID": 33656, "LSOA21CD": "E01035662", "LSOA21NM": "Tower Hamlets 004H", "LSOA21NMW": " ", "BNG_E": 537336, "BNG_N": 183260, "LAT": 51.53155, "LONG": -0.02143, "GlobalID": "23a0c4a4-cc28-4fa0-b83c-c7a807fa0d6d"}}, {"type": "Feature", "id": 33657, "geometry": {"type": "Polygon", "coordinates": [[[-0.0190327002014491, 51.5281384722202], [-0.0210067212369921, 51.5279294421205], [-0.022978632288705, 51.5303302680294], [-0.0232841832607142, 51.5308458376855], [-0.0193364152679263, 51.5320202008438], [-0.0190327002014491, 51.5281384722202]]]}, "properties": {"FID": 33657, "LSOA21CD": "E01035663", "LSOA21NM": "Tower Hamlets 004I", "LSOA21NMW": " ", "BNG_E": 537417, "BNG_N": 183048, "LAT": 51.52963, "LONG": -0.02034, "GlobalID": "50ecb159-a7b0-4d21-bdcb-ad4c9f5bd4f7"}}, {"type": "Feature", "id": 33658, "geometry": {"type": "Polygon", "coordinates": [[[-0.0651870792573891, 51.5283194790749], [-0.0672898925392105, 51.5285052562049], [-0.0711662435836466, 51.5282094329625], [-0.0748523579673615, 51.5294884050959], [-0.0739533701992963, 51.5302457564159], [-0.0662867998752833, 51.5312281581069], [-0.0651870792573891, 51.5283194790749]]]}, "properties": {"FID": 33658, "LSOA21CD": "E01035664", "LSOA21NM": "Tower Hamlets 006E", "LSOA21NMW": " ", "BNG_E": 534104, "BNG_N": 182950, "LAT": 51.52954, "LONG": -0.06811, "GlobalID": "c3834bd3-57f3-4ae3-a2de-a17e9a82a0be"}}, {"type": "Feature", "id": 33659, "geometry": {"type": "Polygon", "coordinates": [[[-0.0105489990427336, 51.5291725053783], [-0.00757845807040032, 51.5254090087896], [-0.00802301499207023, 51.5242099063311], [-0.012036619494486, 51.523355430422], [-0.011381192945801, 51.5257982969456], [-0.0130916294503294, 51.5289218184658], [-0.0137079901003501, 51.5298100931522], [-0.0136195992968401, 51.5298413807758], [-0.0105489990427336, 51.5291725053783]]]}, "properties": {"FID": 33659, "LSOA21CD": "E01035665", "LSOA21NM": "Tower Hamlets 008F", "LSOA21NMW": " ", "BNG_E": 538103, "BNG_N": 182765, "LAT": 51.52692, "LONG": -0.01057, "GlobalID": "f23da99d-826c-46ac-abb7-7691d5949927"}}, {"type": "Feature", "id": 33660, "geometry": {"type": "Polygon", "coordinates": [[[-0.012036619494486, 51.523355430422], [-0.0150858825028535, 51.5241207254084], [-0.01518447075878, 51.5245597926213], [-0.011381192945801, 51.5257982969456], [-0.012036619494486, 51.523355430422]]]}, "properties": {"FID": 33660, "LSOA21CD": "E01035666", "LSOA21NM": "Tower Hamlets 008G", "LSOA21NMW": " ", "BNG_E": 537925, "BNG_N": 182524, "LAT": 51.5248, "LONG": -0.01323, "GlobalID": "182f0dc4-021a-4c3e-9194-25a054be9942"}}, {"type": "Feature", "id": 33661, "geometry": {"type": "Polygon", "coordinates": [[[-0.00809516749254679, 51.5237393289105], [-0.0138262179378521, 51.5197867117538], [-0.0160647470770649, 51.5220574334869], [-0.0150858825028535, 51.5241207254084], [-0.012036619494486, 51.523355430422], [-0.00802301499207023, 51.5242099063311], [-0.00809516749254679, 51.5237393289105]]]}, "properties": {"FID": 33661, "LSOA21CD": "E01035667", "LSOA21NM": "Tower Hamlets 008H", "LSOA21NMW": " ", "BNG_E": 537979, "BNG_N": 182265, "LAT": 51.52246, "LONG": -0.01255, "GlobalID": "eb9bce59-823a-441c-9949-30bb060f7750"}}, {"type": "Feature", "id": 33662, "geometry": {"type": "Polygon", "coordinates": [[[-0.0640731620716546, 51.5232477654287], [-0.0642823926891613, 51.5215388115889], [-0.0690459002377601, 51.521791165069], [-0.0714399721380891, 51.5219770536129], [-0.0704415650718668, 51.525455510513], [-0.069545372878741, 51.5253928376329], [-0.0679423801730045, 51.5258029271504], [-0.0640731620716546, 51.5232477654287]]]}, "properties": {"FID": 33662, "LSOA21CD": "E01035668", "LSOA21NM": "Tower Hamlets 009E", "LSOA21NMW": " ", "BNG_E": 534144, "BNG_N": 182301, "LAT": 51.5237, "LONG": -0.06778, "GlobalID": "4f5adf67-2ea8-4635-8284-6c8fb3267100"}}, {"type": "Feature", "id": 33663, "geometry": {"type": "Polygon", "coordinates": [[[-0.0714399721380891, 51.5219770536129], [-0.0716890380093702, 51.5219984866267], [-0.076161659066906, 51.5221530971378], [-0.0759226484046269, 51.5243203560773], [-0.0727148132841536, 51.5247005013824], [-0.0704415650718668, 51.525455510513], [-0.0714399721380891, 51.5219770536129]]]}, "properties": {"FID": 33663, "LSOA21CD": "E01035669", "LSOA21NM": "Tower Hamlets 009F", "LSOA21NMW": " ", "BNG_E": 533753, "BNG_N": 182297, "LAT": 51.52376, "LONG": -0.07342, "GlobalID": "9ef8b7f1-c890-4e54-ac0b-031453554554"}}, {"type": "Feature", "id": 33664, "geometry": {"type": "Polygon", "coordinates": [[[-0.0370684008180344, 51.5242381722242], [-0.0364765129883092, 51.5219680677895], [-0.0449200711048645, 51.5209762265031], [-0.0462025298006203, 51.5218735196715], [-0.0471160963702212, 51.5227995932744], [-0.0438021554142993, 51.5238442356203], [-0.0461498131209604, 51.52618874496], [-0.0461219219015571, 51.5264612676523], [-0.043518997667837, 51.5268949166591], [-0.0399388865325445, 51.5273060374705], [-0.0370684008180344, 51.5242381722242]]]}, "properties": {"FID": 33664, "LSOA21CD": "E01035670", "LSOA21NM": "Tower Hamlets 010G", "LSOA21NMW": " ", "BNG_E": 535950, "BNG_N": 182415, "LAT": 51.5243, "LONG": -0.04172, "GlobalID": "452a401d-8ee7-461b-afd3-ce7b095de006"}}, {"type": "Feature", "id": 33665, "geometry": {"type": "Polygon", "coordinates": [[[-0.0138262179378521, 51.5197867117538], [-0.0142288971126702, 51.5196132415947], [-0.0165989654041159, 51.5186272750074], [-0.018560707883179, 51.5219236510871], [-0.0160647470770649, 51.5220574334869], [-0.0138262179378521, 51.5197867117538]]]}, "properties": {"FID": 33665, "LSOA21CD": "E01035671", "LSOA21NM": "Tower Hamlets 012F", "LSOA21NMW": " ", "BNG_E": 537731, "BNG_N": 182025, "LAT": 51.52036, "LONG": -0.01622, "GlobalID": "d8b7433f-99a7-49c4-a176-0b52d1181f05"}}, {"type": "Feature", "id": 33666, "geometry": {"type": "Polygon", "coordinates": [[[-0.0165989654041159, 51.5186272750074], [-0.0198613391444608, 51.5172940234954], [-0.022195426779254, 51.5187969091524], [-0.0200649896215434, 51.5211860661093], [-0.018560707883179, 51.5219236510871], [-0.0165989654041159, 51.5186272750074]]]}, "properties": {"FID": 33666, "LSOA21CD": "E01035672", "LSOA21NM": "Tower Hamlets 012G", "LSOA21NMW": " ", "BNG_E": 537492, "BNG_N": 181899, "LAT": 51.51929, "LONG": -0.01971, "GlobalID": "ef20edf8-8f9f-4017-8272-f1e8423e0aea"}}, {"type": "Feature", "id": 33667, "geometry": {"type": "Polygon", "coordinates": [[[-0.0198613391444608, 51.5172940234954], [-0.0216173086129593, 51.5165966482259], [-0.0219795200026377, 51.5168700587624], [-0.0231154447108507, 51.5185215306931], [-0.022195426779254, 51.5187969091524], [-0.0198613391444608, 51.5172940234954]]]}, "properties": {"FID": 33667, "LSOA21CD": "E01035673", "LSOA21NM": "Tower Hamlets 012H", "LSOA21NMW": " ", "BNG_E": 537373, "BNG_N": 181664, "LAT": 51.5172, "LONG": -0.02152, "GlobalID": "4dd311a4-0192-4c8f-9ac1-9c32f2e1524c"}}, {"type": "Feature", "id": 33668, "geometry": {"type": "Polygon", "coordinates": [[[-0.0260870194484454, 51.5247799790869], [-0.0282664981757909, 51.5234044068026], [-0.0307208716176896, 51.523652441676], [-0.0305633543561625, 51.5259944113815], [-0.0298016140976579, 51.5261653853236], [-0.0279533098345578, 51.526544676608], [-0.0260870194484454, 51.5247799790869]]]}, "properties": {"FID": 33668, "LSOA21CD": "E01035674", "LSOA21NM": "Tower Hamlets 014F", "LSOA21NMW": " ", "BNG_E": 536848, "BNG_N": 182469, "LAT": 51.52456, "LONG": -0.02876, "GlobalID": "b288ce05-93ef-44ee-a62d-fdb28d48d273"}}, {"type": "Feature", "id": 33669, "geometry": {"type": "Polygon", "coordinates": [[[-0.0307208716176896, 51.523652441676], [-0.0299358601928615, 51.5218227622821], [-0.0348945140404595, 51.5249957554982], [-0.0305633543561625, 51.5259944113815], [-0.0307208716176896, 51.523652441676]]]}, "properties": {"FID": 33669, "LSOA21CD": "E01035675", "LSOA21NM": "Tower Hamlets 014G", "LSOA21NMW": " ", "BNG_E": 536530, "BNG_N": 182393, "LAT": 51.52396, "LONG": -0.03337, "GlobalID": "73f493f8-21a5-406b-bf03-cef42920f3ae"}}, {"type": "Feature", "id": 33670, "geometry": {"type": "Polygon", "coordinates": [[[-0.0276317714566933, 51.5177463324824], [-0.0267576885872972, 51.5168560023899], [-0.028396024683108, 51.5146669688423], [-0.0338346703988066, 51.5162731884968], [-0.0337993651872757, 51.5164747013024], [-0.0356445744084409, 51.5184522148674], [-0.0305115835518547, 51.5186526972425], [-0.0276317714566933, 51.5177463324824]]]}, "properties": {"FID": 33670, "LSOA21CD": "E01035676", "LSOA21NM": "Tower Hamlets 014H", "LSOA21NMW": " ", "BNG_E": 536729, "BNG_N": 181589, "LAT": 51.51668, "LONG": -0.03082, "GlobalID": "c6f5ee2d-a57e-4022-8c6e-1ad7a665d69c"}}, {"type": "Feature", "id": 33671, "geometry": {"type": "Polygon", "coordinates": [[[-0.0216173086129593, 51.5165966482259], [-0.0262873298871135, 51.5146802084987], [-0.0282297226122301, 51.5143382701236], [-0.028396024683108, 51.5146669688423], [-0.0267576885872972, 51.5168560023899], [-0.0219795200026377, 51.5168700587624], [-0.0216173086129593, 51.5165966482259]]]}, "properties": {"FID": 33671, "LSOA21CD": "E01035677", "LSOA21NM": "Tower Hamlets 014I", "LSOA21NMW": " ", "BNG_E": 537082, "BNG_N": 181476, "LAT": 51.51558, "LONG": -0.02578, "GlobalID": "31ef00eb-3902-4a88-98e9-9025cb1f5bfc"}}, {"type": "Feature", "id": 33672, "geometry": {"type": "Polygon", "coordinates": [[[-0.0133635587589943, 51.5173796989352], [-0.0141137247239788, 51.5153810954454], [-0.0162568044716032, 51.5162747488478], [-0.016055054107039, 51.5171913436321], [-0.0165989654041159, 51.5186272750074], [-0.0142288971126702, 51.5196132415947], [-0.0133635587589943, 51.5173796989352]]]}, "properties": {"FID": 33672, "LSOA21CD": "E01035678", "LSOA21NM": "Tower Hamlets 018E", "LSOA21NMW": " ", "BNG_E": 537883, "BNG_N": 181829, "LAT": 51.51856, "LONG": -0.0141, "GlobalID": "d8c58952-0bfd-47b7-9fa3-8d3007fb9267"}}, {"type": "Feature", "id": 33673, "geometry": {"type": "Polygon", "coordinates": [[[-0.0141137247239788, 51.5153810954454], [-0.00906702102578905, 51.5160493384076], [-0.00998258461968331, 51.5139320050165], [-0.0149974819319941, 51.5134329773394], [-0.0166405948932425, 51.5143138227904], [-0.0162568044716032, 51.5162747488478], [-0.0141137247239788, 51.5153810954454]]]}, "properties": {"FID": 33673, "LSOA21CD": "E01035679", "LSOA21NM": "Tower Hamlets 018F", "LSOA21NMW": " ", "BNG_E": 537982, "BNG_N": 181412, "LAT": 51.51479, "LONG": -0.01284, "GlobalID": "433ad03f-3e8e-4ebe-955c-acd502922e19"}}, {"type": "Feature", "id": 33674, "geometry": {"type": "Polygon", "coordinates": [[[-0.0356445744084409, 51.5184522148674], [-0.037829687012818, 51.518188938711], [-0.03863833900464, 51.5184921435933], [-0.0412519309791568, 51.520716032063], [-0.0364416067439422, 51.521466549046], [-0.0356445744084409, 51.5184522148674]]]}, "properties": {"FID": 33674, "LSOA21CD": "E01035680", "LSOA21NM": "Tower Hamlets 019E", "LSOA21NMW": " ", "BNG_E": 536176, "BNG_N": 181946, "LAT": 51.52003, "LONG": -0.03865, "GlobalID": "c88f5986-34be-4dbb-b501-df18cd9bd79e"}}, {"type": "Feature", "id": 33675, "geometry": {"type": "Polygon", "coordinates": [[[-0.03863833900464, 51.5184921435933], [-0.0426066691156032, 51.5167651019869], [-0.0445140213797102, 51.516653023593], [-0.0454936400519176, 51.5192088102187], [-0.0423880190909796, 51.5204821148053], [-0.0412519309791568, 51.520716032063], [-0.03863833900464, 51.5184921435933]]]}, "properties": {"FID": 33675, "LSOA21CD": "E01035681", "LSOA21NM": "Tower Hamlets 019F", "LSOA21NMW": " ", "BNG_E": 535959, "BNG_N": 181788, "LAT": 51.51866, "LONG": -0.04183, "GlobalID": "8bc7f830-f170-4ea4-90c7-795b0093f760"}}, {"type": "Feature", "id": 33676, "geometry": {"type": "Polygon", "coordinates": [[[-0.037829687012818, 51.518188938711], [-0.0396683137604285, 51.5158268010178], [-0.042193735849283, 51.5164775214245], [-0.0426066691156032, 51.5167651019869], [-0.03863833900464, 51.5184921435933], [-0.037829687012818, 51.518188938711]]]}, "properties": {"FID": 33676, "LSOA21CD": "E01035682", "LSOA21NM": "Tower Hamlets 019G", "LSOA21NMW": " ", "BNG_E": 536053, "BNG_N": 181625, "LAT": 51.51717, "LONG": -0.04054, "GlobalID": "3a08530e-230f-4580-9435-04168bc071eb"}}, {"type": "Feature", "id": 33677, "geometry": {"type": "Polygon", "coordinates": [[[-0.0337993651872757, 51.5164747013024], [-0.0396683137604285, 51.5158268010178], [-0.037829687012818, 51.518188938711], [-0.0356445744084409, 51.5184522148674], [-0.0337993651872757, 51.5164747013024]]]}, "properties": {"FID": 33677, "LSOA21CD": "E01035683", "LSOA21NM": "Tower Hamlets 019H", "LSOA21NMW": " ", "BNG_E": 536320, "BNG_N": 181652, "LAT": 51.51735, "LONG": -0.03669, "GlobalID": "df83c6da-81a4-46db-82e7-ebe81fb071f9"}}, {"type": "Feature", "id": 33678, "geometry": {"type": "Polygon", "coordinates": [[[-0.016055054107039, 51.5171913436321], [-0.0204512484746932, 51.5157510713127], [-0.0205575829563395, 51.5158372724913], [-0.0216173086129593, 51.5165966482259], [-0.0198613391444608, 51.5172940234954], [-0.0165989654041159, 51.5186272750074], [-0.016055054107039, 51.5171913436321]]]}, "properties": {"FID": 33678, "LSOA21CD": "E01035684", "LSOA21NM": "Tower Hamlets 020E", "LSOA21NMW": " ", "BNG_E": 537564, "BNG_N": 181668, "LAT": 51.51719, "LONG": -0.01876, "GlobalID": "ba59c800-f38e-4450-afee-b439088e750b"}}, {"type": "Feature", "id": 33679, "geometry": {"type": "Polygon", "coordinates": [[[-0.0162568044716032, 51.5162747488478], [-0.0166405948932425, 51.5143138227904], [-0.0195565388066094, 51.5147440297498], [-0.0204512484746932, 51.5157510713127], [-0.016055054107039, 51.5171913436321], [-0.0162568044716032, 51.5162747488478]]]}, "properties": {"FID": 33679, "LSOA21CD": "E01035685", "LSOA21NM": "Tower Hamlets 020F", "LSOA21NMW": " ", "BNG_E": 537611, "BNG_N": 181503, "LAT": 51.5157, "LONG": -0.01815, "GlobalID": "fa2adcd6-07af-403e-9685-67a4c8cba7a6"}}, {"type": "Feature", "id": 33680, "geometry": {"type": "Polygon", "coordinates": [[[-0.0625909339018291, 51.5177069034792], [-0.0651167341542789, 51.51481856938], [-0.0659259747759594, 51.5175653879815], [-0.0629101100077324, 51.518382334304], [-0.0625909339018291, 51.5177069034792]]]}, "properties": {"FID": 33680, "LSOA21CD": "E01035686", "LSOA21NM": "Tower Hamlets 021G", "LSOA21NMW": " ", "BNG_E": 534382, "BNG_N": 181492, "LAT": 51.51638, "LONG": -0.06466, "GlobalID": "6f86fa4f-7008-473a-97a7-29680cddb451"}}, {"type": "Feature", "id": 33681, "geometry": {"type": "Polygon", "coordinates": [[[-0.0651167341542789, 51.51481856938], [-0.0655488204312699, 51.5148257002829], [-0.0696223766496814, 51.5144360828187], [-0.0712755200930228, 51.514713246821], [-0.071920026758465, 51.5152047468505], [-0.0659259747759594, 51.5175653879815], [-0.0651167341542789, 51.51481856938]]]}, "properties": {"FID": 33681, "LSOA21CD": "E01035687", "LSOA21NM": "Tower Hamlets 021H", "LSOA21NMW": " ", "BNG_E": 534153, "BNG_N": 181445, "LAT": 51.51601, "LONG": -0.06798, "GlobalID": "525d816b-f23c-4504-9dc8-cb18bc585f02"}}, {"type": "Feature", "id": 33682, "geometry": {"type": "Polygon", "coordinates": [[[-0.0696223766496814, 51.5144360828187], [-0.0691235235080133, 51.5128340814269], [-0.0712755200930228, 51.514713246821], [-0.0696223766496814, 51.5144360828187]]]}, "properties": {"FID": 33682, "LSOA21CD": "E01035688", "LSOA21NM": "Tower Hamlets 021I", "LSOA21NMW": " ", "BNG_E": 534041, "BNG_N": 181191, "LAT": 51.51375, "LONG": -0.06969, "GlobalID": "32f501c6-6184-4f00-b533-ca1aaecaaa87"}}, {"type": "Feature", "id": 33683, "geometry": {"type": "Polygon", "coordinates": [[[-0.0654650394080288, 51.5139596966939], [-0.0666695762971363, 51.5125648808143], [-0.0691235235080133, 51.5128340814269], [-0.0696223766496814, 51.5144360828187], [-0.0655488204312699, 51.5148257002829], [-0.0654650394080288, 51.5139596966939]]]}, "properties": {"FID": 33683, "LSOA21CD": "E01035689", "LSOA21NM": "Tower Hamlets 021J", "LSOA21NMW": " ", "BNG_E": 534194, "BNG_N": 181181, "LAT": 51.51363, "LONG": -0.06749, "GlobalID": "6f068f57-5b97-4881-a183-51f6b8cc0830"}}, {"type": "Feature", "id": 33684, "geometry": {"type": "Polygon", "coordinates": [[[-0.0321593418850764, 51.5126964414585], [-0.0348662730224482, 51.5113336026931], [-0.0364290096164774, 51.512596707218], [-0.0355224256688487, 51.5140949696037], [-0.0321593418850764, 51.5126964414585]]]}, "properties": {"FID": 33684, "LSOA21CD": "E01035690", "LSOA21NM": "Tower Hamlets 023E", "LSOA21NMW": " ", "BNG_E": 536496, "BNG_N": 181160, "LAT": 51.51289, "LONG": -0.03434, "GlobalID": "9de622fb-4e14-4211-8064-e017753264d2"}}, {"type": "Feature", "id": 33685, "geometry": {"type": "Polygon", "coordinates": [[[-0.0285563029178839, 51.5117655470858], [-0.0302303934562805, 51.5109734013667], [-0.0360988042946298, 51.5084533360098], [-0.0383260698406138, 51.5089411570971], [-0.0348662730224482, 51.5113336026931], [-0.0321593418850764, 51.5126964414585], [-0.0290629596128311, 51.5130521740831], [-0.0285563029178839, 51.5117655470858]]]}, "properties": {"FID": 33685, "LSOA21CD": "E01035691", "LSOA21NM": "Tower Hamlets 023F", "LSOA21NMW": " ", "BNG_E": 536536, "BNG_N": 180965, "LAT": 51.51112, "LONG": -0.03384, "GlobalID": "34416b9a-28f3-4efd-9c5e-2fd8549a96fe"}}, {"type": "Feature", "id": 33686, "geometry": {"type": "Polygon", "coordinates": [[[-0.0205575829563395, 51.5158372724913], [-0.0246743894636335, 51.5132679895531], [-0.0262873298871135, 51.5146802084987], [-0.0216173086129593, 51.5165966482259], [-0.0205575829563395, 51.5158372724913]]]}, "properties": {"FID": 33686, "LSOA21CD": "E01035692", "LSOA21NM": "Tower Hamlets 024E", "LSOA21NMW": " ", "BNG_E": 537247, "BNG_N": 181367, "LAT": 51.51456, "LONG": -0.02345, "GlobalID": "a0021f3e-e7ea-442d-adc4-24bd7cf705c5"}}, {"type": "Feature", "id": 33687, "geometry": {"type": "Polygon", "coordinates": [[[-0.0204512484746932, 51.5157510713127], [-0.0195565388066094, 51.5147440297498], [-0.0199860979073123, 51.5122811903925], [-0.0246348621497234, 51.5127045375859], [-0.0246743894636335, 51.5132679895531], [-0.0205575829563395, 51.5158372724913], [-0.0204512484746932, 51.5157510713127]]]}, "properties": {"FID": 33687, "LSOA21CD": "E01035693", "LSOA21NM": "Tower Hamlets 024F", "LSOA21NMW": " ", "BNG_E": 537373, "BNG_N": 181315, "LAT": 51.51407, "LONG": -0.02165, "GlobalID": "01a1989a-a775-4a64-bca7-ddd115476d87"}}, {"type": "Feature", "id": 33688, "geometry": {"type": "Polygon", "coordinates": [[[-0.0246743894636335, 51.5132679895531], [-0.0246348621497234, 51.5127045375859], [-0.0254217498460737, 51.5105275160866], [-0.0285563029178839, 51.5117655470858], [-0.0290629596128311, 51.5130521740831], [-0.0282297226122301, 51.5143382701236], [-0.0262873298871135, 51.5146802084987], [-0.0246743894636335, 51.5132679895531]]]}, "properties": {"FID": 33688, "LSOA21CD": "E01035694", "LSOA21NM": "Tower Hamlets 024G", "LSOA21NMW": " ", "BNG_E": 537025, "BNG_N": 181130, "LAT": 51.51249, "LONG": -0.02673, "GlobalID": "1af90995-2e39-4404-8847-de1f31f7def7"}}, {"type": "Feature", "id": 33689, "geometry": {"type": "Polygon", "coordinates": [[[-0.0199860979073123, 51.5122811903925], [-0.0209454252821166, 51.5108151856928], [-0.0210427903038913, 51.5108097475781], [-0.0243814575763765, 51.509913755902], [-0.0254217498460737, 51.5105275160866], [-0.0246348621497234, 51.5127045375859], [-0.0199860979073123, 51.5122811903925]]]}, "properties": {"FID": 33689, "LSOA21CD": "E01035695", "LSOA21NM": "Tower Hamlets 024H", "LSOA21NMW": " ", "BNG_E": 537277, "BNG_N": 181000, "LAT": 51.51126, "LONG": -0.02316, "GlobalID": "75f2fe00-f5f4-43a0-8c6f-265635d76b6c"}}, {"type": "Feature", "id": 33690, "geometry": {"type": "Polygon", "coordinates": [[[-0.0604873195252014, 51.5094449878095], [-0.0601565132546543, 51.5094758505192], [-0.0608945946221949, 51.5087843660661], [-0.0652269946916305, 51.5074544765171], [-0.0667064329257124, 51.5079601057897], [-0.0685848903374185, 51.5110643751253], [-0.0668540961544123, 51.5111853222101], [-0.066299630515644, 51.5112236054933], [-0.0604873195252014, 51.5094449878095]]]}, "properties": {"FID": 33690, "LSOA21CD": "E01035696", "LSOA21NM": "Tower Hamlets 026E", "LSOA21NMW": " ", "BNG_E": 534451, "BNG_N": 180703, "LAT": 51.50927, "LONG": -0.06397, "GlobalID": "bae98b16-2342-4adc-a92f-576919976bc3"}}, {"type": "Feature", "id": 33691, "geometry": {"type": "Polygon", "coordinates": [[[-0.0667064329257124, 51.5079601057897], [-0.0732036516654054, 51.5100037802322], [-0.072738138527668, 51.510806269406], [-0.0685848903374185, 51.5110643751253], [-0.0667064329257124, 51.5079601057897]]]}, "properties": {"FID": 33691, "LSOA21CD": "E01035697", "LSOA21NM": "Tower Hamlets 026F", "LSOA21NMW": " ", "BNG_E": 533981, "BNG_N": 180693, "LAT": 51.50929, "LONG": -0.07074, "GlobalID": "5233de57-3304-43a1-9ea9-1894644518d9"}}, {"type": "Feature", "id": 33692, "geometry": {"type": "Polygon", "coordinates": [[[-0.016813774656557, 51.4985621981767], [-0.0189293848156453, 51.4980285716226], [-0.0188873366565888, 51.4983810121049], [-0.0193803340884524, 51.4989590557], [-0.0187381229836138, 51.4992593262592], [-0.016813774656557, 51.4985621981767]]]}, "properties": {"FID": 33692, "LSOA21CD": "E01035698", "LSOA21NM": "Tower Hamlets 032F", "LSOA21NMW": " ", "BNG_E": 537680, "BNG_N": 179608, "LAT": 51.49865, "LONG": -0.0179, "GlobalID": "3e4c386a-8aad-4952-9118-a8277918cf21"}}, {"type": "Feature", "id": 33693, "geometry": {"type": "Polygon", "coordinates": [[[-0.0189293848156453, 51.4980285716226], [-0.0213062515032345, 51.4979020403192], [-0.0188873366565888, 51.4983810121049], [-0.0189293848156453, 51.4980285716226]]]}, "properties": {"FID": 33693, "LSOA21CD": "E01035699", "LSOA21NM": "Tower Hamlets 032G", "LSOA21NMW": " ", "BNG_E": 537528, "BNG_N": 179505, "LAT": 51.49776, "LONG": -0.02012, "GlobalID": "bd577758-5b38-40b2-ab84-be1ee82b3003"}}, {"type": "Feature", "id": 33694, "geometry": {"type": "Polygon", "coordinates": [[[0.00547360075775747, 51.511760343828], [0.00467148667223145, 51.5119117074345], [0.00712116613661309, 51.5140125276447], [0.00547360075775747, 51.511760343828]]]}, "properties": {"FID": 33694, "LSOA21CD": "E01035700", "LSOA21NM": "Tower Hamlets 034A", "LSOA21NMW": " ", "BNG_E": 539292, "BNG_N": 181266, "LAT": 51.51316, "LONG": 0.005967, "GlobalID": "2700de29-5f02-42e0-b909-9b31307104ff"}}, {"type": "Feature", "id": 33695, "geometry": {"type": "Polygon", "coordinates": [[[0.00716352007526176, 51.5139840880561], [0.00669493377433953, 51.510895755139], [0.00547360075775747, 51.511760343828], [0.00712116613661309, 51.5140125276447], [0.00716352007526176, 51.5139840880561]]]}, "properties": {"FID": 33695, "LSOA21CD": "E01035701", "LSOA21NM": "Tower Hamlets 034B", "LSOA21NMW": " ", "BNG_E": 539313, "BNG_N": 181107, "LAT": 51.51172, "LONG": 0.006206, "GlobalID": "cd451d54-fd35-43e4-8b59-a90f2e758a63"}}, {"type": "Feature", "id": 33696, "geometry": {"type": "Polygon", "coordinates": [[[0.00467148667223145, 51.5119117074345], [0.00547360075775747, 51.511760343828], [0.00669493377433953, 51.510895755139], [0.0073127968175636, 51.5073210758732], [5.16680723203742e-05, 51.5073378941237], [-0.00109785051218597, 51.5082033508817], [-0.00443543695007631, 51.5112567013342], [-0.00429313567399024, 51.5120559824558], [-0.0025940743804552, 51.5123682161917], [0.00413940881505855, 51.5146380878383], [0.0024101649567204, 51.510703211178], [0.00467148667223145, 51.5119117074345]]]}, "properties": {"FID": 33696, "LSOA21CD": "E01035702", "LSOA21NM": "Tower Hamlets 034C", "LSOA21NMW": " ", "BNG_E": 538852, "BNG_N": 181018, "LAT": 51.51104, "LONG": -0.00047, "GlobalID": "22e6ce9a-e8fe-4dbc-a454-5ffeea3ffdf6"}}, {"type": "Feature", "id": 33697, "geometry": {"type": "Polygon", "coordinates": [[[-0.0133937023823142, 51.4998247577902], [-0.0136739407533465, 51.498300878698], [-0.0168513318259647, 51.4971435770708], [-0.0166910938448788, 51.4985260485282], [-0.0161612883260025, 51.5001671174119], [-0.0133937023823142, 51.4998247577902]]]}, "properties": {"FID": 33697, "LSOA21CD": "E01035703", "LSOA21NM": "Tower Hamlets 036B", "LSOA21NMW": " ", "BNG_E": 537873, "BNG_N": 179599, "LAT": 51.49852, "LONG": -0.01512, "GlobalID": "b84f7d89-0265-4464-91ce-c4e3f35bfc51"}}, {"type": "Feature", "id": 33698, "geometry": {"type": "Polygon", "coordinates": [[[-0.0135004553986219, 51.4982880647716], [-0.0134021951042702, 51.4974878141113], [-0.0168692632873215, 51.4969889030775], [-0.0168513318259647, 51.4971435770708], [-0.0136739407533465, 51.498300878698], [-0.0135004553986219, 51.4982880647716]]]}, "properties": {"FID": 33698, "LSOA21CD": "E01035704", "LSOA21NM": "Tower Hamlets 036C", "LSOA21NMW": " ", "BNG_E": 537889, "BNG_N": 179405, "LAT": 51.49678, "LONG": -0.01497, "GlobalID": "91b3d4e5-0ccc-4c18-b903-4327d01bcd16"}}, {"type": "Feature", "id": 33699, "geometry": {"type": "Polygon", "coordinates": [[[-0.00960347583685946, 51.4975133071813], [-0.00692957739706519, 51.4953995241952], [-0.00820733762082633, 51.4941802258417], [-0.0142834286750668, 51.4945440222142], [-0.0134021951042702, 51.4974878141113], [-0.0135004553986219, 51.4982880647716], [-0.00960347583685946, 51.4975133071813]]]}, "properties": {"FID": 33699, "LSOA21CD": "E01035705", "LSOA21NM": "Tower Hamlets 036D", "LSOA21NMW": " ", "BNG_E": 538199, "BNG_N": 179384, "LAT": 51.49651, "LONG": -0.01051, "GlobalID": "2678f26d-b370-4ad5-b54c-5171896c3f07"}}, {"type": "Feature", "id": 33700, "geometry": {"type": "Polygon", "coordinates": [[[-0.0142834286750668, 51.4945440222142], [-0.0147390491734916, 51.4934112057192], [-0.0172759472266661, 51.4939044442833], [-0.0168692632873215, 51.4969889030775], [-0.0134021951042702, 51.4974878141113], [-0.0142834286750668, 51.4945440222142]]]}, "properties": {"FID": 33700, "LSOA21CD": "E01035706", "LSOA21NM": "Tower Hamlets 036E", "LSOA21NMW": " ", "BNG_E": 537901, "BNG_N": 179182, "LAT": 51.49477, "LONG": -0.01488, "GlobalID": "73bd7dba-4c61-41b1-91a5-87fe6af10444"}}]}